timestamp,solar_power,solar_available,solar_curtailed,load_power,battery_power,battery_soc,grid_power,electricity_price,grid_import,grid_export,cost,degradation_cost,inverter_utilization
2025-06-01 00:00:00,0.0,0.0,0.0,0.396,-0.396,0.47893617021276597,0.0,0.15,0.0,0.0,0.0010531914893617022,0.0010531914893617022,0.132
2025-06-01 00:15:00,0.0,0.0,0.0,1.244,-1.244,0.4127659574468085,0.0,0.15,0.0,0.0,0.0033085106382978726,0.0033085106382978726,0.4146666666666667
2025-06-01 00:30:00,0.0,0.0,0.0,1.624,-1.624,0.3263829787234042,0.0,0.15,0.0,0.0,0.0043191489361702135,0.0043191489361702135,0.5413333333333333
2025-06-01 00:45:00,0.0,0.0,0.0,1.232,-1.232,0.26085106382978723,0.0,0.15,0.0,0.0,0.0032765957446808515,0.0032765957446808515,0.4106666666666667
2025-06-01 01:00:00,0.0,0.0,0.0,1.4,-1.4,0.18638297872340423,0.0,0.15,0.0,0.0,0.0037234042553191487,0.0037234042553191487,0.4666666666666666
2025-06-01 01:15:00,0.0,0.0,0.0,0.62,-0.62,0.15340425531914892,0.0,0.15,0.0,0.0,0.0016489361702127661,0.0016489361702127661,0.20666666666666667
2025-06-01 01:30:00,0.0,0.0,0.0,0.58,-0.58,0.12255319148936168,0.0,0.15,0.0,0.0,0.0015425531914893618,0.0015425531914893618,0.19333333333333333
2025-06-01 01:45:00,0.0,0.0,0.0,0.584,-0.42399999999999954,0.1,0.16000000000000042,0.15,0.16000000000000042,0.0,0.0071276595744680996,0.001127659574468084,0.14133333333333317
2025-06-01 02:00:00,0.0,0.0,0.0,0.636,0.0,0.1,0.636,0.15,0.636,0.0,0.02385,0.0,0.0
2025-06-01 02:15:00,0.0,0.0,0.0,0.508,0.0,0.1,0.508,0.15,0.508,0.0,0.01905,0.0,0.0
2025-06-01 02:30:00,0.0,0.0,0.0,0.376,0.0,0.1,0.376,0.15,0.376,0.0,0.0141,0.0,0.0
2025-06-01 02:45:00,0.0,0.0,0.0,0.216,0.0,0.1,0.216,0.15,0.216,0.0,0.0081,0.0,0.0
2025-06-01 03:00:00,0.0,0.0,0.0,0.224,0.0,0.1,0.224,0.15,0.224,0.0,0.0084,0.0,0.0
2025-06-01 03:15:00,0.0,0.0,0.0,0.228,0.0,0.1,0.228,0.15,0.228,0.0,0.00855,0.0,0.0
2025-06-01 03:30:00,0.0,0.0,0.0,0.208,0.0,0.1,0.208,0.15,0.208,0.0,0.0078,0.0,0.0
2025-06-01 03:45:00,0.0,0.0,0.0,0.228,0.0,0.1,0.228,0.15,0.228,0.0,0.00855,0.0,0.0
2025-06-01 04:00:00,0.0,0.0,0.0,0.256,0.0,0.1,0.256,0.15,0.256,0.0,0.0096,0.0,0.0
2025-06-01 04:15:00,0.0,0.0,0.0,0.288,0.0,0.1,0.288,0.15,0.288,0.0,0.010799999999999999,0.0,0.0
2025-06-01 04:30:00,0.0,0.0,0.0,0.292,0.0,0.1,0.292,0.15,0.292,0.0,0.01095,0.0,0.0
2025-06-01 04:45:00,0.03947250000000001,0.03947250000000001,0.0,0.296,0.0,0.1,0.25652749999999996,0.15,0.25652749999999996,0.0,0.009619781249999999,0.0,0.013157500000000003
2025-06-01 05:00:00,0.03947250000000001,0.03947250000000001,0.0,0.316,0.0,0.1,0.2765275,0.15,0.2765275,0.0,0.01036978125,0.0,0.013157500000000003
2025-06-01 05:15:00,0.03947250000000001,0.03947250000000001,0.0,0.304,0.0,0.1,0.26452749999999997,0.15,0.26452749999999997,0.0,0.009919781249999999,0.0,0.013157500000000003
2025-06-01 05:30:00,0.03947250000000001,0.03947250000000001,0.0,0.272,0.0,0.1,0.2325275,0.15,0.2325275,0.0,0.00871978125,0.0,0.013157500000000003
2025-06-01 05:45:00,0.5289600000000001,0.5289600000000001,0.0,0.288,0.24096000000000012,0.11132512000000001,0.0,0.15,0.0,0.0,0.0005662560000000002,0.0005662560000000002,0.09599999999999999
2025-06-01 06:00:00,0.5289600000000001,0.5289600000000001,0.0,0.576,-0.04703999999999986,0.10882299234042554,0.0,0.15,0.0,0.0,0.00012510638297872305,0.00012510638297872305,0.19199999999999998
2025-06-01 06:15:00,0.5289600000000001,0.5289600000000001,0.0,0.348,0.18096000000000012,0.11732811234042555,0.0,0.15,0.0,0.0,0.00042525600000000027,0.00042525600000000027,0.11599999999999999
2025-06-01 06:30:00,0.5289600000000001,0.5289600000000001,0.0,0.296,0.2329600000000001,0.12827723234042557,0.0,0.15,0.0,0.0,0.0005474560000000003,0.0005474560000000003,0.09866666666666667
2025-06-01 06:45:00,1.1267475000000002,1.1267475000000002,0.0,0.304,0.8227475000000002,0.16694636484042558,0.0,0.15,0.0,0.0,0.0019334566250000004,0.0019334566250000004,0.10133333333333333
2025-06-01 07:00:00,1.1267475000000002,1.1267475000000002,0.0,0.4,0.7267475000000002,0.2011034973404256,0.0,0.15,0.0,0.0,0.0017078566250000005,0.0017078566250000005,0.13333333333333333
2025-06-01 07:15:00,1.1267475000000002,1.1267475000000002,0.0,0.612,0.5147475000000002,0.2252966298404256,0.0,0.15,0.0,0.0,0.0012096566250000007,0.0012096566250000007,0.204
2025-06-01 07:30:00,1.1267475000000002,1.1267475000000002,0.0,0.3,0.8267475000000002,0.2641537623404256,0.0,0.15,0.0,0.0,0.0019428566250000005,0.0019428566250000005,0.09999999999999999
2025-06-01 07:45:00,1.4680350000000002,1.4680350000000002,0.0,0.24,1.2280350000000002,0.3218714073404256,0.0,0.15,0.0,0.0,0.0028858822500000005,0.0028858822500000005,0.08
2025-06-01 08:00:00,1.4680350000000002,1.4680350000000002,0.0,0.244,1.2240350000000002,0.3794010523404256,0.0,0.15,0.0,0.0,0.0028764822500000004,0.0028764822500000004,0.08133333333333333
2025-06-01 08:15:00,1.4680350000000002,1.4680350000000002,0.0,0.288,1.1800350000000002,0.4348626973404256,0.0,0.15,0.0,0.0,0.0027730822500000004,0.0027730822500000004,0.09599999999999999
2025-06-01 08:30:00,1.4680350000000002,1.4680350000000002,0.0,0.296,1.1720350000000002,0.48994834234042567,0.0,0.15,0.0,0.0,0.00275428225,0.00275428225,0.09866666666666667
2025-06-01 08:45:00,1.6594125000000002,1.6594125000000002,0.0,0.288,1.3714125000000001,0.5544047298404257,0.0,0.15,0.0,0.0,0.0032228193750000003,0.0032228193750000003,0.09599999999999999
2025-06-01 09:00:00,1.6594125000000002,1.6594125000000002,0.0,0.244,1.4154125000000002,0.6209291173404257,0.0,0.15,0.0,0.0,0.0033262193750000003,0.0033262193750000003,0.08133333333333333
2025-06-01 09:15:00,1.6594125000000002,1.6594125000000002,0.0,0.324,1.3354125000000001,0.6836935048404257,0.0,0.15,0.0,0.0,0.003138219375,0.003138219375,0.108
2025-06-01 09:30:00,1.6594125000000002,1.6594125000000002,0.0,0.276,1.3834125000000002,0.7487138923404257,0.0,0.15,0.0,0.0,0.003251019375,0.003251019375,0.09200000000000001
2025-06-01 09:45:00,1.7100000000000002,1.7100000000000002,0.0,0.256,1.4540000000000002,0.8170518923404257,0.0,0.15,0.0,0.0,0.0034169000000000005,0.0034169000000000005,0.08533333333333333
2025-06-01 10:00:00,1.7100000000000002,1.7100000000000002,0.0,0.244,1.4660000000000002,0.8859538923404257,0.0,0.15,0.0,0.0,0.0034451000000000004,0.0034451000000000004,0.08133333333333333
2025-06-01 10:15:00,1.7100000000000002,1.7100000000000002,0.0,0.26,0.2988533544590282,0.9,-1.151146645540972,0.15,0.0,1.151146645540972,-0.010809161072431003,0.0007023053829787163,0.470382215180324
2025-06-01 10:30:00,1.7100000000000002,1.7100000000000002,0.0,0.292,0.0,0.9,-1.4180000000000001,0.15,0.0,1.4180000000000001,-0.014180000000000002,0.0,0.5700000000000001
2025-06-01 10:45:00,1.71,1.7100000000000002,2.220446049250313e-16,0.376,0.0,0.9,-1.334,0.15,0.0,1.334,-0.013340000000000001,0.0,0.57
2025-06-01 11:00:00,1.7100000000000002,1.7100000000000002,0.0,0.28,0.0,0.9,-1.4300000000000002,0.15,0.0,1.4300000000000002,-0.014300000000000002,0.0,0.5700000000000001
2025-06-01 11:15:00,1.7100000000000002,1.7100000000000002,0.0,0.24,0.0,0.9,-1.4700000000000002,0.15,0.0,1.4700000000000002,-0.014700000000000003,0.0,0.5700000000000001
2025-06-01 11:30:00,1.7100000000000002,1.7100000000000002,0.0,0.44,0.0,0.9,-1.2700000000000002,0.15,0.0,1.2700000000000002,-0.012700000000000003,0.0,0.5700000000000001
2025-06-01 11:45:00,1.7100000000000004,1.7100000000000002,0.0,0.564,0.0,0.9,-1.1460000000000004,0.15,0.0,1.1460000000000004,-0.011460000000000003,0.0,0.5700000000000002
2025-06-01 12:00:00,1.7100000000000002,1.7100000000000002,0.0,0.52,0.0,0.9,-1.1900000000000002,0.15,0.0,1.1900000000000002,-0.011900000000000003,0.0,0.5700000000000001
2025-06-01 12:15:00,1.7100000000000002,1.7100000000000002,0.0,0.448,0.0,0.9,-1.2620000000000002,0.15,0.0,1.2620000000000002,-0.012620000000000003,0.0,0.5700000000000001
2025-06-01 12:30:00,1.7100000000000002,1.7100000000000002,0.0,0.468,0.0,0.9,-1.2420000000000002,0.15,0.0,1.2420000000000002,-0.012420000000000002,0.0,0.5700000000000001
2025-06-01 12:45:00,1.7100000000000002,1.7100000000000002,0.0,0.496,0.0,0.9,-1.2140000000000002,0.15,0.0,1.2140000000000002,-0.012140000000000001,0.0,0.5700000000000001
2025-06-01 13:00:00,1.7100000000000002,1.7100000000000002,0.0,0.816,0.0,0.9,-0.8940000000000002,0.15,0.0,0.8940000000000002,-0.008940000000000002,0.0,0.5700000000000001
2025-06-01 13:15:00,1.7100000000000004,1.7100000000000002,0.0,0.672,0.0,0.9,-1.0380000000000003,0.15,0.0,1.0380000000000003,-0.010380000000000002,0.0,0.5700000000000002
2025-06-01 13:30:00,1.7100000000000004,1.7100000000000002,0.0,0.576,0.0,0.9,-1.1340000000000003,0.15,0.0,1.1340000000000003,-0.011340000000000003,0.0,0.5700000000000002
2025-06-01 13:45:00,1.7065800000000002,1.7065800000000002,0.0,0.296,0.0,0.9,-1.4105800000000002,0.15,0.0,1.4105800000000002,-0.014105800000000002,0.0,0.56886
2025-06-01 14:00:00,1.7065800000000002,1.7065800000000002,0.0,0.36,0.0,0.9,-1.3465800000000003,0.15,0.0,1.3465800000000003,-0.013465800000000003,0.0,0.56886
2025-06-01 14:15:00,1.7065800000000002,1.7065800000000002,0.0,0.332,0.0,0.9,-1.3745800000000001,0.15,0.0,1.3745800000000001,-0.013745800000000002,0.0,0.56886
2025-06-01 14:30:00,1.7065800000000002,1.7065800000000002,0.0,0.396,0.0,0.9,-1.3105800000000003,0.15,0.0,1.3105800000000003,-0.013105800000000003,0.0,0.56886
2025-06-01 14:45:00,1.6830675000000002,1.6830675000000002,0.0,0.464,0.0,0.9,-1.2190675000000002,0.15,0.0,1.2190675000000002,-0.012190675000000002,0.0,0.5610225000000001
2025-06-01 15:00:00,1.6830675000000002,1.6830675000000002,0.0,0.516,0.0,0.9,-1.1670675000000001,0.15,0.0,1.1670675000000001,-0.011670675000000002,0.0,0.5610225000000001
2025-06-01 15:15:00,1.6830675000000002,1.6830675000000002,0.0,0.556,0.0,0.9,-1.1270675,0.15,0.0,1.1270675,-0.011270675,0.0,0.5610225000000001
2025-06-01 15:30:00,1.6830675000000004,1.6830675000000002,0.0,0.588,0.0,0.9,-1.0950675000000003,0.15,0.0,1.0950675000000003,-0.010950675000000003,0.0,0.5610225000000001
2025-06-01 15:45:00,1.5979950000000003,1.5979950000000003,0.0,0.692,0.0,0.9,-0.9059950000000003,0.15,0.0,0.9059950000000003,-0.009059950000000004,0.0,0.532665
2025-06-01 16:00:00,1.5979950000000003,1.5979950000000003,0.0,0.896,0.0,0.9,-0.7019950000000003,0.15,0.0,0.7019950000000003,-0.007019950000000003,0.0,0.532665
2025-06-01 16:15:00,1.5979950000000003,1.5979950000000003,0.0,0.784,0.0,0.9,-0.8139950000000002,0.15,0.0,0.8139950000000002,-0.008139950000000003,0.0,0.532665
2025-06-01 16:30:00,1.5979950000000003,1.5979950000000003,0.0,0.6,0.0,0.9,-0.9979950000000003,0.15,0.0,0.9979950000000003,-0.009979950000000003,0.0,0.532665
2025-06-01 16:45:00,1.3768350000000003,1.3768350000000003,0.0,0.464,0.0,0.9,-0.9128350000000003,0.15,0.0,0.9128350000000003,-0.009128350000000004,0.0,0.4589450000000001
2025-06-01 17:00:00,1.3768350000000003,1.3768350000000003,0.0,0.592,0.0,0.9,-0.7848350000000003,0.15,0.0,0.7848350000000003,-0.007848350000000002,0.0,0.4589450000000001
2025-06-01 17:15:00,1.3768350000000003,1.3768350000000003,0.0,0.644,0.0,0.9,-0.7328350000000002,0.15,0.0,0.7328350000000002,-0.007328350000000003,0.0,0.4589450000000001
2025-06-01 17:30:00,1.3768350000000003,1.3768350000000003,0.0,0.6,0.0,0.9,-0.7768350000000003,0.15,0.0,0.7768350000000003,-0.007768350000000003,0.0,0.4589450000000001
2025-06-01 17:45:00,0.9682875000000001,0.9682875000000001,0.0,0.58,0.0,0.9,-0.3882875000000001,0.15,0.0,0.3882875000000001,-0.0038828750000000013,0.0,0.3227625
2025-06-01 18:00:00,0.9682875000000001,0.9682875000000001,0.0,1.04,-0.07171249999999996,0.896185505319149,0.0,0.15,0.0,0.0,0.00019072473404255309,0.00019072473404255309,0.3466666666666667
2025-06-01 18:15:00,0.9682875000000001,0.9682875000000001,0.0,0.468,0.08115946129470165,0.9,-0.41912803870529836,0.15,0.0,0.41912803870529836,-0.004000555653010435,0.00019072473404254886,0.2957093462350995
2025-06-01 18:30:00,0.9682875000000001,0.9682875000000001,0.0,1.204,-0.23571249999999988,0.8874621010638298,0.0,0.15,0.0,0.0,0.0006268949468085104,0.0006268949468085104,0.4013333333333333
2025-06-01 18:45:00,0.28272,0.28272,0.0,0.628,-0.34528,0.8690961436170215,0.0,0.15,0.0,0.0,0.0009182978723404255,0.0009182978723404255,0.20933333333333334
2025-06-01 19:00:00,0.28272,0.28272,0.0,0.636,-0.35328,0.8503046542553193,0.0,0.15,0.0,0.0,0.0009395744680851064,0.0009395744680851064,0.212
2025-06-01 19:15:00,0.28272,0.28272,0.0,0.488,-0.20527999999999996,0.839385505319149,0.0,0.15,0.0,0.0,0.0005459574468085106,0.0005459574468085106,0.16266666666666665
2025-06-01 19:30:00,0.28272,0.28272,0.0,0.488,-0.20527999999999996,0.8284663563829788,0.0,0.15,0.0,0.0,0.0005459574468085106,0.0005459574468085106,0.16266666666666665
2025-06-01 19:45:00,0.0,0.0,0.0,0.56,-0.56,0.7986791223404256,0.0,0.15,0.0,0.0,0.0014893617021276599,0.0014893617021276599,0.18666666666666668
2025-06-01 20:00:00,0.0,0.0,0.0,0.66,-0.66,0.7635727393617022,0.0,0.15,0.0,0.0,0.0017553191489361707,0.0017553191489361707,0.22
2025-06-01 20:15:00,0.0,0.0,0.0,0.684,-0.684,0.727189760638298,0.0,0.15,0.0,0.0,0.001819148936170213,0.001819148936170213,0.228
2025-06-01 20:30:00,0.0,0.0,0.0,0.824,-0.824,0.6833599734042555,0.0,0.15,0.0,0.0,0.002191489361702128,0.002191489361702128,0.27466666666666667
2025-06-01 20:45:00,0.0,0.0,0.0,0.94,-0.94,0.6333599734042554,0.0,0.15,0.0,0.0,0.0025,0.0025,0.3133333333333333
2025-06-01 21:00:00,0.0,0.0,0.0,0.988,-0.988,0.5808067819148938,0.0,0.15,0.0,0.0,0.002627659574468085,0.002627659574468085,0.3293333333333333
2025-06-01 21:15:00,0.0,0.0,0.0,0.58,-0.58,0.5499557180851065,0.0,0.15,0.0,0.0,0.0015425531914893618,0.0015425531914893618,0.19333333333333333
2025-06-01 21:30:00,0.0,0.0,0.0,0.596,-0.596,0.518253590425532,0.0,0.15,0.0,0.0,0.0015851063829787236,0.0015851063829787236,0.19866666666666666
2025-06-01 21:45:00,0.0,0.0,0.0,0.94,-0.94,0.468253590425532,0.0,0.15,0.0,0.0,0.0025,0.0025,0.3133333333333333
2025-06-01 22:00:00,0.0,0.0,0.0,1.116,-1.116,0.40889188829787243,0.0,0.15,0.0,0.0,0.0029680851063829793,0.0029680851063829793,0.37200000000000005
2025-06-01 22:15:00,0.0,0.0,0.0,1.164,-1.164,0.3469769946808512,0.0,0.15,0.0,0.0,0.0030957446808510636,0.0030957446808510636,0.38799999999999996
2025-06-01 22:30:00,0.0,0.0,0.0,0.884,-0.884,0.2999557180851065,0.0,0.15,0.0,0.0,0.002351063829787234,0.002351063829787234,0.2946666666666667
2025-06-01 22:45:00,0.0,0.0,0.0,0.76,-0.76,0.2595301861702129,0.0,0.15,0.0,0.0,0.002021276595744681,0.002021276595744681,0.25333333333333335
2025-06-01 23:00:00,0.0,0.0,0.0,2.0,-2.0,0.15314720744680863,0.0,0.15,0.0,0.0,0.005319148936170213,0.005319148936170213,0.6666666666666666
2025-06-01 23:15:00,0.0,0.0,0.0,1.076,-0.9991675000000022,0.1,0.07683249999999786,0.15,0.07683249999999786,0.0,0.0055385791223403515,0.0026573603723404316,0.33305583333333405
2025-06-01 23:30:00,0.0,0.0,0.0,0.788,0.0,0.1,0.788,0.15,0.788,0.0,0.02955,0.0,0.0
2025-06-01 23:45:00,0.0,0.0,0.0,0.32,0.0,0.1,0.32,0.15,0.32,0.0,0.012,0.0,0.0
2025-06-02 00:00:00,0.0,0.0,0.0,0.288,0.0,0.1,0.288,0.15,0.288,0.0,0.010799999999999999,0.0,0.0
2025-06-02 00:15:00,0.0,0.0,0.0,0.312,0.0,0.1,0.312,0.15,0.312,0.0,0.0117,0.0,0.0
2025-06-02 00:30:00,0.0,0.0,0.0,0.368,0.0,0.1,0.368,0.15,0.368,0.0,0.0138,0.0,0.0
2025-06-02 00:45:00,0.0,0.0,0.0,1.336,0.0,0.1,1.336,0.15,1.336,0.0,0.0501,0.0,0.0
2025-06-02 01:00:00,0.0,0.0,0.0,0.552,0.0,0.1,0.552,0.15,0.552,0.0,0.0207,0.0,0.0
2025-06-02 01:15:00,0.0,0.0,0.0,0.32,0.0,0.1,0.32,0.15,0.32,0.0,0.012,0.0,0.0
2025-06-02 01:30:00,0.0,0.0,0.0,0.26,0.0,0.1,0.26,0.15,0.26,0.0,0.00975,0.0,0.0
2025-06-02 01:45:00,0.0,0.0,0.0,0.24,0.0,0.1,0.24,0.15,0.24,0.0,0.009,0.0,0.0
2025-06-02 02:00:00,0.0,0.0,0.0,0.204,0.0,0.1,0.204,0.15,0.204,0.0,0.007649999999999999,0.0,0.0
2025-06-02 02:15:00,0.0,0.0,0.0,0.172,0.0,0.1,0.172,0.15,0.172,0.0,0.006449999999999999,0.0,0.0
2025-06-02 02:30:00,0.0,0.0,0.0,0.22,0.0,0.1,0.22,0.15,0.22,0.0,0.00825,0.0,0.0
2025-06-02 02:45:00,0.0,0.0,0.0,0.216,0.0,0.1,0.216,0.15,0.216,0.0,0.0081,0.0,0.0
2025-06-02 03:00:00,0.0,0.0,0.0,0.212,0.0,0.1,0.212,0.15,0.212,0.0,0.007949999999999999,0.0,0.0
2025-06-02 03:15:00,0.0,0.0,0.0,0.192,0.0,0.1,0.192,0.15,0.192,0.0,0.0072,0.0,0.0
2025-06-02 03:30:00,0.0,0.0,0.0,0.2,0.0,0.1,0.2,0.15,0.2,0.0,0.0075,0.0,0.0
2025-06-02 03:45:00,0.0,0.0,0.0,0.22,0.0,0.1,0.22,0.15,0.22,0.0,0.00825,0.0,0.0
2025-06-02 04:00:00,0.0,0.0,0.0,0.212,0.0,0.1,0.212,0.15,0.212,0.0,0.007949999999999999,0.0,0.0
2025-06-02 04:15:00,0.0,0.0,0.0,0.208,0.0,0.1,0.208,0.15,0.208,0.0,0.0078,0.0,0.0
2025-06-02 04:30:00,0.0,0.0,0.0,0.196,0.0,0.1,0.196,0.15,0.196,0.0,0.00735,0.0,0.0
2025-06-02 04:45:00,0.04716750000000001,0.04716750000000001,0.0,0.212,0.0,0.1,0.1648325,0.15,0.1648325,0.0,0.006181218749999999,0.0,0.015722500000000004
2025-06-02 05:00:00,0.04716750000000001,0.04716750000000001,0.0,0.208,0.0,0.1,0.1608325,0.15,0.1608325,0.0,0.006031218749999999,0.0,0.015722500000000004
2025-06-02 05:15:00,0.04716750000000001,0.04716750000000001,0.0,0.22,0.0,0.1,0.1728325,0.15,0.1728325,0.0,0.00648121875,0.0,0.015722500000000004
2025-06-02 05:30:00,0.04716750000000001,0.04716750000000001,0.0,0.356,0.0,0.1,0.30883249999999995,0.15,0.30883249999999995,0.0,0.011581218749999999,0.0,0.015722500000000004
2025-06-02 05:45:00,0.56886,0.56886,0.0,0.34,0.22886,0.11075642000000001,0.0,0.15,0.0,0.0,0.000537821,0.000537821,0.11333333333333334
2025-06-02 06:00:00,0.56886,0.56886,0.0,0.244,0.32486000000000004,0.12602484,0.0,0.15,0.0,0.0,0.0007634210000000001,0.0007634210000000001,0.08133333333333333
2025-06-02 06:15:00,0.56886,0.56886,0.0,0.228,0.34086000000000005,0.14204526,0.0,0.15,0.0,0.0,0.0008010210000000001,0.0008010210000000001,0.076
2025-06-02 06:30:00,0.56886,0.56886,0.0,0.224,0.34486000000000006,0.15825368,0.0,0.15,0.0,0.0,0.0008104210000000001,0.0008104210000000001,0.07466666666666667
2025-06-02 06:45:00,1.2150975,1.2150975,0.0,0.176,1.0390975,0.2070912625,0.0,0.15,0.0,0.0,0.002441879125,0.002441879125,0.058666666666666666
2025-06-02 07:00:00,1.2150975,1.2150975,0.0,0.236,0.9790975,0.25310884499999997,0.0,0.15,0.0,0.0,0.0023008791249999995,0.0023008791249999995,0.07866666666666666
2025-06-02 07:15:00,1.2150975,1.2150975,0.0,0.392,0.8230974999999999,0.2917944275,0.0,0.15,0.0,0.0,0.0019342791249999996,0.0019342791249999996,0.13066666666666668
2025-06-02 07:30:00,1.2150975,1.2150975,0.0,0.264,0.9510974999999999,0.33649600999999996,0.0,0.15,0.0,0.0,0.0022350791249999996,0.0022350791249999996,0.08800000000000001
2025-06-02 07:45:00,1.5559575000000003,1.5559575000000003,0.0,1.176,0.3799575000000004,0.3543540125,0.0,0.15,0.0,0.0,0.0008929001250000009,0.0008929001250000009,0.39199999999999996
2025-06-02 08:00:00,1.5559575000000003,1.5559575000000003,0.0,0.348,1.2079575000000005,0.41112801499999996,0.0,0.15,0.0,0.0,0.0028387001250000012,0.0028387001250000012,0.11599999999999999
2025-06-02 08:15:00,1.5559575000000003,1.5559575000000003,0.0,0.296,1.2599575000000003,0.4703460175,0.0,0.15,0.0,0.0,0.0029609001250000006,0.0029609001250000006,0.09866666666666667
2025-06-02 08:30:00,1.5559575000000003,1.5559575000000003,0.0,0.328,1.2279575000000003,0.5280600200000001,0.0,0.15,0.0,0.0,0.0028857001250000005,0.0028857001250000005,0.10933333333333334
2025-06-02 08:45:00,1.71,1.7100000000000002,2.220446049250313e-16,0.392,1.318,0.59000602,0.0,0.15,0.0,0.0,0.0030973000000000003,0.0030973000000000003,0.13066666666666668
2025-06-02 09:00:00,1.7100000000000002,1.7100000000000002,0.0,0.32,1.3900000000000001,0.65533602,0.0,0.15,0.0,0.0,0.0032665,0.0032665,0.10666666666666667
2025-06-02 09:15:00,1.7100000000000002,1.7100000000000002,0.0,0.292,1.4180000000000001,0.72198202,0.0,0.15,0.0,0.0,0.0033323000000000003,0.0033323000000000003,0.09733333333333333
2025-06-02 09:30:00,1.7100000000000002,1.7100000000000002,0.0,0.248,1.4620000000000002,0.79069602,0.0,0.15,0.0,0.0,0.0034357000000000003,0.0034357000000000003,0.08266666666666667
2025-06-02 09:45:00,1.71,1.7100000000000002,2.220446049250313e-16,0.388,1.322,0.8528300200000001,0.0,0.15,0.0,0.0,0.0031067,0.0031067,0.12933333333333333
2025-06-02 10:00:00,1.7100000000000002,1.7100000000000002,0.0,0.408,1.00361659574468,0.9,-0.2983834042553202,0.15,0.0,0.2983834042553202,-0.0006253350425532034,0.0023584989999999983,0.23546113475177335
2025-06-02 10:15:00,1.71,1.7100000000000002,2.220446049250313e-16,0.396,0.0,0.9,-1.314,0.15,0.0,1.314,-0.01314,0.0,0.57
2025-06-02 10:30:00,1.7100000000000002,1.7100000000000002,0.0,0.456,0.0,0.9,-1.2540000000000002,0.15,0.0,1.2540000000000002,-0.012540000000000003,0.0,0.5700000000000001
2025-06-02 10:45:00,1.71,1.7100000000000002,2.220446049250313e-16,0.36,0.0,0.9,-1.35,0.15,0.0,1.35,-0.013500000000000002,0.0,0.57
2025-06-02 11:00:00,1.7100000000000002,1.7100000000000002,0.0,0.472,0.0,0.9,-1.2380000000000002,0.15,0.0,1.2380000000000002,-0.012380000000000002,0.0,0.5700000000000001
2025-06-02 11:15:00,1.7100000000000002,1.7100000000000002,0.0,0.492,0.0,0.9,-1.2180000000000002,0.15,0.0,1.2180000000000002,-0.012180000000000002,0.0,0.5700000000000001
2025-06-02 11:30:00,1.7100000000000002,1.7100000000000002,0.0,0.488,0.0,0.9,-1.2220000000000002,0.15,0.0,1.2220000000000002,-0.012220000000000002,0.0,0.5700000000000001
2025-06-02 11:45:00,1.7100000000000002,1.7100000000000002,0.0,0.508,0.0,0.9,-1.2020000000000002,0.15,0.0,1.2020000000000002,-0.012020000000000003,0.0,0.5700000000000001
2025-06-02 12:00:00,1.7100000000000004,1.7100000000000002,0.0,0.632,0.0,0.9,-1.0780000000000003,0.15,0.0,1.0780000000000003,-0.010780000000000003,0.0,0.5700000000000002
2025-06-02 12:15:00,1.7100000000000004,1.7100000000000002,0.0,0.636,0.0,0.9,-1.0740000000000003,0.15,0.0,1.0740000000000003,-0.010740000000000003,0.0,0.5700000000000002
2025-06-02 12:30:00,1.7100000000000002,1.7100000000000002,0.0,0.712,0.0,0.9,-0.9980000000000002,0.15,0.0,0.9980000000000002,-0.009980000000000003,0.0,0.5700000000000001
2025-06-02 12:45:00,1.7100000000000002,1.7100000000000002,0.0,0.932,0.0,0.9,-0.7780000000000001,0.15,0.0,0.7780000000000001,-0.007780000000000001,0.0,0.5700000000000001
2025-06-02 13:00:00,1.7100000000000002,1.7100000000000002,0.0,0.984,0.0,0.9,-0.7260000000000002,0.15,0.0,0.7260000000000002,-0.0072600000000000026,0.0,0.5700000000000001
2025-06-02 13:15:00,1.7100000000000002,1.7100000000000002,0.0,0.804,0.0,0.9,-0.9060000000000001,0.15,0.0,0.9060000000000001,-0.009060000000000002,0.0,0.5700000000000001
2025-06-02 13:30:00,1.7100000000000004,1.7100000000000002,0.0,0.668,0.0,0.9,-1.0420000000000003,0.15,0.0,1.0420000000000003,-0.010420000000000002,0.0,0.5700000000000002
2025-06-02 13:45:00,1.7100000000000002,1.7100000000000002,0.0,0.424,0.0,0.9,-1.2860000000000003,0.15,0.0,1.2860000000000003,-0.012860000000000003,0.0,0.5700000000000001
2025-06-02 14:00:00,1.7100000000000002,1.7100000000000002,0.0,0.424,0.0,0.9,-1.2860000000000003,0.15,0.0,1.2860000000000003,-0.012860000000000003,0.0,0.5700000000000001
2025-06-02 14:15:00,1.7100000000000002,1.7100000000000002,0.0,0.332,0.0,0.9,-1.3780000000000001,0.15,0.0,1.3780000000000001,-0.01378,0.0,0.5700000000000001
2025-06-02 14:30:00,1.71,1.7100000000000002,2.220446049250313e-16,0.384,0.0,0.9,-1.326,0.15,0.0,1.326,-0.013260000000000001,0.0,0.57
2025-06-02 14:45:00,1.7100000000000002,1.7100000000000002,0.0,0.3,0.0,0.9,-1.4100000000000001,0.15,0.0,1.4100000000000001,-0.014100000000000001,0.0,0.5700000000000001
2025-06-02 15:00:00,1.7100000000000002,1.7100000000000002,0.0,0.236,0.0,0.9,-1.4740000000000002,0.15,0.0,1.4740000000000002,-0.014740000000000003,0.0,0.5700000000000001
2025-06-02 15:15:00,1.7100000000000002,1.7100000000000002,0.0,0.276,0.0,0.9,-1.4340000000000002,0.15,0.0,1.4340000000000002,-0.014340000000000002,0.0,0.5700000000000001
2025-06-02 15:30:00,1.7100000000000002,1.7100000000000002,0.0,0.464,0.0,0.9,-1.2460000000000002,0.15,0.0,1.2460000000000002,-0.012460000000000002,0.0,0.5700000000000001
2025-06-02 15:45:00,1.6418850000000003,1.6418850000000003,0.0,0.5,0.0,0.9,-1.1418850000000003,0.15,0.0,1.1418850000000003,-0.011418850000000003,0.0,0.5472950000000001
2025-06-02 16:00:00,1.6418850000000003,1.6418850000000003,0.0,0.66,0.0,0.9,-0.9818850000000002,0.15,0.0,0.9818850000000002,-0.009818850000000002,0.0,0.5472950000000001
2025-06-02 16:15:00,1.6418850000000003,1.6418850000000003,0.0,0.576,0.0,0.9,-1.0658850000000002,0.15,0.0,1.0658850000000002,-0.010658850000000003,0.0,0.5472950000000001
2025-06-02 16:30:00,1.6418850000000003,1.6418850000000003,0.0,0.5,0.0,0.9,-1.1418850000000003,0.15,0.0,1.1418850000000003,-0.011418850000000003,0.0,0.5472950000000001
2025-06-02 16:45:00,1.41816,1.41816,0.0,0.44,0.0,0.9,-0.9781600000000001,0.15,0.0,0.9781600000000001,-0.009781600000000001,0.0,0.47272000000000003
2025-06-02 17:00:00,1.4181599999999999,1.41816,2.220446049250313e-16,0.344,0.0,0.9,-1.07416,0.15,0.0,1.07416,-0.0107416,0.0,0.47272
2025-06-02 17:15:00,1.41816,1.41816,0.0,0.272,0.0,0.9,-1.14616,0.15,0.0,1.14616,-0.0114616,0.0,0.47272000000000003
2025-06-02 17:30:00,1.41816,1.41816,0.0,0.328,0.0,0.9,-1.09016,0.15,0.0,1.09016,-0.010901600000000001,0.0,0.47272000000000003
2025-06-02 17:45:00,0.9890925000000002,0.9890925,0.0,0.332,0.0,0.9,-0.6570925000000001,0.15,0.0,0.6570925000000001,-0.006570925000000001,0.0,0.32969750000000003
2025-06-02 18:00:00,0.9890925,0.9890925,0.0,0.352,0.0,0.9,-0.6370925000000001,0.15,0.0,0.6370925000000001,-0.006370925,0.0,0.32969750000000003
2025-06-02 18:15:00,0.9890925000000002,0.9890925,0.0,0.308,0.0,0.9,-0.6810925000000001,0.15,0.0,0.6810925000000001,-0.0068109250000000015,0.0,0.32969750000000003
2025-06-02 18:30:00,0.9890924999999999,0.9890925,1.1102230246251565e-16,0.2,0.0,0.9,-0.7890925,0.15,0.0,0.7890925,-0.007890925,0.0,0.3296975
2025-06-02 18:45:00,0.285855,0.285855,0.0,0.428,-0.14214499999999997,0.8924390957446808,0.0,0.15,0.0,0.0,0.0003780452127659574,0.0003780452127659574,0.14266666666666666
2025-06-02 19:00:00,0.285855,0.285855,0.0,0.52,-0.234145,0.8799845744680852,0.0,0.15,0.0,0.0,0.0006227260638297873,0.0006227260638297873,0.17333333333333334
2025-06-02 19:15:00,0.285855,0.285855,0.0,0.544,-0.258145,0.8662534574468086,0.0,0.15,0.0,0.0,0.0006865558510638299,0.0006865558510638299,0.18133333333333335
2025-06-02 19:30:00,0.285855,0.285855,0.0,0.644,-0.358145,0.8472031914893619,0.0,0.15,0.0,0.0,0.0009525132978723405,0.0009525132978723405,0.21466666666666667
2025-06-02 19:45:00,0.0,0.0,0.0,0.632,-0.632,0.8135861702127661,0.0,0.15,0.0,0.0,0.0016808510638297875,0.0016808510638297875,0.21066666666666667
2025-06-02 20:00:00,0.0,0.0,0.0,0.676,-0.676,0.7776287234042555,0.0,0.15,0.0,0.0,0.001797872340425532,0.001797872340425532,0.22533333333333336
2025-06-02 20:15:00,0.0,0.0,0.0,0.9,-0.9,0.7297563829787236,0.0,0.15,0.0,0.0,0.0023936170212765957,0.0023936170212765957,0.3
2025-06-02 20:30:00,0.0,0.0,0.0,1.432,-1.432,0.6535861702127661,0.0,0.15,0.0,0.0,0.003808510638297872,0.003808510638297872,0.47733333333333333
2025-06-02 20:45:00,0.0,0.0,0.0,1.264,-1.264,0.5863521276595747,0.0,0.15,0.0,0.0,0.003361702127659575,0.003361702127659575,0.42133333333333334
2025-06-02 21:00:00,0.0,0.0,0.0,0.796,-0.796,0.5440117021276598,0.0,0.15,0.0,0.0,0.002117021276595745,0.002117021276595745,0.26533333333333337
2025-06-02 21:15:00,0.0,0.0,0.0,0.784,-0.784,0.5023095744680853,0.0,0.15,0.0,0.0,0.0020851063829787236,0.0020851063829787236,0.26133333333333336
2025-06-02 21:30:00,0.0,0.0,0.0,0.852,-0.852,0.45699042553191516,0.0,0.15,0.0,0.0,0.0022659574468085106,0.0022659574468085106,0.284
2025-06-02 21:45:00,0.0,0.0,0.0,0.852,-0.852,0.411671276595745,0.0,0.15,0.0,0.0,0.0022659574468085106,0.0022659574468085106,0.284
2025-06-02 22:00:00,0.0,0.0,0.0,0.872,-0.872,0.36528829787234074,0.0,0.15,0.0,0.0,0.002319148936170213,0.002319148936170213,0.2906666666666667
2025-06-02 22:15:00,0.0,0.0,0.0,0.756,-0.756,0.32507553191489397,0.0,0.15,0.0,0.0,0.0020106382978723404,0.0020106382978723404,0.252
2025-06-02 22:30:00,0.0,0.0,0.0,0.724,-0.724,0.28656489361702164,0.0,0.15,0.0,0.0,0.001925531914893617,0.001925531914893617,0.24133333333333332
2025-06-02 22:45:00,0.0,0.0,0.0,0.74,-0.74,0.24720319148936204,0.0,0.15,0.0,0.0,0.001968085106382979,0.001968085106382979,0.24666666666666667
2025-06-02 23:00:00,0.0,0.0,0.0,0.764,-0.764,0.2065648936170216,0.0,0.15,0.0,0.0,0.0020319148936170216,0.0020319148936170216,0.25466666666666665
2025-06-02 23:15:00,0.0,0.0,0.0,0.808,-0.808,0.16358617021276628,0.0,0.15,0.0,0.0,0.0021489361702127664,0.0021489361702127664,0.26933333333333337
2025-06-02 23:30:00,0.0,0.0,0.0,0.692,-0.692,0.1267776595744684,0.0,0.15,0.0,0.0,0.0018404255319148936,0.0018404255319148936,0.23066666666666666
2025-06-02 23:45:00,0.0,0.0,0.0,0.672,-0.503420000000006,0.1,0.16857999999999407,0.15,0.16857999999999407,0.0,0.007660632978723198,0.0013388829787234202,0.16780666666666866
2025-06-03 00:00:00,0.0,0.0,0.0,0.788,0.0,0.1,0.788,0.15,0.788,0.0,0.02955,0.0,0.0
2025-06-03 00:15:00,0.0,0.0,0.0,0.752,0.0,0.1,0.752,0.15,0.752,0.0,0.0282,0.0,0.0
2025-06-03 00:30:00,0.0,0.0,0.0,0.736,0.0,0.1,0.736,0.15,0.736,0.0,0.0276,0.0,0.0
2025-06-03 00:45:00,0.0,0.0,0.0,0.7,0.0,0.1,0.7,0.15,0.7,0.0,0.02625,0.0,0.0
2025-06-03 01:00:00,0.0,0.0,0.0,0.564,0.0,0.1,0.564,0.15,0.564,0.0,0.02115,0.0,0.0
2025-06-03 01:15:00,0.0,0.0,0.0,0.496,0.0,0.1,0.496,0.15,0.496,0.0,0.0186,0.0,0.0
2025-06-03 01:30:00,0.0,0.0,0.0,0.484,0.0,0.1,0.484,0.15,0.484,0.0,0.01815,0.0,0.0
2025-06-03 01:45:00,0.0,0.0,0.0,0.508,0.0,0.1,0.508,0.15,0.508,0.0,0.01905,0.0,0.0
2025-06-03 02:00:00,0.0,0.0,0.0,1.176,0.0,0.1,1.176,0.15,1.176,0.0,0.04409999999999999,0.0,0.0
2025-06-03 02:15:00,0.0,0.0,0.0,1.62,0.0,0.1,1.62,0.15,1.62,0.0,0.06075,0.0,0.0
2025-06-03 02:30:00,0.0,0.0,0.0,1.024,0.0,0.1,1.024,0.15,1.024,0.0,0.0384,0.0,0.0
2025-06-03 02:45:00,0.0,0.0,0.0,1.228,0.0,0.1,1.228,0.15,1.228,0.0,0.04605,0.0,0.0
2025-06-03 03:00:00,0.0,0.0,0.0,0.284,0.0,0.1,0.284,0.15,0.284,0.0,0.010649999999999998,0.0,0.0
2025-06-03 03:15:00,0.0,0.0,0.0,0.288,0.0,0.1,0.288,0.15,0.288,0.0,0.010799999999999999,0.0,0.0
2025-06-03 03:30:00,0.0,0.0,0.0,0.252,0.0,0.1,0.252,0.15,0.252,0.0,0.00945,0.0,0.0
2025-06-03 03:45:00,0.0,0.0,0.0,0.22,0.0,0.1,0.22,0.15,0.22,0.0,0.00825,0.0,0.0
2025-06-03 04:00:00,0.0,0.0,0.0,0.208,0.0,0.1,0.208,0.15,0.208,0.0,0.0078,0.0,0.0
2025-06-03 04:15:00,0.0,0.0,0.0,0.212,0.0,0.1,0.212,0.15,0.212,0.0,0.007949999999999999,0.0,0.0
2025-06-03 04:30:00,0.0,0.0,0.0,0.208,0.0,0.1,0.208,0.15,0.208,0.0,0.0078,0.0,0.0
2025-06-03 04:45:00,0.043320000000000004,0.043320000000000004,0.0,0.212,0.0,0.1,0.16868,0.15,0.16868,0.0,0.0063254999999999995,0.0,0.014440000000000001
2025-06-03 05:00:00,0.043320000000000004,0.043320000000000004,0.0,0.22,0.0,0.1,0.17668,0.15,0.17668,0.0,0.0066255,0.0,0.014440000000000001
2025-06-03 05:15:00,0.043320000000000004,0.043320000000000004,0.0,0.212,0.0,0.1,0.16868,0.15,0.16868,0.0,0.0063254999999999995,0.0,0.014440000000000001
2025-06-03 05:30:00,0.043320000000000004,0.043320000000000004,0.0,0.204,0.0,0.1,0.16068,0.15,0.16068,0.0,0.0060255,0.0,0.014440000000000001
2025-06-03 05:45:00,0.5232600000000001,0.5232600000000001,0.0,0.184,0.33926000000000006,0.11594522,0.0,0.15,0.0,0.0,0.0007972610000000001,0.0007972610000000001,0.06133333333333333
2025-06-03 06:00:00,0.5232600000000001,0.5232600000000001,0.0,0.212,0.3112600000000001,0.13057444,0.0,0.15,0.0,0.0,0.0007314610000000002,0.0007314610000000002,0.07066666666666667
2025-06-03 06:15:00,0.5232600000000001,0.5232600000000001,0.0,0.208,0.3152600000000001,0.14539166,0.0,0.15,0.0,0.0,0.0007408610000000002,0.0007408610000000002,0.06933333333333333
2025-06-03 06:30:00,0.5232600000000001,0.5232600000000001,0.0,0.204,0.3192600000000001,0.16039688000000002,0.0,0.15,0.0,0.0,0.0007502610000000001,0.0007502610000000001,0.06799999999999999
2025-06-03 06:45:00,1.14114,1.14114,0.0,0.192,0.9491400000000001,0.20500646000000003,0.0,0.15,0.0,0.0,0.002230479,0.002230479,0.064
2025-06-03 07:00:00,1.14114,1.14114,0.0,0.184,0.9571400000000001,0.24999204000000003,0.0,0.15,0.0,0.0,0.0022492790000000003,0.0022492790000000003,0.06133333333333333
2025-06-03 07:15:00,1.14114,1.14114,0.0,0.212,0.9291400000000001,0.29366162,0.0,0.15,0.0,0.0,0.0021834790000000003,0.0021834790000000003,0.07066666666666667
2025-06-03 07:30:00,1.14114,1.14114,0.0,0.884,0.25714000000000004,0.3057472,0.0,0.15,0.0,0.0,0.0006042790000000001,0.0006042790000000001,0.2946666666666667
2025-06-03 07:45:00,1.4741625000000003,1.4741625000000003,0.0,0.292,1.1821625000000002,0.36130883750000004,0.0,0.15,0.0,0.0,0.0027780818750000004,0.0027780818750000004,0.09733333333333333
2025-06-03 08:00:00,1.4741625000000003,1.4741625000000003,0.0,0.704,0.7701625000000003,0.397506475,0.0,0.15,0.0,0.0,0.0018098818750000006,0.0018098818750000006,0.23466666666666666
2025-06-03 08:15:00,1.4741625000000003,1.4741625000000003,0.0,0.42,1.0541625000000003,0.44705211250000004,0.0,0.15,0.0,0.0,0.0024772818750000004,0.0024772818750000004,0.13999999999999999
2025-06-03 08:30:00,1.4741625000000003,1.4741625000000003,0.0,0.396,1.0781625000000004,0.49772575,0.0,0.15,0.0,0.0,0.0025336818750000007,0.0025336818750000007,0.132
2025-06-03 08:45:00,1.6374675,1.6374675,0.0,0.436,1.2014675000000001,0.5541947225,0.0,0.15,0.0,0.0,0.002823448625,0.002823448625,0.14533333333333334
2025-06-03 09:00:00,1.6374675,1.6374675,0.0,0.532,1.1054675,0.6061516950000001,0.0,0.15,0.0,0.0,0.002597848625,0.002597848625,0.17733333333333334
2025-06-03 09:15:00,1.6374675,1.6374675,0.0,0.528,1.1094675,0.6582966675,0.0,0.15,0.0,0.0,0.002607248625,0.002607248625,0.17600000000000002
2025-06-03 09:30:00,1.6374675,1.6374675,0.0,0.656,0.9814675,0.7044256400000001,0.0,0.15,0.0,0.0,0.002306448625,0.002306448625,0.21866666666666668
2025-06-03 09:45:00,1.6766550000000002,1.6766550000000002,0.0,0.624,1.0526550000000001,0.7539004250000001,0.0,0.15,0.0,0.0,0.0024737392500000003,0.0024737392500000003,0.208
2025-06-03 10:00:00,1.6766550000000002,1.6766550000000002,0.0,0.616,1.0606550000000001,0.80375121,0.0,0.15,0.0,0.0,0.00249253925,0.00249253925,0.20533333333333334
2025-06-03 10:15:00,1.6766550000000002,1.6766550000000002,0.0,0.596,1.0806550000000001,0.8545419950000002,0.0,0.15,0.0,0.0,0.0025395392500000002,0.0025395392500000002,0.19866666666666666
2025-06-03 10:30:00,1.676655,1.6766550000000002,2.220446049250313e-16,0.608,0.9671915957446784,0.9,-0.10146340425532174,0.15,0.0,0.10146340425532174,0.0012582662074467764,0.002272900249999994,0.23648780141844059
2025-06-03 10:45:00,1.6917600000000002,1.6917600000000002,0.0,0.44,0.0,0.9,-1.2517600000000002,0.15,0.0,1.2517600000000002,-0.012517600000000002,0.0,0.5639200000000001
2025-06-03 11:00:00,1.6917600000000002,1.6917600000000002,0.0,0.436,0.0,0.9,-1.2557600000000002,0.15,0.0,1.2557600000000002,-0.012557600000000002,0.0,0.5639200000000001
2025-06-03 11:15:00,1.69176,1.6917600000000002,2.220446049250313e-16,0.388,0.0,0.9,-1.30376,0.15,0.0,1.30376,-0.0130376,0.0,0.56392
2025-06-03 11:30:00,1.6917600000000002,1.6917600000000002,0.0,0.496,0.0,0.9,-1.1957600000000002,0.15,0.0,1.1957600000000002,-0.011957600000000002,0.0,0.5639200000000001
2025-06-03 11:45:00,1.6575600000000001,1.6575600000000001,0.0,0.268,0.0,0.9,-1.3895600000000001,0.15,0.0,1.3895600000000001,-0.013895600000000001,0.0,0.55252
2025-06-03 12:00:00,1.6575600000000001,1.6575600000000001,0.0,0.212,0.0,0.9,-1.4455600000000002,0.15,0.0,1.4455600000000002,-0.014455600000000002,0.0,0.55252
2025-06-03 12:15:00,1.6575600000000001,1.6575600000000001,0.0,0.176,0.0,0.9,-1.4815600000000002,0.15,0.0,1.4815600000000002,-0.014815600000000002,0.0,0.55252
2025-06-03 12:30:00,1.6575600000000001,1.6575600000000001,0.0,0.184,0.0,0.9,-1.4735600000000002,0.15,0.0,1.4735600000000002,-0.014735600000000001,0.0,0.55252
2025-06-03 12:45:00,1.5761925,1.5761925,0.0,0.336,0.0,0.9,-1.2401925,0.15,0.0,1.2401925,-0.012401925000000001,0.0,0.5253975000000001
2025-06-03 13:00:00,1.5761925,1.5761925,0.0,0.788,0.0,0.9,-0.7881925000000001,0.15,0.0,0.7881925000000001,-0.007881925000000001,0.0,0.5253975000000001
2025-06-03 13:15:00,1.5761924999999999,1.5761925,2.220446049250313e-16,0.364,0.0,0.9,-1.2121925,0.15,0.0,1.2121925,-0.012121925,0.0,0.5253975
2025-06-03 13:30:00,1.5761925,1.5761925,0.0,0.48,0.0,0.9,-1.0961925000000001,0.15,0.0,1.0961925000000001,-0.010961925,0.0,0.5253975000000001
2025-06-03 13:45:00,1.7100000000000002,1.7100000000000002,0.0,0.436,0.0,0.9,-1.2740000000000002,0.15,0.0,1.2740000000000002,-0.012740000000000003,0.0,0.5700000000000001
2025-06-03 14:00:00,1.7100000000000002,1.7100000000000002,0.0,0.424,0.0,0.9,-1.2860000000000003,0.15,0.0,1.2860000000000003,-0.012860000000000003,0.0,0.5700000000000001
2025-06-03 14:15:00,1.7100000000000002,1.7100000000000002,0.0,0.312,0.0,0.9,-1.3980000000000001,0.15,0.0,1.3980000000000001,-0.013980000000000001,0.0,0.5700000000000001
2025-06-03 14:30:00,1.7100000000000002,1.7100000000000002,0.0,0.332,0.0,0.9,-1.3780000000000001,0.15,0.0,1.3780000000000001,-0.01378,0.0,0.5700000000000001
2025-06-03 14:45:00,1.51791,1.51791,0.0,0.4,0.0,0.9,-1.1179100000000002,0.15,0.0,1.1179100000000002,-0.011179100000000003,0.0,0.50597
2025-06-03 15:00:00,1.51791,1.51791,0.0,0.464,0.0,0.9,-1.0539100000000001,0.15,0.0,1.0539100000000001,-0.010539100000000001,0.0,0.50597
2025-06-03 15:15:00,1.51791,1.51791,0.0,0.432,0.0,0.9,-1.0859100000000002,0.15,0.0,1.0859100000000002,-0.010859100000000002,0.0,0.50597
2025-06-03 15:30:00,1.51791,1.51791,0.0,0.372,0.0,0.9,-1.1459100000000002,0.15,0.0,1.1459100000000002,-0.011459100000000002,0.0,0.50597
2025-06-03 15:45:00,1.5263175000000002,1.5263175000000002,0.0,0.416,0.0,0.9,-1.1103175000000003,0.15,0.0,1.1103175000000003,-0.011103175000000003,0.0,0.5087725000000001
2025-06-03 16:00:00,1.5263175000000002,1.5263175000000002,0.0,0.38,0.0,0.9,-1.1463175000000003,0.15,0.0,1.1463175000000003,-0.011463175000000004,0.0,0.5087725000000001
2025-06-03 16:15:00,1.5263175000000002,1.5263175000000002,0.0,0.556,0.0,0.9,-0.9703175000000002,0.15,0.0,0.9703175000000002,-0.009703175000000001,0.0,0.5087725000000001
2025-06-03 16:30:00,1.5263175000000002,1.5263175000000002,0.0,0.66,0.0,0.9,-0.8663175000000002,0.15,0.0,0.8663175000000002,-0.008663175000000002,0.0,0.5087725000000001
2025-06-03 16:45:00,0.9499050000000001,0.9499050000000001,0.0,0.56,0.0,0.9,-0.38990500000000006,0.15,0.0,0.38990500000000006,-0.0038990500000000007,0.0,0.31663500000000006
2025-06-03 17:00:00,0.9499050000000001,0.9499050000000001,0.0,0.576,0.0,0.9,-0.37390500000000015,0.15,0.0,0.37390500000000015,-0.0037390500000000016,0.0,0.31663500000000006
2025-06-03 17:15:00,0.9499050000000001,0.9499050000000001,0.0,0.564,0.0,0.9,-0.38590500000000016,0.15,0.0,0.38590500000000016,-0.003859050000000002,0.0,0.31663500000000006
2025-06-03 17:30:00,0.9499050000000001,0.9499050000000001,0.0,0.56,0.0,0.9,-0.38990500000000006,0.15,0.0,0.38990500000000006,-0.0038990500000000007,0.0,0.31663500000000006
2025-06-03 17:45:00,0.892335,0.892335,0.0,0.496,0.0,0.9,-0.396335,0.15,0.0,0.396335,-0.00396335,0.0,0.297445
2025-06-03 18:00:00,0.8923350000000001,0.892335,0.0,0.296,0.0,0.9,-0.5963350000000001,0.15,0.0,0.5963350000000001,-0.005963350000000001,0.0,0.297445
2025-06-03 18:15:00,0.892335,0.892335,0.0,0.228,0.0,0.9,-0.664335,0.15,0.0,0.664335,-0.00664335,0.0,0.297445
2025-06-03 18:30:00,0.892335,0.892335,0.0,0.216,0.0,0.9,-0.676335,0.15,0.0,0.676335,-0.0067633500000000004,0.0,0.297445
2025-06-03 18:45:00,0.2515125,0.2515125,0.0,0.16,0.0,0.9,-0.09151250000000002,0.15,0.0,0.09151250000000002,-0.0009151250000000002,0.0,0.08383750000000001
2025-06-03 19:00:00,0.2515125,0.2515125,0.0,0.244,0.0,0.9,-0.007512500000000033,0.15,0.0,0.007512500000000033,-7.512500000000034e-05,0.0,0.08383750000000001
2025-06-03 19:15:00,0.2515125,0.2515125,0.0,0.268,-0.01648749999999999,0.899123005319149,0.0,0.15,0.0,0.0,4.384973404255316e-05,4.384973404255316e-05,0.08933333333333333
2025-06-03 19:30:00,0.2515125,0.2515125,0.0,0.256,-0.004487499999999978,0.8988843085106384,0.0,0.15,0.0,0.0,1.1934840425531857e-05,1.1934840425531857e-05,0.08533333333333333
2025-06-03 19:45:00,0.0,0.0,0.0,0.252,-0.252,0.8854800531914894,0.0,0.15,0.0,0.0,0.0006702127659574468,0.0006702127659574468,0.084
2025-06-03 20:00:00,0.0,0.0,0.0,0.32,-0.32,0.8684587765957448,0.0,0.15,0.0,0.0,0.0008510638297872341,0.0008510638297872341,0.10666666666666667
2025-06-03 20:15:00,0.0,0.0,0.0,0.6,-0.6,0.8365438829787234,0.0,0.15,0.0,0.0,0.001595744680851064,0.001595744680851064,0.19999999999999998
2025-06-03 20:30:00,0.0,0.0,0.0,0.388,-0.388,0.815905585106383,0.0,0.15,0.0,0.0,0.0010319148936170214,0.0010319148936170214,0.12933333333333333
2025-06-03 20:45:00,0.0,0.0,0.0,0.66,-0.66,0.7807992021276595,0.0,0.15,0.0,0.0,0.0017553191489361707,0.0017553191489361707,0.22
2025-06-03 21:00:00,0.0,0.0,0.0,0.892,-0.892,0.7333523936170212,0.0,0.15,0.0,0.0,0.002372340425531915,0.002372340425531915,0.29733333333333334
2025-06-03 21:15:00,0.0,0.0,0.0,0.716,-0.716,0.6952672872340424,0.0,0.15,0.0,0.0,0.001904255319148936,0.001904255319148936,0.23866666666666667
2025-06-03 21:30:00,0.0,0.0,0.0,0.896,-0.896,0.6476077127659574,0.0,0.15,0.0,0.0,0.0023829787234042553,0.0023829787234042553,0.2986666666666667
2025-06-03 21:45:00,0.0,0.0,0.0,0.868,-0.868,0.6014375,0.0,0.15,0.0,0.0,0.002308510638297872,0.002308510638297872,0.28933333333333333
2025-06-03 22:00:00,0.0,0.0,0.0,0.984,-0.984,0.549097074468085,0.0,0.15,0.0,0.0,0.0026170212765957448,0.0026170212765957448,0.328
2025-06-03 22:15:00,0.0,0.0,0.0,1.0,-1.0,0.49590558510638283,0.0,0.15,0.0,0.0,0.0026595744680851063,0.0026595744680851063,0.3333333333333333
2025-06-03 22:30:00,0.0,0.0,0.0,0.948,-0.948,0.4454800531914892,0.0,0.15,0.0,0.0,0.002521276595744681,0.002521276595744681,0.316
2025-06-03 22:45:00,0.0,0.0,0.0,0.792,-0.792,0.40335239361702113,0.0,0.15,0.0,0.0,0.0021063829787234044,0.0021063829787234044,0.264
2025-06-03 23:00:00,0.0,0.0,0.0,0.656,-0.656,0.36845877659574455,0.0,0.15,0.0,0.0,0.00174468085106383,0.00174468085106383,0.21866666666666668
2025-06-03 23:15:00,0.0,0.0,0.0,0.656,-0.656,0.333565159574468,0.0,0.15,0.0,0.0,0.00174468085106383,0.00174468085106383,0.21866666666666668
2025-06-03 23:30:00,0.0,0.0,0.0,0.704,-0.704,0.29611835106382967,0.0,0.15,0.0,0.0,0.001872340425531915,0.001872340425531915,0.23466666666666666
2025-06-03 23:45:00,0.0,0.0,0.0,1.268,-1.268,0.2286715425531914,0.0,0.15,0.0,0.0,0.003372340425531915,0.003372340425531915,0.4226666666666667
2025-06-04 00:00:00,0.0,0.0,0.0,1.056,-1.056,0.17250132978723393,0.0,0.15,0.0,0.0,0.0028085106382978726,0.0028085106382978726,0.35200000000000004
2025-06-04 00:15:00,0.0,0.0,0.0,1.344,-1.344,0.10101196808510626,0.0,0.15,0.0,0.0,0.0035744680851063832,0.0035744680851063832,0.448
2025-06-04 00:30:00,0.0,0.0,0.0,0.764,-0.01902499999999774,0.1,0.7449750000000023,0.15,0.7449750000000023,0.0,0.027987160904255397,5.059840425531315e-05,0.006341666666665914
2025-06-04 00:45:00,0.0,0.0,0.0,0.66,0.0,0.1,0.66,0.15,0.66,0.0,0.02475,0.0,0.0
2025-06-04 01:00:00,0.0,0.0,0.0,0.636,0.0,0.1,0.636,0.15,0.636,0.0,0.02385,0.0,0.0
2025-06-04 01:15:00,0.0,0.0,0.0,0.644,0.0,0.1,0.644,0.15,0.644,0.0,0.02415,0.0,0.0
2025-06-04 01:30:00,0.0,0.0,0.0,1.192,0.0,0.1,1.192,0.15,1.192,0.0,0.0447,0.0,0.0
2025-06-04 01:45:00,0.0,0.0,0.0,1.272,0.0,0.1,1.272,0.15,1.272,0.0,0.0477,0.0,0.0
2025-06-04 02:00:00,0.0,0.0,0.0,0.336,0.0,0.1,0.336,0.15,0.336,0.0,0.0126,0.0,0.0
2025-06-04 02:15:00,0.0,0.0,0.0,0.388,0.0,0.1,0.388,0.15,0.388,0.0,0.01455,0.0,0.0
2025-06-04 02:30:00,0.0,0.0,0.0,0.436,0.0,0.1,0.436,0.15,0.436,0.0,0.01635,0.0,0.0
2025-06-04 02:45:00,0.0,0.0,0.0,0.404,0.0,0.1,0.404,0.15,0.404,0.0,0.01515,0.0,0.0
2025-06-04 03:00:00,0.0,0.0,0.0,0.36,0.0,0.1,0.36,0.15,0.36,0.0,0.0135,0.0,0.0
2025-06-04 03:15:00,0.0,0.0,0.0,0.352,0.0,0.1,0.352,0.15,0.352,0.0,0.013199999999999998,0.0,0.0
2025-06-04 03:30:00,0.0,0.0,0.0,0.34,0.0,0.1,0.34,0.15,0.34,0.0,0.012750000000000001,0.0,0.0
2025-06-04 03:45:00,0.0,0.0,0.0,0.324,0.0,0.1,0.324,0.15,0.324,0.0,0.01215,0.0,0.0
2025-06-04 04:00:00,0.0,0.0,0.0,0.264,0.0,0.1,0.264,0.15,0.264,0.0,0.0099,0.0,0.0
2025-06-04 04:15:00,0.0,0.0,0.0,0.24,0.0,0.1,0.24,0.15,0.24,0.0,0.009,0.0,0.0
2025-06-04 04:30:00,0.0,0.0,0.0,0.24,0.0,0.1,0.24,0.15,0.24,0.0,0.009,0.0,0.0
2025-06-04 04:45:00,0.018382500000000003,0.018382500000000003,0.0,0.256,0.0,0.1,0.2376175,0.15,0.2376175,0.0,0.00891065625,0.0,0.006127500000000001
2025-06-04 05:00:00,0.018382500000000003,0.018382500000000003,0.0,0.26,0.0,0.1,0.2416175,0.15,0.2416175,0.0,0.00906065625,0.0,0.006127500000000001
2025-06-04 05:15:00,0.018382500000000003,0.018382500000000003,0.0,0.276,0.0,0.1,0.2576175,0.15,0.2576175,0.0,0.00966065625,0.0,0.006127500000000001
2025-06-04 05:30:00,0.018382500000000003,0.018382500000000003,0.0,0.296,0.0,0.1,0.27761749999999996,0.15,0.27761749999999996,0.0,0.010410656249999999,0.0,0.006127500000000001
2025-06-04 05:45:00,0.45400500000000005,0.45400500000000005,0.0,0.304,0.15000500000000005,0.107050235,0.0,0.15,0.0,0.0,0.0003525117500000001,0.0003525117500000001,0.10133333333333333
2025-06-04 06:00:00,0.45400500000000005,0.45400500000000005,0.0,0.28,0.17400500000000002,0.11522847,0.0,0.15,0.0,0.0,0.00040891175,0.00040891175,0.09333333333333334
2025-06-04 06:15:00,0.45400500000000005,0.45400500000000005,0.0,0.244,0.21000500000000005,0.125098705,0.0,0.15,0.0,0.0,0.0004935117500000001,0.0004935117500000001,0.08133333333333333
2025-06-04 06:30:00,0.45400500000000005,0.45400500000000005,0.0,0.176,0.27800500000000006,0.13816493999999999,0.0,0.15,0.0,0.0,0.0006533117500000001,0.0006533117500000001,0.058666666666666666
2025-06-04 06:45:00,0.8882025,0.8882025,0.0,0.188,0.7002025000000001,0.1710744575,0.0,0.15,0.0,0.0,0.0016454758750000002,0.0016454758750000002,0.06266666666666666
2025-06-04 07:00:00,0.8882025,0.8882025,0.0,0.2,0.6882025,0.203419975,0.0,0.15,0.0,0.0,0.001617275875,0.001617275875,0.06666666666666667
2025-06-04 07:15:00,0.8882025,0.8882025,0.0,0.2,0.6882025,0.23576549249999998,0.0,0.15,0.0,0.0,0.001617275875,0.001617275875,0.06666666666666667
2025-06-04 07:30:00,0.8882025,0.8882025,0.0,0.184,0.7042025000000001,0.26886300999999996,0.0,0.15,0.0,0.0,0.001654875875,0.001654875875,0.06133333333333333
2025-06-04 07:45:00,1.4057625000000002,1.4057625000000002,0.0,0.188,1.2177625000000003,0.3260978475,0.0,0.15,0.0,0.0,0.0028617418750000005,0.0028617418750000005,0.06266666666666666
2025-06-04 08:00:00,1.4057625000000002,1.4057625000000002,0.0,0.28,1.1257625000000002,0.37900868499999996,0.0,0.15,0.0,0.0,0.0026455418750000004,0.0026455418750000004,0.09333333333333334
2025-06-04 08:15:00,1.4057625000000002,1.4057625000000002,0.0,0.376,1.0297625000000004,0.42740752249999997,0.0,0.15,0.0,0.0,0.002419941875000001,0.002419941875000001,0.12533333333333332
2025-06-04 08:30:00,1.4057625000000002,1.4057625000000002,0.0,0.328,1.0777625000000002,0.47806236,0.0,0.15,0.0,0.0,0.0025327418750000002,0.0025327418750000002,0.10933333333333334
2025-06-04 08:45:00,1.5971400000000002,1.5971400000000002,0.0,0.476,1.1211400000000002,0.53075594,0.0,0.15,0.0,0.0,0.0026346790000000004,0.0026346790000000004,0.15866666666666665
2025-06-04 09:00:00,1.5971400000000002,1.5971400000000002,0.0,0.632,0.9651400000000002,0.57611752,0.0,0.15,0.0,0.0,0.0022680790000000005,0.0022680790000000005,0.21066666666666667
2025-06-04 09:15:00,1.5971400000000002,1.5971400000000002,0.0,0.524,1.0731400000000002,0.6265551,0.0,0.15,0.0,0.0,0.0025218790000000003,0.0025218790000000003,0.17466666666666666
2025-06-04 09:30:00,1.5971400000000002,1.5971400000000002,0.0,0.472,1.1251400000000003,0.67943668,0.0,0.15,0.0,0.0,0.002644079,0.002644079,0.15733333333333333
2025-06-04 09:45:00,1.6505775000000003,1.6505775000000003,0.0,0.464,1.1865775000000003,0.7352058225,0.0,0.15,0.0,0.0,0.0027884571250000006,0.0027884571250000006,0.15466666666666667
2025-06-04 10:00:00,1.6505775000000003,1.6505775000000003,0.0,0.44,1.2105775000000003,0.792102965,0.0,0.15,0.0,0.0,0.0028448571250000005,0.0028448571250000005,0.14666666666666667
2025-06-04 10:15:00,1.6505775000000003,1.6505775000000003,0.0,0.612,1.0385775000000002,0.8409161075,0.0,0.15,0.0,0.0,0.0024406571250000005,0.0024406571250000005,0.204
2025-06-04 10:30:00,1.6505775000000003,1.6505775000000003,0.0,0.772,0.8785775000000002,0.8822092500000001,0.0,0.15,0.0,0.0,0.0020646571250000005,0.0020646571250000005,0.25733333333333336
2025-06-04 10:45:00,1.69005,1.69005,0.0,0.74,0.3785265957446806,0.9,-0.5715234042553194,0.15,0.0,0.5715234042553194,-0.004825696542553196,0.0008895374999999994,0.43717446808510646
2025-06-04 11:00:00,1.69005,1.69005,0.0,0.704,0.0,0.9,-0.9860500000000001,0.15,0.0,0.9860500000000001,-0.009860500000000001,0.0,0.56335
2025-06-04 11:15:00,1.6900500000000003,1.69005,0.0,0.684,0.0,0.9,-1.00605,0.15,0.0,1.00605,-0.010060500000000002,0.0,0.5633500000000001
2025-06-04 11:30:00,1.69005,1.69005,0.0,0.696,0.0,0.9,-0.9940500000000001,0.15,0.0,0.9940500000000001,-0.009940500000000001,0.0,0.56335
2025-06-04 11:45:00,1.44381,1.44381,0.0,0.752,0.0,0.9,-0.69181,0.15,0.0,0.69181,-0.006918100000000001,0.0,0.48127000000000003
2025-06-04 12:00:00,1.44381,1.44381,0.0,0.596,0.0,0.9,-0.8478100000000001,0.15,0.0,0.8478100000000001,-0.0084781,0.0,0.48127000000000003
2025-06-04 12:15:00,1.44381,1.44381,0.0,0.356,0.0,0.9,-1.0878100000000002,0.15,0.0,1.0878100000000002,-0.010878100000000002,0.0,0.48127000000000003
2025-06-04 12:30:00,1.44381,1.44381,0.0,0.608,0.0,0.9,-0.83581,0.15,0.0,0.83581,-0.0083581,0.0,0.48127000000000003
2025-06-04 12:45:00,1.1268900000000002,1.1268900000000002,0.0,0.592,0.0,0.9,-0.5348900000000002,0.15,0.0,0.5348900000000002,-0.005348900000000002,0.0,0.3756300000000001
2025-06-04 13:00:00,1.1268900000000002,1.1268900000000002,0.0,0.576,0.0,0.9,-0.5508900000000002,0.15,0.0,0.5508900000000002,-0.005508900000000002,0.0,0.3756300000000001
2025-06-04 13:15:00,1.1268900000000002,1.1268900000000002,0.0,0.58,0.0,0.9,-0.5468900000000002,0.15,0.0,0.5468900000000002,-0.005468900000000002,0.0,0.3756300000000001
2025-06-04 13:30:00,1.1268900000000002,1.1268900000000002,0.0,0.608,0.0,0.9,-0.5188900000000002,0.15,0.0,0.5188900000000002,-0.005188900000000002,0.0,0.3756300000000001
2025-06-04 13:45:00,1.6889100000000001,1.6889100000000001,0.0,1.42,0.0,0.9,-0.2689100000000002,0.15,0.0,0.2689100000000002,-0.002689100000000002,0.0,0.5629700000000001
2025-06-04 14:00:00,1.6889100000000001,1.6889100000000001,0.0,1.476,0.0,0.9,-0.21291000000000015,0.15,0.0,0.21291000000000015,-0.0021291000000000014,0.0,0.5629700000000001
2025-06-04 14:15:00,1.6889100000000001,1.6889100000000001,0.0,1.644,0.0,0.9,-0.04491000000000023,0.15,0.0,0.04491000000000023,-0.0004491000000000023,0.0,0.5629700000000001
2025-06-04 14:30:00,1.6889100000000001,1.6889100000000001,0.0,0.828,0.0,0.9,-0.8609100000000002,0.15,0.0,0.8609100000000002,-0.008609100000000001,0.0,0.5629700000000001
2025-06-04 14:45:00,1.6750875000000003,1.6750875000000003,0.0,0.76,0.0,0.9,-0.9150875000000003,0.15,0.0,0.9150875000000003,-0.009150875000000003,0.0,0.5583625000000001
2025-06-04 15:00:00,1.6750875000000003,1.6750875000000003,0.0,0.528,0.0,0.9,-1.1470875000000003,0.15,0.0,1.1470875000000003,-0.011470875000000004,0.0,0.5583625000000001
2025-06-04 15:15:00,1.6750875000000003,1.6750875000000003,0.0,0.692,0.0,0.9,-0.9830875000000003,0.15,0.0,0.9830875000000003,-0.009830875000000003,0.0,0.5583625000000001
2025-06-04 15:30:00,1.6750875000000003,1.6750875000000003,0.0,0.86,0.0,0.9,-0.8150875000000003,0.15,0.0,0.8150875000000003,-0.008150875000000004,0.0,0.5583625000000001
2025-06-04 15:45:00,1.6397475000000001,1.6397475000000001,0.0,1.896,-0.25625249999999977,0.8863695478723403,0.0,0.15,0.0,0.0,0.0006815226063829781,0.0006815226063829781,0.632
2025-06-04 16:00:00,1.6397475000000001,1.6397475000000001,0.0,0.984,0.2900096197374385,0.9,-0.36573788026256165,0.15,0.0,0.36573788026256165,-0.0029758561962426365,0.0006815226063829804,0.44991262675418725
2025-06-04 16:15:00,1.6397475000000001,1.6397475000000001,0.0,1.124,0.0,0.9,-0.5157475,0.15,0.0,0.5157475,-0.005157475000000001,0.0,0.5465825000000001
2025-06-04 16:30:00,1.6397475000000001,1.6397475000000001,0.0,1.156,0.0,0.9,-0.4837475000000002,0.15,0.0,0.4837475000000002,-0.0048374750000000025,0.0,0.5465825000000001
2025-06-04 16:45:00,1.2361875000000002,1.2361875000000002,0.0,1.136,0.0,0.9,-0.10018750000000032,0.15,0.0,0.10018750000000032,-0.0010018750000000032,0.0,0.41206250000000005
2025-06-04 17:00:00,1.2361875000000002,1.2361875000000002,0.0,0.38,0.0,0.9,-0.8561875000000002,0.15,0.0,0.8561875000000002,-0.008561875000000002,0.0,0.41206250000000005
2025-06-04 17:15:00,1.2361875000000002,1.2361875000000002,0.0,0.308,0.0,0.9,-0.9281875000000002,0.15,0.0,0.9281875000000002,-0.009281875000000002,0.0,0.41206250000000005
2025-06-04 17:30:00,1.2361875000000002,1.2361875000000002,0.0,0.24,0.0,0.9,-0.9961875000000002,0.15,0.0,0.9961875000000002,-0.009961875000000002,0.0,0.41206250000000005
2025-06-04 17:45:00,0.70908,0.70908,0.0,0.252,0.0,0.9,-0.45708000000000004,0.15,0.0,0.45708000000000004,-0.004570800000000001,0.0,0.23636000000000001
2025-06-04 18:00:00,0.70908,0.70908,0.0,0.552,0.0,0.9,-0.15708,0.15,0.0,0.15708,-0.0015708,0.0,0.23636000000000001
2025-06-04 18:15:00,0.70908,0.70908,0.0,0.752,-0.04291999999999996,0.8977170212765957,0.0,0.15,0.0,0.0,0.00011414893617021266,0.00011414893617021266,0.25066666666666665
2025-06-04 18:30:00,0.70908,0.70908,0.0,0.332,0.04857401539158097,0.9,-0.32850598460841907,0.15,0.0,0.32850598460841907,-0.0031709109099139756,0.00011414893617021526,0.2201686615361397
2025-06-04 18:45:00,0.292125,0.292125,0.0,0.552,-0.259875,0.8861768617021276,0.0,0.15,0.0,0.0,0.0006911569148936171,0.0006911569148936171,0.18400000000000002
2025-06-04 19:00:00,0.292125,0.292125,0.0,0.548,-0.255875,0.872566489361702,0.0,0.15,0.0,0.0,0.0006805186170212767,0.0006805186170212767,0.18266666666666667
2025-06-04 19:15:00,0.292125,0.292125,0.0,0.62,-0.32787499999999997,0.8551263297872339,0.0,0.15,0.0,0.0,0.0008720079787234042,0.0008720079787234042,0.20666666666666667
2025-06-04 19:30:00,0.292125,0.292125,0.0,0.576,-0.28387499999999993,0.8400265957446807,0.0,0.15,0.0,0.0,0.0007549867021276595,0.0007549867021276595,0.19199999999999998
2025-06-04 19:45:00,0.0,0.0,0.0,0.632,-0.632,0.806409574468085,0.0,0.15,0.0,0.0,0.0016808510638297875,0.0016808510638297875,0.21066666666666667
2025-06-04 20:00:00,0.0,0.0,0.0,0.568,-0.568,0.7761968085106382,0.0,0.15,0.0,0.0,0.0015106382978723404,0.0015106382978723404,0.18933333333333333
2025-06-04 20:15:00,0.0,0.0,0.0,1.216,-1.216,0.7115159574468084,0.0,0.15,0.0,0.0,0.0032340425531914895,0.0032340425531914895,0.4053333333333333
2025-06-04 20:30:00,0.0,0.0,0.0,1.476,-1.476,0.6330053191489361,0.0,0.15,0.0,0.0,0.003925531914893618,0.003925531914893618,0.492
2025-06-04 20:45:00,0.0,0.0,0.0,0.904,-0.904,0.5849202127659574,0.0,0.15,0.0,0.0,0.0024042553191489366,0.0024042553191489366,0.30133333333333334
2025-06-04 21:00:00,0.0,0.0,0.0,0.58,-0.58,0.5540691489361701,0.0,0.15,0.0,0.0,0.0015425531914893618,0.0015425531914893618,0.19333333333333333
2025-06-04 21:15:00,0.0,0.0,0.0,0.94,-0.94,0.5040691489361702,0.0,0.15,0.0,0.0,0.0025,0.0025,0.3133333333333333
2025-06-04 21:30:00,0.0,0.0,0.0,0.588,-0.588,0.4727925531914893,0.0,0.15,0.0,0.0,0.0015638297872340426,0.0015638297872340426,0.19599999999999998
2025-06-04 21:45:00,0.0,0.0,0.0,0.604,-0.604,0.4406648936170211,0.0,0.15,0.0,0.0,0.0016063829787234044,0.0016063829787234044,0.20133333333333334
2025-06-04 22:00:00,0.0,0.0,0.0,0.592,-0.592,0.4091755319148935,0.0,0.15,0.0,0.0,0.001574468085106383,0.001574468085106383,0.19733333333333333
2025-06-04 22:15:00,0.0,0.0,0.0,0.6,-0.6,0.3772606382978722,0.0,0.15,0.0,0.0,0.001595744680851064,0.001595744680851064,0.19999999999999998
2025-06-04 22:30:00,0.0,0.0,0.0,0.648,-0.648,0.3427925531914892,0.0,0.15,0.0,0.0,0.0017234042553191493,0.0017234042553191493,0.216
2025-06-04 22:45:00,0.0,0.0,0.0,0.592,-0.592,0.31130319148936153,0.0,0.15,0.0,0.0,0.001574468085106383,0.001574468085106383,0.19733333333333333
2025-06-04 23:00:00,0.0,0.0,0.0,0.784,-0.784,0.2696010638297871,0.0,0.15,0.0,0.0,0.0020851063829787236,0.0020851063829787236,0.26133333333333336
2025-06-04 23:15:00,0.0,0.0,0.0,0.676,-0.676,0.23364361702127642,0.0,0.15,0.0,0.0,0.001797872340425532,0.001797872340425532,0.22533333333333336
2025-06-04 23:30:00,0.0,0.0,0.0,0.7,-0.7,0.19640957446808494,0.0,0.15,0.0,0.0,0.0018617021276595743,0.0018617021276595743,0.2333333333333333
2025-06-04 23:45:00,0.0,0.0,0.0,0.684,-0.684,0.16002659574468067,0.0,0.15,0.0,0.0,0.001819148936170213,0.001819148936170213,0.228
2025-06-05 00:00:00,0.0,0.0,0.0,0.576,-0.576,0.12938829787234024,0.0,0.15,0.0,0.0,0.0015319148936170212,0.0015319148936170212,0.19199999999999998
2025-06-05 00:15:00,0.0,0.0,0.0,0.568,-0.5524999999999967,0.1,0.015500000000003289,0.15,0.015500000000003289,0.0,0.002050664893617136,0.0014694148936170127,0.18416666666666556
2025-06-05 00:30:00,0.0,0.0,0.0,0.6,0.0,0.1,0.6,0.15,0.6,0.0,0.0225,0.0,0.0
2025-06-05 00:45:00,0.0,0.0,0.0,0.532,0.0,0.1,0.532,0.15,0.532,0.0,0.01995,0.0,0.0
2025-06-05 01:00:00,0.0,0.0,0.0,0.492,0.0,0.1,0.492,0.15,0.492,0.0,0.018449999999999998,0.0,0.0
2025-06-05 01:15:00,0.0,0.0,0.0,0.592,0.0,0.1,0.592,0.15,0.592,0.0,0.022199999999999998,0.0,0.0
2025-06-05 01:30:00,0.0,0.0,0.0,0.512,0.0,0.1,0.512,0.15,0.512,0.0,0.0192,0.0,0.0
2025-06-05 01:45:00,0.0,0.0,0.0,0.452,0.0,0.1,0.452,0.15,0.452,0.0,0.01695,0.0,0.0
2025-06-05 02:00:00,0.0,0.0,0.0,0.344,0.0,0.1,0.344,0.15,0.344,0.0,0.012899999999999998,0.0,0.0
2025-06-05 02:15:00,0.0,0.0,0.0,0.336,0.0,0.1,0.336,0.15,0.336,0.0,0.0126,0.0,0.0
2025-06-05 02:30:00,0.0,0.0,0.0,0.348,0.0,0.1,0.348,0.15,0.348,0.0,0.013049999999999999,0.0,0.0
2025-06-05 02:45:00,0.0,0.0,0.0,0.336,0.0,0.1,0.336,0.15,0.336,0.0,0.0126,0.0,0.0
2025-06-05 03:00:00,0.0,0.0,0.0,0.26,0.0,0.1,0.26,0.15,0.26,0.0,0.00975,0.0,0.0
2025-06-05 03:15:00,0.0,0.0,0.0,0.256,0.0,0.1,0.256,0.15,0.256,0.0,0.0096,0.0,0.0
2025-06-05 03:30:00,0.0,0.0,0.0,0.188,0.0,0.1,0.188,0.15,0.188,0.0,0.00705,0.0,0.0
2025-06-05 03:45:00,0.0,0.0,0.0,0.22,0.0,0.1,0.22,0.15,0.22,0.0,0.00825,0.0,0.0
2025-06-05 04:00:00,0.0,0.0,0.0,0.208,0.0,0.1,0.208,0.15,0.208,0.0,0.0078,0.0,0.0
2025-06-05 04:15:00,0.0,0.0,0.0,0.2,0.0,0.1,0.2,0.15,0.2,0.0,0.0075,0.0,0.0
2025-06-05 04:30:00,0.0,0.0,0.0,0.176,0.0,0.1,0.176,0.15,0.176,0.0,0.006599999999999999,0.0,0.0
2025-06-05 04:45:00,0.0406125,0.0406125,0.0,0.212,0.0,0.1,0.1713875,0.15,0.1713875,0.0,0.00642703125,0.0,0.013537500000000001
2025-06-05 05:00:00,0.0406125,0.0406125,0.0,0.184,0.0,0.1,0.1433875,0.15,0.1433875,0.0,0.00537703125,0.0,0.013537500000000001
2025-06-05 05:15:00,0.0406125,0.0406125,0.0,0.18,0.0,0.1,0.1393875,0.15,0.1393875,0.0,0.00522703125,0.0,0.013537500000000001
2025-06-05 05:30:00,0.0406125,0.0406125,0.0,0.204,0.0,0.1,0.1633875,0.15,0.1633875,0.0,0.00612703125,0.0,0.013537500000000001
2025-06-05 05:45:00,0.49604250000000005,0.49604250000000005,0.0,0.18,0.31604250000000006,0.1148539975,0.0,0.15,0.0,0.0,0.0007426998750000001,0.0007426998750000001,0.06
2025-06-05 06:00:00,0.49604250000000005,0.49604250000000005,0.0,0.188,0.30804250000000005,0.129331995,0.0,0.15,0.0,0.0,0.000723899875,0.000723899875,0.06266666666666666
2025-06-05 06:15:00,0.49604250000000005,0.49604250000000005,0.0,0.204,0.2920425000000001,0.1430579925,0.0,0.15,0.0,0.0,0.0006862998750000002,0.0006862998750000002,0.06799999999999999
2025-06-05 06:30:00,0.49604250000000005,0.49604250000000005,0.0,0.176,0.32004250000000006,0.15809999000000002,0.0,0.15,0.0,0.0,0.0007520998750000001,0.0007520998750000001,0.058666666666666666
2025-06-05 06:45:00,1.0791525000000002,1.0791525000000002,0.0,0.184,0.8951525000000002,0.20017215750000003,0.0,0.15,0.0,0.0,0.0021036083750000005,0.0021036083750000005,0.06133333333333333
2025-06-05 07:00:00,1.0791525000000002,1.0791525000000002,0.0,0.2,0.8791525000000002,0.24149232500000006,0.0,0.15,0.0,0.0,0.0020660083750000005,0.0020660083750000005,0.06666666666666667
2025-06-05 07:15:00,1.0791525000000002,1.0791525000000002,0.0,0.184,0.8951525000000002,0.2835644925000001,0.0,0.15,0.0,0.0,0.0021036083750000005,0.0021036083750000005,0.06133333333333333
2025-06-05 07:30:00,1.0791525000000002,1.0791525000000002,0.0,0.952,0.12715250000000022,0.2895406600000001,0.0,0.15,0.0,0.0,0.0002988083750000005,0.0002988083750000005,0.3173333333333333
2025-06-05 07:45:00,1.208115,1.208115,0.0,0.288,0.920115,0.33278606500000013,0.0,0.15,0.0,0.0,0.00216227025,0.00216227025,0.09599999999999999
2025-06-05 08:00:00,1.208115,1.208115,0.0,0.232,0.9761150000000001,0.3786634700000001,0.0,0.15,0.0,0.0,0.00229387025,0.00229387025,0.07733333333333334
2025-06-05 08:15:00,1.208115,1.208115,0.0,0.22,0.9881150000000001,0.42510487500000016,0.0,0.15,0.0,0.0,0.00232207025,0.00232207025,0.07333333333333333
2025-06-05 08:30:00,1.208115,1.208115,0.0,0.176,1.0321150000000001,0.47361428000000017,0.0,0.15,0.0,0.0,0.00242547025,0.00242547025,0.058666666666666666
2025-06-05 08:45:00,1.2276375000000002,1.2276375000000002,0.0,0.248,0.9796375000000002,0.5196572425000001,0.0,0.15,0.0,0.0,0.0023021481250000003,0.0023021481250000003,0.08266666666666667
2025-06-05 09:00:00,1.2276375000000002,1.2276375000000002,0.0,0.328,0.8996375000000001,0.5619402050000002,0.0,0.15,0.0,0.0,0.002114148125,0.002114148125,0.10933333333333334
2025-06-05 09:15:00,1.2276375000000002,1.2276375000000002,0.0,0.376,0.8516375000000002,0.6019671675000001,0.0,0.15,0.0,0.0,0.0020013481250000004,0.0020013481250000004,0.12533333333333332
2025-06-05 09:30:00,1.2276375000000002,1.2276375000000002,0.0,0.484,0.7436375000000002,0.6369181300000001,0.0,0.15,0.0,0.0,0.0017475481250000002,0.0017475481250000002,0.16133333333333333
2025-06-05 09:45:00,1.4691750000000003,1.4691750000000003,0.0,0.58,0.8891750000000004,0.6787093550000002,0.0,0.15,0.0,0.0,0.002089561250000001,0.002089561250000001,0.19333333333333333
2025-06-05 10:00:00,1.4691750000000003,1.4691750000000003,0.0,1.084,0.38517500000000027,0.6968125800000002,0.0,0.15,0.0,0.0,0.0009051612500000005,0.0009051612500000005,0.36133333333333334
2025-06-05 10:15:00,1.4691750000000003,1.4691750000000003,0.0,0.612,0.8571750000000004,0.7370998050000003,0.0,0.15,0.0,0.0,0.002014361250000001,0.002014361250000001,0.204
2025-06-05 10:30:00,1.4691750000000003,1.4691750000000003,0.0,0.484,0.9851750000000004,0.7834030300000003,0.0,0.15,0.0,0.0,0.0023151612500000008,0.0023151612500000008,0.16133333333333333
2025-06-05 10:45:00,1.6569900000000002,1.6569900000000002,0.0,0.432,1.2249900000000002,0.8409775600000003,0.0,0.15,0.0,0.0,0.002878726500000001,0.002878726500000001,0.144
2025-06-05 11:00:00,1.6569900000000002,1.6569900000000002,0.0,0.392,1.255796595744674,0.9,-0.00919340425532611,0.15,0.0,0.00919340425532611,0.002859187957446723,0.002951121999999984,0.13373113475177537
2025-06-05 11:15:00,1.6569900000000002,1.6569900000000002,0.0,2.104,-0.4470099999999999,0.8762228723404256,0.0,0.15,0.0,0.0,0.0011888563829787232,0.0011888563829787232,0.7013333333333334
2025-06-05 11:30:00,1.6569900000000004,1.6569900000000002,0.0,0.928,0.5058963331824342,0.9,-0.22309366681756615,0.15,0.0,0.22309366681756615,-0.0010420802851969413,0.0011888563829787204,0.38369788893918866
2025-06-05 11:45:00,1.5040875,1.5040875,0.0,1.772,-0.2679125,0.885749335106383,0.0,0.15,0.0,0.0,0.0007125332446808511,0.0007125332446808511,0.5906666666666667
2025-06-05 12:00:00,1.5040875000000002,1.5040875,0.0,0.7,0.30320563603440365,0.9,-0.5008818639655966,0.15,0.0,0.5008818639655966,-0.004296285394975117,0.0007125332446808486,0.40029395465519874
2025-06-05 12:15:00,1.5040875,1.5040875,0.0,0.468,0.0,0.9,-1.0360875,0.15,0.0,1.0360875,-0.010360875,0.0,0.5013625
2025-06-05 12:30:00,1.5040875,1.5040875,0.0,1.74,-0.23591249999999997,0.8874514627659573,0.0,0.15,0.0,0.0,0.0006274268617021277,0.0006274268617021277,0.58
2025-06-05 12:45:00,0.5476275,0.5476275,0.0,3.044,-2.4523725,0.7570061170212765,0.04400000000000004,0.15,0.04400000000000004,0.0,0.008172267287234044,0.006522267287234043,1.0
2025-06-05 13:00:00,0.5476275,0.5476275,0.0,0.8,-0.2523725,0.7435820478723404,0.0,0.15,0.0,0.0,0.0006712034574468086,0.0006712034574468086,0.26666666666666666
2025-06-05 13:15:00,0.5476275,0.5476275,0.0,0.476,0.07162750000000007,0.7469485403723404,0.0,0.15,0.0,0.0,0.00016832462500000013,0.00016832462500000013,0.15866666666666665
2025-06-05 13:30:00,0.5476275,0.5476275,0.0,0.556,-0.008372500000000005,0.7465031946276596,0.0,0.15,0.0,0.0,2.226728723404257e-05,2.226728723404257e-05,0.18533333333333335
2025-06-05 13:45:00,0.10217250000000001,0.10217250000000001,0.0,0.64,-0.5378275,0.7178953488829787,0.0,0.15,0.0,0.0,0.0014303922872340427,0.0014303922872340427,0.21333333333333335
2025-06-05 14:00:00,0.10217250000000001,0.10217250000000001,0.0,0.644,-0.5418275,0.689074737180851,0.0,0.15,0.0,0.0,0.001441030585106383,0.001441030585106383,0.21466666666666667
2025-06-05 14:15:00,0.10217250000000001,0.10217250000000001,0.0,0.6,-0.4978275,0.6625945510106382,0.0,0.15,0.0,0.0,0.0013240093085106384,0.0013240093085106384,0.19999999999999998
2025-06-05 14:30:00,0.10217250000000001,0.10217250000000001,0.0,0.652,-0.5498275,0.633348407393617,0.0,0.15,0.0,0.0,0.001462307180851064,0.001462307180851064,0.21733333333333335
2025-06-05 14:45:00,0.0494475,0.0494475,0.0,0.736,-0.6865525,0.5968296573936169,0.0,0.15,0.0,0.0,0.0018259375000000003,0.0018259375000000003,0.24533333333333332
2025-06-05 15:00:00,0.0494475,0.0494475,0.0,0.652,-0.6025525,0.5647789924999999,0.0,0.15,0.0,0.0,0.0016025332446808513,0.0016025332446808513,0.21733333333333335
2025-06-05 15:15:00,0.0494475,0.0494475,0.0,0.504,-0.4545525,0.5406006680319148,0.0,0.15,0.0,0.0,0.0012089162234042554,0.0012089162234042554,0.168
2025-06-05 15:30:00,0.0494475,0.0494475,0.0,0.436,-0.3865525,0.5200393648404253,0.0,0.15,0.0,0.0,0.001028065159574468,0.001028065159574468,0.14533333333333334
2025-06-05 15:45:00,0.019095000000000004,0.019095000000000004,0.0,0.44,-0.420905,0.49765080101063813,0.0,0.15,0.0,0.0,0.0011194281914893617,0.0011194281914893617,0.14666666666666667
2025-06-05 16:00:00,0.019095000000000004,0.019095000000000004,0.0,0.464,-0.444905,0.47398564143617,0.0,0.15,0.0,0.0,0.0011832579787234042,0.0011832579787234042,0.15466666666666667
2025-06-05 16:15:00,0.019095000000000004,0.019095000000000004,0.0,0.484,-0.46490499999999996,0.44925665207446785,0.0,0.15,0.0,0.0,0.0012364494680851064,0.0012364494680851064,0.16133333333333333
2025-06-05 16:30:00,0.019095000000000004,0.019095000000000004,0.0,0.456,-0.436905,0.42601702441489336,0.0,0.15,0.0,0.0,0.0011619813829787235,0.0011619813829787235,0.152
2025-06-05 16:45:00,0.0,0.0,0.0,0.428,-0.428,0.4032510669680849,0.0,0.15,0.0,0.0,0.0011382978723404255,0.0011382978723404255,0.14266666666666666
2025-06-05 17:00:00,0.0,0.0,0.0,0.396,-0.396,0.38218723718085085,0.0,0.15,0.0,0.0,0.0010531914893617022,0.0010531914893617022,0.132
2025-06-05 17:15:00,0.0,0.0,0.0,0.444,-0.444,0.3585702159042551,0.0,0.15,0.0,0.0,0.0011808510638297873,0.0011808510638297873,0.148
2025-06-05 17:30:00,0.0,0.0,0.0,0.428,-0.428,0.3358042584574466,0.0,0.15,0.0,0.0,0.0011382978723404255,0.0011382978723404255,0.14266666666666666
2025-06-05 17:45:00,0.0,0.0,0.0,0.412,-0.412,0.31388936484042534,0.0,0.15,0.0,0.0,0.001095744680851064,0.001095744680851064,0.13733333333333334
2025-06-05 18:00:00,0.0,0.0,0.0,0.264,-0.264,0.299846811648936,0.0,0.15,0.0,0.0,0.0007021276595744682,0.0007021276595744682,0.08800000000000001
2025-06-05 18:15:00,0.0,0.0,0.0,0.3,-0.3,0.2838893648404254,0.0,0.15,0.0,0.0,0.000797872340425532,0.000797872340425532,0.09999999999999999
2025-06-05 18:30:00,0.0,0.0,0.0,0.296,-0.296,0.26814468398936153,0.0,0.15,0.0,0.0,0.0007872340425531915,0.0007872340425531915,0.09866666666666667
2025-06-05 18:45:00,0.0,0.0,0.0,0.236,-0.236,0.25559149249999985,0.0,0.15,0.0,0.0,0.000627659574468085,0.000627659574468085,0.07866666666666666
2025-06-05 19:00:00,0.0,0.0,0.0,0.22,-0.22,0.24388936484042537,0.0,0.15,0.0,0.0,0.0005851063829787234,0.0005851063829787234,0.07333333333333333
2025-06-05 19:15:00,0.0,0.0,0.0,0.244,-0.244,0.23091064143617004,0.0,0.15,0.0,0.0,0.0006489361702127659,0.0006489361702127659,0.08133333333333333
2025-06-05 19:30:00,0.0,0.0,0.0,0.376,-0.376,0.21091064143617003,0.0,0.15,0.0,0.0,0.001,0.001,0.12533333333333332
2025-06-05 19:45:00,0.0,0.0,0.0,0.684,-0.684,0.17452766271276576,0.0,0.15,0.0,0.0,0.001819148936170213,0.001819148936170213,0.228
2025-06-05 20:00:00,0.0,0.0,0.0,0.628,-0.628,0.1411234073936168,0.0,0.15,0.0,0.0,0.0016702127659574471,0.0016702127659574471,0.20933333333333334
2025-06-05 20:15:00,0.0,0.0,0.0,0.664,-0.664,0.1058042584574466,0.0,0.15,0.0,0.0,0.001765957446808511,0.001765957446808511,0.22133333333333335
2025-06-05 20:30:00,0.0,0.0,0.0,0.664,-0.10912005899999624,0.1,0.5548799410000038,0.15,0.5548799410000038,0.0,0.021098210710372475,0.00029021292287233045,0.03637335299999875
2025-06-05 20:45:00,0.0,0.0,0.0,0.6,0.0,0.1,0.6,0.15,0.6,0.0,0.0225,0.0,0.0
2025-06-05 21:00:00,0.0,0.0,0.0,0.624,0.0,0.1,0.624,0.15,0.624,0.0,0.0234,0.0,0.0
2025-06-05 21:15:00,0.0,0.0,0.0,0.656,0.0,0.1,0.656,0.15,0.656,0.0,0.0246,0.0,0.0
2025-06-05 21:30:00,0.0,0.0,0.0,0.708,0.0,0.1,0.708,0.15,0.708,0.0,0.026549999999999997,0.0,0.0
2025-06-05 21:45:00,0.0,0.0,0.0,0.648,0.0,0.1,0.648,0.15,0.648,0.0,0.0243,0.0,0.0
2025-06-05 22:00:00,0.0,0.0,0.0,0.748,0.0,0.1,0.748,0.15,0.748,0.0,0.02805,0.0,0.0
2025-06-05 22:15:00,0.0,0.0,0.0,0.812,0.0,0.1,0.812,0.15,0.812,0.0,0.03045,0.0,0.0
2025-06-05 22:30:00,0.0,0.0,0.0,1.028,0.0,0.1,1.028,0.15,1.028,0.0,0.03855,0.0,0.0
2025-06-05 22:45:00,0.0,0.0,0.0,0.872,0.0,0.1,0.872,0.15,0.872,0.0,0.0327,0.0,0.0
2025-06-05 23:00:00,0.0,0.0,0.0,0.612,0.0,0.1,0.612,0.15,0.612,0.0,0.022949999999999998,0.0,0.0
2025-06-05 23:15:00,0.0,0.0,0.0,0.56,0.0,0.1,0.56,0.15,0.56,0.0,0.021,0.0,0.0
2025-06-05 23:30:00,0.0,0.0,0.0,0.608,0.0,0.1,0.608,0.15,0.608,0.0,0.022799999999999997,0.0,0.0
2025-06-05 23:45:00,0.0,0.0,0.0,0.632,0.0,0.1,0.632,0.15,0.632,0.0,0.0237,0.0,0.0
2025-06-06 00:00:00,0.0,0.0,0.0,0.648,0.0,0.1,0.648,0.15,0.648,0.0,0.0243,0.0,0.0
2025-06-06 00:15:00,0.0,0.0,0.0,0.62,0.0,0.1,0.62,0.15,0.62,0.0,0.02325,0.0,0.0
2025-06-06 00:30:00,0.0,0.0,0.0,0.596,0.0,0.1,0.596,0.15,0.596,0.0,0.02235,0.0,0.0
2025-06-06 00:45:00,0.0,0.0,0.0,0.588,0.0,0.1,0.588,0.15,0.588,0.0,0.022049999999999997,0.0,0.0
2025-06-06 01:00:00,0.0,0.0,0.0,0.584,0.0,0.1,0.584,0.15,0.584,0.0,0.0219,0.0,0.0
2025-06-06 01:15:00,0.0,0.0,0.0,0.612,0.0,0.1,0.612,0.15,0.612,0.0,0.022949999999999998,0.0,0.0
2025-06-06 01:30:00,0.0,0.0,0.0,0.612,0.0,0.1,0.612,0.15,0.612,0.0,0.022949999999999998,0.0,0.0
2025-06-06 01:45:00,0.0,0.0,0.0,2.072,0.0,0.1,2.072,0.15,2.072,0.0,0.0777,0.0,0.0
2025-06-06 02:00:00,0.0,0.0,0.0,0.784,0.0,0.1,0.784,0.15,0.784,0.0,0.0294,0.0,0.0
2025-06-06 02:15:00,0.0,0.0,0.0,1.632,0.0,0.1,1.632,0.15,1.632,0.0,0.06119999999999999,0.0,0.0
2025-06-06 02:30:00,0.0,0.0,0.0,0.468,0.0,0.1,0.468,0.15,0.468,0.0,0.01755,0.0,0.0
2025-06-06 02:45:00,0.0,0.0,0.0,0.312,0.0,0.1,0.312,0.15,0.312,0.0,0.0117,0.0,0.0
2025-06-06 03:00:00,0.0,0.0,0.0,0.328,0.0,0.1,0.328,0.15,0.328,0.0,0.0123,0.0,0.0
2025-06-06 03:15:00,0.0,0.0,0.0,0.328,0.0,0.1,0.328,0.15,0.328,0.0,0.0123,0.0,0.0
2025-06-06 03:30:00,0.0,0.0,0.0,0.332,0.0,0.1,0.332,0.15,0.332,0.0,0.012450000000000001,0.0,0.0
2025-06-06 03:45:00,0.0,0.0,0.0,0.328,0.0,0.1,0.328,0.15,0.328,0.0,0.0123,0.0,0.0
2025-06-06 04:00:00,0.0,0.0,0.0,0.396,0.0,0.1,0.396,0.15,0.396,0.0,0.01485,0.0,0.0
2025-06-06 04:15:00,0.0,0.0,0.0,0.332,0.0,0.1,0.332,0.15,0.332,0.0,0.012450000000000001,0.0,0.0
2025-06-06 04:30:00,0.0,0.0,0.0,0.28,0.0,0.1,0.28,0.15,0.28,0.0,0.0105,0.0,0.0
2025-06-06 04:45:00,0.0,0.0,0.0,0.18,0.0,0.1,0.18,0.15,0.18,0.0,0.00675,0.0,0.0
2025-06-06 05:00:00,0.0,0.0,0.0,0.172,0.0,0.1,0.172,0.15,0.172,0.0,0.006449999999999999,0.0,0.0
2025-06-06 05:15:00,0.0,0.0,0.0,0.248,0.0,0.1,0.248,0.15,0.248,0.0,0.0093,0.0,0.0
2025-06-06 05:30:00,0.0,0.0,0.0,0.24,0.0,0.1,0.24,0.15,0.24,0.0,0.009,0.0,0.0
2025-06-06 05:45:00,0.02679,0.02679,0.0,0.224,0.0,0.1,0.19721,0.15,0.19721,0.0,0.007395374999999999,0.0,0.00893
2025-06-06 06:00:00,0.02679,0.02679,0.0,0.176,0.0,0.1,0.14920999999999998,0.15,0.14920999999999998,0.0,0.005595374999999999,0.0,0.00893
2025-06-06 06:15:00,0.02679,0.02679,0.0,0.172,0.0,0.1,0.14520999999999998,0.15,0.14520999999999998,0.0,0.005445374999999999,0.0,0.00893
2025-06-06 06:30:00,0.02679,0.02679,0.0,0.208,0.0,0.1,0.18120999999999998,0.15,0.18120999999999998,0.0,0.006795374999999999,0.0,0.00893
2025-06-06 06:45:00,0.08079750000000001,0.08079750000000001,0.0,0.204,0.0,0.1,0.12320249999999998,0.15,0.12320249999999998,0.0,0.004620093749999999,0.0,0.0269325
2025-06-06 07:00:00,0.08079750000000001,0.08079750000000001,0.0,0.272,0.0,0.1,0.1912025,0.15,0.1912025,0.0,0.007170093749999999,0.0,0.0269325
2025-06-06 07:15:00,0.08079750000000001,0.08079750000000001,0.0,0.52,0.0,0.1,0.4392025,0.15,0.4392025,0.0,0.016470093749999998,0.0,0.0269325
2025-06-06 07:30:00,0.08079750000000001,0.08079750000000001,0.0,0.46,0.0,0.1,0.3792025,0.15,0.3792025,0.0,0.01422009375,0.0,0.0269325
2025-06-06 07:45:00,0.25137000000000004,0.25137000000000004,0.0,0.304,0.0,0.1,0.052629999999999955,0.15,0.052629999999999955,0.0,0.0019736249999999984,0.0,0.08379000000000002
2025-06-06 08:00:00,0.25137000000000004,0.25137000000000004,0.0,0.244,0.007370000000000043,0.10034639000000001,0.0,0.15,0.0,0.0,1.73195000000001e-05,1.73195000000001e-05,0.08133333333333333
2025-06-06 08:15:00,0.25137000000000004,0.25137000000000004,0.0,0.228,0.02337000000000003,0.10144478000000001,0.0,0.15,0.0,0.0,5.491950000000007e-05,5.491950000000007e-05,0.076
2025-06-06 08:30:00,0.25137000000000004,0.25137000000000004,0.0,0.176,0.07537000000000005,0.10498717000000002,0.0,0.15,0.0,0.0,0.0001771195000000001,0.0001771195000000001,0.058666666666666666
2025-06-06 08:45:00,0.6371175000000001,0.6371175000000001,0.0,0.22,0.41711750000000014,0.12459169250000002,0.0,0.15,0.0,0.0,0.0009802261250000002,0.0009802261250000002,0.07333333333333333
2025-06-06 09:00:00,0.6371175000000001,0.6371175000000001,0.0,0.248,0.3891175000000001,0.142880215,0.0,0.15,0.0,0.0,0.0009144261250000002,0.0009144261250000002,0.08266666666666667
2025-06-06 09:15:00,0.6371175000000001,0.6371175000000001,0.0,0.232,0.40511750000000013,0.16192073750000002,0.0,0.15,0.0,0.0,0.0009520261250000002,0.0009520261250000002,0.07733333333333334
2025-06-06 09:30:00,0.6371175000000001,0.6371175000000001,0.0,0.172,0.46511750000000013,0.18378126000000003,0.0,0.15,0.0,0.0,0.0010930261250000001,0.0010930261250000001,0.057333333333333326
2025-06-06 09:45:00,0.74898,0.7489800000000001,1.1102230246251565e-16,0.18,0.56898,0.21052332,0.0,0.15,0.0,0.0,0.001337103,0.001337103,0.06
2025-06-06 10:00:00,0.7489800000000001,0.7489800000000001,0.0,0.22,0.5289800000000001,0.23538538000000003,0.0,0.15,0.0,0.0,0.0012431030000000004,0.0012431030000000004,0.07333333333333333
2025-06-06 10:15:00,0.7489800000000001,0.7489800000000001,0.0,0.204,0.5449800000000001,0.2609994400000001,0.0,0.15,0.0,0.0,0.0012807030000000002,0.0012807030000000002,0.06799999999999999
2025-06-06 10:30:00,0.74898,0.7489800000000001,1.1102230246251565e-16,0.196,0.55298,0.28698950000000006,0.0,0.15,0.0,0.0,0.001299503,0.001299503,0.06533333333333334
2025-06-06 10:45:00,0.8008500000000001,0.8008500000000001,0.0,0.168,0.63285,0.31673345,0.0,0.15,0.0,0.0,0.0014871975,0.0014871975,0.056
2025-06-06 11:00:00,0.8008500000000001,0.8008500000000001,0.0,0.204,0.5968500000000001,0.3447854,0.0,0.15,0.0,0.0,0.0014025975000000002,0.0014025975000000002,0.06799999999999999
2025-06-06 11:15:00,0.8008500000000001,0.8008500000000001,0.0,0.196,0.6048500000000001,0.37321335000000005,0.0,0.15,0.0,0.0,0.0014213975000000002,0.0014213975000000002,0.06533333333333334
2025-06-06 11:30:00,0.8008500000000001,0.8008500000000001,0.0,0.248,0.5528500000000001,0.3991973000000001,0.0,0.15,0.0,0.0,0.0012991975,0.0012991975,0.08266666666666667
2025-06-06 11:45:00,1.0081875000000002,1.0081875000000002,0.0,0.26,0.7481875000000002,0.4343621125,0.0,0.15,0.0,0.0,0.0017582406250000004,0.0017582406250000004,0.08666666666666667
2025-06-06 12:00:00,1.0081875000000002,1.0081875000000002,0.0,0.404,0.6041875000000002,0.46275892500000004,0.0,0.15,0.0,0.0,0.0014198406250000004,0.0014198406250000004,0.13466666666666668
2025-06-06 12:15:00,1.0081875000000002,1.0081875000000002,0.0,0.496,0.5121875000000002,0.4868317375000001,0.0,0.15,0.0,0.0,0.0012036406250000005,0.0012036406250000005,0.16533333333333333
2025-06-06 12:30:00,1.0081875000000002,1.0081875000000002,0.0,0.404,0.6041875000000002,0.5152285500000001,0.0,0.15,0.0,0.0,0.0014198406250000004,0.0014198406250000004,0.13466666666666668
2025-06-06 12:45:00,1.180755,1.180755,0.0,0.364,0.816755,0.5536160350000001,0.0,0.15,0.0,0.0,0.00191937425,0.00191937425,0.12133333333333333
2025-06-06 13:00:00,1.180755,1.180755,0.0,0.328,0.8527549999999999,0.59369552,0.0,0.15,0.0,0.0,0.00200397425,0.00200397425,0.10933333333333334
2025-06-06 13:15:00,1.180755,1.180755,0.0,0.44,0.740755,0.6285110050000001,0.0,0.15,0.0,0.0,0.0017407742500000001,0.0017407742500000001,0.14666666666666667
2025-06-06 13:30:00,1.180755,1.180755,0.0,0.492,0.688755,0.6608824900000001,0.0,0.15,0.0,0.0,0.00161857425,0.00161857425,0.164
2025-06-06 13:45:00,1.0771575000000002,1.0771575000000002,0.0,0.48,0.5971575000000002,0.6889488925000001,0.0,0.15,0.0,0.0,0.0014033201250000006,0.0014033201250000006,0.16
2025-06-06 14:00:00,1.0771575000000002,1.0771575000000002,0.0,0.492,0.5851575000000002,0.7164512950000002,0.0,0.15,0.0,0.0,0.0013751201250000002,0.0013751201250000002,0.164
2025-06-06 14:15:00,1.0771575000000002,1.0771575000000002,0.0,0.436,0.6411575000000003,0.7465856975000001,0.0,0.15,0.0,0.0,0.0015067201250000006,0.0015067201250000006,0.14533333333333334
2025-06-06 14:30:00,1.0771575000000002,1.0771575000000002,0.0,0.564,0.5131575000000003,0.7707041000000001,0.0,0.15,0.0,0.0,0.0012059201250000007,0.0012059201250000007,0.18799999999999997
2025-06-06 14:45:00,1.0497975000000002,1.0497975000000002,0.0,0.828,0.2217975000000002,0.7811285825000002,0.0,0.15,0.0,0.0,0.0005212241250000004,0.0005212241250000004,0.27599999999999997
2025-06-06 15:00:00,1.0497975000000002,1.0497975000000002,0.0,0.628,0.42179750000000016,0.8009530650000002,0.0,0.15,0.0,0.0,0.0009912241250000003,0.0009912241250000003,0.20933333333333334
2025-06-06 15:15:00,1.0497975000000002,1.0497975000000002,0.0,0.376,0.6737975000000002,0.8326215475000002,0.0,0.15,0.0,0.0,0.0015834241250000003,0.0015834241250000003,0.12533333333333332
2025-06-06 15:30:00,1.0497975000000002,1.0497975000000002,0.0,0.4,0.6497975000000001,0.8631620300000001,0.0,0.15,0.0,0.0,0.0015270241250000002,0.0015270241250000002,0.13333333333333333
2025-06-06 15:45:00,0.87609,0.87609,0.0,0.54,0.33609,0.8789582600000001,0.0,0.15,0.0,0.0,0.0007898115,0.0007898115,0.18000000000000002
2025-06-06 16:00:00,0.87609,0.87609,0.0,0.436,0.44009000000000004,0.8996424900000001,0.0,0.15,0.0,0.0,0.0010342115000000001,0.0010342115000000001,0.14533333333333334
2025-06-06 16:15:00,0.87609,0.87609,0.0,0.436,0.007606595744678838,0.9,-0.4324834042553212,0.15,0.0,0.4324834042553212,-0.004306958542553217,1.7875499999995272e-05,0.2894944680851071
2025-06-06 16:30:00,0.87609,0.87609,0.0,0.896,-0.019909999999999983,0.8989409574468086,0.0,0.15,0.0,0.0,5.295212765957443e-05,5.295212765957443e-05,0.2986666666666667
2025-06-06 16:45:00,0.38532000000000005,0.38532000000000005,0.0,1.38,-0.9946799999999998,0.8460324468085106,0.0,0.15,0.0,0.0,0.0026454255319148935,0.0026454255319148935,0.45999999999999996
2025-06-06 17:00:00,0.38532000000000005,0.38532000000000005,0.0,0.476,-0.09067999999999993,0.8412090425531915,0.0,0.15,0.0,0.0,0.00024117021276595727,0.00024117021276595727,0.15866666666666665
2025-06-06 17:15:00,0.38532000000000005,0.38532000000000005,0.0,0.488,-0.10267999999999994,0.835747340425532,0.0,0.15,0.0,0.0,0.00027308510638297855,0.00027308510638297855,0.16266666666666665
2025-06-06 17:30:00,0.38532000000000005,0.38532000000000005,0.0,0.42,-0.03467999999999993,0.8339026595744681,0.0,0.15,0.0,0.0,9.223404255319132e-05,9.223404255319132e-05,0.13999999999999999
2025-06-06 17:45:00,0.48920250000000004,0.48920250000000004,0.0,0.36,0.12920250000000005,0.8399751770744681,0.0,0.15,0.0,0.0,0.0003036258750000001,0.0003036258750000001,0.12
2025-06-06 18:00:00,0.48920250000000004,0.48920250000000004,0.0,0.396,0.09320250000000002,0.844355694574468,0.0,0.15,0.0,0.0,0.00021902587500000005,0.00021902587500000005,0.132
2025-06-06 18:15:00,0.48920250000000004,0.48920250000000004,0.0,0.368,0.12120250000000005,0.850052212074468,0.0,0.15,0.0,0.0,0.00028482587500000013,0.00028482587500000013,0.12266666666666666
2025-06-06 18:30:00,0.48920250000000004,0.48920250000000004,0.0,0.592,-0.10279749999999993,0.8445842599468085,0.0,0.15,0.0,0.0,0.0002733976063829786,0.0002733976063829786,0.19733333333333333
2025-06-06 18:45:00,0.16031250000000002,0.16031250000000002,0.0,0.44,-0.2796875,0.8297072652659574,0.0,0.15,0.0,0.0,0.0007438497340425532,0.0007438497340425532,0.14666666666666667
2025-06-06 19:00:00,0.16031250000000002,0.16031250000000002,0.0,0.396,-0.2356875,0.8171706961170212,0.0,0.15,0.0,0.0,0.0006268284574468086,0.0006268284574468086,0.132
2025-06-06 19:15:00,0.16031250000000002,0.16031250000000002,0.0,0.492,-0.33168749999999997,0.7995277439893617,0.0,0.15,0.0,0.0,0.0008821476063829787,0.0008821476063829787,0.164
2025-06-06 19:30:00,0.16031250000000002,0.16031250000000002,0.0,0.376,-0.21568749999999998,0.7880550046276595,0.0,0.15,0.0,0.0,0.0005736369680851063,0.0005736369680851063,0.12533333333333332
2025-06-06 19:45:00,0.0,0.0,0.0,0.468,-0.468,0.763161387606383,0.0,0.15,0.0,0.0,0.00124468085106383,0.00124468085106383,0.156
2025-06-06 20:00:00,0.0,0.0,0.0,0.716,-0.716,0.7250762812234042,0.0,0.15,0.0,0.0,0.001904255319148936,0.001904255319148936,0.23866666666666667
2025-06-06 20:15:00,0.0,0.0,0.0,0.676,-0.676,0.6891188344148935,0.0,0.15,0.0,0.0,0.001797872340425532,0.001797872340425532,0.22533333333333336
2025-06-06 20:30:00,0.0,0.0,0.0,0.552,-0.552,0.659757132287234,0.0,0.15,0.0,0.0,0.0014680851063829789,0.0014680851063829789,0.18400000000000002
2025-06-06 20:45:00,0.0,0.0,0.0,2.56,-2.56,0.5235869195212766,0.0,0.15,0.0,0.0,0.006808510638297873,0.006808510638297873,0.8533333333333334
2025-06-06 21:00:00,0.0,0.0,0.0,1.952,-1.952,0.41975713228723394,0.0,0.15,0.0,0.0,0.005191489361702127,0.005191489361702127,0.6506666666666666
2025-06-06 21:15:00,0.0,0.0,0.0,0.748,-0.748,0.37996989824468075,0.0,0.15,0.0,0.0,0.0019893617021276597,0.0019893617021276597,0.24933333333333332
2025-06-06 21:30:00,0.0,0.0,0.0,0.98,-0.98,0.32784223867021267,0.0,0.15,0.0,0.0,0.0026063829787234044,0.0026063829787234044,0.32666666666666666
2025-06-06 21:45:00,0.0,0.0,0.0,1.336,-1.336,0.25677840888297865,0.0,0.15,0.0,0.0,0.0035531914893617025,0.0035531914893617025,0.44533333333333336
2025-06-06 22:00:00,0.0,0.0,0.0,1.152,-1.152,0.1955018131382978,0.0,0.15,0.0,0.0,0.0030638297872340424,0.0030638297872340424,0.38399999999999995
2025-06-06 22:15:00,0.0,0.0,0.0,0.724,-0.724,0.15699117484042543,0.0,0.15,0.0,0.0,0.001925531914893617,0.001925531914893617,0.24133333333333332
2025-06-06 22:30:00,0.0,0.0,0.0,0.76,-0.76,0.11656564292553181,0.0,0.15,0.0,0.0,0.002021276595744681,0.002021276595744681,0.25333333333333335
2025-06-06 22:45:00,0.0,0.0,0.0,0.58,-0.3114340869999982,0.1,0.26856591300000177,0.15,0.26856591300000177,0.0,0.010899503883776657,0.0008282821462765911,0.10381136233333273
2025-06-06 23:00:00,0.0,0.0,0.0,0.688,0.0,0.1,0.688,0.15,0.688,0.0,0.025799999999999997,0.0,0.0
2025-06-06 23:15:00,0.0,0.0,0.0,0.688,0.0,0.1,0.688,0.15,0.688,0.0,0.025799999999999997,0.0,0.0
2025-06-06 23:30:00,0.0,0.0,0.0,0.616,0.0,0.1,0.616,0.15,0.616,0.0,0.0231,0.0,0.0
2025-06-06 23:45:00,0.0,0.0,0.0,0.56,0.0,0.1,0.56,0.15,0.56,0.0,0.021,0.0,0.0
2025-06-07 00:00:00,0.0,0.0,0.0,0.652,0.0,0.1,0.652,0.15,0.652,0.0,0.02445,0.0,0.0
2025-06-07 00:15:00,0.0,0.0,0.0,0.652,0.0,0.1,0.652,0.15,0.652,0.0,0.02445,0.0,0.0
2025-06-07 00:30:00,0.0,0.0,0.0,0.684,0.0,0.1,0.684,0.15,0.684,0.0,0.025650000000000003,0.0,0.0
2025-06-07 00:45:00,0.0,0.0,0.0,0.696,0.0,0.1,0.696,0.15,0.696,0.0,0.026099999999999998,0.0,0.0
2025-06-07 01:00:00,0.0,0.0,0.0,1.764,0.0,0.1,1.764,0.15,1.764,0.0,0.06615,0.0,0.0
2025-06-07 01:15:00,0.0,0.0,0.0,1.32,0.0,0.1,1.32,0.15,1.32,0.0,0.0495,0.0,0.0
2025-06-07 01:30:00,0.0,0.0,0.0,1.448,0.0,0.1,1.448,0.15,1.448,0.0,0.054299999999999994,0.0,0.0
2025-06-07 01:45:00,0.0,0.0,0.0,1.144,0.0,0.1,1.144,0.15,1.144,0.0,0.042899999999999994,0.0,0.0
2025-06-07 02:00:00,0.0,0.0,0.0,0.54,0.0,0.1,0.54,0.15,0.54,0.0,0.02025,0.0,0.0
2025-06-07 02:15:00,0.0,0.0,0.0,0.604,0.0,0.1,0.604,0.15,0.604,0.0,0.02265,0.0,0.0
2025-06-07 02:30:00,0.0,0.0,0.0,0.44,0.0,0.1,0.44,0.15,0.44,0.0,0.0165,0.0,0.0
2025-06-07 02:45:00,0.0,0.0,0.0,0.236,0.0,0.1,0.236,0.15,0.236,0.0,0.008849999999999998,0.0,0.0
2025-06-07 03:00:00,0.0,0.0,0.0,0.248,0.0,0.1,0.248,0.15,0.248,0.0,0.0093,0.0,0.0
2025-06-07 03:15:00,0.0,0.0,0.0,0.26,0.0,0.1,0.26,0.15,0.26,0.0,0.00975,0.0,0.0
2025-06-07 03:30:00,0.0,0.0,0.0,0.252,0.0,0.1,0.252,0.15,0.252,0.0,0.00945,0.0,0.0
2025-06-07 03:45:00,0.0,0.0,0.0,0.22,0.0,0.1,0.22,0.15,0.22,0.0,0.00825,0.0,0.0
2025-06-07 04:00:00,0.0,0.0,0.0,0.316,0.0,0.1,0.316,0.15,0.316,0.0,0.01185,0.0,0.0
2025-06-07 04:15:00,0.0,0.0,0.0,0.332,0.0,0.1,0.332,0.15,0.332,0.0,0.012450000000000001,0.0,0.0
2025-06-07 04:30:00,0.0,0.0,0.0,0.324,0.0,0.1,0.324,0.15,0.324,0.0,0.01215,0.0,0.0
2025-06-07 04:45:00,0.010545,0.010545,0.0,0.308,0.0,0.1,0.29745499999999997,0.15,0.29745499999999997,0.0,0.011154562499999998,0.0,0.0035150000000000003
2025-06-07 05:00:00,0.010545,0.010545,0.0,0.328,0.0,0.1,0.317455,0.15,0.317455,0.0,0.011904562499999998,0.0,0.0035150000000000003
2025-06-07 05:15:00,0.010545,0.010545,0.0,0.316,0.0,0.1,0.305455,0.15,0.305455,0.0,0.0114545625,0.0,0.0035150000000000003
2025-06-07 05:30:00,0.010545,0.010545,0.0,0.248,0.0,0.1,0.237455,0.15,0.237455,0.0,0.0089045625,0.0,0.0035150000000000003
2025-06-07 05:45:00,0.21774000000000002,0.21774000000000002,0.0,0.284,0.0,0.1,0.06625999999999996,0.15,0.06625999999999996,0.0,0.0024847499999999982,0.0,0.07258
2025-06-07 06:00:00,0.21774000000000002,0.21774000000000002,0.0,0.208,0.009740000000000026,0.10045778000000001,0.0,0.15,0.0,0.0,2.288900000000006e-05,2.288900000000006e-05,0.06933333333333333
2025-06-07 06:15:00,0.21774000000000002,0.21774000000000002,0.0,0.184,0.03374000000000002,0.10204356,0.0,0.15,0.0,0.0,7.928900000000005e-05,7.928900000000005e-05,0.06133333333333333
2025-06-07 06:30:00,0.21774000000000002,0.21774000000000002,0.0,0.188,0.029740000000000016,0.10344134,0.0,0.15,0.0,0.0,6.988900000000004e-05,6.988900000000004e-05,0.06266666666666666
2025-06-07 06:45:00,0.285285,0.285285,0.0,0.232,0.053285,0.105945735,0.0,0.15,0.0,0.0,0.00012521975,0.00012521975,0.07733333333333334
2025-06-07 07:00:00,0.285285,0.285285,0.0,0.608,-0.11177981799999993,0.1,0.21093518200000005,0.15,0.21093518200000005,0.0,0.008207356075000002,0.0002972867499999999,0.1323549393333333
2025-06-07 07:15:00,0.285285,0.285285,0.0,0.248,0.03728500000000001,0.101752395,0.0,0.15,0.0,0.0,8.761975000000001e-05,8.761975000000001e-05,0.08266666666666667
2025-06-07 07:30:00,0.285285,0.285285,0.0,0.196,0.089285,0.10594878999999999,0.0,0.15,0.0,0.0,0.00020981975000000002,0.00020981975000000002,0.06533333333333334
2025-06-07 07:45:00,0.2535075,0.2535075,0.0,0.296,-0.04249249999999999,0.10368855063829788,0.0,0.15,0.0,0.0,0.00011301196808510636,0.00011301196808510636,0.09866666666666667
2025-06-07 08:00:00,0.2535075,0.2535075,0.0,0.4,-0.06934475199999998,0.1,0.07714774800000004,0.15,0.07714774800000004,0.0,0.0030774680819148953,0.0001844275319148936,0.10761741733333334
2025-06-07 08:15:00,0.2535075,0.2535075,0.0,0.208,0.045507500000000006,0.10213885250000002,0.0,0.15,0.0,0.0,0.00010694262500000002,0.00010694262500000002,0.06933333333333333
2025-06-07 08:30:00,0.2535075,0.2535075,0.0,0.164,0.08950749999999999,0.106345705,0.0,0.15,0.0,0.0,0.00021034262499999997,0.00021034262499999997,0.05466666666666667
2025-06-07 08:45:00,0.33786750000000004,0.33786750000000004,0.0,0.212,0.12586750000000005,0.1122614775,0.0,0.15,0.0,0.0,0.0002957886250000001,0.0002957886250000001,0.07066666666666667
2025-06-07 09:00:00,0.33786750000000004,0.33786750000000004,0.0,0.236,0.10186750000000006,0.11704925,0.0,0.15,0.0,0.0,0.00023938862500000012,0.00023938862500000012,0.07866666666666666
2025-06-07 09:15:00,0.33786750000000004,0.33786750000000004,0.0,0.22,0.11786750000000004,0.12258902249999999,0.0,0.15,0.0,0.0,0.0002769886250000001,0.0002769886250000001,0.07333333333333333
2025-06-07 09:30:00,0.33786750000000004,0.33786750000000004,0.0,0.18,0.15786750000000005,0.130008795,0.0,0.15,0.0,0.0,0.0003709886250000001,0.0003709886250000001,0.06
2025-06-07 09:45:00,1.2997425000000002,1.2997425000000002,0.0,0.16,1.1397425000000003,0.18357669250000003,0.0,0.15,0.0,0.0,0.002678394875000001,0.002678394875000001,0.05333333333333334
2025-06-07 10:00:00,1.2997425000000002,1.2997425000000002,0.0,0.24,1.0597425000000003,0.23338459,0.0,0.15,0.0,0.0,0.0024903948750000003,0.0024903948750000003,0.08
2025-06-07 10:15:00,1.2997425000000002,1.2997425000000002,0.0,0.224,1.0757425000000003,0.2839444875,0.0,0.15,0.0,0.0,0.0025279948750000004,0.0025279948750000004,0.07466666666666667
2025-06-07 10:30:00,1.2997425000000002,1.2997425000000002,0.0,0.252,1.0477425000000002,0.33318838500000003,0.0,0.15,0.0,0.0,0.0024621948750000004,0.0024621948750000004,0.084
2025-06-07 10:45:00,1.0446675,1.0446675,0.0,0.22,0.8246675000000001,0.3719477575,0.0,0.15,0.0,0.0,0.0019379686250000003,0.0019379686250000003,0.07333333333333333
2025-06-07 11:00:00,1.0446675,1.0446675,0.0,0.256,0.7886675000000001,0.40901512999999995,0.0,0.15,0.0,0.0,0.001853368625,0.001853368625,0.08533333333333333
2025-06-07 11:15:00,1.0446675,1.0446675,0.0,0.252,0.7926675000000001,0.4462705025,0.0,0.15,0.0,0.0,0.001862768625,0.001862768625,0.084
2025-06-07 11:30:00,1.0446675,1.0446675,0.0,0.304,0.7406675,0.481081875,0.0,0.15,0.0,0.0,0.001740568625,0.001740568625,0.10133333333333333
2025-06-07 11:45:00,1.5491175000000001,1.5491175000000001,0.0,0.216,1.3331175000000002,0.5437383975000001,0.0,0.15,0.0,0.0,0.003132826125,0.003132826125,0.072
2025-06-07 12:00:00,1.5491175000000001,1.5491175000000001,0.0,0.252,1.2971175000000001,0.60470292,0.0,0.15,0.0,0.0,0.0030482261250000006,0.0030482261250000006,0.084
2025-06-07 12:15:00,1.5491175000000001,1.5491175000000001,0.0,0.228,1.3211175000000002,0.6667954425,0.0,0.15,0.0,0.0,0.003104626125,0.003104626125,0.076
2025-06-07 12:30:00,1.5491175000000001,1.5491175000000001,0.0,0.216,1.3331175000000002,0.7294519650000001,0.0,0.15,0.0,0.0,0.003132826125,0.003132826125,0.072
2025-06-07 12:45:00,1.7100000000000002,1.7100000000000002,0.0,0.268,1.4420000000000002,0.7972259650000001,0.0,0.15,0.0,0.0,0.0033887,0.0033887,0.08933333333333333
2025-06-07 13:00:00,1.7100000000000002,1.7100000000000002,0.0,0.56,1.1500000000000001,0.8512759650000001,0.0,0.15,0.0,0.0,0.0027025,0.0027025,0.18666666666666668
2025-06-07 13:15:00,1.7100000000000002,1.7100000000000002,0.0,0.36,1.036681595744678,0.9,-0.3133184042553221,0.15,0.0,0.3133184042553221,-0.0006969822925532278,0.0024362017499999934,0.22443946808510737
2025-06-07 13:30:00,1.7100000000000002,1.7100000000000002,0.0,0.888,0.0,0.9,-0.8220000000000002,0.15,0.0,0.8220000000000002,-0.008220000000000002,0.0,0.5700000000000001
2025-06-07 13:45:00,1.3568850000000001,1.3568850000000001,0.0,0.556,0.0,0.9,-0.8008850000000001,0.15,0.0,0.8008850000000001,-0.008008850000000001,0.0,0.45229500000000006
2025-06-07 14:00:00,1.3568850000000001,1.3568850000000001,0.0,0.356,0.0,0.9,-1.0008850000000002,0.15,0.0,1.0008850000000002,-0.010008850000000003,0.0,0.45229500000000006
2025-06-07 14:15:00,1.3568850000000001,1.3568850000000001,0.0,0.556,0.0,0.9,-0.8008850000000001,0.15,0.0,0.8008850000000001,-0.008008850000000001,0.0,0.45229500000000006
2025-06-07 14:30:00,1.3568850000000001,1.3568850000000001,0.0,0.552,0.0,0.9,-0.8048850000000001,0.15,0.0,0.8048850000000001,-0.008048850000000001,0.0,0.45229500000000006
2025-06-07 14:45:00,1.5008100000000002,1.5008100000000002,0.0,0.5,0.0,0.9,-1.0008100000000002,0.15,0.0,1.0008100000000002,-0.010008100000000002,0.0,0.5002700000000001
2025-06-07 15:00:00,1.5008100000000002,1.5008100000000002,0.0,0.624,0.0,0.9,-0.8768100000000002,0.15,0.0,0.8768100000000002,-0.008768100000000003,0.0,0.5002700000000001
2025-06-07 15:15:00,1.5008100000000002,1.5008100000000002,0.0,0.528,0.0,0.9,-0.9728100000000002,0.15,0.0,0.9728100000000002,-0.009728100000000002,0.0,0.5002700000000001
2025-06-07 15:30:00,1.5008100000000002,1.5008100000000002,0.0,0.652,0.0,0.9,-0.8488100000000002,0.15,0.0,0.8488100000000002,-0.008488100000000002,0.0,0.5002700000000001
2025-06-07 15:45:00,1.2592725,1.2592725,0.0,0.728,0.0,0.9,-0.5312725,0.15,0.0,0.5312725,-0.005312725000000001,0.0,0.4197575
2025-06-07 16:00:00,1.2592725,1.2592725,0.0,0.496,0.0,0.9,-0.7632725,0.15,0.0,0.7632725,-0.007632725000000001,0.0,0.4197575
2025-06-07 16:15:00,1.2592725,1.2592725,0.0,0.44,0.0,0.9,-0.8192725000000001,0.15,0.0,0.8192725000000001,-0.008192725000000001,0.0,0.4197575
2025-06-07 16:30:00,1.2592725,1.2592725,0.0,0.236,0.0,0.9,-1.0232725,0.15,0.0,1.0232725,-0.010232725,0.0,0.4197575
2025-06-07 16:45:00,1.1345850000000002,1.1345850000000002,0.0,0.252,0.0,0.9,-0.8825850000000002,0.15,0.0,0.8825850000000002,-0.008825850000000001,0.0,0.37819500000000006
2025-06-07 17:00:00,1.1345850000000002,1.1345850000000002,0.0,0.244,0.0,0.9,-0.8905850000000002,0.15,0.0,0.8905850000000002,-0.008905850000000002,0.0,0.37819500000000006
2025-06-07 17:15:00,1.1345850000000002,1.1345850000000002,0.0,0.22,0.0,0.9,-0.9145850000000002,0.15,0.0,0.9145850000000002,-0.009145850000000002,0.0,0.37819500000000006
2025-06-07 17:30:00,1.1345850000000002,1.1345850000000002,0.0,0.224,0.0,0.9,-0.9105850000000002,0.15,0.0,0.9105850000000002,-0.009105850000000002,0.0,0.37819500000000006
2025-06-07 17:45:00,1.0121775000000002,1.0121775000000002,0.0,0.244,0.0,0.9,-0.7681775000000002,0.15,0.0,0.7681775000000002,-0.007681775000000002,0.0,0.33739250000000004
2025-06-07 18:00:00,1.0121775000000002,1.0121775000000002,0.0,0.232,0.0,0.9,-0.7801775000000002,0.15,0.0,0.7801775000000002,-0.007801775000000002,0.0,0.33739250000000004
2025-06-07 18:15:00,1.0121775000000002,1.0121775000000002,0.0,0.224,0.0,0.9,-0.7881775000000002,0.15,0.0,0.7881775000000002,-0.007881775000000002,0.0,0.33739250000000004
2025-06-07 18:30:00,1.0121775000000002,1.0121775000000002,0.0,0.188,0.0,0.9,-0.8241775000000002,0.15,0.0,0.8241775000000002,-0.008241775000000003,0.0,0.33739250000000004
2025-06-07 18:45:00,0.21603000000000003,0.21603000000000003,0.0,0.256,-0.03996999999999998,0.8978739361702127,0.0,0.15,0.0,0.0,0.00010630319148936165,0.00010630319148936165,0.08533333333333333
2025-06-07 19:00:00,0.21603000000000003,0.21603000000000003,0.0,0.256,-0.03996999999999998,0.8957478723404254,0.0,0.15,0.0,0.0,0.00010630319148936165,0.00010630319148936165,0.08533333333333333
2025-06-07 19:15:00,0.21603000000000003,0.21603000000000003,0.0,0.236,-0.01996999999999996,0.8946856382978723,0.0,0.15,0.0,0.0,5.311170212765947e-05,5.311170212765947e-05,0.07866666666666666
2025-06-07 19:30:00,0.21603000000000003,0.21603000000000003,0.0,0.192,0.024030000000000024,0.8958150482978724,0.0,0.15,0.0,0.0,5.647050000000005e-05,5.647050000000005e-05,0.064
2025-06-07 19:45:00,0.0,0.0,0.0,0.232,-0.232,0.8834746227659573,0.0,0.15,0.0,0.0,0.0006170212765957447,0.0006170212765957447,0.07733333333333334
2025-06-07 20:00:00,0.0,0.0,0.0,0.372,-0.372,0.8636873887234042,0.0,0.15,0.0,0.0,0.0009893617021276596,0.0009893617021276596,0.124
2025-06-07 20:15:00,0.0,0.0,0.0,0.32,-0.32,0.8466661121276596,0.0,0.15,0.0,0.0,0.0008510638297872341,0.0008510638297872341,0.10666666666666667
2025-06-07 20:30:00,0.0,0.0,0.0,0.248,-0.248,0.8334746227659575,0.0,0.15,0.0,0.0,0.0006595744680851064,0.0006595744680851064,0.08266666666666667
2025-06-07 20:45:00,0.0,0.0,0.0,0.2,-0.2,0.8228363248936171,0.0,0.15,0.0,0.0,0.0005319148936170214,0.0005319148936170214,0.06666666666666667
2025-06-07 21:00:00,0.0,0.0,0.0,0.276,-0.276,0.8081554738297874,0.0,0.15,0.0,0.0,0.0007340425531914894,0.0007340425531914894,0.09200000000000001
2025-06-07 21:15:00,0.0,0.0,0.0,0.256,-0.256,0.7945384525531916,0.0,0.15,0.0,0.0,0.0006808510638297873,0.0006808510638297873,0.08533333333333333
2025-06-07 21:30:00,0.0,0.0,0.0,0.232,-0.232,0.7821980270212767,0.0,0.15,0.0,0.0,0.0006170212765957447,0.0006170212765957447,0.07733333333333334
2025-06-07 21:45:00,0.0,0.0,0.0,0.192,-0.192,0.7719852610638298,0.0,0.15,0.0,0.0,0.0005106382978723405,0.0005106382978723405,0.064
2025-06-07 22:00:00,0.0,0.0,0.0,1.272,-1.272,0.7043256865957448,0.0,0.15,0.0,0.0,0.003382978723404256,0.003382978723404256,0.424
2025-06-07 22:15:00,0.0,0.0,0.0,0.944,-0.944,0.654112920638298,0.0,0.15,0.0,0.0,0.00251063829787234,0.00251063829787234,0.31466666666666665
2025-06-07 22:30:00,0.0,0.0,0.0,0.544,-0.544,0.625176750425532,0.0,0.15,0.0,0.0,0.001446808510638298,0.001446808510638298,0.18133333333333335
2025-06-07 22:45:00,0.0,0.0,0.0,0.244,-0.244,0.6121980270212768,0.0,0.15,0.0,0.0,0.0006489361702127659,0.0006489361702127659,0.08133333333333333
2025-06-07 23:00:00,0.0,0.0,0.0,0.28,-0.28,0.5973044100000002,0.0,0.15,0.0,0.0,0.0007446808510638299,0.0007446808510638299,0.09333333333333334
2025-06-07 23:15:00,0.0,0.0,0.0,0.24,-0.24,0.5845384525531917,0.0,0.15,0.0,0.0,0.0006382978723404255,0.0006382978723404255,0.08
2025-06-07 23:30:00,0.0,0.0,0.0,0.224,-0.224,0.5726235589361705,0.0,0.15,0.0,0.0,0.0005957446808510638,0.0005957446808510638,0.07466666666666667
2025-06-07 23:45:00,0.0,0.0,0.0,0.18,-0.18,0.563049090851064,0.0,0.15,0.0,0.0,0.0004787234042553192,0.0004787234042553192,0.06
2025-06-08 00:00:00,0.0,0.0,0.0,0.2,-0.2,0.5524107929787235,0.0,0.15,0.0,0.0,0.0005319148936170214,0.0005319148936170214,0.06666666666666667
2025-06-08 00:15:00,0.0,0.0,0.0,0.22,-0.22,0.5407086653191491,0.0,0.15,0.0,0.0,0.0005851063829787234,0.0005851063829787234,0.07333333333333333
2025-06-08 00:30:00,0.0,0.0,0.0,0.208,-0.208,0.529644835531915,0.0,0.15,0.0,0.0,0.0005531914893617022,0.0005531914893617022,0.06933333333333333
2025-06-08 00:45:00,0.0,0.0,0.0,0.204,-0.204,0.5187937717021278,0.0,0.15,0.0,0.0,0.0005425531914893618,0.0005425531914893618,0.06799999999999999
2025-06-08 01:00:00,0.0,0.0,0.0,0.204,-0.204,0.5079427078723405,0.0,0.15,0.0,0.0,0.0005425531914893618,0.0005425531914893618,0.06799999999999999
2025-06-08 01:15:00,0.0,0.0,0.0,0.204,-0.204,0.49709164404255335,0.0,0.15,0.0,0.0,0.0005425531914893618,0.0005425531914893618,0.06799999999999999
2025-06-08 01:30:00,0.0,0.0,0.0,0.196,-0.196,0.48666611212765976,0.0,0.15,0.0,0.0,0.0005212765957446809,0.0005212765957446809,0.06533333333333334
2025-06-08 01:45:00,0.0,0.0,0.0,0.332,-0.332,0.4690065376595746,0.0,0.15,0.0,0.0,0.0008829787234042555,0.0008829787234042555,0.11066666666666668
2025-06-08 02:00:00,0.0,0.0,0.0,0.352,-0.352,0.4502831334042555,0.0,0.15,0.0,0.0,0.0009361702127659575,0.0009361702127659575,0.11733333333333333
2025-06-08 02:15:00,0.0,0.0,0.0,0.256,-0.256,0.4366661121276597,0.0,0.15,0.0,0.0,0.0006808510638297873,0.0006808510638297873,0.08533333333333333
2025-06-08 02:30:00,0.0,0.0,0.0,0.232,-0.232,0.4243256865957449,0.0,0.15,0.0,0.0,0.0006170212765957447,0.0006170212765957447,0.07733333333333334
2025-06-08 02:45:00,0.0,0.0,0.0,0.228,-0.228,0.4121980270212767,0.0,0.15,0.0,0.0,0.0006063829787234043,0.0006063829787234043,0.076
2025-06-08 03:00:00,0.0,0.0,0.0,0.196,-0.196,0.40177249510638313,0.0,0.15,0.0,0.0,0.0005212765957446809,0.0005212765957446809,0.06533333333333334
2025-06-08 03:15:00,0.0,0.0,0.0,0.18,-0.18,0.39219802702127676,0.0,0.15,0.0,0.0,0.0004787234042553192,0.0004787234042553192,0.06
2025-06-08 03:30:00,0.0,0.0,0.0,0.208,-0.208,0.38113419723404274,0.0,0.15,0.0,0.0,0.0005531914893617022,0.0005531914893617022,0.06933333333333333
2025-06-08 03:45:00,0.0,0.0,0.0,0.212,-0.212,0.36985760148936186,0.0,0.15,0.0,0.0,0.0005638297872340427,0.0005638297872340427,0.07066666666666667
2025-06-08 04:00:00,0.0,0.0,0.0,0.208,-0.208,0.35879377170212784,0.0,0.15,0.0,0.0,0.0005531914893617022,0.0005531914893617022,0.06933333333333333
2025-06-08 04:15:00,0.0,0.0,0.0,0.208,-0.208,0.3477299419148938,0.0,0.15,0.0,0.0,0.0005531914893617022,0.0005531914893617022,0.06933333333333333
2025-06-08 04:30:00,0.0,0.0,0.0,0.204,-0.204,0.3368788780851066,0.0,0.15,0.0,0.0,0.0005425531914893618,0.0005425531914893618,0.06799999999999999
2025-06-08 04:45:00,0.04745250000000001,0.04745250000000001,0.0,0.208,-0.16054749999999998,0.3283391174468087,0.0,0.15,0.0,0.0,0.0004269880319148936,0.0004269880319148936,0.06933333333333333
2025-06-08 05:00:00,0.04745250000000001,0.04745250000000001,0.0,0.208,-0.16054749999999998,0.3197993568085108,0.0,0.15,0.0,0.0,0.0004269880319148936,0.0004269880319148936,0.06933333333333333
2025-06-08 05:15:00,0.04745250000000001,0.04745250000000001,0.0,0.212,-0.16454749999999999,0.31104683021276613,0.0,0.15,0.0,0.0,0.000437626329787234,0.000437626329787234,0.07066666666666667
2025-06-08 05:30:00,0.04745250000000001,0.04745250000000001,0.0,0.236,-0.18854749999999998,0.3010177078723406,0.0,0.15,0.0,0.0,0.0005014561170212765,0.0005014561170212765,0.07866666666666666
2025-06-08 05:45:00,0.5900925,0.5900925,0.0,0.248,0.3420925,0.31709605537234065,0.0,0.15,0.0,0.0,0.000803917375,0.000803917375,0.08266666666666667
2025-06-08 06:00:00,0.5900925,0.5900925,0.0,0.184,0.4060925,0.33618240287234064,0.0,0.15,0.0,0.0,0.000954317375,0.000954317375,0.06133333333333333
2025-06-08 06:15:00,0.5900925,0.5900925,0.0,0.2,0.3900925,0.35451675037234065,0.0,0.15,0.0,0.0,0.0009167173750000001,0.0009167173750000001,0.06666666666666667
2025-06-08 06:30:00,0.5900925,0.5900925,0.0,0.204,0.38609250000000006,0.37266309787234064,0.0,0.15,0.0,0.0,0.0009073173750000001,0.0009073173750000001,0.06799999999999999
2025-06-08 06:45:00,1.1994225,1.1994225,0.0,0.18,1.0194225000000001,0.4205759553723406,0.0,0.15,0.0,0.0,0.0023956428750000003,0.0023956428750000003,0.06
2025-06-08 07:00:00,1.1994225,1.1994225,0.0,0.188,1.0114225000000001,0.46811281287234063,0.0,0.15,0.0,0.0,0.002376842875,0.002376842875,0.06266666666666666
2025-06-08 07:15:00,1.1994225,1.1994225,0.0,0.208,0.9914225000000001,0.5147096703723406,0.0,0.15,0.0,0.0,0.002329842875,0.002329842875,0.06933333333333333
2025-06-08 07:30:00,1.1994225,1.1994225,0.0,0.204,0.9954225000000001,0.5614945278723406,0.0,0.15,0.0,0.0,0.0023392428750000005,0.0023392428750000005,0.06799999999999999
2025-06-08 07:45:00,1.5505425000000002,1.5505425000000002,0.0,0.192,1.3585425000000002,0.6253460253723405,0.0,0.15,0.0,0.0,0.0031925748750000005,0.0031925748750000005,0.064
2025-06-08 08:00:00,1.5505425000000002,1.5505425000000002,0.0,0.18,1.3705425000000002,0.6897615228723406,0.0,0.15,0.0,0.0,0.0032207748750000004,0.0032207748750000004,0.06
2025-06-08 08:15:00,1.5505425000000002,1.5505425000000002,0.0,0.208,1.3425425000000002,0.7528610203723406,0.0,0.15,0.0,0.0,0.003154974875,0.003154974875,0.06933333333333333
2025-06-08 08:30:00,1.5505425000000002,1.5505425000000002,0.0,0.204,1.3465425000000002,0.8161485178723407,0.0,0.15,0.0,0.0,0.003164374875,0.003164374875,0.06799999999999999
2025-06-08 08:45:00,1.7100000000000002,1.7100000000000002,0.0,0.164,1.5460000000000003,0.8888105178723407,0.0,0.15,0.0,0.0,0.0036331000000000002,0.0036331000000000002,0.05466666666666667
2025-06-08 09:00:00,1.7100000000000004,1.7100000000000002,0.0,0.204,0.23807408782253808,0.9,-1.2679259121774624,0.15,0.0,1.2679259121774624,-0.012119785015391661,0.0005594741063829645,0.4906419707258207
2025-06-08 09:15:00,1.7100000000000002,1.7100000000000002,0.0,0.204,0.0,0.9,-1.5060000000000002,0.15,0.0,1.5060000000000002,-0.015060000000000002,0.0,0.5700000000000001
2025-06-08 09:30:00,1.7100000000000002,1.7100000000000002,0.0,0.188,0.0,0.9,-1.5220000000000002,0.15,0.0,1.5220000000000002,-0.015220000000000003,0.0,0.5700000000000001
2025-06-08 09:45:00,1.7100000000000002,1.7100000000000002,0.0,0.176,0.0,0.9,-1.5340000000000003,0.15,0.0,1.5340000000000003,-0.015340000000000003,0.0,0.5700000000000001
2025-06-08 10:00:00,1.7100000000000002,1.7100000000000002,0.0,0.208,0.0,0.9,-1.5020000000000002,0.15,0.0,1.5020000000000002,-0.015020000000000002,0.0,0.5700000000000001
2025-06-08 10:15:00,1.7100000000000002,1.7100000000000002,0.0,0.204,0.0,0.9,-1.5060000000000002,0.15,0.0,1.5060000000000002,-0.015060000000000002,0.0,0.5700000000000001
2025-06-08 10:30:00,1.7100000000000002,1.7100000000000002,0.0,0.18,0.0,0.9,-1.5300000000000002,0.15,0.0,1.5300000000000002,-0.015300000000000003,0.0,0.5700000000000001
2025-06-08 10:45:00,1.7100000000000002,1.7100000000000002,0.0,0.436,0.0,0.9,-1.2740000000000002,0.15,0.0,1.2740000000000002,-0.012740000000000003,0.0,0.5700000000000001
2025-06-08 11:00:00,1.7100000000000002,1.7100000000000002,0.0,0.324,0.0,0.9,-1.3860000000000001,0.15,0.0,1.3860000000000001,-0.01386,0.0,0.5700000000000001
2025-06-08 11:15:00,1.7100000000000002,1.7100000000000002,0.0,0.228,0.0,0.9,-1.4820000000000002,0.15,0.0,1.4820000000000002,-0.014820000000000002,0.0,0.5700000000000001
2025-06-08 11:30:00,1.7100000000000002,1.7100000000000002,0.0,0.188,0.0,0.9,-1.5220000000000002,0.15,0.0,1.5220000000000002,-0.015220000000000003,0.0,0.5700000000000001
2025-06-08 11:45:00,1.6150950000000002,1.6150950000000002,0.0,0.216,0.0,0.9,-1.3990950000000002,0.15,0.0,1.3990950000000002,-0.013990950000000002,0.0,0.5383650000000001
2025-06-08 12:00:00,1.6150950000000002,1.6150950000000002,0.0,0.324,0.0,0.9,-1.291095,0.15,0.0,1.291095,-0.012910950000000001,0.0,0.5383650000000001
2025-06-08 12:15:00,1.6150950000000002,1.6150950000000002,0.0,0.42,0.0,0.9,-1.1950950000000002,0.15,0.0,1.1950950000000002,-0.011950950000000002,0.0,0.5383650000000001
2025-06-08 12:30:00,1.6150950000000002,1.6150950000000002,0.0,0.36,0.0,0.9,-1.2550950000000003,0.15,0.0,1.2550950000000003,-0.012550950000000003,0.0,0.5383650000000001
2025-06-08 12:45:00,1.7100000000000002,1.7100000000000002,0.0,0.308,0.0,0.9,-1.4020000000000001,0.15,0.0,1.4020000000000001,-0.014020000000000001,0.0,0.5700000000000001
2025-06-08 13:00:00,1.7100000000000002,1.7100000000000002,0.0,0.312,0.0,0.9,-1.3980000000000001,0.15,0.0,1.3980000000000001,-0.013980000000000001,0.0,0.5700000000000001
2025-06-08 13:15:00,1.7100000000000002,1.7100000000000002,0.0,0.312,0.0,0.9,-1.3980000000000001,0.15,0.0,1.3980000000000001,-0.013980000000000001,0.0,0.5700000000000001
2025-06-08 13:30:00,1.7100000000000002,1.7100000000000002,0.0,0.428,0.0,0.9,-1.2820000000000003,0.15,0.0,1.2820000000000003,-0.012820000000000003,0.0,0.5700000000000001
2025-06-08 13:45:00,1.71,1.7100000000000002,2.220446049250313e-16,0.372,0.0,0.9,-1.338,0.15,0.0,1.338,-0.013380000000000001,0.0,0.57
2025-06-08 14:00:00,1.7100000000000002,1.7100000000000002,0.0,0.292,0.0,0.9,-1.4180000000000001,0.15,0.0,1.4180000000000001,-0.014180000000000002,0.0,0.5700000000000001
2025-06-08 14:15:00,1.7100000000000002,1.7100000000000002,0.0,0.876,0.0,0.9,-0.8340000000000002,0.15,0.0,0.8340000000000002,-0.008340000000000002,0.0,0.5700000000000001
2025-06-08 14:30:00,1.7100000000000002,1.7100000000000002,0.0,0.948,0.0,0.9,-0.7620000000000002,0.15,0.0,0.7620000000000002,-0.007620000000000003,0.0,0.5700000000000001
2025-06-08 14:45:00,1.7100000000000002,1.7100000000000002,0.0,0.248,0.0,0.9,-1.4620000000000002,0.15,0.0,1.4620000000000002,-0.014620000000000003,0.0,0.5700000000000001
2025-06-08 15:00:00,1.7100000000000002,1.7100000000000002,0.0,0.228,0.0,0.9,-1.4820000000000002,0.15,0.0,1.4820000000000002,-0.014820000000000002,0.0,0.5700000000000001
2025-06-08 15:15:00,1.7100000000000002,1.7100000000000002,0.0,0.184,0.0,0.9,-1.5260000000000002,0.15,0.0,1.5260000000000002,-0.015260000000000003,0.0,0.5700000000000001
2025-06-08 15:30:00,1.7100000000000002,1.7100000000000002,0.0,0.26,0.0,0.9,-1.4500000000000002,0.15,0.0,1.4500000000000002,-0.014500000000000002,0.0,0.5700000000000001
2025-06-08 15:45:00,1.6347600000000002,1.6347600000000002,0.0,0.256,0.0,0.9,-1.3787600000000002,0.15,0.0,1.3787600000000002,-0.013787600000000002,0.0,0.5449200000000001
2025-06-08 16:00:00,1.6347600000000002,1.6347600000000002,0.0,0.248,0.0,0.9,-1.3867600000000002,0.15,0.0,1.3867600000000002,-0.013867600000000002,0.0,0.5449200000000001
2025-06-08 16:15:00,1.6347600000000002,1.6347600000000002,0.0,0.212,0.0,0.9,-1.4227600000000002,0.15,0.0,1.4227600000000002,-0.014227600000000003,0.0,0.5449200000000001
2025-06-08 16:30:00,1.6347600000000002,1.6347600000000002,0.0,0.168,0.0,0.9,-1.4667600000000003,0.15,0.0,1.4667600000000003,-0.014667600000000003,0.0,0.5449200000000001
2025-06-08 16:45:00,1.2725250000000001,1.2725250000000001,0.0,0.272,0.0,0.9,-1.000525,0.15,0.0,1.000525,-0.010005250000000002,0.0,0.424175
2025-06-08 17:00:00,1.2725250000000001,1.2725250000000001,0.0,0.272,0.0,0.9,-1.000525,0.15,0.0,1.000525,-0.010005250000000002,0.0,0.424175
2025-06-08 17:15:00,1.2725250000000001,1.2725250000000001,0.0,0.284,0.0,0.9,-0.9885250000000001,0.15,0.0,0.9885250000000001,-0.009885250000000002,0.0,0.424175
2025-06-08 17:30:00,1.2725250000000001,1.2725250000000001,0.0,0.26,0.0,0.9,-1.0125250000000001,0.15,0.0,1.0125250000000001,-0.01012525,0.0,0.424175
2025-06-08 17:45:00,0.8049825,0.8049825,0.0,0.428,0.0,0.9,-0.37698250000000005,0.15,0.0,0.37698250000000005,-0.0037698250000000005,0.0,0.2683275
2025-06-08 18:00:00,0.8049825,0.8049825,0.0,0.412,0.0,0.9,-0.39298250000000007,0.15,0.0,0.39298250000000007,-0.0039298250000000005,0.0,0.2683275
2025-06-08 18:15:00,0.8049825,0.8049825,0.0,0.396,0.0,0.9,-0.4089825,0.15,0.0,0.4089825,-0.004089825,0.0,0.2683275
2025-06-08 18:30:00,0.8049825,0.8049825,0.0,0.392,0.0,0.9,-0.41298250000000003,0.15,0.0,0.41298250000000003,-0.004129825,0.0,0.2683275
2025-06-08 18:45:00,0.16245,0.16245,0.0,0.408,-0.24554999999999996,0.886938829787234,0.0,0.15,0.0,0.0,0.0006530585106382979,0.0006530585106382979,0.13599999999999998
2025-06-08 19:00:00,0.16245,0.16245,0.0,0.388,-0.22555,0.8749414893617022,0.0,0.15,0.0,0.0,0.0005998670212765958,0.0005998670212765958,0.12933333333333333
2025-06-08 19:15:00,0.16245,0.16245,0.0,0.508,-0.34555,0.856561170212766,0.0,0.15,0.0,0.0,0.0009190159574468086,0.0009190159574468086,0.16933333333333334
2025-06-08 19:30:00,0.16245,0.16245,0.0,0.628,-0.46555,0.8317978723404256,0.0,0.15,0.0,0.0,0.0012381648936170215,0.0012381648936170215,0.20933333333333334
2025-06-08 19:45:00,0.0,0.0,0.0,1.14,-1.14,0.7711595744680851,0.0,0.15,0.0,0.0,0.003031914893617021,0.003031914893617021,0.37999999999999995
2025-06-08 20:00:00,0.0,0.0,0.0,1.68,-1.68,0.6817978723404255,0.0,0.15,0.0,0.0,0.004468085106382979,0.004468085106382979,0.5599999999999999
2025-06-08 20:15:00,0.0,0.0,0.0,3.108,-3.0,0.5222234042553191,0.1080000000000001,0.15,0.1080000000000001,0.0,0.012028723404255324,0.00797872340425532,1.0
2025-06-08 20:30:00,0.0,0.0,0.0,1.536,-1.536,0.44052127659574464,0.0,0.15,0.0,0.0,0.004085106382978724,0.004085106382978724,0.512
2025-06-08 20:45:00,0.0,0.0,0.0,0.664,-0.664,0.4052021276595744,0.0,0.15,0.0,0.0,0.001765957446808511,0.001765957446808511,0.22133333333333335
2025-06-08 21:00:00,0.0,0.0,0.0,0.972,-0.972,0.3535,0.0,0.15,0.0,0.0,0.0025851063829787236,0.0025851063829787236,0.324
2025-06-08 21:15:00,0.0,0.0,0.0,1.612,-1.612,0.26775531914893613,0.0,0.15,0.0,0.0,0.004287234042553192,0.004287234042553192,0.5373333333333333
2025-06-08 21:30:00,0.0,0.0,0.0,0.764,-0.764,0.2271170212765957,0.0,0.15,0.0,0.0,0.0020319148936170216,0.0020319148936170216,0.25466666666666665
2025-06-08 21:45:00,0.0,0.0,0.0,0.564,-0.564,0.1971170212765957,0.0,0.15,0.0,0.0,0.0015,0.0015,0.18799999999999997
2025-06-08 22:00:00,0.0,0.0,0.0,0.616,-0.616,0.1643510638297872,0.0,0.15,0.0,0.0,0.0016382978723404257,0.0016382978723404257,0.20533333333333334
2025-06-08 22:15:00,0.0,0.0,0.0,0.648,-0.648,0.1298829787234042,0.0,0.15,0.0,0.0,0.0017234042553191493,0.0017234042553191493,0.216
2025-06-08 22:30:00,0.0,0.0,0.0,0.416,-0.416,0.1077553191489361,0.0,0.15,0.0,0.0,0.0011063829787234043,0.0011063829787234043,0.13866666666666666
2025-06-08 22:45:00,0.0,0.0,0.0,0.472,-0.1457999999999987,0.1,0.32620000000000127,0.15,0.32620000000000127,0.0,0.012620265957446853,0.0003877659574468051,0.04859999999999957
2025-06-08 23:00:00,0.0,0.0,0.0,0.48,0.0,0.1,0.48,0.15,0.48,0.0,0.018,0.0,0.0
2025-06-08 23:15:00,0.0,0.0,0.0,0.472,0.0,0.1,0.472,0.15,0.472,0.0,0.017699999999999997,0.0,0.0
2025-06-08 23:30:00,0.0,0.0,0.0,0.572,0.0,0.1,0.572,0.15,0.572,0.0,0.021449999999999997,0.0,0.0
2025-06-08 23:45:00,0.0,0.0,0.0,0.648,0.0,0.1,0.648,0.15,0.648,0.0,0.0243,0.0,0.0
2025-06-09 00:00:00,0.0,0.0,0.0,0.692,0.0,0.1,0.692,0.15,0.692,0.0,0.025949999999999997,0.0,0.0
2025-06-09 00:15:00,0.0,0.0,0.0,0.74,0.0,0.1,0.74,0.15,0.74,0.0,0.02775,0.0,0.0
2025-06-09 00:30:00,0.0,0.0,0.0,0.68,0.0,0.1,0.68,0.15,0.68,0.0,0.025500000000000002,0.0,0.0
2025-06-09 00:45:00,0.0,0.0,0.0,0.632,0.0,0.1,0.632,0.15,0.632,0.0,0.0237,0.0,0.0
2025-06-09 01:00:00,0.0,0.0,0.0,0.696,0.0,0.1,0.696,0.15,0.696,0.0,0.026099999999999998,0.0,0.0
2025-06-09 01:15:00,0.0,0.0,0.0,0.716,0.0,0.1,0.716,0.15,0.716,0.0,0.02685,0.0,0.0
2025-06-09 01:30:00,0.0,0.0,0.0,0.612,0.0,0.1,0.612,0.15,0.612,0.0,0.022949999999999998,0.0,0.0
2025-06-09 01:45:00,0.0,0.0,0.0,0.488,0.0,0.1,0.488,0.15,0.488,0.0,0.0183,0.0,0.0
2025-06-09 02:00:00,0.0,0.0,0.0,0.488,0.0,0.1,0.488,0.15,0.488,0.0,0.0183,0.0,0.0
2025-06-09 02:15:00,0.0,0.0,0.0,0.504,0.0,0.1,0.504,0.15,0.504,0.0,0.0189,0.0,0.0
2025-06-09 02:30:00,0.0,0.0,0.0,0.484,0.0,0.1,0.484,0.15,0.484,0.0,0.01815,0.0,0.0
2025-06-09 02:45:00,0.0,0.0,0.0,0.76,0.0,0.1,0.76,0.15,0.76,0.0,0.028499999999999998,0.0,0.0
2025-06-09 03:00:00,0.0,0.0,0.0,1.928,0.0,0.1,1.928,0.15,1.928,0.0,0.07229999999999999,0.0,0.0
2025-06-09 03:15:00,0.0,0.0,0.0,0.84,0.0,0.1,0.84,0.15,0.84,0.0,0.0315,0.0,0.0
2025-06-09 03:30:00,0.0,0.0,0.0,1.32,0.0,0.1,1.32,0.15,1.32,0.0,0.0495,0.0,0.0
2025-06-09 03:45:00,0.0,0.0,0.0,0.324,0.0,0.1,0.324,0.15,0.324,0.0,0.01215,0.0,0.0
2025-06-09 04:00:00,0.0,0.0,0.0,0.232,0.0,0.1,0.232,0.15,0.232,0.0,0.0087,0.0,0.0
2025-06-09 04:15:00,0.0,0.0,0.0,0.176,0.0,0.1,0.176,0.15,0.176,0.0,0.006599999999999999,0.0,0.0
2025-06-09 04:30:00,0.0,0.0,0.0,0.212,0.0,0.1,0.212,0.15,0.212,0.0,0.007949999999999999,0.0,0.0
2025-06-09 04:45:00,0.0158175,0.0158175,0.0,0.244,0.0,0.1,0.22818249999999998,0.15,0.22818249999999998,0.0,0.00855684375,0.0,0.0052725
2025-06-09 05:00:00,0.0158175,0.0158175,0.0,0.32,0.0,0.1,0.3041825,0.15,0.3041825,0.0,0.011406843750000001,0.0,0.0052725
2025-06-09 05:15:00,0.0158175,0.0158175,0.0,0.316,0.0,0.1,0.3001825,0.15,0.3001825,0.0,0.01125684375,0.0,0.0052725
2025-06-09 05:30:00,0.0158175,0.0158175,0.0,0.32,0.0,0.1,0.3041825,0.15,0.3041825,0.0,0.011406843750000001,0.0,0.0052725
2025-06-09 05:45:00,0.33245250000000004,0.33245250000000004,0.0,0.324,0.00845250000000003,0.1003972675,0.0,0.15,0.0,0.0,1.986337500000007e-05,1.986337500000007e-05,0.108
2025-06-09 06:00:00,0.33245250000000004,0.33245250000000004,0.0,0.268,0.06445250000000002,0.10342653500000001,0.0,0.15,0.0,0.0,0.00015146337500000006,0.00015146337500000006,0.08933333333333333
2025-06-09 06:15:00,0.33245250000000004,0.33245250000000004,0.0,0.196,0.13645250000000003,0.1098398025,0.0,0.15,0.0,0.0,0.0003206633750000001,0.0003206633750000001,0.06533333333333334
2025-06-09 06:30:00,0.33245250000000004,0.33245250000000004,0.0,0.312,0.02045250000000004,0.11080107000000002,0.0,0.15,0.0,0.0,4.806337500000009e-05,4.806337500000009e-05,0.104
2025-06-09 06:45:00,0.4789425000000001,0.4789425000000001,0.0,0.532,-0.053057499999999924,0.10797886255319152,0.0,0.15,0.0,0.0,0.00014111037234042535,0.00014111037234042535,0.17733333333333334
2025-06-09 07:00:00,0.4789425000000001,0.4789425000000001,0.0,0.96,-0.15000261600000042,0.1,0.33105488399999944,0.15,0.33105488399999944,0.0,0.012813501277659555,0.00039894312765957564,0.2096483720000002
2025-06-09 07:15:00,0.4789425000000001,0.4789425000000001,0.0,0.52,0.0,0.1,0.041057499999999914,0.15,0.041057499999999914,0.0,0.0015396562499999968,0.0,0.15964750000000003
2025-06-09 07:30:00,0.4789425000000001,0.4789425000000001,0.0,0.268,0.2109425000000001,0.10991429750000001,0.0,0.15,0.0,0.0,0.0004957148750000002,0.0004957148750000002,0.08933333333333333
2025-06-09 07:45:00,0.5051625000000001,0.5051625000000001,0.0,0.244,0.2611625000000001,0.12218893500000001,0.0,0.15,0.0,0.0,0.0006137318750000001,0.0006137318750000001,0.08133333333333333
2025-06-09 08:00:00,0.5051625000000001,0.5051625000000001,0.0,0.232,0.2731625000000001,0.13502757250000003,0.0,0.15,0.0,0.0,0.0006419318750000002,0.0006419318750000002,0.07733333333333334
2025-06-09 08:15:00,0.5051625000000001,0.5051625000000001,0.0,0.244,0.2611625000000001,0.14730221000000002,0.0,0.15,0.0,0.0,0.0006137318750000001,0.0006137318750000001,0.08133333333333333
2025-06-09 08:30:00,0.5051625000000001,0.5051625000000001,0.0,0.256,0.24916250000000006,0.15901284750000003,0.0,0.15,0.0,0.0,0.0005855318750000001,0.0005855318750000001,0.08533333333333333
2025-06-09 08:45:00,0.8386125000000002,0.8386125000000001,0.0,0.284,0.5546125000000002,0.18507963500000002,0.0,0.15,0.0,0.0,0.0013033393750000002,0.0013033393750000002,0.09466666666666666
2025-06-09 09:00:00,0.8386125000000001,0.8386125000000001,0.0,0.272,0.5666125000000001,0.21171042250000002,0.0,0.15,0.0,0.0,0.001331539375,0.001331539375,0.09066666666666667
2025-06-09 09:15:00,0.8386125000000002,0.8386125000000001,0.0,0.292,0.5466125000000002,0.23740121000000003,0.0,0.15,0.0,0.0,0.0012845393750000004,0.0012845393750000004,0.09733333333333333
2025-06-09 09:30:00,0.8386125000000001,0.8386125000000001,0.0,0.344,0.4946125000000001,0.26064799750000006,0.0,0.15,0.0,0.0,0.0011623393750000003,0.0011623393750000003,0.11466666666666665
2025-06-09 09:45:00,0.6455250000000001,0.6455250000000001,0.0,0.292,0.35352500000000014,0.27726367250000006,0.0,0.15,0.0,0.0,0.0008307837500000002,0.0008307837500000002,0.09733333333333333
2025-06-09 10:00:00,0.6455250000000001,0.6455250000000001,0.0,0.304,0.34152500000000013,0.29331534750000005,0.0,0.15,0.0,0.0,0.0008025837500000002,0.0008025837500000002,0.10133333333333333
2025-06-09 10:15:00,0.6455250000000001,0.6455250000000001,0.0,0.276,0.3695250000000001,0.3106830225,0.0,0.15,0.0,0.0,0.0008683837500000003,0.0008683837500000003,0.09200000000000001
2025-06-09 10:30:00,0.6455250000000001,0.6455250000000001,0.0,0.28,0.3655250000000001,0.3278626975,0.0,0.15,0.0,0.0,0.0008589837500000002,0.0008589837500000002,0.09333333333333334
2025-06-09 10:45:00,1.0041975,1.0041975,0.0,0.38,0.6241975000000001,0.35719998000000003,0.0,0.15,0.0,0.0,0.001466864125,0.001466864125,0.12666666666666668
2025-06-09 11:00:00,1.0041975,1.0041975,0.0,0.34,0.6641975,0.3884172625000001,0.0,0.15,0.0,0.0,0.001560864125,0.001560864125,0.11333333333333334
2025-06-09 11:15:00,1.0041975,1.0041975,0.0,0.324,0.6801975,0.42038654500000006,0.0,0.15,0.0,0.0,0.0015984641250000001,0.0015984641250000001,0.108
2025-06-09 11:30:00,1.0041975,1.0041975,0.0,0.404,0.6001975,0.44859582750000004,0.0,0.15,0.0,0.0,0.0014104641249999999,0.0014104641249999999,0.13466666666666668
2025-06-09 11:45:00,1.4366850000000002,1.4366850000000002,0.0,0.492,0.9446850000000002,0.4929960225,0.0,0.15,0.0,0.0,0.0022200097500000007,0.0022200097500000007,0.164
2025-06-09 12:00:00,1.4366850000000002,1.4366850000000002,0.0,0.588,0.8486850000000002,0.5328842175,0.0,0.15,0.0,0.0,0.0019944097500000004,0.0019944097500000004,0.19599999999999998
2025-06-09 12:15:00,1.4366850000000002,1.4366850000000002,0.0,0.756,0.6806850000000002,0.5648764125000001,0.0,0.15,0.0,0.0,0.0015996097500000004,0.0015996097500000004,0.252
2025-06-09 12:30:00,1.4366850000000002,1.4366850000000002,0.0,0.6,0.8366850000000002,0.6042006075,0.0,0.15,0.0,0.0,0.0019662097500000005,0.0019662097500000005,0.19999999999999998
2025-06-09 12:45:00,1.631625,1.631625,0.0,0.636,0.9956250000000001,0.6509949825000001,0.0,0.15,0.0,0.0,0.0023397187500000002,0.0023397187500000002,0.212
2025-06-09 13:00:00,1.631625,1.631625,0.0,0.664,0.9676250000000001,0.6964733575000001,0.0,0.15,0.0,0.0,0.00227391875,0.00227391875,0.22133333333333335
2025-06-09 13:15:00,1.631625,1.631625,0.0,0.572,1.059625,0.7462757325,0.0,0.15,0.0,0.0,0.00249011875,0.00249011875,0.19066666666666665
2025-06-09 13:30:00,1.631625,1.631625,0.0,0.568,1.063625,0.7962661074999999,0.0,0.15,0.0,0.0,0.00249951875,0.00249951875,0.18933333333333333
2025-06-09 13:45:00,1.0479450000000001,1.0479450000000001,0.0,0.624,0.4239450000000001,0.8161915224999999,0.0,0.15,0.0,0.0,0.0009962707500000003,0.0009962707500000003,0.208
2025-06-09 14:00:00,1.0479450000000001,1.0479450000000001,0.0,0.504,0.5439450000000001,0.8417569374999999,0.0,0.15,0.0,0.0,0.0012782707500000002,0.0012782707500000002,0.168
2025-06-09 14:15:00,1.0479450000000001,1.0479450000000001,0.0,0.58,0.46794500000000017,0.8637503525,0.0,0.15,0.0,0.0,0.0010996707500000003,0.0010996707500000003,0.19333333333333333
2025-06-09 14:30:00,1.0479450000000001,1.0479450000000001,0.0,0.788,0.2599450000000001,0.8759677674999999,0.0,0.15,0.0,0.0,0.0006108707500000002,0.0006108707500000002,0.26266666666666666
2025-06-09 14:45:00,0.9878100000000002,0.9878100000000002,0.0,0.584,0.4038100000000002,0.8949468374999998,0.0,0.15,0.0,0.0,0.0009489535000000005,0.0009489535000000005,0.19466666666666665
2025-06-09 15:00:00,0.9878100000000002,0.9878100000000002,0.0,0.588,0.10751409574468386,0.9,-0.2922959042553164,0.15,0.0,0.2922959042553164,-0.0026703009175531567,0.00025265812500000704,0.29343196808510547
2025-06-09 15:15:00,0.9878100000000002,0.9878100000000002,0.0,0.58,0.0,0.9,-0.40781000000000023,0.15,0.0,0.40781000000000023,-0.004078100000000002,0.0,0.32927000000000006
2025-06-09 15:30:00,0.9878100000000002,0.9878100000000002,0.0,0.636,0.0,0.9,-0.3518100000000002,0.15,0.0,0.3518100000000002,-0.003518100000000002,0.0,0.32927000000000006
2025-06-09 15:45:00,0.8133900000000002,0.8133900000000002,0.0,0.548,0.0,0.9,-0.2653900000000001,0.15,0.0,0.2653900000000001,-0.002653900000000001,0.0,0.27113000000000004
2025-06-09 16:00:00,0.8133900000000002,0.8133900000000002,0.0,0.464,0.0,0.9,-0.34939000000000014,0.15,0.0,0.34939000000000014,-0.0034939000000000016,0.0,0.27113000000000004
2025-06-09 16:15:00,0.8133900000000002,0.8133900000000002,0.0,0.716,0.0,0.9,-0.0973900000000002,0.15,0.0,0.0973900000000002,-0.000973900000000002,0.0,0.27113000000000004
2025-06-09 16:30:00,0.8133900000000002,0.8133900000000002,0.0,0.656,0.0,0.9,-0.15739000000000014,0.15,0.0,0.15739000000000014,-0.0015739000000000013,0.0,0.27113000000000004
2025-06-09 16:45:00,0.46854,0.46854,0.0,0.6,-0.13145999999999997,0.8930074468085106,0.0,0.15,0.0,0.0,0.00034962765957446805,0.00034962765957446805,0.19999999999999998
2025-06-09 17:00:00,0.46854,0.46854,0.0,0.552,-0.08346000000000003,0.888568085106383,0.0,0.15,0.0,0.0,0.00022196808510638308,0.00022196808510638308,0.18400000000000002
2025-06-09 17:15:00,0.46854,0.46854,0.0,0.428,0.04054000000000002,0.890473465106383,0.0,0.15,0.0,0.0,9.526900000000005e-05,9.526900000000005e-05,0.14266666666666666
2025-06-09 17:30:00,0.46854,0.46854,0.0,0.48,-0.01145999999999997,0.889863890638298,0.0,0.15,0.0,0.0,3.0478723404255242e-05,3.0478723404255242e-05,0.16
2025-06-09 17:45:00,0.1463475,0.1463475,0.0,0.56,-0.4136525000000001,0.8678610980851065,0.0,0.15,0.0,0.0,0.0011001396276595747,0.0011001396276595747,0.18666666666666668
2025-06-09 18:00:00,0.1463475,0.1463475,0.0,0.656,-0.5096525000000001,0.8407519225531915,0.0,0.15,0.0,0.0,0.0013554587765957449,0.0013554587765957449,0.21866666666666668
2025-06-09 18:15:00,0.1463475,0.1463475,0.0,0.66,-0.5136525000000001,0.8134299810638298,0.0,0.15,0.0,0.0,0.0013660970744680853,0.0013660970744680853,0.22
2025-06-09 18:30:00,0.1463475,0.1463475,0.0,0.612,-0.4656525,0.7886612310638299,0.0,0.15,0.0,0.0,0.0012384375000000002,0.0012384375000000002,0.204
2025-06-09 18:45:00,0.019522500000000005,0.019522500000000005,0.0,0.856,-0.8364775,0.7441677470212766,0.0,0.15,0.0,0.0,0.00222467420212766,0.00222467420212766,0.2853333333333333
2025-06-09 19:00:00,0.019522500000000005,0.019522500000000005,0.0,0.872,-0.8524775,0.6988231991489362,0.0,0.15,0.0,0.0,0.0022672273936170215,0.0022672273936170215,0.2906666666666667
2025-06-09 19:15:00,0.019522500000000005,0.019522500000000005,0.0,0.764,-0.7444775,0.6592233321276597,0.0,0.15,0.0,0.0,0.0019799933510638297,0.0019799933510638297,0.25466666666666665
2025-06-09 19:30:00,0.019522500000000005,0.019522500000000005,0.0,0.884,-0.8644775,0.6132404863829788,0.0,0.15,0.0,0.0,0.0022991422872340427,0.0022991422872340427,0.2946666666666667
2025-06-09 19:45:00,0.0,0.0,0.0,2.428,-2.428,0.4840915502127661,0.0,0.15,0.0,0.0,0.006457446808510639,0.006457446808510639,0.8093333333333333
2025-06-09 20:00:00,0.0,0.0,0.0,3.308,-3.0,0.3245170821276597,0.30799999999999983,0.15,0.30799999999999983,0.0,0.019528723404255315,0.00797872340425532,1.0
2025-06-09 20:15:00,0.0,0.0,0.0,2.604,-2.604,0.18600644382978732,0.0,0.15,0.0,0.0,0.006925531914893618,0.006925531914893618,0.868
2025-06-09 20:30:00,0.0,0.0,0.0,2.24,-1.6169211440000018,0.1,0.6230788559999985,0.15,0.6230788559999985,0.0,0.027665779291489306,0.0043003221914893665,0.5389737146666672
2025-06-09 20:45:00,0.0,0.0,0.0,0.848,0.0,0.1,0.848,0.15,0.848,0.0,0.031799999999999995,0.0,0.0
2025-06-09 21:00:00,0.0,0.0,0.0,0.704,0.0,0.1,0.704,0.15,0.704,0.0,0.026399999999999996,0.0,0.0
2025-06-09 21:15:00,0.0,0.0,0.0,0.736,0.0,0.1,0.736,0.15,0.736,0.0,0.0276,0.0,0.0
2025-06-09 21:30:00,0.0,0.0,0.0,0.66,0.0,0.1,0.66,0.15,0.66,0.0,0.02475,0.0,0.0
2025-06-09 21:45:00,0.0,0.0,0.0,0.672,0.0,0.1,0.672,0.15,0.672,0.0,0.0252,0.0,0.0
2025-06-09 22:00:00,0.0,0.0,0.0,0.804,0.0,0.1,0.804,0.15,0.804,0.0,0.03015,0.0,0.0
2025-06-09 22:15:00,0.0,0.0,0.0,0.712,0.0,0.1,0.712,0.15,0.712,0.0,0.026699999999999998,0.0,0.0
2025-06-09 22:30:00,0.0,0.0,0.0,0.724,0.0,0.1,0.724,0.15,0.724,0.0,0.027149999999999997,0.0,0.0
2025-06-09 22:45:00,0.0,0.0,0.0,0.848,0.0,0.1,0.848,0.15,0.848,0.0,0.031799999999999995,0.0,0.0
2025-06-09 23:00:00,0.0,0.0,0.0,0.792,0.0,0.1,0.792,0.15,0.792,0.0,0.0297,0.0,0.0
2025-06-09 23:15:00,0.0,0.0,0.0,0.78,0.0,0.1,0.78,0.15,0.78,0.0,0.029249999999999998,0.0,0.0
2025-06-09 23:30:00,0.0,0.0,0.0,0.652,0.0,0.1,0.652,0.15,0.652,0.0,0.02445,0.0,0.0
2025-06-09 23:45:00,0.0,0.0,0.0,0.52,0.0,0.1,0.52,0.15,0.52,0.0,0.0195,0.0,0.0
2025-06-10 00:00:00,0.0,0.0,0.0,0.424,0.0,0.1,0.424,0.15,0.424,0.0,0.015899999999999997,0.0,0.0
2025-06-10 00:15:00,0.0,0.0,0.0,0.34,0.0,0.1,0.34,0.15,0.34,0.0,0.012750000000000001,0.0,0.0
2025-06-10 00:30:00,0.0,0.0,0.0,0.216,0.0,0.1,0.216,0.15,0.216,0.0,0.0081,0.0,0.0
2025-06-10 00:45:00,0.0,0.0,0.0,0.228,0.0,0.1,0.228,0.15,0.228,0.0,0.00855,0.0,0.0
2025-06-10 01:00:00,0.0,0.0,0.0,0.26,0.0,0.1,0.26,0.15,0.26,0.0,0.00975,0.0,0.0
2025-06-10 01:15:00,0.0,0.0,0.0,0.328,0.0,0.1,0.328,0.15,0.328,0.0,0.0123,0.0,0.0
2025-06-10 01:30:00,0.0,0.0,0.0,0.324,0.0,0.1,0.324,0.15,0.324,0.0,0.01215,0.0,0.0
2025-06-10 01:45:00,0.0,0.0,0.0,0.356,0.0,0.1,0.356,0.15,0.356,0.0,0.013349999999999999,0.0,0.0
2025-06-10 02:00:00,0.0,0.0,0.0,0.452,0.0,0.1,0.452,0.15,0.452,0.0,0.01695,0.0,0.0
2025-06-10 02:15:00,0.0,0.0,0.0,0.44,0.0,0.1,0.44,0.15,0.44,0.0,0.0165,0.0,0.0
2025-06-10 02:30:00,0.0,0.0,0.0,0.336,0.0,0.1,0.336,0.15,0.336,0.0,0.0126,0.0,0.0
2025-06-10 02:45:00,0.0,0.0,0.0,0.332,0.0,0.1,0.332,0.15,0.332,0.0,0.012450000000000001,0.0,0.0
2025-06-10 03:00:00,0.0,0.0,0.0,0.296,0.0,0.1,0.296,0.15,0.296,0.0,0.011099999999999999,0.0,0.0
2025-06-10 03:15:00,0.0,0.0,0.0,0.24,0.0,0.1,0.24,0.15,0.24,0.0,0.009,0.0,0.0
2025-06-10 03:30:00,0.0,0.0,0.0,0.248,0.0,0.1,0.248,0.15,0.248,0.0,0.0093,0.0,0.0
2025-06-10 03:45:00,0.0,0.0,0.0,0.248,0.0,0.1,0.248,0.15,0.248,0.0,0.0093,0.0,0.0
2025-06-10 04:00:00,0.0,0.0,0.0,0.292,0.0,0.1,0.292,0.15,0.292,0.0,0.01095,0.0,0.0
2025-06-10 04:15:00,0.0,0.0,0.0,1.944,0.0,0.1,1.944,0.15,1.944,0.0,0.07289999999999999,0.0,0.0
2025-06-10 04:30:00,0.0,0.0,0.0,0.684,0.0,0.1,0.684,0.15,0.684,0.0,0.025650000000000003,0.0,0.0
2025-06-10 04:45:00,0.058425000000000005,0.058425000000000005,0.0,1.416,0.0,0.1,1.357575,0.15,1.357575,0.0,0.0509090625,0.0,0.019475000000000003
2025-06-10 05:00:00,0.058425000000000005,0.058425000000000005,0.0,0.28,0.0,0.1,0.22157500000000002,0.15,0.22157500000000002,0.0,0.0083090625,0.0,0.019475000000000003
2025-06-10 05:15:00,0.058425000000000005,0.058425000000000005,0.0,0.252,0.0,0.1,0.193575,0.15,0.193575,0.0,0.0072590625,0.0,0.019475000000000003
2025-06-10 05:30:00,0.058425000000000005,0.058425000000000005,0.0,0.244,0.0,0.1,0.185575,0.15,0.185575,0.0,0.006959062499999999,0.0,0.019475000000000003
2025-06-10 05:45:00,0.5946525,0.5946525,0.0,0.3,0.29465250000000004,0.1138486675,0.0,0.15,0.0,0.0,0.000692433375,0.000692433375,0.09999999999999999
2025-06-10 06:00:00,0.5946525,0.5946525,0.0,0.292,0.30265250000000005,0.128073335,0.0,0.15,0.0,0.0,0.000711233375,0.000711233375,0.09733333333333333
2025-06-10 06:15:00,0.5946525,0.5946525,0.0,0.176,0.41865250000000004,0.14775000249999998,0.0,0.15,0.0,0.0,0.000983833375,0.000983833375,0.058666666666666666
2025-06-10 06:30:00,0.5946525,0.5946525,0.0,0.212,0.38265250000000006,0.16573467,0.0,0.15,0.0,0.0,0.0008992333750000001,0.0008992333750000001,0.07066666666666667
2025-06-10 06:45:00,1.18218,1.18218,0.0,0.296,0.88618,0.20738512999999997,0.0,0.15,0.0,0.0,0.0020825229999999998,0.0020825229999999998,0.09866666666666667
2025-06-10 07:00:00,1.18218,1.18218,0.0,0.208,0.97418,0.25317159,0.0,0.15,0.0,0.0,0.0022893230000000002,0.0022893230000000002,0.06933333333333333
2025-06-10 07:15:00,1.18218,1.18218,0.0,0.24,0.94218,0.29745404999999997,0.0,0.15,0.0,0.0,0.0022141229999999997,0.0022141229999999997,0.08
2025-06-10 07:30:00,1.18218,1.18218,0.0,0.284,0.89818,0.33966851,0.0,0.15,0.0,0.0,0.002110723,0.002110723,0.09466666666666666
2025-06-10 07:45:00,1.5023775000000001,1.5023775000000001,0.0,0.176,1.3263775000000002,0.40200825250000005,0.0,0.15,0.0,0.0,0.0031169871250000003,0.0031169871250000003,0.058666666666666666
2025-06-10 08:00:00,1.5023775000000001,1.5023775000000001,0.0,0.284,1.2183775000000001,0.45927199500000004,0.0,0.15,0.0,0.0,0.002863187125,0.002863187125,0.09466666666666666
2025-06-10 08:15:00,1.5023775000000001,1.5023775000000001,0.0,0.248,1.2543775000000001,0.5182277375,0.0,0.15,0.0,0.0,0.0029477871250000003,0.0029477871250000003,0.08266666666666667
2025-06-10 08:30:00,1.5023775000000001,1.5023775000000001,0.0,0.26,1.2423775000000001,0.57661948,0.0,0.15,0.0,0.0,0.002919587125,0.002919587125,0.08666666666666667
2025-06-10 08:45:00,1.66269,1.66269,0.0,0.352,1.3106900000000001,0.6382219100000001,0.0,0.15,0.0,0.0,0.0030801215000000005,0.0030801215000000005,0.11733333333333333
2025-06-10 09:00:00,1.66269,1.66269,0.0,0.316,1.34669,0.7015163400000001,0.0,0.15,0.0,0.0,0.0031647214999999994,0.0031647214999999994,0.10533333333333333
2025-06-10 09:15:00,1.66269,1.66269,0.0,0.3,1.36269,0.7655627700000001,0.0,0.15,0.0,0.0,0.0032023215,0.0032023215,0.09999999999999999
2025-06-10 09:30:00,1.66269,1.66269,0.0,0.264,1.39869,0.8313012000000001,0.0,0.15,0.0,0.0,0.0032869214999999997,0.0032869214999999997,0.08800000000000001
2025-06-10 09:45:00,1.6520025000000003,1.6520025000000003,0.0,0.22,1.4320025000000003,0.8986053175000001,0.0,0.15,0.0,0.0,0.0033652058750000004,0.0033652058750000004,0.07333333333333333
2025-06-10 10:00:00,1.6520025,1.6520025000000003,2.220446049250313e-16,0.3,0.029674095744680135,0.9,-1.3223284042553198,0.15,0.0,1.3223284042553198,-0.0131535499175532,6.973412499999831e-05,0.5407761347517733
2025-06-10 10:15:00,1.6520025,1.6520025000000003,2.220446049250313e-16,0.392,0.0,0.9,-1.2600025000000001,0.15,0.0,1.2600025000000001,-0.012600025,0.0,0.5506675
2025-06-10 10:30:00,1.6520025000000005,1.6520025000000003,0.0,0.58,0.0,0.9,-1.0720025000000004,0.15,0.0,1.0720025000000004,-0.010720025000000005,0.0,0.5506675000000002
2025-06-10 10:45:00,1.6710975000000001,1.6710975000000001,0.0,1.112,0.0,0.9,-0.5590975,0.15,0.0,0.5590975,-0.005590975000000001,0.0,0.5570325
2025-06-10 11:00:00,1.6710975000000001,1.6710975000000001,0.0,0.616,0.0,0.9,-1.0550975,0.15,0.0,1.0550975,-0.010550975,0.0,0.5570325
2025-06-10 11:15:00,1.6710975000000001,1.6710975000000001,0.0,0.576,0.0,0.9,-1.0950975,0.15,0.0,1.0950975,-0.010950975,0.0,0.5570325
2025-06-10 11:30:00,1.6710975000000001,1.6710975000000001,0.0,0.568,0.0,0.9,-1.1030975,0.15,0.0,1.1030975,-0.011030975,0.0,0.5570325
2025-06-10 11:45:00,1.3842450000000002,1.3842450000000002,0.0,0.568,0.0,0.9,-0.8162450000000002,0.15,0.0,0.8162450000000002,-0.008162450000000002,0.0,0.4614150000000001
2025-06-10 12:00:00,1.384245,1.3842450000000002,2.220446049250313e-16,0.348,0.0,0.9,-1.036245,0.15,0.0,1.036245,-0.01036245,0.0,0.46141499999999996
2025-06-10 12:15:00,1.3842450000000002,1.3842450000000002,0.0,1.868,-0.48375499999999994,0.8742683510638297,0.0,0.15,0.0,0.0,0.0012865824468085104,0.0012865824468085104,0.6226666666666667
2025-06-10 12:30:00,1.3842450000000002,1.3842450000000002,0.0,1.368,0.016245000000000065,0.8750318660638298,0.0,0.15,0.0,0.0,3.817575000000015e-05,3.817575000000015e-05,0.456
2025-06-10 12:45:00,1.3900875000000004,1.3900875000000004,0.0,0.88,0.5100875000000004,0.8990059785638298,0.0,0.15,0.0,0.0,0.0011987056250000008,0.0011987056250000008,0.29333333333333333
2025-06-10 13:00:00,1.3900875000000004,1.3900875000000004,0.0,0.404,0.021149392258940435,0.9,-0.9649381077410599,0.15,0.0,0.9649381077410599,-0.00959968000560209,4.970107180851002e-05,0.45631270258035334
2025-06-10 13:15:00,1.3900875000000004,1.3900875000000004,0.0,0.848,0.0,0.9,-0.5420875000000004,0.15,0.0,0.5420875000000004,-0.005420875000000004,0.0,0.4633625000000001
2025-06-10 13:30:00,1.3900875000000004,1.3900875000000004,0.0,0.564,0.0,0.9,-0.8260875000000004,0.15,0.0,0.8260875000000004,-0.008260875000000004,0.0,0.4633625000000001
2025-06-10 13:45:00,1.3765500000000002,1.3765500000000002,0.0,0.516,0.0,0.9,-0.8605500000000001,0.15,0.0,0.8605500000000001,-0.008605500000000002,0.0,0.45885000000000004
2025-06-10 14:00:00,1.3765500000000002,1.3765500000000002,0.0,0.608,0.0,0.9,-0.7685500000000002,0.15,0.0,0.7685500000000002,-0.007685500000000002,0.0,0.45885000000000004
2025-06-10 14:15:00,1.3765500000000002,1.3765500000000002,0.0,0.744,0.0,0.9,-0.6325500000000002,0.15,0.0,0.6325500000000002,-0.006325500000000002,0.0,0.45885000000000004
2025-06-10 14:30:00,1.3765500000000002,1.3765500000000002,0.0,1.02,0.0,0.9,-0.35655000000000014,0.15,0.0,0.35655000000000014,-0.0035655000000000014,0.0,0.45885000000000004
2025-06-10 14:45:00,1.5998475000000003,1.5998475000000003,0.0,0.8,0.0,0.9,-0.7998475000000003,0.15,0.0,0.7998475000000003,-0.007998475000000003,0.0,0.5332825000000001
2025-06-10 15:00:00,1.5998475000000003,1.5998475000000003,0.0,0.644,0.0,0.9,-0.9558475000000003,0.15,0.0,0.9558475000000003,-0.009558475000000004,0.0,0.5332825000000001
2025-06-10 15:15:00,1.5998475000000003,1.5998475000000003,0.0,0.62,0.0,0.9,-0.9798475000000003,0.15,0.0,0.9798475000000003,-0.009798475000000003,0.0,0.5332825000000001
2025-06-10 15:30:00,1.5998475000000005,1.5998475000000003,0.0,0.58,0.0,0.9,-1.0198475000000005,0.15,0.0,1.0198475000000005,-0.010198475000000005,0.0,0.5332825000000002
2025-06-10 15:45:00,1.5800400000000001,1.5800400000000001,0.0,0.524,0.0,0.9,-1.05604,0.15,0.0,1.05604,-0.010560400000000001,0.0,0.52668
2025-06-10 16:00:00,1.5800400000000001,1.5800400000000001,0.0,0.744,0.0,0.9,-0.8360400000000001,0.15,0.0,0.8360400000000001,-0.008360400000000002,0.0,0.52668
2025-06-10 16:15:00,1.5800400000000001,1.5800400000000001,0.0,0.752,0.0,0.9,-0.8280400000000001,0.15,0.0,0.8280400000000001,-0.008280400000000002,0.0,0.52668
2025-06-10 16:30:00,1.5800400000000001,1.5800400000000001,0.0,0.752,0.0,0.9,-0.8280400000000001,0.15,0.0,0.8280400000000001,-0.008280400000000002,0.0,0.52668
2025-06-10 16:45:00,1.249725,1.249725,0.0,0.748,0.0,0.9,-0.501725,0.15,0.0,0.501725,-0.00501725,0.0,0.416575
2025-06-10 17:00:00,1.249725,1.249725,0.0,1.656,-0.40627499999999994,0.8783896276595744,0.0,0.15,0.0,0.0,0.0010805186170212765,0.0010805186170212765,0.5519999999999999
2025-06-10 17:15:00,1.249725,1.249725,0.0,1.708,-0.458275,0.8540132978723405,0.0,0.15,0.0,0.0,0.0012188164893617022,0.0012188164893617022,0.5693333333333334
2025-06-10 17:30:00,1.249725,1.249725,0.0,0.768,0.48172499999999996,0.8766543728723404,0.0,0.15,0.0,0.0,0.0011320537499999999,0.0011320537499999999,0.256
2025-06-10 17:45:00,0.9630150000000001,0.9630150000000001,0.0,0.952,0.011015000000000108,0.8771720778723404,0.0,0.15,0.0,0.0,2.588525000000025e-05,2.588525000000025e-05,0.3173333333333333
2025-06-10 18:00:00,0.9630150000000001,0.9630150000000001,0.0,1.4,-0.43698499999999985,0.8539281948936169,0.0,0.15,0.0,0.0,0.00116219414893617,0.00116219414893617,0.4666666666666666
2025-06-10 18:15:00,0.9630150000000001,0.9630150000000001,0.0,1.136,-0.17298499999999983,0.844726865106383,0.0,0.15,0.0,0.0,0.00046006648936170174,0.00046006648936170174,0.37866666666666665
2025-06-10 18:30:00,0.9630150000000001,0.9630150000000001,0.0,1.08,-0.116985,0.8385042587234043,0.0,0.15,0.0,0.0,0.00031113031914893624,0.00031113031914893624,0.36000000000000004
2025-06-10 18:45:00,0.2908425,0.2908425,0.0,0.832,-0.5411575,0.809719285319149,0.0,0.15,0.0,0.0,0.001439248670212766,0.001439248670212766,0.2773333333333333
2025-06-10 19:00:00,0.2908425,0.2908425,0.0,0.948,-0.6571575,0.7747640991489363,0.0,0.15,0.0,0.0,0.0017477593085106382,0.0017477593085106382,0.316
2025-06-10 19:15:00,0.2908425,0.2908425,0.0,0.768,-0.4771575,0.74938338106383,0.0,0.15,0.0,0.0,0.0012690359042553192,0.0012690359042553192,0.256
2025-06-10 19:30:00,0.2908425,0.2908425,0.0,0.732,-0.4411575,0.7259175565957448,0.0,0.15,0.0,0.0,0.0011732912234042553,0.0011732912234042553,0.244
2025-06-10 19:45:00,0.0007125000000000001,0.0007125000000000001,0.0,0.736,-0.7352875,0.6868065193617022,0.0,0.15,0.0,0.0,0.001955551861702128,0.001955551861702128,0.24533333333333332
2025-06-10 20:00:00,0.0007125000000000001,0.0007125000000000001,0.0,0.792,-0.7912875,0.6447167587234044,0.0,0.15,0.0,0.0,0.0021044880319148937,0.0021044880319148937,0.264
2025-06-10 20:15:00,0.0007125000000000001,0.0007125000000000001,0.0,0.872,-0.8712875,0.5983716789361704,0.0,0.15,0.0,0.0,0.0023172539893617024,0.0023172539893617024,0.2906666666666667
2025-06-10 20:30:00,0.0007125000000000001,0.0007125000000000001,0.0,0.852,-0.8512875,0.5530904289361703,0.0,0.15,0.0,0.0,0.0022640625,0.0022640625,0.284
2025-06-10 20:45:00,0.0,0.0,0.0,2.392,-2.392,0.42585638638297885,0.0,0.15,0.0,0.0,0.006361702127659574,0.006361702127659574,0.7973333333333333
2025-06-10 21:00:00,0.0,0.0,0.0,1.224,-1.224,0.36075000340425545,0.0,0.15,0.0,0.0,0.0032553191489361707,0.0032553191489361707,0.408
2025-06-10 21:15:00,0.0,0.0,0.0,0.68,-0.68,0.324579790638298,0.0,0.15,0.0,0.0,0.0018085106382978724,0.0018085106382978724,0.22666666666666668
2025-06-10 21:30:00,0.0,0.0,0.0,0.58,-0.58,0.29372872680851075,0.0,0.15,0.0,0.0,0.0015425531914893618,0.0015425531914893618,0.19333333333333333
2025-06-10 21:45:00,0.0,0.0,0.0,0.54,-0.54,0.2650053225531916,0.0,0.15,0.0,0.0,0.0014361702127659577,0.0014361702127659577,0.18000000000000002
2025-06-10 22:00:00,0.0,0.0,0.0,0.456,-0.456,0.24075000340425542,0.0,0.15,0.0,0.0,0.0012127659574468087,0.0012127659574468087,0.152
2025-06-10 22:15:00,0.0,0.0,0.0,0.604,-0.604,0.20862234382978734,0.0,0.15,0.0,0.0,0.0016063829787234044,0.0016063829787234044,0.20133333333333334
2025-06-10 22:30:00,0.0,0.0,0.0,0.584,-0.584,0.1775585140425533,0.0,0.15,0.0,0.0,0.0015531914893617022,0.0015531914893617022,0.19466666666666665
2025-06-10 22:45:00,0.0,0.0,0.0,0.648,-0.648,0.1430904289361703,0.0,0.15,0.0,0.0,0.0017234042553191493,0.0017234042553191493,0.216
2025-06-10 23:00:00,0.0,0.0,0.0,0.644,-0.644,0.10883510978723412,0.0,0.15,0.0,0.0,0.001712765957446809,0.001712765957446809,0.21466666666666667
2025-06-10 23:15:00,0.0,0.0,0.0,0.72,-0.16610006400000144,0.1,0.5538999359999985,0.15,0.5538999359999985,0.0,0.02121300308936165,0.00044175548936170594,0.055366688000000476
2025-06-10 23:30:00,0.0,0.0,0.0,0.74,0.0,0.1,0.74,0.15,0.74,0.0,0.02775,0.0,0.0
2025-06-10 23:45:00,0.0,0.0,0.0,0.756,0.0,0.1,0.756,0.15,0.756,0.0,0.02835,0.0,0.0
2025-06-11 00:00:00,0.0,0.0,0.0,0.696,0.0,0.1,0.696,0.15,0.696,0.0,0.026099999999999998,0.0,0.0
2025-06-11 00:15:00,0.0,0.0,0.0,0.64,0.0,0.1,0.64,0.15,0.64,0.0,0.024,0.0,0.0
2025-06-11 00:30:00,0.0,0.0,0.0,0.62,0.0,0.1,0.62,0.15,0.62,0.0,0.02325,0.0,0.0
2025-06-11 00:45:00,0.0,0.0,0.0,0.62,0.0,0.1,0.62,0.15,0.62,0.0,0.02325,0.0,0.0
2025-06-11 01:00:00,0.0,0.0,0.0,1.972,0.0,0.1,1.972,0.15,1.972,0.0,0.07395,0.0,0.0
2025-06-11 01:15:00,0.0,0.0,0.0,1.252,0.0,0.1,1.252,0.15,1.252,0.0,0.04695,0.0,0.0
2025-06-11 01:30:00,0.0,0.0,0.0,1.712,0.0,0.1,1.712,0.15,1.712,0.0,0.0642,0.0,0.0
2025-06-11 01:45:00,0.0,0.0,0.0,0.672,0.0,0.1,0.672,0.15,0.672,0.0,0.0252,0.0,0.0
2025-06-11 02:00:00,0.0,0.0,0.0,0.36,0.0,0.1,0.36,0.15,0.36,0.0,0.0135,0.0,0.0
2025-06-11 02:15:00,0.0,0.0,0.0,0.384,0.0,0.1,0.384,0.15,0.384,0.0,0.0144,0.0,0.0
2025-06-11 02:30:00,0.0,0.0,0.0,0.412,0.0,0.1,0.412,0.15,0.412,0.0,0.015449999999999998,0.0,0.0
2025-06-11 02:45:00,0.0,0.0,0.0,0.368,0.0,0.1,0.368,0.15,0.368,0.0,0.0138,0.0,0.0
2025-06-11 03:00:00,0.0,0.0,0.0,0.328,0.0,0.1,0.328,0.15,0.328,0.0,0.0123,0.0,0.0
2025-06-11 03:15:00,0.0,0.0,0.0,0.348,0.0,0.1,0.348,0.15,0.348,0.0,0.013049999999999999,0.0,0.0
2025-06-11 03:30:00,0.0,0.0,0.0,0.356,0.0,0.1,0.356,0.15,0.356,0.0,0.013349999999999999,0.0,0.0
2025-06-11 03:45:00,0.0,0.0,0.0,0.34,0.0,0.1,0.34,0.15,0.34,0.0,0.012750000000000001,0.0,0.0
2025-06-11 04:00:00,0.0,0.0,0.0,0.3,0.0,0.1,0.3,0.15,0.3,0.0,0.01125,0.0,0.0
2025-06-11 04:15:00,0.0,0.0,0.0,0.28,0.0,0.1,0.28,0.15,0.28,0.0,0.0105,0.0,0.0
2025-06-11 04:30:00,0.0,0.0,0.0,0.208,0.0,0.1,0.208,0.15,0.208,0.0,0.0078,0.0,0.0
2025-06-11 04:45:00,0.013110000000000002,0.013110000000000002,0.0,0.232,0.0,0.1,0.21889,0.15,0.21889,0.0,0.008208375,0.0,0.004370000000000001
2025-06-11 05:00:00,0.013110000000000002,0.013110000000000002,0.0,0.26,0.0,0.1,0.24689,0.15,0.24689,0.0,0.009258375,0.0,0.004370000000000001
2025-06-11 05:15:00,0.013110000000000002,0.013110000000000002,0.0,0.268,0.0,0.1,0.25489,0.15,0.25489,0.0,0.009558375,0.0,0.004370000000000001
2025-06-11 05:30:00,0.013110000000000002,0.013110000000000002,0.0,0.264,0.0,0.1,0.25089,0.15,0.25089,0.0,0.009408375,0.0,0.004370000000000001
2025-06-11 05:45:00,0.44232000000000005,0.44232000000000005,0.0,0.2,0.24232000000000004,0.11138904000000001,0.0,0.15,0.0,0.0,0.0005694520000000001,0.0005694520000000001,0.06666666666666667
2025-06-11 06:00:00,0.44232000000000005,0.44232000000000005,0.0,0.236,0.20632000000000006,0.12108608000000001,0.0,0.15,0.0,0.0,0.00048485200000000013,0.00048485200000000013,0.07866666666666666
2025-06-11 06:15:00,0.44232000000000005,0.44232000000000005,0.0,0.24,0.20232000000000006,0.13059512,0.0,0.15,0.0,0.0,0.0004754520000000001,0.0004754520000000001,0.08
2025-06-11 06:30:00,0.44232000000000005,0.44232000000000005,0.0,0.216,0.22632000000000005,0.14123216,0.0,0.15,0.0,0.0,0.0005318520000000001,0.0005318520000000001,0.072
2025-06-11 06:45:00,1.1478375,1.1478375,0.0,0.172,0.9758375000000001,0.18709652250000003,0.0,0.15,0.0,0.0,0.0022932181250000004,0.0022932181250000004,0.057333333333333326
2025-06-11 07:00:00,1.1478375,1.1478375,0.0,0.2,0.9478375000000001,0.23164488500000005,0.0,0.15,0.0,0.0,0.0022274181250000005,0.0022274181250000005,0.06666666666666667
2025-06-11 07:15:00,1.1478375,1.1478375,0.0,0.208,0.9398375000000001,0.27581724750000003,0.0,0.15,0.0,0.0,0.0022086181250000002,0.0022086181250000002,0.06933333333333333
2025-06-11 07:30:00,1.1478375,1.1478375,0.0,0.192,0.9558375000000001,0.32074161000000007,0.0,0.15,0.0,0.0,0.0022462181250000003,0.0022462181250000003,0.064
2025-06-11 07:45:00,1.479435,1.479435,0.0,0.188,1.291435,0.3814390550000001,0.0,0.15,0.0,0.0,0.0030348722500000004,0.0030348722500000004,0.06266666666666666
2025-06-11 08:00:00,1.479435,1.479435,0.0,0.22,1.259435,0.4406325000000001,0.0,0.15,0.0,0.0,0.00295967225,0.00295967225,0.07333333333333333
2025-06-11 08:15:00,1.479435,1.479435,0.0,0.24,1.239435,0.49888594500000005,0.0,0.15,0.0,0.0,0.00291267225,0.00291267225,0.08
2025-06-11 08:30:00,1.479435,1.479435,0.0,0.228,1.251435,0.5577033900000001,0.0,0.15,0.0,0.0,0.00294087225,0.00294087225,0.076
2025-06-11 08:45:00,1.6005599999999998,1.60056,2.220446049250313e-16,0.388,1.2125599999999999,0.6146937100000001,0.0,0.15,0.0,0.0,0.002849516,0.002849516,0.12933333333333333
2025-06-11 09:00:00,1.60056,1.60056,0.0,0.332,1.26856,0.6743160300000001,0.0,0.15,0.0,0.0,0.002981116,0.002981116,0.11066666666666668
2025-06-11 09:15:00,1.60056,1.60056,0.0,0.228,1.37256,0.7388263500000001,0.0,0.15,0.0,0.0,0.003225516,0.003225516,0.076
2025-06-11 09:30:00,1.60056,1.60056,0.0,0.252,1.34856,0.8022086700000001,0.0,0.15,0.0,0.0,0.0031691159999999996,0.0031691159999999996,0.084
2025-06-11 09:45:00,1.6504350000000003,1.6504350000000003,0.0,0.296,1.3544350000000003,0.8658671150000001,0.0,0.15,0.0,0.0,0.0031829222500000007,0.0031829222500000007,0.09866666666666667
2025-06-11 10:00:00,1.6504350000000003,1.6504350000000003,0.0,0.344,0.7262315957446771,0.9,-0.5802034042553234,0.15,0.0,0.5802034042553234,-0.004095389792553242,0.0017066442499999912,0.3080678014184411
2025-06-11 10:15:00,1.6504350000000003,1.6504350000000003,0.0,0.348,0.0,0.9,-1.3024350000000005,0.15,0.0,1.3024350000000005,-0.013024350000000004,0.0,0.5501450000000001
2025-06-11 10:30:00,1.6504350000000003,1.6504350000000003,0.0,0.472,0.0,0.9,-1.1784350000000003,0.15,0.0,1.1784350000000003,-0.011784350000000004,0.0,0.5501450000000001
2025-06-11 10:45:00,1.69347,1.6934700000000003,2.220446049250313e-16,0.368,0.0,0.9,-1.3254700000000001,0.15,0.0,1.3254700000000001,-0.013254700000000001,0.0,0.56449
2025-06-11 11:00:00,1.69347,1.6934700000000003,2.220446049250313e-16,0.368,0.0,0.9,-1.3254700000000001,0.15,0.0,1.3254700000000001,-0.013254700000000001,0.0,0.56449
2025-06-11 11:15:00,1.69347,1.6934700000000003,2.220446049250313e-16,0.344,0.0,0.9,-1.3494700000000002,0.15,0.0,1.3494700000000002,-0.013494700000000002,0.0,0.56449
2025-06-11 11:30:00,1.6934700000000003,1.6934700000000003,0.0,0.312,0.0,0.9,-1.3814700000000002,0.15,0.0,1.3814700000000002,-0.013814700000000003,0.0,0.56449
2025-06-11 11:45:00,1.6966050000000004,1.6966050000000004,0.0,0.36,0.0,0.9,-1.3366050000000005,0.15,0.0,1.3366050000000005,-0.013366050000000004,0.0,0.5655350000000001
2025-06-11 12:00:00,1.6966050000000004,1.6966050000000004,0.0,0.42,0.0,0.9,-1.2766050000000004,0.15,0.0,1.2766050000000004,-0.012766050000000004,0.0,0.5655350000000001
2025-06-11 12:15:00,1.6966050000000004,1.6966050000000004,0.0,0.476,0.0,0.9,-1.2206050000000004,0.15,0.0,1.2206050000000004,-0.012206050000000005,0.0,0.5655350000000001
2025-06-11 12:30:00,1.6966050000000004,1.6966050000000004,0.0,0.368,0.0,0.9,-1.3286050000000005,0.15,0.0,1.3286050000000005,-0.013286050000000006,0.0,0.5655350000000001
2025-06-11 12:45:00,1.6910475000000003,1.6910475000000003,0.0,0.38,0.0,0.9,-1.3110475000000004,0.15,0.0,1.3110475000000004,-0.013110475000000003,0.0,0.5636825000000001
2025-06-11 13:00:00,1.6910475000000003,1.6910475000000003,0.0,0.42,0.0,0.9,-1.2710475000000003,0.15,0.0,1.2710475000000003,-0.012710475000000004,0.0,0.5636825000000001
2025-06-11 13:15:00,1.6910475000000003,1.6910475000000003,0.0,0.444,0.0,0.9,-1.2470475000000003,0.15,0.0,1.2470475000000003,-0.012470475000000003,0.0,0.5636825000000001
2025-06-11 13:30:00,1.6910475000000003,1.6910475000000003,0.0,0.396,0.0,0.9,-1.2950475000000004,0.15,0.0,1.2950475000000004,-0.012950475000000003,0.0,0.5636825000000001
2025-06-11 13:45:00,1.68948,1.68948,0.0,0.372,0.0,0.9,-1.3174800000000002,0.15,0.0,1.3174800000000002,-0.013174800000000002,0.0,0.56316
2025-06-11 14:00:00,1.68948,1.68948,0.0,0.5,0.0,0.9,-1.18948,0.15,0.0,1.18948,-0.0118948,0.0,0.56316
2025-06-11 14:15:00,1.68948,1.68948,0.0,0.704,0.0,0.9,-0.9854800000000001,0.15,0.0,0.9854800000000001,-0.009854800000000002,0.0,0.56316
2025-06-11 14:30:00,1.68948,1.68948,0.0,1.08,0.0,0.9,-0.60948,0.15,0.0,0.60948,-0.0060948,0.0,0.56316
2025-06-11 14:45:00,1.647585,1.647585,0.0,1.076,0.0,0.9,-0.571585,0.15,0.0,0.571585,-0.005715850000000001,0.0,0.549195
2025-06-11 15:00:00,1.6475850000000003,1.647585,0.0,0.612,0.0,0.9,-1.0355850000000002,0.15,0.0,1.0355850000000002,-0.010355850000000002,0.0,0.5491950000000001
2025-06-11 15:15:00,1.647585,1.647585,0.0,0.684,0.0,0.9,-0.963585,0.15,0.0,0.963585,-0.00963585,0.0,0.549195
2025-06-11 15:30:00,1.647585,1.647585,0.0,0.496,0.0,0.9,-1.151585,0.15,0.0,1.151585,-0.011515850000000001,0.0,0.549195
2025-06-11 15:45:00,1.5414225000000001,1.5414225000000001,0.0,0.548,0.0,0.9,-0.9934225000000001,0.15,0.0,0.9934225000000001,-0.009934225000000001,0.0,0.5138075000000001
2025-06-11 16:00:00,1.5414225000000001,1.5414225000000001,0.0,1.02,0.0,0.9,-0.5214225000000001,0.15,0.0,0.5214225000000001,-0.005214225000000001,0.0,0.5138075000000001
2025-06-11 16:15:00,1.5414225000000001,1.5414225000000001,0.0,1.3,0.0,0.9,-0.2414225000000001,0.15,0.0,0.2414225000000001,-0.002414225000000001,0.0,0.5138075000000001
2025-06-11 16:30:00,1.5414225000000001,1.5414225000000001,0.0,1.204,0.0,0.9,-0.3374225000000002,0.15,0.0,0.3374225000000002,-0.003374225000000002,0.0,0.5138075000000001
2025-06-11 16:45:00,1.3487625,1.3487625,0.0,0.88,0.0,0.9,-0.4687625000000001,0.15,0.0,0.4687625000000001,-0.004687625000000001,0.0,0.44958750000000003
2025-06-11 17:00:00,1.3487625,1.3487625,0.0,1.016,0.0,0.9,-0.33276250000000007,0.15,0.0,0.33276250000000007,-0.0033276250000000007,0.0,0.44958750000000003
2025-06-11 17:15:00,1.3487625,1.3487625,0.0,0.976,0.0,0.9,-0.3727625000000001,0.15,0.0,0.3727625000000001,-0.0037276250000000013,0.0,0.44958750000000003
2025-06-11 17:30:00,1.3487625,1.3487625,0.0,1.08,0.0,0.9,-0.2687625,0.15,0.0,0.2687625,-0.0026876250000000003,0.0,0.44958750000000003
2025-06-11 17:45:00,0.9556050000000001,0.9556050000000001,0.0,0.208,0.0,0.9,-0.7476050000000002,0.15,0.0,0.7476050000000002,-0.007476050000000002,0.0,0.31853500000000007
2025-06-11 18:00:00,0.9556050000000001,0.9556050000000001,0.0,0.236,0.0,0.9,-0.7196050000000002,0.15,0.0,0.7196050000000002,-0.007196050000000002,0.0,0.31853500000000007
2025-06-11 18:15:00,0.9556050000000001,0.9556050000000001,0.0,0.472,0.0,0.9,-0.4836050000000002,0.15,0.0,0.4836050000000002,-0.0048360500000000015,0.0,0.31853500000000007
2025-06-11 18:30:00,0.955605,0.9556050000000001,1.1102230246251565e-16,0.42,0.0,0.9,-0.5356050000000001,0.15,0.0,0.5356050000000001,-0.005356050000000001,0.0,0.318535
2025-06-11 18:45:00,0.29882250000000005,0.29882250000000005,0.0,0.424,-0.12517749999999994,0.8933416223404255,0.0,0.15,0.0,0.0,0.0003329188829787233,0.0003329188829787233,0.14133333333333334
2025-06-11 19:00:00,0.29882250000000005,0.29882250000000005,0.0,0.416,-0.11717749999999993,0.8871087765957446,0.0,0.15,0.0,0.0,0.0003116422872340424,0.0003116422872340424,0.13866666666666666
2025-06-11 19:15:00,0.29882250000000005,0.29882250000000005,0.0,0.356,-0.05717749999999994,0.8840674202127659,0.0,0.15,0.0,0.0,0.00015206781914893603,0.00015206781914893603,0.11866666666666666
2025-06-11 19:30:00,0.29882250000000005,0.29882250000000005,0.0,0.396,-0.09717749999999997,0.8788984042553191,0.0,0.15,0.0,0.0,0.0002584507978723404,0.0002584507978723404,0.132
2025-06-11 19:45:00,0.0,0.0,0.0,0.52,-0.52,0.851238829787234,0.0,0.15,0.0,0.0,0.0013829787234042553,0.0013829787234042553,0.17333333333333334
2025-06-11 20:00:00,0.0,0.0,0.0,0.544,-0.544,0.8223026595744679,0.0,0.15,0.0,0.0,0.001446808510638298,0.001446808510638298,0.18133333333333335
2025-06-11 20:15:00,0.0,0.0,0.0,0.6,-0.6,0.7903877659574466,0.0,0.15,0.0,0.0,0.001595744680851064,0.001595744680851064,0.19999999999999998
2025-06-11 20:30:00,0.0,0.0,0.0,0.892,-0.892,0.7429409574468083,0.0,0.15,0.0,0.0,0.002372340425531915,0.002372340425531915,0.29733333333333334
2025-06-11 20:45:00,0.0,0.0,0.0,0.54,-0.54,0.7142175531914892,0.0,0.15,0.0,0.0,0.0014361702127659577,0.0014361702127659577,0.18000000000000002
2025-06-11 21:00:00,0.0,0.0,0.0,0.576,-0.576,0.6835792553191486,0.0,0.15,0.0,0.0,0.0015319148936170212,0.0015319148936170212,0.19199999999999998
2025-06-11 21:15:00,0.0,0.0,0.0,0.62,-0.62,0.6506005319148934,0.0,0.15,0.0,0.0,0.0016489361702127661,0.0016489361702127661,0.20666666666666667
2025-06-11 21:30:00,0.0,0.0,0.0,0.612,-0.612,0.6180473404255318,0.0,0.15,0.0,0.0,0.0016276595744680853,0.0016276595744680853,0.204
2025-06-11 21:45:00,0.0,0.0,0.0,0.708,-0.708,0.5803877659574466,0.0,0.15,0.0,0.0,0.0018829787234042553,0.0018829787234042553,0.236
2025-06-11 22:00:00,0.0,0.0,0.0,0.78,-0.78,0.5388984042553189,0.0,0.15,0.0,0.0,0.002074468085106383,0.002074468085106383,0.26
2025-06-11 22:15:00,0.0,0.0,0.0,0.836,-0.836,0.4944303191489359,0.0,0.15,0.0,0.0,0.002223404255319149,0.002223404255319149,0.2786666666666667
2025-06-11 22:30:00,0.0,0.0,0.0,0.616,-0.616,0.4616643617021274,0.0,0.15,0.0,0.0,0.0016382978723404257,0.0016382978723404257,0.20533333333333334
2025-06-11 22:45:00,0.0,0.0,0.0,0.72,-0.72,0.42336648936170185,0.0,0.15,0.0,0.0,0.0019148936170212767,0.0019148936170212767,0.24
2025-06-11 23:00:00,0.0,0.0,0.0,0.62,-0.62,0.3903877659574465,0.0,0.15,0.0,0.0,0.0016489361702127661,0.0016489361702127661,0.20666666666666667
2025-06-11 23:15:00,0.0,0.0,0.0,0.608,-0.608,0.35804734042553166,0.0,0.15,0.0,0.0,0.0016170212765957447,0.0016170212765957447,0.20266666666666666
2025-06-11 23:30:00,0.0,0.0,0.0,0.724,-0.724,0.3195367021276593,0.0,0.15,0.0,0.0,0.001925531914893617,0.001925531914893617,0.24133333333333332
2025-06-11 23:45:00,0.0,0.0,0.0,0.744,-0.744,0.2799622340425529,0.0,0.15,0.0,0.0,0.0019787234042553193,0.0019787234042553193,0.248
2025-06-12 00:00:00,0.0,0.0,0.0,0.736,-0.736,0.24081329787234013,0.0,0.15,0.0,0.0,0.0019574468085106385,0.0019574468085106385,0.24533333333333332
2025-06-12 00:15:00,0.0,0.0,0.0,0.74,-0.74,0.20145159574468052,0.0,0.15,0.0,0.0,0.001968085106382979,0.001968085106382979,0.24666666666666667
2025-06-12 00:30:00,0.0,0.0,0.0,0.736,-0.736,0.16230265957446774,0.0,0.15,0.0,0.0,0.0019574468085106385,0.0019574468085106385,0.24533333333333332
2025-06-12 00:45:00,0.0,0.0,0.0,0.78,-0.78,0.12081329787234008,0.0,0.15,0.0,0.0,0.002074468085106383,0.002074468085106383,0.26
2025-06-12 01:00:00,0.0,0.0,0.0,0.756,-0.39128999999999337,0.1,0.36471000000000664,0.15,0.36471000000000664,0.0,0.014717289893617253,0.0010406648936170037,0.1304299999999978
2025-06-12 01:15:00,0.0,0.0,0.0,0.716,0.0,0.1,0.716,0.15,0.716,0.0,0.02685,0.0,0.0
2025-06-12 01:30:00,0.0,0.0,0.0,0.688,0.0,0.1,0.688,0.15,0.688,0.0,0.025799999999999997,0.0,0.0
2025-06-12 01:45:00,0.0,0.0,0.0,1.824,0.0,0.1,1.824,0.15,1.824,0.0,0.0684,0.0,0.0
2025-06-12 02:00:00,0.0,0.0,0.0,1.18,0.0,0.1,1.18,0.15,1.18,0.0,0.04425,0.0,0.0
2025-06-12 02:15:00,0.0,0.0,0.0,0.688,0.0,0.1,0.688,0.15,0.688,0.0,0.025799999999999997,0.0,0.0
2025-06-12 02:30:00,0.0,0.0,0.0,0.364,0.0,0.1,0.364,0.15,0.364,0.0,0.013649999999999999,0.0,0.0
2025-06-12 02:45:00,0.0,0.0,0.0,0.368,0.0,0.1,0.368,0.15,0.368,0.0,0.0138,0.0,0.0
2025-06-12 03:00:00,0.0,0.0,0.0,0.46,0.0,0.1,0.46,0.15,0.46,0.0,0.01725,0.0,0.0
2025-06-12 03:15:00,0.0,0.0,0.0,0.428,0.0,0.1,0.428,0.15,0.428,0.0,0.01605,0.0,0.0
2025-06-12 03:30:00,0.0,0.0,0.0,0.384,0.0,0.1,0.384,0.15,0.384,0.0,0.0144,0.0,0.0
2025-06-12 03:45:00,0.0,0.0,0.0,0.364,0.0,0.1,0.364,0.15,0.364,0.0,0.013649999999999999,0.0,0.0
2025-06-12 04:00:00,0.0,0.0,0.0,0.352,0.0,0.1,0.352,0.15,0.352,0.0,0.013199999999999998,0.0,0.0
2025-06-12 04:15:00,0.0,0.0,0.0,0.312,0.0,0.1,0.312,0.15,0.312,0.0,0.0117,0.0,0.0
2025-06-12 04:30:00,0.0,0.0,0.0,0.272,0.0,0.1,0.272,0.15,0.272,0.0,0.0102,0.0,0.0
2025-06-12 04:45:00,0.0494475,0.0494475,0.0,0.256,0.0,0.1,0.2065525,0.15,0.2065525,0.0,0.00774571875,0.0,0.0164825
2025-06-12 05:00:00,0.0494475,0.0494475,0.0,0.244,0.0,0.1,0.1945525,0.15,0.1945525,0.0,0.007295718749999999,0.0,0.0164825
2025-06-12 05:15:00,0.0494475,0.0494475,0.0,0.248,0.0,0.1,0.1985525,0.15,0.1985525,0.0,0.007445718749999999,0.0,0.0164825
2025-06-12 05:30:00,0.0494475,0.0494475,0.0,0.28,0.0,0.1,0.23055250000000002,0.15,0.23055250000000002,0.0,0.00864571875,0.0,0.0164825
2025-06-12 05:45:00,0.6120375,0.6120375,0.0,0.26,0.3520375,0.1165457625,0.0,0.15,0.0,0.0,0.000827288125,0.000827288125,0.08666666666666667
2025-06-12 06:00:00,0.6120375,0.6120375,0.0,0.192,0.4200375,0.136287525,0.0,0.15,0.0,0.0,0.000987088125,0.000987088125,0.064
2025-06-12 06:15:00,0.6120375,0.6120375,0.0,0.264,0.3480375,0.1526452875,0.0,0.15,0.0,0.0,0.0008178881250000001,0.0008178881250000001,0.08800000000000001
2025-06-12 06:30:00,0.6120375,0.6120375,0.0,0.26,0.3520375,0.16919104999999998,0.0,0.15,0.0,0.0,0.000827288125,0.000827288125,0.08666666666666667
2025-06-12 06:45:00,1.1960025000000003,1.1960025000000003,0.0,0.26,0.9360025000000003,0.2131831675,0.0,0.15,0.0,0.0,0.0021996058750000007,0.0021996058750000007,0.08666666666666667
2025-06-12 07:00:00,1.1960025000000003,1.1960025000000003,0.0,0.232,0.9640025000000003,0.258491285,0.0,0.15,0.0,0.0,0.0022654058750000007,0.0022654058750000007,0.07733333333333334
2025-06-12 07:15:00,1.1960025000000003,1.1960025000000003,0.0,0.176,1.0200025000000004,0.3064314025,0.0,0.15,0.0,0.0,0.0023970058750000006,0.0023970058750000006,0.058666666666666666
2025-06-12 07:30:00,1.1960025000000003,1.1960025000000003,0.0,0.224,0.9720025000000003,0.35211552,0.0,0.15,0.0,0.0,0.0022842058750000005,0.0022842058750000005,0.07466666666666667
2025-06-12 07:45:00,1.4975325000000002,1.4975325000000002,0.0,0.236,1.2615325000000002,0.41140754749999997,0.0,0.15,0.0,0.0,0.002964601375,0.002964601375,0.07866666666666666
2025-06-12 08:00:00,1.4975325000000002,1.4975325000000002,0.0,0.896,0.6015325000000001,0.439679575,0.0,0.15,0.0,0.0,0.001413601375,0.001413601375,0.2986666666666667
2025-06-12 08:15:00,1.4975325000000002,1.4975325000000002,0.0,0.372,1.1255325000000003,0.49257960250000005,0.0,0.15,0.0,0.0,0.002645001375000001,0.002645001375000001,0.124
2025-06-12 08:30:00,1.4975325000000002,1.4975325000000002,0.0,0.272,1.2255325000000001,0.55017963,0.0,0.15,0.0,0.0,0.0028800013750000003,0.0028800013750000003,0.09066666666666667
2025-06-12 08:45:00,1.63704,1.63704,0.0,0.296,1.34104,0.61320851,0.0,0.15,0.0,0.0,0.0031514439999999998,0.0031514439999999998,0.09866666666666667
2025-06-12 09:00:00,1.63704,1.63704,0.0,0.288,1.34904,0.67661339,0.0,0.15,0.0,0.0,0.003170244,0.003170244,0.09599999999999999
2025-06-12 09:15:00,1.63704,1.63704,0.0,0.236,1.40104,0.74246227,0.0,0.15,0.0,0.0,0.003292444,0.003292444,0.07866666666666666
2025-06-12 09:30:00,1.63704,1.63704,0.0,0.208,1.42904,0.8096271500000001,0.0,0.15,0.0,0.0,0.0033582440000000002,0.0033582440000000002,0.06933333333333333
2025-06-12 09:45:00,1.6624050000000001,1.6624050000000001,0.0,0.224,1.4384050000000002,0.8772321850000001,0.0,0.15,0.0,0.0,0.0033802517500000004,0.0033802517500000004,0.07466666666666667
2025-06-12 10:00:00,1.6624050000000001,1.6624050000000001,0.0,0.296,0.484421595744679,0.9,-0.8819834042553211,0.15,0.0,0.8819834042553211,-0.007681443292553216,0.0011383907499999957,0.39266113475177367
2025-06-12 10:15:00,1.6624050000000001,1.6624050000000001,0.0,0.32,0.0,0.9,-1.342405,0.15,0.0,1.342405,-0.013424050000000002,0.0,0.554135
2025-06-12 10:30:00,1.6624050000000001,1.6624050000000001,0.0,0.528,0.0,0.9,-1.134405,0.15,0.0,1.134405,-0.011344050000000001,0.0,0.554135
2025-06-12 10:45:00,1.6594125000000002,1.6594125000000002,0.0,0.404,0.0,0.9,-1.2554125000000003,0.15,0.0,1.2554125000000003,-0.012554125000000003,0.0,0.5531375000000001
2025-06-12 11:00:00,1.6594125000000002,1.6594125000000002,0.0,0.408,0.0,0.9,-1.2514125000000003,0.15,0.0,1.2514125000000003,-0.012514125000000003,0.0,0.5531375000000001
2025-06-12 11:15:00,1.6594125000000002,1.6594125000000002,0.0,0.372,0.0,0.9,-1.2874125000000003,0.15,0.0,1.2874125000000003,-0.012874125000000004,0.0,0.5531375000000001
2025-06-12 11:30:00,1.6594125000000002,1.6594125000000002,0.0,0.396,0.0,0.9,-1.2634125000000003,0.15,0.0,1.2634125000000003,-0.012634125000000003,0.0,0.5531375000000001
2025-06-12 11:45:00,1.66269,1.66269,0.0,0.452,0.0,0.9,-1.21069,0.15,0.0,1.21069,-0.0121069,0.0,0.55423
2025-06-12 12:00:00,1.66269,1.66269,0.0,0.532,0.0,0.9,-1.13069,0.15,0.0,1.13069,-0.0113069,0.0,0.55423
2025-06-12 12:15:00,1.66269,1.66269,0.0,0.52,0.0,0.9,-1.14269,0.15,0.0,1.14269,-0.0114269,0.0,0.55423
2025-06-12 12:30:00,1.66269,1.66269,0.0,0.392,0.0,0.9,-1.27069,0.15,0.0,1.27069,-0.012706900000000002,0.0,0.55423
2025-06-12 12:45:00,1.6921875000000002,1.6921875000000002,0.0,0.352,0.0,0.9,-1.3401875000000003,0.15,0.0,1.3401875000000003,-0.013401875000000004,0.0,0.5640625
2025-06-12 13:00:00,1.6921875000000002,1.6921875000000002,0.0,0.512,0.0,0.9,-1.1801875000000002,0.15,0.0,1.1801875000000002,-0.011801875000000002,0.0,0.5640625
2025-06-12 13:15:00,1.6921875000000002,1.6921875000000002,0.0,0.428,0.0,0.9,-1.2641875000000002,0.15,0.0,1.2641875000000002,-0.012641875000000002,0.0,0.5640625
2025-06-12 13:30:00,1.6921875000000002,1.6921875000000002,0.0,0.452,0.0,0.9,-1.2401875000000002,0.15,0.0,1.2401875000000002,-0.012401875000000003,0.0,0.5640625
2025-06-12 13:45:00,1.67409,1.67409,0.0,0.664,0.0,0.9,-1.01009,0.15,0.0,1.01009,-0.0101009,0.0,0.55803
2025-06-12 14:00:00,1.67409,1.67409,0.0,0.912,0.0,0.9,-0.76209,0.15,0.0,0.76209,-0.007620900000000001,0.0,0.55803
2025-06-12 14:15:00,1.67409,1.67409,0.0,0.86,0.0,0.9,-0.8140900000000001,0.15,0.0,0.8140900000000001,-0.008140900000000001,0.0,0.55803
2025-06-12 14:30:00,1.67409,1.67409,0.0,0.704,0.0,0.9,-0.9700900000000001,0.15,0.0,0.9700900000000001,-0.009700900000000002,0.0,0.55803
2025-06-12 14:45:00,1.6249275000000003,1.6249275000000003,0.0,0.9,0.0,0.9,-0.7249275000000003,0.15,0.0,0.7249275000000003,-0.007249275000000003,0.0,0.5416425000000001
2025-06-12 15:00:00,1.6249275000000003,1.6249275000000003,0.0,0.876,0.0,0.9,-0.7489275000000003,0.15,0.0,0.7489275000000003,-0.007489275000000004,0.0,0.5416425000000001
2025-06-12 15:15:00,1.6249275000000003,1.6249275000000003,0.0,0.912,0.0,0.9,-0.7129275000000003,0.15,0.0,0.7129275000000003,-0.007129275000000003,0.0,0.5416425000000001
2025-06-12 15:30:00,1.6249275000000003,1.6249275000000003,0.0,1.028,0.0,0.9,-0.5969275000000003,0.15,0.0,0.5969275000000003,-0.005969275000000003,0.0,0.5416425000000001
2025-06-12 15:45:00,1.578615,1.578615,0.0,0.848,0.0,0.9,-0.7306150000000001,0.15,0.0,0.7306150000000001,-0.007306150000000002,0.0,0.526205
2025-06-12 16:00:00,1.578615,1.578615,0.0,0.776,0.0,0.9,-0.8026150000000001,0.15,0.0,0.8026150000000001,-0.008026150000000001,0.0,0.526205
2025-06-12 16:15:00,1.578615,1.578615,0.0,0.7,0.0,0.9,-0.8786150000000001,0.15,0.0,0.8786150000000001,-0.008786150000000001,0.0,0.526205
2025-06-12 16:30:00,1.578615,1.578615,0.0,0.64,0.0,0.9,-0.9386150000000001,0.15,0.0,0.9386150000000001,-0.009386150000000001,0.0,0.526205
2025-06-12 16:45:00,1.3795425000000001,1.3795425000000001,0.0,0.648,0.0,0.9,-0.7315425000000001,0.15,0.0,0.7315425000000001,-0.007315425000000001,0.0,0.4598475
2025-06-12 17:00:00,1.3795425000000001,1.3795425000000001,0.0,0.572,0.0,0.9,-0.8075425000000002,0.15,0.0,0.8075425000000002,-0.008075425000000002,0.0,0.4598475
2025-06-12 17:15:00,1.3795425000000001,1.3795425000000001,0.0,0.62,0.0,0.9,-0.7595425000000001,0.15,0.0,0.7595425000000001,-0.007595425000000001,0.0,0.4598475
2025-06-12 17:30:00,1.3795425000000001,1.3795425000000001,0.0,0.556,0.0,0.9,-0.8235425000000001,0.15,0.0,0.8235425000000001,-0.008235425000000001,0.0,0.4598475
2025-06-12 17:45:00,0.9936525,0.9936525,0.0,1.244,-0.25034749999999995,0.8866836436170212,0.0,0.15,0.0,0.0,0.0006658178191489362,0.0006658178191489362,0.4146666666666667
2025-06-12 18:00:00,0.9936525,0.9936525,0.0,1.66,-0.6663474999999999,0.8512396276595744,0.0,0.15,0.0,0.0,0.0017722007978723403,0.0017722007978723403,0.5533333333333333
2025-06-12 18:15:00,0.9936525,0.9936525,0.0,1.292,-0.2983475,0.8353700797872341,0.0,0.15,0.0,0.0,0.0007934773936170213,0.0007934773936170213,0.4306666666666667
2025-06-12 18:30:00,0.9936525,0.9936525,0.0,2.436,-1.4423475,0.7586494680851064,0.0,0.15,0.0,0.0,0.0038360305851063833,0.0038360305851063833,0.8119999999999999
2025-06-12 18:45:00,0.281295,0.281295,0.0,2.64,-2.358705,0.6331864361702128,0.0,0.15,0.0,0.0,0.006273151595744681,0.006273151595744681,0.88
2025-06-12 19:00:00,0.281295,0.281295,0.0,1.424,-1.1427049999999999,0.5724042553191488,0.0,0.15,0.0,0.0,0.0030391090425531913,0.0030391090425531913,0.4746666666666666
2025-06-12 19:15:00,0.281295,0.281295,0.0,1.792,-1.510705,0.4920476063829787,0.0,0.15,0.0,0.0,0.004017832446808511,0.004017832446808511,0.5973333333333334
2025-06-12 19:30:00,0.281295,0.281295,0.0,1.104,-0.822705,0.44828670212765953,0.0,0.15,0.0,0.0,0.0021880452127659576,0.0021880452127659576,0.36800000000000005
2025-06-12 19:45:00,0.0,0.0,0.0,0.856,-0.856,0.4027547872340425,0.0,0.15,0.0,0.0,0.002276595744680851,0.002276595744680851,0.2853333333333333
2025-06-12 20:00:00,0.0,0.0,0.0,0.828,-0.828,0.35871223404255315,0.0,0.15,0.0,0.0,0.0022021276595744683,0.0022021276595744683,0.27599999999999997
2025-06-12 20:15:00,0.0,0.0,0.0,0.776,-0.776,0.3174356382978723,0.0,0.15,0.0,0.0,0.002063829787234043,0.002063829787234043,0.25866666666666666
2025-06-12 20:30:00,0.0,0.0,0.0,0.756,-0.756,0.2772228723404255,0.0,0.15,0.0,0.0,0.0020106382978723404,0.0020106382978723404,0.252
2025-06-12 20:45:00,0.0,0.0,0.0,0.716,-0.716,0.2391377659574468,0.0,0.15,0.0,0.0,0.001904255319148936,0.001904255319148936,0.23866666666666667
2025-06-12 21:00:00,0.0,0.0,0.0,0.708,-0.708,0.20147819148936166,0.0,0.15,0.0,0.0,0.0018829787234042553,0.0018829787234042553,0.236
2025-06-12 21:15:00,0.0,0.0,0.0,0.636,-0.636,0.1676484042553191,0.0,0.15,0.0,0.0,0.001691489361702128,0.001691489361702128,0.212
2025-06-12 21:30:00,0.0,0.0,0.0,0.7,-0.7,0.1304143617021276,0.0,0.15,0.0,0.0,0.0018617021276595743,0.0018617021276595743,0.2333333333333333
2025-06-12 21:45:00,0.0,0.0,0.0,0.812,-0.5717899999999991,0.1,0.24021000000000092,0.15,0.24021000000000092,0.0,0.010528593085106416,0.0015207180851063806,0.1905966666666664
2025-06-12 22:00:00,0.0,0.0,0.0,0.74,0.0,0.1,0.74,0.15,0.74,0.0,0.02775,0.0,0.0
2025-06-12 22:15:00,0.0,0.0,0.0,0.736,0.0,0.1,0.736,0.15,0.736,0.0,0.0276,0.0,0.0
2025-06-12 22:30:00,0.0,0.0,0.0,0.756,0.0,0.1,0.756,0.15,0.756,0.0,0.02835,0.0,0.0
2025-06-12 22:45:00,0.0,0.0,0.0,0.74,0.0,0.1,0.74,0.15,0.74,0.0,0.02775,0.0,0.0
2025-06-12 23:00:00,0.0,0.0,0.0,0.768,0.0,0.1,0.768,0.15,0.768,0.0,0.0288,0.0,0.0
2025-06-12 23:15:00,0.0,0.0,0.0,0.764,0.0,0.1,0.764,0.15,0.764,0.0,0.02865,0.0,0.0
2025-06-12 23:30:00,0.0,0.0,0.0,0.692,0.0,0.1,0.692,0.15,0.692,0.0,0.025949999999999997,0.0,0.0
2025-06-12 23:45:00,0.0,0.0,0.0,0.592,0.0,0.1,0.592,0.15,0.592,0.0,0.022199999999999998,0.0,0.0
2025-06-13 00:00:00,0.0,0.0,0.0,0.532,0.0,0.1,0.532,0.15,0.532,0.0,0.01995,0.0,0.0
2025-06-13 00:15:00,0.0,0.0,0.0,1.048,0.0,0.1,1.048,0.15,1.048,0.0,0.0393,0.0,0.0
2025-06-13 00:30:00,0.0,0.0,0.0,2.044,0.0,0.1,2.044,0.15,2.044,0.0,0.07665,0.0,0.0
2025-06-13 00:45:00,0.0,0.0,0.0,1.0,0.0,0.1,1.0,0.15,1.0,0.0,0.0375,0.0,0.0
2025-06-13 01:00:00,0.0,0.0,0.0,1.456,0.0,0.1,1.456,0.15,1.456,0.0,0.054599999999999996,0.0,0.0
2025-06-13 01:15:00,0.0,0.0,0.0,0.524,0.0,0.1,0.524,0.15,0.524,0.0,0.01965,0.0,0.0
2025-06-13 01:30:00,0.0,0.0,0.0,0.408,0.0,0.1,0.408,0.15,0.408,0.0,0.015299999999999998,0.0,0.0
2025-06-13 01:45:00,0.0,0.0,0.0,0.324,0.0,0.1,0.324,0.15,0.324,0.0,0.01215,0.0,0.0
2025-06-13 02:00:00,0.0,0.0,0.0,0.32,0.0,0.1,0.32,0.15,0.32,0.0,0.012,0.0,0.0
2025-06-13 02:15:00,0.0,0.0,0.0,0.344,0.0,0.1,0.344,0.15,0.344,0.0,0.012899999999999998,0.0,0.0
2025-06-13 02:30:00,0.0,0.0,0.0,0.336,0.0,0.1,0.336,0.15,0.336,0.0,0.0126,0.0,0.0
2025-06-13 02:45:00,0.0,0.0,0.0,0.332,0.0,0.1,0.332,0.15,0.332,0.0,0.012450000000000001,0.0,0.0
2025-06-13 03:00:00,0.0,0.0,0.0,0.36,0.0,0.1,0.36,0.15,0.36,0.0,0.0135,0.0,0.0
2025-06-13 03:15:00,0.0,0.0,0.0,0.348,0.0,0.1,0.348,0.15,0.348,0.0,0.013049999999999999,0.0,0.0
2025-06-13 03:30:00,0.0,0.0,0.0,0.344,0.0,0.1,0.344,0.15,0.344,0.0,0.012899999999999998,0.0,0.0
2025-06-13 03:45:00,0.0,0.0,0.0,0.38,0.0,0.1,0.38,0.15,0.38,0.0,0.014249999999999999,0.0,0.0
2025-06-13 04:00:00,0.0,0.0,0.0,0.356,0.0,0.1,0.356,0.15,0.356,0.0,0.013349999999999999,0.0,0.0
2025-06-13 04:15:00,0.0,0.0,0.0,0.26,0.0,0.1,0.26,0.15,0.26,0.0,0.00975,0.0,0.0
2025-06-13 04:30:00,0.0,0.0,0.0,0.284,0.0,0.1,0.284,0.15,0.284,0.0,0.010649999999999998,0.0,0.0
2025-06-13 04:45:00,0.011970000000000001,0.011970000000000001,0.0,0.308,0.0,0.1,0.29603,0.15,0.29603,0.0,0.011101125,0.0,0.0039900000000000005
2025-06-13 05:00:00,0.011970000000000001,0.011970000000000001,0.0,0.296,0.0,0.1,0.28403,0.15,0.28403,0.0,0.010651125,0.0,0.0039900000000000005
2025-06-13 05:15:00,0.011970000000000001,0.011970000000000001,0.0,0.284,0.0,0.1,0.27203,0.15,0.27203,0.0,0.010201125,0.0,0.0039900000000000005
2025-06-13 05:30:00,0.011970000000000001,0.011970000000000001,0.0,0.244,0.0,0.1,0.23203,0.15,0.23203,0.0,0.008701124999999999,0.0,0.0039900000000000005
2025-06-13 05:45:00,0.43092,0.43092,0.0,0.22,0.21092000000000002,0.10991324,0.0,0.15,0.0,0.0,0.000495662,0.000495662,0.07333333333333333
2025-06-13 06:00:00,0.43092,0.43092,0.0,0.212,0.21892000000000003,0.12020248,0.0,0.15,0.0,0.0,0.000514462,0.000514462,0.07066666666666667
2025-06-13 06:15:00,0.43092,0.43092,0.0,0.204,0.22692000000000004,0.13086772,0.0,0.15,0.0,0.0,0.0005332620000000001,0.0005332620000000001,0.06799999999999999
2025-06-13 06:30:00,0.43092,0.43092,0.0,0.172,0.25892000000000004,0.14303696,0.0,0.15,0.0,0.0,0.000608462,0.000608462,0.057333333333333326
2025-06-13 06:45:00,1.1610900000000002,1.1610900000000002,0.0,0.216,0.9450900000000002,0.18745619,0.0,0.15,0.0,0.0,0.0022209615000000006,0.0022209615000000006,0.072
2025-06-13 07:00:00,1.1610900000000002,1.1610900000000002,0.0,0.24,0.9210900000000002,0.23074742,0.0,0.15,0.0,0.0,0.0021645615000000003,0.0021645615000000003,0.08
2025-06-13 07:15:00,1.1610900000000002,1.1610900000000002,0.0,0.224,0.9370900000000002,0.27479065,0.0,0.15,0.0,0.0,0.0022021615000000004,0.0022021615000000004,0.07466666666666667
2025-06-13 07:30:00,1.1610900000000002,1.1610900000000002,0.0,0.4,0.7610900000000002,0.31056188,0.0,0.15,0.0,0.0,0.0017885615000000003,0.0017885615000000003,0.13333333333333333
2025-06-13 07:45:00,1.4299875000000002,1.4299875000000002,0.0,0.284,1.1459875000000002,0.36442329250000005,0.0,0.15,0.0,0.0,0.002693070625,0.002693070625,0.09466666666666666
2025-06-13 08:00:00,1.4299875000000002,1.4299875000000002,0.0,0.244,1.1859875000000002,0.420164705,0.0,0.15,0.0,0.0,0.0027870706250000005,0.0027870706250000005,0.08133333333333333
2025-06-13 08:15:00,1.4299875000000002,1.4299875000000002,0.0,0.232,1.1979875000000002,0.4764701175,0.0,0.15,0.0,0.0,0.0028152706250000005,0.0028152706250000005,0.07733333333333334
2025-06-13 08:30:00,1.4299875000000002,1.4299875000000002,0.0,0.292,1.1379875000000002,0.52995553,0.0,0.15,0.0,0.0,0.0026742706250000004,0.0026742706250000004,0.09733333333333333
2025-06-13 08:45:00,1.64673,1.64673,0.0,0.312,1.33473,0.59268784,0.0,0.15,0.0,0.0,0.0031366154999999995,0.0031366154999999995,0.104
2025-06-13 09:00:00,1.64673,1.64673,0.0,0.428,1.21873,0.64996815,0.0,0.15,0.0,0.0,0.0028640155000000003,0.0028640155000000003,0.14266666666666666
2025-06-13 09:15:00,1.6467299999999998,1.64673,2.220446049250313e-16,0.4,1.24673,0.70856446,0.0,0.15,0.0,0.0,0.0029298155,0.0029298155,0.13333333333333333
2025-06-13 09:30:00,1.64673,1.64673,0.0,0.908,0.73873,0.7432847699999999,0.0,0.15,0.0,0.0,0.0017360155,0.0017360155,0.3026666666666667
2025-06-13 09:45:00,1.7003100000000002,1.7003100000000002,0.0,0.508,1.1923100000000002,0.7993233399999999,0.0,0.15,0.0,0.0,0.0028019285000000006,0.0028019285000000006,0.16933333333333334
2025-06-13 10:00:00,1.7003100000000002,1.7003100000000002,0.0,0.52,1.1803100000000002,0.8547979099999999,0.0,0.15,0.0,0.0,0.0027737285,0.0027737285,0.17333333333333334
2025-06-13 10:15:00,1.7003100000000002,1.7003100000000002,0.0,0.524,0.9617465957446827,0.9,-0.2145634042553175,0.15,0.0,0.2145634042553175,0.00011447045744682931,0.0022601045000000043,0.24618780141843918
2025-06-13 10:30:00,1.7003100000000002,1.7003100000000002,0.0,0.48,0.0,0.9,-1.2203100000000002,0.15,0.0,1.2203100000000002,-0.012203100000000003,0.0,0.5667700000000001
2025-06-13 10:45:00,1.7100000000000002,1.7100000000000002,0.0,0.44,0.0,0.9,-1.2700000000000002,0.15,0.0,1.2700000000000002,-0.012700000000000003,0.0,0.5700000000000001
2025-06-13 11:00:00,1.7100000000000002,1.7100000000000002,0.0,0.472,0.0,0.9,-1.2380000000000002,0.15,0.0,1.2380000000000002,-0.012380000000000002,0.0,0.5700000000000001
2025-06-13 11:15:00,1.7100000000000004,1.7100000000000002,0.0,0.664,0.0,0.9,-1.0460000000000003,0.15,0.0,1.0460000000000003,-0.010460000000000002,0.0,0.5700000000000002
2025-06-13 11:30:00,1.7100000000000002,1.7100000000000002,0.0,0.76,0.0,0.9,-0.9500000000000002,0.15,0.0,0.9500000000000002,-0.009500000000000001,0.0,0.5700000000000001
2025-06-13 11:45:00,1.7011650000000005,1.7011650000000003,0.0,0.652,0.0,0.9,-1.0491650000000003,0.15,0.0,1.0491650000000003,-0.010491650000000003,0.0,0.5670550000000002
2025-06-13 12:00:00,1.7011650000000003,1.7011650000000003,0.0,0.516,0.0,0.9,-1.1851650000000002,0.15,0.0,1.1851650000000002,-0.011851650000000004,0.0,0.5670550000000001
2025-06-13 12:15:00,1.7011650000000003,1.7011650000000003,0.0,0.46,0.0,0.9,-1.2411650000000003,0.15,0.0,1.2411650000000003,-0.012411650000000003,0.0,0.5670550000000001
2025-06-13 12:30:00,1.7011650000000005,1.7011650000000003,0.0,0.604,0.0,0.9,-1.0971650000000004,0.15,0.0,1.0971650000000004,-0.010971650000000005,0.0,0.5670550000000002
2025-06-13 12:45:00,1.7100000000000002,1.7100000000000002,0.0,0.536,0.0,0.9,-1.1740000000000002,0.15,0.0,1.1740000000000002,-0.011740000000000002,0.0,0.5700000000000001
2025-06-13 13:00:00,1.7100000000000002,1.7100000000000002,0.0,0.432,0.0,0.9,-1.2780000000000002,0.15,0.0,1.2780000000000002,-0.012780000000000003,0.0,0.5700000000000001
2025-06-13 13:15:00,1.7100000000000002,1.7100000000000002,0.0,0.872,0.0,0.9,-0.8380000000000002,0.15,0.0,0.8380000000000002,-0.008380000000000002,0.0,0.5700000000000001
2025-06-13 13:30:00,1.7100000000000002,1.7100000000000002,0.0,0.524,0.0,0.9,-1.1860000000000002,0.15,0.0,1.1860000000000002,-0.011860000000000002,0.0,0.5700000000000001
2025-06-13 13:45:00,1.7100000000000002,1.7100000000000002,0.0,0.536,0.0,0.9,-1.1740000000000002,0.15,0.0,1.1740000000000002,-0.011740000000000002,0.0,0.5700000000000001
2025-06-13 14:00:00,1.7100000000000002,1.7100000000000002,0.0,0.54,0.0,0.9,-1.1700000000000002,0.15,0.0,1.1700000000000002,-0.011700000000000002,0.0,0.5700000000000001
2025-06-13 14:15:00,1.7100000000000004,1.7100000000000002,0.0,0.592,0.0,0.9,-1.1180000000000003,0.15,0.0,1.1180000000000003,-0.011180000000000004,0.0,0.5700000000000002
2025-06-13 14:30:00,1.7100000000000002,1.7100000000000002,0.0,0.54,0.0,0.9,-1.1700000000000002,0.15,0.0,1.1700000000000002,-0.011700000000000002,0.0,0.5700000000000001
2025-06-13 14:45:00,1.70031,1.7003100000000002,2.220446049250313e-16,0.4,0.0,0.9,-1.30031,0.15,0.0,1.30031,-0.013003100000000002,0.0,0.56677
2025-06-13 15:00:00,1.70031,1.7003100000000002,2.220446049250313e-16,0.352,0.0,0.9,-1.3483100000000001,0.15,0.0,1.3483100000000001,-0.013483100000000001,0.0,0.56677
2025-06-13 15:15:00,1.7003100000000002,1.7003100000000002,0.0,0.464,0.0,0.9,-1.2363100000000002,0.15,0.0,1.2363100000000002,-0.012363100000000002,0.0,0.5667700000000001
2025-06-13 15:30:00,1.7003100000000002,1.7003100000000002,0.0,0.296,0.0,0.9,-1.4043100000000002,0.15,0.0,1.4043100000000002,-0.014043100000000003,0.0,0.5667700000000001
2025-06-13 15:45:00,1.6199400000000002,1.6199400000000002,0.0,0.308,0.0,0.9,-1.31194,0.15,0.0,1.31194,-0.013119400000000002,0.0,0.53998
2025-06-13 16:00:00,1.6199400000000002,1.6199400000000002,0.0,0.356,0.0,0.9,-1.2639400000000003,0.15,0.0,1.2639400000000003,-0.012639400000000004,0.0,0.53998
2025-06-13 16:15:00,1.6199400000000002,1.6199400000000002,0.0,0.644,0.0,0.9,-0.9759400000000001,0.15,0.0,0.9759400000000001,-0.009759400000000001,0.0,0.53998
2025-06-13 16:30:00,1.6199400000000002,1.6199400000000002,0.0,0.42,0.0,0.9,-1.1999400000000002,0.15,0.0,1.1999400000000002,-0.011999400000000002,0.0,0.53998
2025-06-13 16:45:00,1.4002050000000001,1.4002050000000001,0.0,0.536,0.0,0.9,-0.8642050000000001,0.15,0.0,0.8642050000000001,-0.008642050000000002,0.0,0.46673500000000007
2025-06-13 17:00:00,1.4002050000000001,1.4002050000000001,0.0,0.528,0.0,0.9,-0.8722050000000001,0.15,0.0,0.8722050000000001,-0.008722050000000002,0.0,0.46673500000000007
2025-06-13 17:15:00,1.4002050000000001,1.4002050000000001,0.0,0.508,0.0,0.9,-0.8922050000000001,0.15,0.0,0.8922050000000001,-0.00892205,0.0,0.46673500000000007
2025-06-13 17:30:00,1.4002050000000001,1.4002050000000001,0.0,0.428,0.0,0.9,-0.9722050000000002,0.15,0.0,0.9722050000000002,-0.009722050000000003,0.0,0.46673500000000007
2025-06-13 17:45:00,1.002345,1.002345,0.0,0.364,0.0,0.9,-0.638345,0.15,0.0,0.638345,-0.006383450000000001,0.0,0.334115
2025-06-13 18:00:00,1.002345,1.002345,0.0,0.42,0.0,0.9,-0.5823450000000001,0.15,0.0,0.5823450000000001,-0.005823450000000001,0.0,0.334115
2025-06-13 18:15:00,1.002345,1.002345,0.0,0.532,0.0,0.9,-0.470345,0.15,0.0,0.470345,-0.0047034500000000005,0.0,0.334115
2025-06-13 18:30:00,1.002345,1.002345,0.0,0.536,0.0,0.9,-0.466345,0.15,0.0,0.466345,-0.00466345,0.0,0.334115
2025-06-13 18:45:00,0.33231,0.33231,0.0,0.48,-0.14769,0.8921441489361703,0.0,0.15,0.0,0.0,0.00039279255319148935,0.00039279255319148935,0.16
2025-06-13 19:00:00,0.33231,0.33231,0.0,1.096,-0.7636900000000001,0.851522340425532,0.0,0.15,0.0,0.0,0.0020310904255319154,0.0020310904255319154,0.36533333333333334
2025-06-13 19:15:00,0.33231,0.33231,0.0,1.94,-1.6076899999999998,0.766006914893617,0.0,0.15,0.0,0.0,0.004275771276595745,0.004275771276595745,0.6466666666666666
2025-06-13 19:30:00,0.33231,0.33231,0.0,0.54,-0.20769000000000004,0.7549595744680853,0.0,0.15,0.0,0.0,0.0005523670212765959,0.0005523670212765959,0.18000000000000002
2025-06-13 19:45:00,0.0,0.0,0.0,0.404,-0.404,0.7334702127659576,0.0,0.15,0.0,0.0,0.0010744680851063832,0.0010744680851063832,0.13466666666666668
2025-06-13 20:00:00,0.0,0.0,0.0,0.58,-0.58,0.7026191489361703,0.0,0.15,0.0,0.0,0.0015425531914893618,0.0015425531914893618,0.19333333333333333
2025-06-13 20:15:00,0.0,0.0,0.0,1.024,-1.024,0.6481510638297874,0.0,0.15,0.0,0.0,0.002723404255319149,0.002723404255319149,0.3413333333333333
2025-06-13 20:30:00,0.0,0.0,0.0,0.884,-0.884,0.6011297872340426,0.0,0.15,0.0,0.0,0.002351063829787234,0.002351063829787234,0.2946666666666667
2025-06-13 20:45:00,0.0,0.0,0.0,0.688,-0.688,0.5645340425531915,0.0,0.15,0.0,0.0,0.0018297872340425532,0.0018297872340425532,0.2293333333333333
2025-06-13 21:00:00,0.0,0.0,0.0,0.832,-0.832,0.5202787234042554,0.0,0.15,0.0,0.0,0.0022127659574468087,0.0022127659574468087,0.2773333333333333
2025-06-13 21:15:00,0.0,0.0,0.0,1.028,-1.028,0.4655978723404256,0.0,0.15,0.0,0.0,0.00273404255319149,0.00273404255319149,0.3426666666666667
2025-06-13 21:30:00,0.0,0.0,0.0,2.852,-2.852,0.31389574468085113,0.0,0.15,0.0,0.0,0.007585106382978724,0.007585106382978724,0.9506666666666667
2025-06-13 21:45:00,0.0,0.0,0.0,0.948,-0.948,0.2634702127659575,0.0,0.15,0.0,0.0,0.002521276595744681,0.002521276595744681,0.316
2025-06-13 22:00:00,0.0,0.0,0.0,0.892,-0.892,0.21602340425531916,0.0,0.15,0.0,0.0,0.002372340425531915,0.002372340425531915,0.29733333333333334
2025-06-13 22:15:00,0.0,0.0,0.0,0.912,-0.912,0.16751276595744682,0.0,0.15,0.0,0.0,0.0024255319148936173,0.0024255319148936173,0.304
2025-06-13 22:30:00,0.0,0.0,0.0,0.892,-0.892,0.12006595744680852,0.0,0.15,0.0,0.0,0.002372340425531915,0.002372340425531915,0.29733333333333334
2025-06-13 22:45:00,0.0,0.0,0.0,0.868,-0.37724000000000024,0.1,0.49075999999999975,0.15,0.49075999999999975,0.0,0.019406797872340415,0.0010032978723404262,0.12574666666666676
2025-06-13 23:00:00,0.0,0.0,0.0,1.004,0.0,0.1,1.004,0.15,1.004,0.0,0.037649999999999996,0.0,0.0
2025-06-13 23:15:00,0.0,0.0,0.0,0.852,0.0,0.1,0.852,0.15,0.852,0.0,0.03195,0.0,0.0
2025-06-13 23:30:00,0.0,0.0,0.0,0.872,0.0,0.1,0.872,0.15,0.872,0.0,0.0327,0.0,0.0
2025-06-13 23:45:00,0.0,0.0,0.0,0.856,0.0,0.1,0.856,0.15,0.856,0.0,0.0321,0.0,0.0
2025-06-14 00:00:00,0.0,0.0,0.0,0.78,0.0,0.1,0.78,0.15,0.78,0.0,0.029249999999999998,0.0,0.0
2025-06-14 00:15:00,0.0,0.0,0.0,0.832,0.0,0.1,0.832,0.15,0.832,0.0,0.0312,0.0,0.0
2025-06-14 00:30:00,0.0,0.0,0.0,0.776,0.0,0.1,0.776,0.15,0.776,0.0,0.0291,0.0,0.0
2025-06-14 00:45:00,0.0,0.0,0.0,1.54,0.0,0.1,1.54,0.15,1.54,0.0,0.057749999999999996,0.0,0.0
2025-06-14 01:00:00,0.0,0.0,0.0,1.268,0.0,0.1,1.268,0.15,1.268,0.0,0.04755,0.0,0.0
2025-06-14 01:15:00,0.0,0.0,0.0,1.628,0.0,0.1,1.628,0.15,1.628,0.0,0.06104999999999999,0.0,0.0
2025-06-14 01:30:00,0.0,0.0,0.0,0.672,0.0,0.1,0.672,0.15,0.672,0.0,0.0252,0.0,0.0
2025-06-14 01:45:00,0.0,0.0,0.0,0.548,0.0,0.1,0.548,0.15,0.548,0.0,0.020550000000000002,0.0,0.0
2025-06-14 02:00:00,0.0,0.0,0.0,0.544,0.0,0.1,0.544,0.15,0.544,0.0,0.0204,0.0,0.0
2025-06-14 02:15:00,0.0,0.0,0.0,0.592,0.0,0.1,0.592,0.15,0.592,0.0,0.022199999999999998,0.0,0.0
2025-06-14 02:30:00,0.0,0.0,0.0,0.96,0.0,0.1,0.96,0.15,0.96,0.0,0.036,0.0,0.0
2025-06-14 02:45:00,0.0,0.0,0.0,1.4,0.0,0.1,1.4,0.15,1.4,0.0,0.0525,0.0,0.0
2025-06-14 03:00:00,0.0,0.0,0.0,0.456,0.0,0.1,0.456,0.15,0.456,0.0,0.0171,0.0,0.0
2025-06-14 03:15:00,0.0,0.0,0.0,0.484,0.0,0.1,0.484,0.15,0.484,0.0,0.01815,0.0,0.0
2025-06-14 03:30:00,0.0,0.0,0.0,0.472,0.0,0.1,0.472,0.15,0.472,0.0,0.017699999999999997,0.0,0.0
2025-06-14 03:45:00,0.0,0.0,0.0,0.32,0.0,0.1,0.32,0.15,0.32,0.0,0.012,0.0,0.0
2025-06-14 04:00:00,0.0,0.0,0.0,0.34,0.0,0.1,0.34,0.15,0.34,0.0,0.012750000000000001,0.0,0.0
2025-06-14 04:15:00,0.0,0.0,0.0,0.336,0.0,0.1,0.336,0.15,0.336,0.0,0.0126,0.0,0.0
2025-06-14 04:30:00,0.0,0.0,0.0,0.34,0.0,0.1,0.34,0.15,0.34,0.0,0.012750000000000001,0.0,0.0
2025-06-14 04:45:00,0.0582825,0.0582825,0.0,0.324,0.0,0.1,0.2657175,0.15,0.2657175,0.0,0.00996440625,0.0,0.0194275
2025-06-14 05:00:00,0.0582825,0.0582825,0.0,0.328,0.0,0.1,0.2697175,0.15,0.2697175,0.0,0.01011440625,0.0,0.0194275
2025-06-14 05:15:00,0.0582825,0.0582825,0.0,0.332,0.0,0.1,0.2737175,0.15,0.2737175,0.0,0.01026440625,0.0,0.0194275
2025-06-14 05:30:00,0.0582825,0.0582825,0.0,0.308,0.0,0.1,0.24971749999999998,0.15,0.24971749999999998,0.0,0.009364406249999999,0.0,0.0194275
2025-06-14 05:45:00,0.6104700000000001,0.6104700000000001,0.0,0.284,0.3264700000000001,0.11534409000000001,0.0,0.15,0.0,0.0,0.0007672045000000002,0.0007672045000000002,0.09466666666666666
2025-06-14 06:00:00,0.6104700000000001,0.6104700000000001,0.0,0.356,0.2544700000000001,0.12730418000000002,0.0,0.15,0.0,0.0,0.0005980045000000002,0.0005980045000000002,0.11866666666666666
2025-06-14 06:15:00,0.6104700000000001,0.6104700000000001,0.0,0.364,0.24647000000000008,0.13888827,0.0,0.15,0.0,0.0,0.0005792045000000001,0.0005792045000000001,0.12133333333333333
2025-06-14 06:30:00,0.6104700000000001,0.6104700000000001,0.0,0.328,0.28247000000000005,0.15216436000000003,0.0,0.15,0.0,0.0,0.0006638045000000001,0.0006638045000000001,0.10933333333333334
2025-06-14 06:45:00,1.2052650000000003,1.2052650000000003,0.0,0.28,0.9252650000000002,0.19565181500000003,0.0,0.15,0.0,0.0,0.0021743727500000004,0.0021743727500000004,0.09333333333333334
2025-06-14 07:00:00,1.2052650000000003,1.2052650000000003,0.0,0.288,0.9172650000000002,0.23876327000000006,0.0,0.15,0.0,0.0,0.0021555727500000006,0.0021555727500000006,0.09599999999999999
2025-06-14 07:15:00,1.2052650000000003,1.2052650000000003,0.0,0.304,0.9012650000000002,0.2811227250000001,0.0,0.15,0.0,0.0,0.0021179727500000006,0.0021179727500000006,0.10133333333333333
2025-06-14 07:30:00,1.2052650000000003,1.2052650000000003,0.0,0.3,0.9052650000000002,0.3236701800000001,0.0,0.15,0.0,0.0,0.0021273727500000002,0.0021273727500000002,0.09999999999999999
2025-06-14 07:45:00,1.5075075000000002,1.5075075000000002,0.0,0.256,1.2515075000000002,0.3824910325000001,0.0,0.15,0.0,0.0,0.0029410426250000006,0.0029410426250000006,0.08533333333333333
2025-06-14 08:00:00,1.5075075000000002,1.5075075000000002,0.0,0.184,1.3235075000000003,0.4446958850000001,0.0,0.15,0.0,0.0,0.0031102426250000006,0.0031102426250000006,0.06133333333333333
2025-06-14 08:15:00,1.5075075000000002,1.5075075000000002,0.0,0.208,1.2995075000000003,0.5057727375000002,0.0,0.15,0.0,0.0,0.0030538426250000007,0.0030538426250000007,0.06933333333333333
2025-06-14 08:30:00,1.5075075000000002,1.5075075000000002,0.0,0.244,1.2635075000000002,0.5651575900000002,0.0,0.15,0.0,0.0,0.0029692426250000005,0.0029692426250000005,0.08133333333333333
2025-06-14 08:45:00,1.6595550000000003,1.6595550000000003,0.0,0.484,1.1755550000000003,0.6204086750000002,0.0,0.15,0.0,0.0,0.0027625542500000007,0.0027625542500000007,0.16133333333333333
2025-06-14 09:00:00,1.6595550000000003,1.6595550000000003,0.0,0.772,0.8875550000000003,0.6621237600000003,0.0,0.15,0.0,0.0,0.0020857542500000007,0.0020857542500000007,0.25733333333333336
2025-06-14 09:15:00,1.6595550000000003,1.6595550000000003,0.0,0.34,1.3195550000000003,0.7241428450000003,0.0,0.15,0.0,0.0,0.0031009542500000003,0.0031009542500000003,0.11333333333333334
2025-06-14 09:30:00,1.6595550000000001,1.6595550000000003,2.220446049250313e-16,0.36,1.2995550000000002,0.7852219300000003,0.0,0.15,0.0,0.0,0.0030539542500000005,0.0030539542500000005,0.12
2025-06-14 09:45:00,1.7037300000000002,1.7037300000000002,0.0,0.5,1.2037300000000002,0.8417972400000002,0.0,0.15,0.0,0.0,0.0028287655,0.0028287655,0.16666666666666666
2025-06-14 10:00:00,1.7037300000000002,1.7037300000000002,0.0,0.708,0.9957300000000002,0.8885965500000002,0.0,0.15,0.0,0.0,0.0023399655000000004,0.0023399655000000004,0.236
2025-06-14 10:15:00,1.7037300000000002,1.7037300000000002,0.0,0.54,0.2426265957446786,0.9,-0.9211034042553216,0.15,0.0,0.9211034042553216,-0.00864086154255322,0.0005701724999999946,0.48703446808510725
2025-06-14 10:30:00,1.7037300000000002,1.7037300000000002,0.0,0.48,0.0,0.9,-1.2237300000000002,0.15,0.0,1.2237300000000002,-0.012237300000000003,0.0,0.56791
2025-06-14 10:45:00,1.7100000000000004,1.7100000000000002,0.0,0.572,0.0,0.9,-1.1380000000000003,0.15,0.0,1.1380000000000003,-0.011380000000000003,0.0,0.5700000000000002
2025-06-14 11:00:00,1.7100000000000004,1.7100000000000002,0.0,0.572,0.0,0.9,-1.1380000000000003,0.15,0.0,1.1380000000000003,-0.011380000000000003,0.0,0.5700000000000002
2025-06-14 11:15:00,1.7100000000000002,1.7100000000000002,0.0,0.34,0.0,0.9,-1.37,0.15,0.0,1.37,-0.013700000000000002,0.0,0.5700000000000001
2025-06-14 11:30:00,1.7100000000000002,1.7100000000000002,0.0,0.3,0.0,0.9,-1.4100000000000001,0.15,0.0,1.4100000000000001,-0.014100000000000001,0.0,0.5700000000000001
2025-06-14 11:45:00,1.71,1.7100000000000002,2.220446049250313e-16,0.372,0.0,0.9,-1.338,0.15,0.0,1.338,-0.013380000000000001,0.0,0.57
2025-06-14 12:00:00,1.7100000000000002,1.7100000000000002,0.0,0.408,0.0,0.9,-1.3020000000000003,0.15,0.0,1.3020000000000003,-0.013020000000000004,0.0,0.5700000000000001
2025-06-14 12:15:00,1.7100000000000002,1.7100000000000002,0.0,0.34,0.0,0.9,-1.37,0.15,0.0,1.37,-0.013700000000000002,0.0,0.5700000000000001
2025-06-14 12:30:00,1.7100000000000002,1.7100000000000002,0.0,0.424,0.0,0.9,-1.2860000000000003,0.15,0.0,1.2860000000000003,-0.012860000000000003,0.0,0.5700000000000001
2025-06-14 12:45:00,1.7100000000000002,1.7100000000000002,0.0,1.596,0.0,0.9,-0.1140000000000001,0.15,0.0,0.1140000000000001,-0.001140000000000001,0.0,0.5700000000000001
2025-06-14 13:00:00,1.71,1.7100000000000002,2.220446049250313e-16,0.384,0.0,0.9,-1.326,0.15,0.0,1.326,-0.013260000000000001,0.0,0.57
2025-06-14 13:15:00,1.7100000000000002,1.7100000000000002,0.0,0.332,0.0,0.9,-1.3780000000000001,0.15,0.0,1.3780000000000001,-0.01378,0.0,0.5700000000000001
2025-06-14 13:30:00,1.7100000000000002,1.7100000000000002,0.0,0.98,0.0,0.9,-0.7300000000000002,0.15,0.0,0.7300000000000002,-0.007300000000000002,0.0,0.5700000000000001
2025-06-14 13:45:00,1.7065800000000002,1.7065800000000002,0.0,0.396,0.0,0.9,-1.3105800000000003,0.15,0.0,1.3105800000000003,-0.013105800000000003,0.0,0.56886
2025-06-14 14:00:00,1.7065800000000002,1.7065800000000002,0.0,1.636,0.0,0.9,-0.07058000000000031,0.15,0.0,0.07058000000000031,-0.0007058000000000031,0.0,0.56886
2025-06-14 14:15:00,1.7065800000000002,1.7065800000000002,0.0,0.98,0.0,0.9,-0.7265800000000002,0.15,0.0,0.7265800000000002,-0.007265800000000003,0.0,0.56886
2025-06-14 14:30:00,1.7065800000000002,1.7065800000000002,0.0,0.84,0.0,0.9,-0.8665800000000002,0.15,0.0,0.8665800000000002,-0.008665800000000003,0.0,0.56886
2025-06-14 14:45:00,1.6812150000000001,1.6812150000000001,0.0,0.832,0.0,0.9,-0.8492150000000002,0.15,0.0,0.8492150000000002,-0.008492150000000002,0.0,0.560405
2025-06-14 15:00:00,1.6812150000000003,1.6812150000000001,0.0,0.632,0.0,0.9,-1.0492150000000002,0.15,0.0,1.0492150000000002,-0.010492150000000002,0.0,0.5604050000000002
2025-06-14 15:15:00,1.6812150000000003,1.6812150000000001,0.0,0.632,0.0,0.9,-1.0492150000000002,0.15,0.0,1.0492150000000002,-0.010492150000000002,0.0,0.5604050000000002
2025-06-14 15:30:00,1.6812150000000003,1.6812150000000001,0.0,0.656,0.0,0.9,-1.0252150000000002,0.15,0.0,1.0252150000000002,-0.010252150000000002,0.0,0.5604050000000002
2025-06-14 15:45:00,1.6072575000000002,1.6072575000000002,0.0,0.76,0.0,0.9,-0.8472575000000002,0.15,0.0,0.8472575000000002,-0.008472575000000003,0.0,0.5357525000000001
2025-06-14 16:00:00,1.6072575000000002,1.6072575000000002,0.0,0.608,0.0,0.9,-0.9992575000000002,0.15,0.0,0.9992575000000002,-0.009992575000000002,0.0,0.5357525000000001
2025-06-14 16:15:00,1.6072575000000002,1.6072575000000002,0.0,0.632,0.0,0.9,-0.9752575000000002,0.15,0.0,0.9752575000000002,-0.009752575000000003,0.0,0.5357525000000001
2025-06-14 16:30:00,1.6072575000000002,1.6072575000000002,0.0,0.668,0.0,0.9,-0.9392575000000002,0.15,0.0,0.9392575000000002,-0.009392575000000002,0.0,0.5357525000000001
2025-06-14 16:45:00,1.4039100000000002,1.4039100000000002,0.0,0.644,0.0,0.9,-0.7599100000000002,0.15,0.0,0.7599100000000002,-0.007599100000000002,0.0,0.46797000000000005
2025-06-14 17:00:00,1.4039100000000002,1.4039100000000002,0.0,0.436,0.0,0.9,-0.9679100000000003,0.15,0.0,0.9679100000000003,-0.009679100000000003,0.0,0.46797000000000005
2025-06-14 17:15:00,1.4039100000000002,1.4039100000000002,0.0,0.492,0.0,0.9,-0.9119100000000002,0.15,0.0,0.9119100000000002,-0.009119100000000003,0.0,0.46797000000000005
2025-06-14 17:30:00,1.4039100000000002,1.4039100000000002,0.0,0.712,0.0,0.9,-0.6919100000000002,0.15,0.0,0.6919100000000002,-0.006919100000000003,0.0,0.46797000000000005
2025-06-14 17:45:00,1.0084725,1.0084725,0.0,0.284,0.0,0.9,-0.7244725000000001,0.15,0.0,0.7244725000000001,-0.0072447250000000005,0.0,0.33615750000000005
2025-06-14 18:00:00,1.0084725,1.0084725,0.0,0.544,0.0,0.9,-0.46447250000000007,0.15,0.0,0.46447250000000007,-0.004644725000000001,0.0,0.33615750000000005
2025-06-14 18:15:00,1.0084725,1.0084725,0.0,0.508,0.0,0.9,-0.5004725000000001,0.15,0.0,0.5004725000000001,-0.005004725000000001,0.0,0.33615750000000005
2025-06-14 18:30:00,1.0084725,1.0084725,0.0,0.648,0.0,0.9,-0.3604725000000001,0.15,0.0,0.3604725000000001,-0.003604725000000001,0.0,0.33615750000000005
2025-06-14 18:45:00,0.35325750000000006,0.35325750000000006,0.0,0.852,-0.4987424999999999,0.8734711436170214,0.0,0.15,0.0,0.0,0.0013264428191489361,0.0013264428191489361,0.284
2025-06-14 19:00:00,0.35325750000000006,0.35325750000000006,0.0,0.712,-0.3587424999999999,0.8543890957446809,0.0,0.15,0.0,0.0,0.0009541023936170211,0.0009541023936170211,0.2373333333333333
2025-06-14 19:15:00,0.35325750000000006,0.35325750000000006,0.0,0.648,-0.29474249999999996,0.8387113031914895,0.0,0.15,0.0,0.0,0.0007838896276595745,0.0007838896276595745,0.216
2025-06-14 19:30:00,0.35325750000000006,0.35325750000000006,0.0,0.628,-0.27474249999999995,0.8240973404255321,0.0,0.15,0.0,0.0,0.0007306981382978723,0.0007306981382978723,0.20933333333333334
2025-06-14 19:45:00,0.0,0.0,0.0,1.368,-1.368,0.7513313829787236,0.0,0.15,0.0,0.0,0.003638297872340426,0.003638297872340426,0.456
2025-06-14 20:00:00,0.0,0.0,0.0,2.544,-2.544,0.6160122340425535,0.0,0.15,0.0,0.0,0.006765957446808512,0.006765957446808512,0.848
2025-06-14 20:15:00,0.0,0.0,0.0,1.424,-1.424,0.5402675531914897,0.0,0.15,0.0,0.0,0.0037872340425531914,0.0037872340425531914,0.4746666666666666
2025-06-14 20:30:00,0.0,0.0,0.0,1.524,-1.524,0.45920372340425564,0.0,0.15,0.0,0.0,0.0040531914893617025,0.0040531914893617025,0.508
2025-06-14 20:45:00,0.0,0.0,0.0,0.924,-0.924,0.4100547872340429,0.0,0.15,0.0,0.0,0.0024574468085106385,0.0024574468085106385,0.308
2025-06-14 21:00:00,0.0,0.0,0.0,1.02,-1.02,0.3557994680851067,0.0,0.15,0.0,0.0,0.0027127659574468087,0.0027127659574468087,0.34
2025-06-14 21:15:00,0.0,0.0,0.0,1.052,-1.052,0.2998420212765961,0.0,0.15,0.0,0.0,0.0027978723404255322,0.0027978723404255322,0.3506666666666667
2025-06-14 21:30:00,0.0,0.0,0.0,0.58,-0.58,0.26899095744680884,0.0,0.15,0.0,0.0,0.0015425531914893618,0.0015425531914893618,0.19333333333333333
2025-06-14 21:45:00,0.0,0.0,0.0,0.524,-0.524,0.2411186170212769,0.0,0.15,0.0,0.0,0.001393617021276596,0.001393617021276596,0.17466666666666666
2025-06-14 22:00:00,0.0,0.0,0.0,0.476,-0.476,0.2157994680851067,0.0,0.15,0.0,0.0,0.0012659574468085106,0.0012659574468085106,0.15866666666666665
2025-06-14 22:15:00,0.0,0.0,0.0,0.452,-0.452,0.19175691489361735,0.0,0.15,0.0,0.0,0.0012021276595744683,0.0012021276595744683,0.15066666666666667
2025-06-14 22:30:00,0.0,0.0,0.0,0.52,-0.52,0.16409734042553223,0.0,0.15,0.0,0.0,0.0013829787234042553,0.0013829787234042553,0.17333333333333334
2025-06-14 22:45:00,0.0,0.0,0.0,0.448,-0.448,0.1402675531914897,0.0,0.15,0.0,0.0,0.0011914893617021277,0.0011914893617021277,0.14933333333333335
2025-06-14 23:00:00,0.0,0.0,0.0,0.44,-0.44,0.11686329787234076,0.0,0.15,0.0,0.0,0.001170212765957447,0.001170212765957447,0.14666666666666667
2025-06-14 23:15:00,0.0,0.0,0.0,1.492,-0.31703000000000614,0.1,1.1749699999999939,0.15,1.1749699999999939,0.0,0.044904539893616806,0.0008431648936170376,0.10567666666666871
2025-06-14 23:30:00,0.0,0.0,0.0,1.592,0.0,0.1,1.592,0.15,1.592,0.0,0.0597,0.0,0.0
2025-06-14 23:45:00,0.0,0.0,0.0,1.14,0.0,0.1,1.14,0.15,1.14,0.0,0.042749999999999996,0.0,0.0
2025-06-15 00:00:00,0.0,0.0,0.0,1.284,0.0,0.1,1.284,0.15,1.284,0.0,0.04815,0.0,0.0
2025-06-15 00:15:00,0.0,0.0,0.0,0.472,0.0,0.1,0.472,0.15,0.472,0.0,0.017699999999999997,0.0,0.0
2025-06-15 00:30:00,0.0,0.0,0.0,0.596,0.0,0.1,0.596,0.15,0.596,0.0,0.02235,0.0,0.0
2025-06-15 00:45:00,0.0,0.0,0.0,0.792,0.0,0.1,0.792,0.15,0.792,0.0,0.0297,0.0,0.0
2025-06-15 01:00:00,0.0,0.0,0.0,0.792,0.0,0.1,0.792,0.15,0.792,0.0,0.0297,0.0,0.0
2025-06-15 01:15:00,0.0,0.0,0.0,0.668,0.0,0.1,0.668,0.15,0.668,0.0,0.02505,0.0,0.0
2025-06-15 01:30:00,0.0,0.0,0.0,0.7,0.0,0.1,0.7,0.15,0.7,0.0,0.02625,0.0,0.0
2025-06-15 01:45:00,0.0,0.0,0.0,0.62,0.0,0.1,0.62,0.15,0.62,0.0,0.02325,0.0,0.0
2025-06-15 02:00:00,0.0,0.0,0.0,0.412,0.0,0.1,0.412,0.15,0.412,0.0,0.015449999999999998,0.0,0.0
2025-06-15 02:15:00,0.0,0.0,0.0,0.228,0.0,0.1,0.228,0.15,0.228,0.0,0.00855,0.0,0.0
2025-06-15 02:30:00,0.0,0.0,0.0,0.264,0.0,0.1,0.264,0.15,0.264,0.0,0.0099,0.0,0.0
2025-06-15 02:45:00,0.0,0.0,0.0,0.324,0.0,0.1,0.324,0.15,0.324,0.0,0.01215,0.0,0.0
2025-06-15 03:00:00,0.0,0.0,0.0,0.36,0.0,0.1,0.36,0.15,0.36,0.0,0.0135,0.0,0.0
2025-06-15 03:15:00,0.0,0.0,0.0,0.292,0.0,0.1,0.292,0.15,0.292,0.0,0.01095,0.0,0.0
2025-06-15 03:30:00,0.0,0.0,0.0,0.276,0.0,0.1,0.276,0.15,0.276,0.0,0.01035,0.0,0.0
2025-06-15 03:45:00,0.0,0.0,0.0,0.34,0.0,0.1,0.34,0.15,0.34,0.0,0.012750000000000001,0.0,0.0
2025-06-15 04:00:00,0.0,0.0,0.0,0.336,0.0,0.1,0.336,0.15,0.336,0.0,0.0126,0.0,0.0
2025-06-15 04:15:00,0.0,0.0,0.0,0.32,0.0,0.1,0.32,0.15,0.32,0.0,0.012,0.0,0.0
2025-06-15 04:30:00,0.0,0.0,0.0,0.324,0.0,0.1,0.324,0.15,0.324,0.0,0.01215,0.0,0.0
2025-06-15 04:45:00,0.04959,0.04959,0.0,0.328,0.0,0.1,0.27841,0.15,0.27841,0.0,0.010440375,0.0,0.01653
2025-06-15 05:00:00,0.04959,0.04959,0.0,0.284,0.0,0.1,0.23440999999999998,0.15,0.23440999999999998,0.0,0.008790375,0.0,0.01653
2025-06-15 05:15:00,0.04959,0.04959,0.0,0.256,0.0,0.1,0.20641,0.15,0.20641,0.0,0.007740375,0.0,0.01653
2025-06-15 05:30:00,0.04959,0.04959,0.0,0.3,0.0,0.1,0.25040999999999997,0.15,0.25040999999999997,0.0,0.009390374999999998,0.0,0.01653
2025-06-15 05:45:00,0.5627325000000001,0.5627325000000001,0.0,0.292,0.2707325000000001,0.1127244275,0.0,0.15,0.0,0.0,0.0006362213750000002,0.0006362213750000002,0.09733333333333333
2025-06-15 06:00:00,0.5627325000000001,0.5627325000000001,0.0,0.26,0.30273250000000007,0.126952855,0.0,0.15,0.0,0.0,0.0007114213750000001,0.0007114213750000001,0.08666666666666667
2025-06-15 06:15:00,0.5627325000000001,0.5627325000000001,0.0,0.264,0.29873250000000007,0.1409932825,0.0,0.15,0.0,0.0,0.0007020213750000002,0.0007020213750000002,0.08800000000000001
2025-06-15 06:30:00,0.5627325000000001,0.5627325000000001,0.0,0.228,0.3347325000000001,0.15672571000000002,0.0,0.15,0.0,0.0,0.0007866213750000002,0.0007866213750000002,0.076
2025-06-15 06:45:00,1.15938,1.15938,0.0,0.24,0.9193800000000001,0.19993657000000004,0.0,0.15,0.0,0.0,0.002160543,0.002160543,0.08
2025-06-15 07:00:00,1.15938,1.15938,0.0,0.204,0.9553800000000001,0.24483943000000002,0.0,0.15,0.0,0.0,0.0022451430000000002,0.0022451430000000002,0.06799999999999999
2025-06-15 07:15:00,1.15938,1.15938,0.0,0.184,0.9753800000000001,0.29068229,0.0,0.15,0.0,0.0,0.002292143,0.002292143,0.06133333333333333
2025-06-15 07:30:00,1.15938,1.15938,0.0,0.392,0.7673800000000001,0.32674915000000004,0.0,0.15,0.0,0.0,0.001803343,0.001803343,0.13066666666666668
2025-06-15 07:45:00,1.4797200000000001,1.4797200000000001,0.0,0.456,1.0237200000000002,0.37486399000000004,0.0,0.15,0.0,0.0,0.0024057420000000006,0.0024057420000000006,0.152
2025-06-15 08:00:00,1.4797200000000001,1.4797200000000001,0.0,0.468,1.0117200000000002,0.42241483,0.0,0.15,0.0,0.0,0.0023775420000000003,0.0023775420000000003,0.156
2025-06-15 08:15:00,1.4797200000000001,1.4797200000000001,0.0,0.452,1.0277200000000002,0.4707176700000001,0.0,0.15,0.0,0.0,0.0024151420000000003,0.0024151420000000003,0.15066666666666667
2025-06-15 08:30:00,1.47972,1.4797200000000001,2.220446049250313e-16,0.372,1.10772,0.52278051,0.0,0.15,0.0,0.0,0.002603142,0.002603142,0.124
2025-06-15 08:45:00,1.6363275000000002,1.6363275000000002,0.0,0.396,1.2403275000000002,0.5810759025000001,0.0,0.15,0.0,0.0,0.0029147696250000003,0.0029147696250000003,0.132
2025-06-15 09:00:00,1.6363275000000002,1.6363275000000002,0.0,0.464,1.1723275000000002,0.636175295,0.0,0.15,0.0,0.0,0.0027549696250000004,0.0027549696250000004,0.15466666666666667
2025-06-15 09:15:00,1.6363275000000002,1.6363275000000002,0.0,0.424,1.2123275000000002,0.6931546875000001,0.0,0.15,0.0,0.0,0.0028489696250000003,0.0028489696250000003,0.14133333333333334
2025-06-15 09:30:00,1.6363275000000002,1.6363275000000002,0.0,0.524,1.1123275000000001,0.7454340800000001,0.0,0.15,0.0,0.0,0.002613969625,0.002613969625,0.17466666666666666
2025-06-15 09:45:00,1.6910475000000003,1.6910475000000003,0.0,1.072,0.6190475000000002,0.7745293125000001,0.0,0.15,0.0,0.0,0.0014547616250000003,0.0014547616250000003,0.35733333333333334
2025-06-15 10:00:00,1.6910475000000003,1.6910475000000003,0.0,0.668,1.0230475,0.8226125450000001,0.0,0.15,0.0,0.0,0.0024041616250000002,0.0024041616250000002,0.22266666666666668
2025-06-15 10:15:00,1.6910475000000003,1.6910475000000003,0.0,0.636,1.0550475000000001,0.8721997775000002,0.0,0.15,0.0,0.0,0.0024793616250000003,0.0024793616250000003,0.212
2025-06-15 10:30:00,1.6910475000000003,1.6910475000000003,0.0,0.94,0.5914940957446767,0.9,-0.1595534042553236,0.15,0.0,0.1595534042553236,-0.00020552291755324592,0.0013900111249999902,0.3665178014184412
2025-06-15 10:45:00,1.7061525000000004,1.7061525000000002,0.0,0.568,0.0,0.9,-1.1381525000000003,0.15,0.0,1.1381525000000003,-0.011381525000000003,0.0,0.5687175000000001
2025-06-15 11:00:00,1.7061525000000004,1.7061525000000002,0.0,0.68,0.0,0.9,-1.0261525000000002,0.15,0.0,1.0261525000000002,-0.010261525000000002,0.0,0.5687175000000001
2025-06-15 11:15:00,1.7061525000000004,1.7061525000000002,0.0,0.6,0.0,0.9,-1.1061525000000003,0.15,0.0,1.1061525000000003,-0.011061525000000003,0.0,0.5687175000000001
2025-06-15 11:30:00,1.7061525000000004,1.7061525000000002,0.0,0.564,0.0,0.9,-1.1421525000000003,0.15,0.0,1.1421525000000003,-0.011421525000000004,0.0,0.5687175000000001
2025-06-15 11:45:00,1.7047275000000002,1.7047275000000002,0.0,0.544,0.0,0.9,-1.1607275000000001,0.15,0.0,1.1607275000000001,-0.011607275000000002,0.0,0.5682425000000001
2025-06-15 12:00:00,1.7047275000000002,1.7047275000000002,0.0,0.492,0.0,0.9,-1.2127275000000002,0.15,0.0,1.2127275000000002,-0.012127275000000002,0.0,0.5682425000000001
2025-06-15 12:15:00,1.7047275000000002,1.7047275000000002,0.0,0.54,0.0,0.9,-1.1647275000000001,0.15,0.0,1.1647275000000001,-0.011647275000000002,0.0,0.5682425000000001
2025-06-15 12:30:00,1.7047275000000002,1.7047275000000002,0.0,0.94,0.0,0.9,-0.7647275000000002,0.15,0.0,0.7647275000000002,-0.007647275000000003,0.0,0.5682425000000001
2025-06-15 12:45:00,1.6966050000000004,1.6966050000000004,0.0,1.608,0.0,0.9,-0.08860500000000027,0.15,0.0,0.08860500000000027,-0.0008860500000000027,0.0,0.5655350000000001
2025-06-15 13:00:00,1.6966050000000004,1.6966050000000004,0.0,1.152,0.0,0.9,-0.5446050000000004,0.15,0.0,0.5446050000000004,-0.005446050000000004,0.0,0.5655350000000001
2025-06-15 13:15:00,1.6966050000000004,1.6966050000000004,0.0,1.424,0.0,0.9,-0.27260500000000043,0.15,0.0,0.27260500000000043,-0.002726050000000004,0.0,0.5655350000000001
2025-06-15 13:30:00,1.6966050000000004,1.6966050000000004,0.0,1.204,0.0,0.9,-0.4926050000000004,0.15,0.0,0.4926050000000004,-0.004926050000000004,0.0,0.5655350000000001
2025-06-15 13:45:00,1.6829250000000002,1.6829250000000002,0.0,1.256,0.0,0.9,-0.4269250000000002,0.15,0.0,0.4269250000000002,-0.004269250000000002,0.0,0.5609750000000001
2025-06-15 14:00:00,1.6829250000000002,1.6829250000000002,0.0,1.344,0.0,0.9,-0.33892500000000014,0.15,0.0,0.33892500000000014,-0.0033892500000000016,0.0,0.5609750000000001
2025-06-15 14:15:00,1.6829250000000002,1.6829250000000002,0.0,1.32,0.0,0.9,-0.36292500000000016,0.15,0.0,0.36292500000000016,-0.003629250000000002,0.0,0.5609750000000001
2025-06-15 14:30:00,1.6829250000000002,1.6829250000000002,0.0,1.42,0.0,0.9,-0.2629250000000003,0.15,0.0,0.2629250000000003,-0.002629250000000003,0.0,0.5609750000000001
2025-06-15 14:45:00,1.6612650000000002,1.6612650000000002,0.0,0.732,0.0,0.9,-0.9292650000000002,0.15,0.0,0.9292650000000002,-0.009292650000000003,0.0,0.5537550000000001
2025-06-15 15:00:00,1.6612650000000002,1.6612650000000002,0.0,0.584,0.0,0.9,-1.0772650000000001,0.15,0.0,1.0772650000000001,-0.010772650000000002,0.0,0.5537550000000001
2025-06-15 15:15:00,1.6612650000000002,1.6612650000000002,0.0,0.684,0.0,0.9,-0.9772650000000002,0.15,0.0,0.9772650000000002,-0.009772650000000003,0.0,0.5537550000000001
2025-06-15 15:30:00,1.6612650000000002,1.6612650000000002,0.0,1.852,-0.19073499999999988,0.8898545212765958,0.0,0.15,0.0,0.0,0.0005072739361702125,0.0005072739361702125,0.6173333333333334
2025-06-15 15:45:00,1.5796125000000003,1.5796125000000003,0.0,0.608,0.21586124943413168,0.9,-0.7557512505658687,0.15,0.0,0.7557512505658687,-0.0070502385694884775,0.0005072739361702094,0.4545837501886229
2025-06-15 16:00:00,1.5796125000000003,1.5796125000000003,0.0,0.488,0.0,0.9,-1.0916125000000003,0.15,0.0,1.0916125000000003,-0.010916125000000004,0.0,0.5265375000000001
2025-06-15 16:15:00,1.5796125000000003,1.5796125000000003,0.0,0.464,0.0,0.9,-1.1156125000000003,0.15,0.0,1.1156125000000003,-0.011156125000000003,0.0,0.5265375000000001
2025-06-15 16:30:00,1.5796125000000003,1.5796125000000003,0.0,0.512,0.0,0.9,-1.0676125000000003,0.15,0.0,1.0676125000000003,-0.010676125000000003,0.0,0.5265375000000001
2025-06-15 16:45:00,1.3587375000000002,1.3587375000000002,0.0,0.536,0.0,0.9,-0.8227375000000001,0.15,0.0,0.8227375000000001,-0.008227375000000002,0.0,0.45291250000000005
2025-06-15 17:00:00,1.3587375000000002,1.3587375000000002,0.0,0.484,0.0,0.9,-0.8747375000000002,0.15,0.0,0.8747375000000002,-0.008747375000000002,0.0,0.45291250000000005
2025-06-15 17:15:00,1.3587375000000002,1.3587375000000002,0.0,0.412,0.0,0.9,-0.9467375000000002,0.15,0.0,0.9467375000000002,-0.009467375000000002,0.0,0.45291250000000005
2025-06-15 17:30:00,1.3587375000000002,1.3587375000000002,0.0,0.392,0.0,0.9,-0.9667375000000001,0.15,0.0,0.9667375000000001,-0.009667375000000002,0.0,0.45291250000000005
2025-06-15 17:45:00,0.9432075000000001,0.9432075000000001,0.0,0.356,0.0,0.9,-0.5872075000000001,0.15,0.0,0.5872075000000001,-0.005872075000000001,0.0,0.31440250000000003
2025-06-15 18:00:00,0.9432075000000001,0.9432075000000001,0.0,0.444,0.0,0.9,-0.4992075000000001,0.15,0.0,0.4992075000000001,-0.004992075000000001,0.0,0.31440250000000003
2025-06-15 18:15:00,0.9432075000000001,0.9432075000000001,0.0,0.476,0.0,0.9,-0.4672075000000001,0.15,0.0,0.4672075000000001,-0.004672075000000001,0.0,0.31440250000000003
2025-06-15 18:30:00,0.9432075000000001,0.9432075000000001,0.0,0.48,0.0,0.9,-0.4632075000000001,0.15,0.0,0.4632075000000001,-0.004632075000000001,0.0,0.31440250000000003
2025-06-15 18:45:00,0.305805,0.305805,0.0,0.676,-0.37019500000000005,0.8803087765957447,0.0,0.15,0.0,0.0,0.000984561170212766,0.000984561170212766,0.22533333333333336
2025-06-15 19:00:00,0.305805,0.305805,0.0,0.756,-0.450195,0.8563622340425532,0.0,0.15,0.0,0.0,0.0011973271276595745,0.0011973271276595745,0.252
2025-06-15 19:15:00,0.305805,0.305805,0.0,0.712,-0.406195,0.8347561170212765,0.0,0.15,0.0,0.0,0.0010803058510638298,0.0010803058510638298,0.2373333333333333
2025-06-15 19:30:00,0.305805,0.305805,0.0,0.616,-0.310195,0.8182563829787233,0.0,0.15,0.0,0.0,0.0008249867021276597,0.0008249867021276597,0.20533333333333334
2025-06-15 19:45:00,0.0,0.0,0.0,0.472,-0.472,0.7931499999999999,0.0,0.15,0.0,0.0,0.00125531914893617,0.00125531914893617,0.15733333333333333
2025-06-15 20:00:00,0.0,0.0,0.0,0.492,-0.492,0.7669797872340425,0.0,0.15,0.0,0.0,0.0013085106382978724,0.0013085106382978724,0.164
2025-06-15 20:15:00,0.0,0.0,0.0,0.66,-0.66,0.731873404255319,0.0,0.15,0.0,0.0,0.0017553191489361707,0.0017553191489361707,0.22
2025-06-15 20:30:00,0.0,0.0,0.0,0.86,-0.86,0.6861287234042552,0.0,0.15,0.0,0.0,0.0022872340425531914,0.0022872340425531914,0.2866666666666667
2025-06-15 20:45:00,0.0,0.0,0.0,0.64,-0.64,0.6520861702127659,0.0,0.15,0.0,0.0,0.0017021276595744683,0.0017021276595744683,0.21333333333333335
2025-06-15 21:00:00,0.0,0.0,0.0,0.644,-0.644,0.6178308510638297,0.0,0.15,0.0,0.0,0.001712765957446809,0.001712765957446809,0.21466666666666667
2025-06-15 21:15:00,0.0,0.0,0.0,0.692,-0.692,0.5810223404255319,0.0,0.15,0.0,0.0,0.0018404255319148936,0.0018404255319148936,0.23066666666666666
2025-06-15 21:30:00,0.0,0.0,0.0,0.592,-0.592,0.5495329787234042,0.0,0.15,0.0,0.0,0.001574468085106383,0.001574468085106383,0.19733333333333333
2025-06-15 21:45:00,0.0,0.0,0.0,0.444,-0.444,0.5259159574468085,0.0,0.15,0.0,0.0,0.0011808510638297873,0.0011808510638297873,0.148
2025-06-15 22:00:00,0.0,0.0,0.0,0.344,-0.344,0.507618085106383,0.0,0.15,0.0,0.0,0.0009148936170212766,0.0009148936170212766,0.11466666666666665
2025-06-15 22:15:00,0.0,0.0,0.0,0.396,-0.396,0.486554255319149,0.0,0.15,0.0,0.0,0.0010531914893617022,0.0010531914893617022,0.132
2025-06-15 22:30:00,0.0,0.0,0.0,0.488,-0.488,0.46059680851063833,0.0,0.15,0.0,0.0,0.0012978723404255318,0.0012978723404255318,0.16266666666666665
2025-06-15 22:45:00,0.0,0.0,0.0,0.448,-0.448,0.4367670212765957,0.0,0.15,0.0,0.0,0.0011914893617021277,0.0011914893617021277,0.14933333333333335
2025-06-15 23:00:00,0.0,0.0,0.0,0.492,-0.492,0.4105968085106383,0.0,0.15,0.0,0.0,0.0013085106382978724,0.0013085106382978724,0.164
2025-06-15 23:15:00,0.0,0.0,0.0,0.504,-0.504,0.3837882978723405,0.0,0.15,0.0,0.0,0.0013404255319148935,0.0013404255319148935,0.168
2025-06-15 23:30:00,0.0,0.0,0.0,0.556,-0.556,0.35421382978723404,0.0,0.15,0.0,0.0,0.0014787234042553195,0.0014787234042553195,0.18533333333333335
2025-06-15 23:45:00,0.0,0.0,0.0,0.508,-0.508,0.3271925531914894,0.0,0.15,0.0,0.0,0.0013510638297872342,0.0013510638297872342,0.16933333333333334
2025-06-16 00:00:00,0.0,0.0,0.0,0.484,-0.484,0.3014478723404256,0.0,0.15,0.0,0.0,0.0012872340425531914,0.0012872340425531914,0.16133333333333333
2025-06-16 00:15:00,0.0,0.0,0.0,0.564,-0.564,0.27144787234042556,0.0,0.15,0.0,0.0,0.0015,0.0015,0.18799999999999997
2025-06-16 00:30:00,0.0,0.0,0.0,0.556,-0.556,0.24187340425531917,0.0,0.15,0.0,0.0,0.0014787234042553195,0.0014787234042553195,0.18533333333333335
2025-06-16 00:45:00,0.0,0.0,0.0,0.548,-0.548,0.21272446808510642,0.0,0.15,0.0,0.0,0.0014574468085106385,0.0014574468085106385,0.18266666666666667
2025-06-16 01:00:00,0.0,0.0,0.0,0.572,-0.572,0.1822989361702128,0.0,0.15,0.0,0.0,0.0015212765957446808,0.0015212765957446808,0.19066666666666665
2025-06-16 01:15:00,0.0,0.0,0.0,0.628,-0.628,0.14889468085106386,0.0,0.15,0.0,0.0,0.0016702127659574471,0.0016702127659574471,0.20933333333333334
2025-06-16 01:30:00,0.0,0.0,0.0,0.548,-0.548,0.11974574468085109,0.0,0.15,0.0,0.0,0.0014574468085106385,0.0014574468085106385,0.18266666666666667
2025-06-16 01:45:00,0.0,0.0,0.0,0.444,-0.3712200000000004,0.1,0.07277999999999962,0.15,0.07277999999999962,0.0,0.00371653723404254,0.0009872872340425543,0.12374000000000013
2025-06-16 02:00:00,0.0,0.0,0.0,0.444,0.0,0.1,0.444,0.15,0.444,0.0,0.016649999999999998,0.0,0.0
2025-06-16 02:15:00,0.0,0.0,0.0,0.492,0.0,0.1,0.492,0.15,0.492,0.0,0.018449999999999998,0.0,0.0
2025-06-16 02:30:00,0.0,0.0,0.0,0.484,0.0,0.1,0.484,0.15,0.484,0.0,0.01815,0.0,0.0
2025-06-16 02:45:00,0.0,0.0,0.0,0.48,0.0,0.1,0.48,0.15,0.48,0.0,0.018,0.0,0.0
2025-06-16 03:00:00,0.0,0.0,0.0,0.48,0.0,0.1,0.48,0.15,0.48,0.0,0.018,0.0,0.0
2025-06-16 03:15:00,0.0,0.0,0.0,0.468,0.0,0.1,0.468,0.15,0.468,0.0,0.01755,0.0,0.0
2025-06-16 03:30:00,0.0,0.0,0.0,0.4,0.0,0.1,0.4,0.15,0.4,0.0,0.015,0.0,0.0
2025-06-16 03:45:00,0.0,0.0,0.0,0.384,0.0,0.1,0.384,0.15,0.384,0.0,0.0144,0.0,0.0
2025-06-16 04:00:00,0.0,0.0,0.0,0.392,0.0,0.1,0.392,0.15,0.392,0.0,0.0147,0.0,0.0
2025-06-16 04:15:00,0.0,0.0,0.0,0.516,0.0,0.1,0.516,0.15,0.516,0.0,0.01935,0.0,0.0
2025-06-16 04:30:00,0.0,0.0,0.0,0.532,0.0,0.1,0.532,0.15,0.532,0.0,0.01995,0.0,0.0
2025-06-16 04:45:00,0.040755,0.040755,0.0,0.44,0.0,0.1,0.399245,0.15,0.399245,0.0,0.0149716875,0.0,0.013585
2025-06-16 05:00:00,0.040755,0.040755,0.0,0.48,0.0,0.1,0.439245,0.15,0.439245,0.0,0.0164716875,0.0,0.013585
2025-06-16 05:15:00,0.040755,0.040755,0.0,0.464,0.0,0.1,0.42324500000000004,0.15,0.42324500000000004,0.0,0.015871687500000002,0.0,0.013585
2025-06-16 05:30:00,0.040755,0.040755,0.0,0.424,0.0,0.1,0.383245,0.15,0.383245,0.0,0.014371687499999999,0.0,0.013585
2025-06-16 05:45:00,0.499035,0.499035,0.0,1.808,0.0,0.1,1.3089650000000002,0.15,1.3089650000000002,0.0,0.0490861875,0.0,0.166345
2025-06-16 06:00:00,0.499035,0.499035,0.0,0.692,0.0,0.1,0.19296499999999994,0.15,0.19296499999999994,0.0,0.007236187499999998,0.0,0.166345
2025-06-16 06:15:00,0.499035,0.499035,0.0,1.352,0.0,0.1,0.8529650000000001,0.15,0.8529650000000001,0.0,0.0319861875,0.0,0.166345
2025-06-16 06:30:00,0.499035,0.499035,0.0,1.076,0.0,0.1,0.5769650000000001,0.15,0.5769650000000001,0.0,0.0216361875,0.0,0.166345
2025-06-16 06:45:00,1.1090775000000002,1.1090775000000002,0.0,0.7,0.4090775000000002,0.11922664250000001,0.0,0.15,0.0,0.0,0.0009613321250000004,0.0009613321250000004,0.2333333333333333
2025-06-16 07:00:00,1.1090775000000002,1.1090775000000002,0.0,0.34,0.7690775000000001,0.15537328500000003,0.0,0.15,0.0,0.0,0.0018073321250000002,0.0018073321250000002,0.11333333333333334
2025-06-16 07:15:00,1.1090775000000002,1.1090775000000002,0.0,0.328,0.7810775000000001,0.19208392750000003,0.0,0.15,0.0,0.0,0.0018355321250000001,0.0018355321250000001,0.10933333333333334
2025-06-16 07:30:00,1.1090775000000002,1.1090775000000002,0.0,0.308,0.8010775000000001,0.22973457000000003,0.0,0.15,0.0,0.0,0.0018825321250000003,0.0018825321250000003,0.10266666666666667
2025-06-16 07:45:00,1.4700300000000002,1.4700300000000002,0.0,0.228,1.2420300000000002,0.28810998000000004,0.0,0.15,0.0,0.0,0.0029187705000000004,0.0029187705000000004,0.076
2025-06-16 08:00:00,1.4700300000000002,1.4700300000000002,0.0,0.172,1.2980300000000002,0.3491173900000001,0.0,0.15,0.0,0.0,0.0030503705000000003,0.0030503705000000003,0.057333333333333326
2025-06-16 08:15:00,1.4700300000000002,1.4700300000000002,0.0,0.252,1.2180300000000002,0.4063648000000001,0.0,0.15,0.0,0.0,0.0028623705000000005,0.0028623705000000005,0.084
2025-06-16 08:30:00,1.4700300000000002,1.4700300000000002,0.0,0.252,1.2180300000000002,0.4636122100000001,0.0,0.15,0.0,0.0,0.0028623705000000005,0.0028623705000000005,0.084
2025-06-16 08:45:00,1.6473000000000002,1.6473000000000002,0.0,0.236,1.4113000000000002,0.5299433100000001,0.0,0.15,0.0,0.0,0.0033165550000000005,0.0033165550000000005,0.07866666666666666
2025-06-16 09:00:00,1.6473000000000002,1.6473000000000002,0.0,0.224,1.4233000000000002,0.59683841,0.0,0.15,0.0,0.0,0.0033447550000000005,0.0033447550000000005,0.07466666666666667
2025-06-16 09:15:00,1.6473000000000002,1.6473000000000002,0.0,0.168,1.4793000000000003,0.6663655100000001,0.0,0.15,0.0,0.0,0.0034763550000000004,0.0034763550000000004,0.056
2025-06-16 09:30:00,1.6473000000000002,1.6473000000000002,0.0,0.224,1.4233000000000002,0.7332606100000001,0.0,0.15,0.0,0.0,0.0033447550000000005,0.0033447550000000005,0.07466666666666667
2025-06-16 09:45:00,1.6792200000000004,1.6792200000000004,0.0,0.256,1.4232200000000004,0.8001519500000001,0.0,0.15,0.0,0.0,0.0033445670000000005,0.0033445670000000005,0.08533333333333333
2025-06-16 10:00:00,1.6792200000000004,1.6792200000000004,0.0,0.272,1.4072200000000004,0.86629129,0.0,0.15,0.0,0.0,0.003306967000000001,0.003306967000000001,0.09066666666666667
2025-06-16 10:15:00,1.6792200000000004,1.6792200000000004,0.0,0.424,0.7172065957446804,0.9,-0.5380134042553201,0.15,0.0,0.5380134042553201,-0.0036946985425532018,0.0016854354999999988,0.3206711347517734
2025-06-16 10:30:00,1.6792200000000004,1.6792200000000004,0.0,0.304,0.0,0.9,-1.3752200000000003,0.15,0.0,1.3752200000000003,-0.013752200000000004,0.0,0.5597400000000001
2025-06-16 10:45:00,1.7100000000000002,1.7100000000000002,0.0,0.28,0.0,0.9,-1.4300000000000002,0.15,0.0,1.4300000000000002,-0.014300000000000002,0.0,0.5700000000000001
2025-06-16 11:00:00,1.7100000000000002,1.7100000000000002,0.0,0.292,0.0,0.9,-1.4180000000000001,0.15,0.0,1.4180000000000001,-0.014180000000000002,0.0,0.5700000000000001
2025-06-16 11:15:00,1.71,1.7100000000000002,2.220446049250313e-16,0.376,0.0,0.9,-1.334,0.15,0.0,1.334,-0.013340000000000001,0.0,0.57
2025-06-16 11:30:00,1.71,1.7100000000000002,2.220446049250313e-16,0.38,0.0,0.9,-1.33,0.15,0.0,1.33,-0.013300000000000001,0.0,0.57
2025-06-16 11:45:00,1.7100000000000002,1.7100000000000002,0.0,0.328,0.0,0.9,-1.3820000000000001,0.15,0.0,1.3820000000000001,-0.01382,0.0,0.5700000000000001
2025-06-16 12:00:00,1.7100000000000002,1.7100000000000002,0.0,0.228,0.0,0.9,-1.4820000000000002,0.15,0.0,1.4820000000000002,-0.014820000000000002,0.0,0.5700000000000001
2025-06-16 12:15:00,1.7100000000000002,1.7100000000000002,0.0,0.336,0.0,0.9,-1.374,0.15,0.0,1.374,-0.013740000000000002,0.0,0.5700000000000001
2025-06-16 12:30:00,1.7100000000000002,1.7100000000000002,0.0,0.276,0.0,0.9,-1.4340000000000002,0.15,0.0,1.4340000000000002,-0.014340000000000002,0.0,0.5700000000000001
2025-06-16 12:45:00,1.6477275000000002,1.6477275000000002,0.0,0.264,0.0,0.9,-1.3837275000000002,0.15,0.0,1.3837275000000002,-0.013837275000000003,0.0,0.5492425000000001
2025-06-16 13:00:00,1.6477275000000002,1.6477275000000002,0.0,0.264,0.0,0.9,-1.3837275000000002,0.15,0.0,1.3837275000000002,-0.013837275000000003,0.0,0.5492425000000001
2025-06-16 13:15:00,1.6477275000000002,1.6477275000000002,0.0,0.212,0.0,0.9,-1.4357275000000003,0.15,0.0,1.4357275000000003,-0.014357275000000003,0.0,0.5492425000000001
2025-06-16 13:30:00,1.6477275000000002,1.6477275000000002,0.0,0.328,0.0,0.9,-1.3197275000000002,0.15,0.0,1.3197275000000002,-0.013197275000000001,0.0,0.5492425000000001
2025-06-16 13:45:00,1.3501875,1.3501875,0.0,0.4,0.0,0.9,-0.9501875000000001,0.15,0.0,0.9501875000000001,-0.009501875000000002,0.0,0.45006250000000003
2025-06-16 14:00:00,1.3501875,1.3501875,0.0,0.516,0.0,0.9,-0.8341875000000001,0.15,0.0,0.8341875000000001,-0.008341875,0.0,0.45006250000000003
2025-06-16 14:15:00,1.3501875,1.3501875,0.0,0.46,0.0,0.9,-0.8901875000000001,0.15,0.0,0.8901875000000001,-0.008901875000000002,0.0,0.45006250000000003
2025-06-16 14:30:00,1.3501875,1.3501875,0.0,0.408,0.0,0.9,-0.9421875000000002,0.15,0.0,0.9421875000000002,-0.009421875000000001,0.0,0.45006250000000003
2025-06-16 14:45:00,1.3815375,1.3815375,0.0,0.464,0.0,0.9,-0.9175375000000001,0.15,0.0,0.9175375000000001,-0.009175375000000001,0.0,0.46051250000000005
2025-06-16 15:00:00,1.3815375,1.3815375,0.0,0.576,0.0,0.9,-0.8055375000000001,0.15,0.0,0.8055375000000001,-0.008055375000000002,0.0,0.46051250000000005
2025-06-16 15:15:00,1.3815375,1.3815375,0.0,0.464,0.0,0.9,-0.9175375000000001,0.15,0.0,0.9175375000000001,-0.009175375000000001,0.0,0.46051250000000005
2025-06-16 15:30:00,1.3815374999999999,1.3815375,2.220446049250313e-16,0.38,0.0,0.9,-1.0015375,0.15,0.0,1.0015375,-0.010015375,0.0,0.46051249999999994
2025-06-16 15:45:00,1.4393925000000003,1.4393925000000003,0.0,0.652,0.0,0.9,-0.7873925000000003,0.15,0.0,0.7873925000000003,-0.007873925000000002,0.0,0.4797975000000001
2025-06-16 16:00:00,1.4393925000000003,1.4393925000000003,0.0,0.44,0.0,0.9,-0.9993925000000004,0.15,0.0,0.9993925000000004,-0.009993925000000004,0.0,0.4797975000000001
2025-06-16 16:15:00,1.4393925000000003,1.4393925000000003,0.0,0.688,0.0,0.9,-0.7513925000000004,0.15,0.0,0.7513925000000004,-0.007513925000000004,0.0,0.4797975000000001
2025-06-16 16:30:00,1.4393925000000003,1.4393925000000003,0.0,0.336,0.0,0.9,-1.1033925000000002,0.15,0.0,1.1033925000000002,-0.011033925000000002,0.0,0.4797975000000001
2025-06-16 16:45:00,0.8420325000000001,0.8420325000000001,0.0,0.428,0.0,0.9,-0.4140325000000001,0.15,0.0,0.4140325000000001,-0.004140325000000001,0.0,0.2806775
2025-06-16 17:00:00,0.8420325000000002,0.8420325000000001,0.0,0.316,0.0,0.9,-0.5260325000000001,0.15,0.0,0.5260325000000001,-0.0052603250000000015,0.0,0.2806775000000001
2025-06-16 17:15:00,0.8420325000000002,0.8420325000000001,0.0,0.284,0.0,0.9,-0.5580325000000002,0.15,0.0,0.5580325000000002,-0.005580325000000001,0.0,0.2806775000000001
2025-06-16 17:30:00,0.8420325000000001,0.8420325000000001,0.0,0.256,0.0,0.9,-0.5860325000000001,0.15,0.0,0.5860325000000001,-0.005860325,0.0,0.2806775
2025-06-16 17:45:00,0.6185925000000001,0.6185925000000001,0.0,0.236,0.0,0.9,-0.3825925000000001,0.15,0.0,0.3825925000000001,-0.0038259250000000013,0.0,0.20619750000000003
2025-06-16 18:00:00,0.6185925000000001,0.6185925000000001,0.0,0.252,0.0,0.9,-0.3665925000000001,0.15,0.0,0.3665925000000001,-0.003665925000000001,0.0,0.20619750000000003
2025-06-16 18:15:00,0.6185925000000001,0.6185925000000001,0.0,0.292,0.0,0.9,-0.3265925000000001,0.15,0.0,0.3265925000000001,-0.003265925000000001,0.0,0.20619750000000003
2025-06-16 18:30:00,0.6185925000000001,0.6185925000000001,0.0,0.256,0.0,0.9,-0.3625925000000001,0.15,0.0,0.3625925000000001,-0.003625925000000001,0.0,0.20619750000000003
2025-06-16 18:45:00,0.31122000000000005,0.31122000000000005,0.0,0.316,-0.004779999999999951,0.8997457446808511,0.0,0.15,0.0,0.0,1.2712765957446677e-05,1.2712765957446677e-05,0.10533333333333333
2025-06-16 19:00:00,0.31122000000000005,0.31122000000000005,0.0,0.384,-0.07277999999999996,0.8958744680851064,0.0,0.15,0.0,0.0,0.00019356382978723394,0.00019356382978723394,0.128
2025-06-16 19:15:00,0.31122000000000005,0.31122000000000005,0.0,0.408,-0.09677999999999992,0.8907265957446808,0.0,0.15,0.0,0.0,0.0002573936170212764,0.0002573936170212764,0.13599999999999998
2025-06-16 19:30:00,0.31122000000000005,0.31122000000000005,0.0,0.436,-0.12477999999999995,0.8840893617021276,0.0,0.15,0.0,0.0,0.0003318617021276595,0.0003318617021276595,0.14533333333333334
2025-06-16 19:45:00,0.0014250000000000003,0.0014250000000000003,0.0,0.348,-0.34657499999999997,0.8656545212765957,0.0,0.15,0.0,0.0,0.0009217420212765957,0.0009217420212765957,0.11599999999999999
2025-06-16 20:00:00,0.0014250000000000003,0.0014250000000000003,0.0,0.276,-0.274575,0.8510494680851064,0.0,0.15,0.0,0.0,0.0007302526595744682,0.0007302526595744682,0.09200000000000001
2025-06-16 20:15:00,0.0014250000000000003,0.0014250000000000003,0.0,0.296,-0.294575,0.835380585106383,0.0,0.15,0.0,0.0,0.0007834441489361701,0.0007834441489361701,0.09866666666666667
2025-06-16 20:30:00,0.0014250000000000003,0.0014250000000000003,0.0,0.44,-0.438575,0.8120521276595746,0.0,0.15,0.0,0.0,0.0011664228723404257,0.0011664228723404257,0.14666666666666667
2025-06-16 20:45:00,0.0,0.0,0.0,0.368,-0.368,0.7924776595744681,0.0,0.15,0.0,0.0,0.0009787234042553192,0.0009787234042553192,0.12266666666666666
2025-06-16 21:00:00,0.0,0.0,0.0,0.368,-0.368,0.7729031914893618,0.0,0.15,0.0,0.0,0.0009787234042553192,0.0009787234042553192,0.12266666666666666
2025-06-16 21:15:00,0.0,0.0,0.0,0.452,-0.452,0.7488606382978724,0.0,0.15,0.0,0.0,0.0012021276595744683,0.0012021276595744683,0.15066666666666667
2025-06-16 21:30:00,0.0,0.0,0.0,0.512,-0.512,0.7216265957446809,0.0,0.15,0.0,0.0,0.0013617021276595745,0.0013617021276595745,0.17066666666666666
2025-06-16 21:45:00,0.0,0.0,0.0,0.508,-0.508,0.6946053191489362,0.0,0.15,0.0,0.0,0.0013510638297872342,0.0013510638297872342,0.16933333333333334
2025-06-16 22:00:00,0.0,0.0,0.0,0.564,-0.564,0.6646053191489363,0.0,0.15,0.0,0.0,0.0015,0.0015,0.18799999999999997
2025-06-16 22:15:00,0.0,0.0,0.0,0.572,-0.572,0.6341797872340427,0.0,0.15,0.0,0.0,0.0015212765957446808,0.0015212765957446808,0.19066666666666665
2025-06-16 22:30:00,0.0,0.0,0.0,0.612,-0.612,0.6016265957446809,0.0,0.15,0.0,0.0,0.0016276595744680853,0.0016276595744680853,0.204
2025-06-16 22:45:00,0.0,0.0,0.0,0.576,-0.576,0.5709882978723405,0.0,0.15,0.0,0.0,0.0015319148936170212,0.0015319148936170212,0.19199999999999998
2025-06-16 23:00:00,0.0,0.0,0.0,0.648,-0.648,0.5365202127659575,0.0,0.15,0.0,0.0,0.0017234042553191493,0.0017234042553191493,0.216
2025-06-16 23:15:00,0.0,0.0,0.0,0.552,-0.552,0.507158510638298,0.0,0.15,0.0,0.0,0.0014680851063829789,0.0014680851063829789,0.18400000000000002
2025-06-16 23:30:00,0.0,0.0,0.0,0.664,-0.664,0.47183936170212776,0.0,0.15,0.0,0.0,0.001765957446808511,0.001765957446808511,0.22133333333333335
2025-06-16 23:45:00,0.0,0.0,0.0,0.636,-0.636,0.4380095744680852,0.0,0.15,0.0,0.0,0.001691489361702128,0.001691489361702128,0.212
2025-06-17 00:00:00,0.0,0.0,0.0,0.42,-0.42,0.41566914893617024,0.0,0.15,0.0,0.0,0.0011170212765957447,0.0011170212765957447,0.13999999999999999
2025-06-17 00:15:00,0.0,0.0,0.0,0.492,-0.492,0.3894989361702128,0.0,0.15,0.0,0.0,0.0013085106382978724,0.0013085106382978724,0.164
2025-06-17 00:30:00,0.0,0.0,0.0,0.652,-0.652,0.354818085106383,0.0,0.15,0.0,0.0,0.0017340425531914897,0.0017340425531914897,0.21733333333333335
2025-06-17 00:45:00,0.0,0.0,0.0,0.56,-0.56,0.3250308510638298,0.0,0.15,0.0,0.0,0.0014893617021276599,0.0014893617021276599,0.18666666666666668
2025-06-17 01:00:00,0.0,0.0,0.0,0.584,-0.584,0.29396702127659574,0.0,0.15,0.0,0.0,0.0015531914893617022,0.0015531914893617022,0.19466666666666665
2025-06-17 01:15:00,0.0,0.0,0.0,0.572,-0.572,0.26354148936170213,0.0,0.15,0.0,0.0,0.0015212765957446808,0.0015212765957446808,0.19066666666666665
2025-06-17 01:30:00,0.0,0.0,0.0,0.544,-0.544,0.23460531914893618,0.0,0.15,0.0,0.0,0.001446808510638298,0.001446808510638298,0.18133333333333335
2025-06-17 01:45:00,0.0,0.0,0.0,0.496,-0.496,0.2082223404255319,0.0,0.15,0.0,0.0,0.0013191489361702128,0.0013191489361702128,0.16533333333333333
2025-06-17 02:00:00,0.0,0.0,0.0,1.072,-1.072,0.1512010638297872,0.0,0.15,0.0,0.0,0.002851063829787234,0.002851063829787234,0.35733333333333334
2025-06-17 02:15:00,0.0,0.0,0.0,1.676,-0.9625799999999992,0.1,0.7134200000000007,0.15,0.7134200000000007,0.0,0.029313303191489386,0.00256005319148936,0.32085999999999976
2025-06-17 02:30:00,0.0,0.0,0.0,1.008,0.0,0.1,1.008,0.15,1.008,0.0,0.0378,0.0,0.0
2025-06-17 02:45:00,0.0,0.0,0.0,1.172,0.0,0.1,1.172,0.15,1.172,0.0,0.043949999999999996,0.0,0.0
2025-06-17 03:00:00,0.0,0.0,0.0,0.316,0.0,0.1,0.316,0.15,0.316,0.0,0.01185,0.0,0.0
2025-06-17 03:15:00,0.0,0.0,0.0,0.376,0.0,0.1,0.376,0.15,0.376,0.0,0.0141,0.0,0.0
2025-06-17 03:30:00,0.0,0.0,0.0,0.372,0.0,0.1,0.372,0.15,0.372,0.0,0.013949999999999999,0.0,0.0
2025-06-17 03:45:00,0.0,0.0,0.0,0.384,0.0,0.1,0.384,0.15,0.384,0.0,0.0144,0.0,0.0
2025-06-17 04:00:00,0.0,0.0,0.0,0.324,0.0,0.1,0.324,0.15,0.324,0.0,0.01215,0.0,0.0
2025-06-17 04:15:00,0.0,0.0,0.0,0.276,0.0,0.1,0.276,0.15,0.276,0.0,0.01035,0.0,0.0
2025-06-17 04:30:00,0.0,0.0,0.0,0.304,0.0,0.1,0.304,0.15,0.304,0.0,0.011399999999999999,0.0,0.0
2025-06-17 04:45:00,0.03534,0.03534,0.0,0.284,0.0,0.1,0.24865999999999996,0.15,0.24865999999999996,0.0,0.009324749999999998,0.0,0.01178
2025-06-17 05:00:00,0.03534,0.03534,0.0,0.184,0.0,0.1,0.14866,0.15,0.14866,0.0,0.005574749999999999,0.0,0.01178
2025-06-17 05:15:00,0.03534,0.03534,0.0,0.18,0.0,0.1,0.14465999999999998,0.15,0.14465999999999998,0.0,0.005424749999999999,0.0,0.01178
2025-06-17 05:30:00,0.03534,0.03534,0.0,0.176,0.0,0.1,0.14065999999999998,0.15,0.14065999999999998,0.0,0.005274749999999999,0.0,0.01178
2025-06-17 05:45:00,0.6083325,0.6083325,0.0,0.216,0.3923325000000001,0.1184396275,0.0,0.15,0.0,0.0,0.0009219813750000001,0.0009219813750000001,0.072
2025-06-17 06:00:00,0.6083325,0.6083325,0.0,0.216,0.3923325000000001,0.13687925500000003,0.0,0.15,0.0,0.0,0.0009219813750000001,0.0009219813750000001,0.072
2025-06-17 06:15:00,0.6083325,0.6083325,0.0,0.212,0.3963325000000001,0.15550688250000003,0.0,0.15,0.0,0.0,0.0009313813750000001,0.0009313813750000001,0.07066666666666667
2025-06-17 06:30:00,0.6083325,0.6083325,0.0,0.212,0.3963325000000001,0.17413451000000002,0.0,0.15,0.0,0.0,0.0009313813750000001,0.0009313813750000001,0.07066666666666667
2025-06-17 06:45:00,1.2032700000000003,1.2032700000000003,0.0,0.212,0.9912700000000003,0.22072420000000004,0.0,0.15,0.0,0.0,0.0023294845000000008,0.0023294845000000008,0.07066666666666667
2025-06-17 07:00:00,1.2032700000000003,1.2032700000000003,0.0,0.216,0.9872700000000003,0.2671258900000001,0.0,0.15,0.0,0.0,0.0023200845000000006,0.0023200845000000006,0.072
2025-06-17 07:15:00,1.2032700000000003,1.2032700000000003,0.0,0.208,0.9952700000000003,0.31390358000000007,0.0,0.15,0.0,0.0,0.0023388845000000004,0.0023388845000000004,0.06933333333333333
2025-06-17 07:30:00,1.2032700000000003,1.2032700000000003,0.0,1.012,0.19127000000000027,0.3228932700000001,0.0,0.15,0.0,0.0,0.00044948450000000065,0.00044948450000000065,0.3373333333333333
2025-06-17 07:45:00,1.5276000000000003,1.5276000000000003,0.0,0.28,1.2476000000000003,0.3815304700000001,0.0,0.15,0.0,0.0,0.0029318600000000005,0.0029318600000000005,0.09333333333333334
2025-06-17 08:00:00,1.5276000000000003,1.5276000000000003,0.0,0.268,1.2596000000000003,0.4407316700000002,0.0,0.15,0.0,0.0,0.0029600600000000005,0.0029600600000000005,0.08933333333333333
2025-06-17 08:15:00,1.5276000000000003,1.5276000000000003,0.0,0.28,1.2476000000000003,0.4993688700000002,0.0,0.15,0.0,0.0,0.0029318600000000005,0.0029318600000000005,0.09333333333333334
2025-06-17 08:30:00,1.5276000000000003,1.5276000000000003,0.0,0.176,1.3516000000000004,0.5628940700000002,0.0,0.15,0.0,0.0,0.0031762600000000006,0.0031762600000000006,0.058666666666666666
2025-06-17 08:45:00,1.6502925000000002,1.6502925000000002,0.0,0.236,1.4142925000000002,0.6293658175000002,0.0,0.15,0.0,0.0,0.003323587375,0.003323587375,0.07866666666666666
2025-06-17 09:00:00,1.6502925000000002,1.6502925000000002,0.0,0.264,1.3862925000000001,0.6945215650000002,0.0,0.15,0.0,0.0,0.0032577873750000005,0.0032577873750000005,0.08800000000000001
2025-06-17 09:15:00,1.6502925000000002,1.6502925000000002,0.0,0.34,1.3102925,0.7561053125000001,0.0,0.15,0.0,0.0,0.003079187375,0.003079187375,0.11333333333333334
2025-06-17 09:30:00,1.6502925,1.6502925000000002,2.220446049250313e-16,0.364,1.2862925,0.8165610600000001,0.0,0.15,0.0,0.0,0.003022787375,0.003022787375,0.12133333333333333
2025-06-17 09:45:00,1.6565625000000002,1.6565625000000002,0.0,0.508,1.1485625000000002,0.8705434975000002,0.0,0.15,0.0,0.0,0.002699121875,0.002699121875,0.16933333333333334
2025-06-17 10:00:00,1.6565625000000002,1.6565625000000002,0.0,0.804,0.6267340957446786,0.9,-0.22582840425532147,0.15,0.0,0.22582840425532147,-0.00078545891755322,0.0014728251249999946,0.3432761347517738
2025-06-17 10:15:00,1.6565625000000002,1.6565625000000002,0.0,0.56,0.0,0.9,-1.0965625,0.15,0.0,1.0965625,-0.010965625000000001,0.0,0.5521875
2025-06-17 10:30:00,1.6565625000000002,1.6565625000000002,0.0,0.548,0.0,0.9,-1.1085625000000001,0.15,0.0,1.1085625000000001,-0.011085625000000002,0.0,0.5521875
2025-06-17 10:45:00,1.6799325,1.6799325,0.0,0.552,0.0,0.9,-1.1279325,0.15,0.0,1.1279325,-0.011279325,0.0,0.5599775
2025-06-17 11:00:00,1.6799325,1.6799325,0.0,0.612,0.0,0.9,-1.0679325,0.15,0.0,1.0679325,-0.010679325,0.0,0.5599775
2025-06-17 11:15:00,1.6799325,1.6799325,0.0,0.592,0.0,0.9,-1.0879325,0.15,0.0,1.0879325,-0.010879325,0.0,0.5599775
2025-06-17 11:30:00,1.6799325,1.6799325,0.0,0.564,0.0,0.9,-1.1159325,0.15,0.0,1.1159325,-0.011159325,0.0,0.5599775
2025-06-17 11:45:00,1.6632600000000002,1.6632600000000002,0.0,0.504,0.0,0.9,-1.1592600000000002,0.15,0.0,1.1592600000000002,-0.011592600000000002,0.0,0.55442
2025-06-17 12:00:00,1.6632600000000002,1.6632600000000002,0.0,0.556,0.0,0.9,-1.1072600000000001,0.15,0.0,1.1072600000000001,-0.011072600000000002,0.0,0.55442
2025-06-17 12:15:00,1.6632600000000002,1.6632600000000002,0.0,0.568,0.0,0.9,-1.0952600000000001,0.15,0.0,1.0952600000000001,-0.010952600000000002,0.0,0.55442
2025-06-17 12:30:00,1.6632600000000002,1.6632600000000002,0.0,0.704,0.0,0.9,-0.9592600000000002,0.15,0.0,0.9592600000000002,-0.009592600000000003,0.0,0.55442
2025-06-17 12:45:00,1.6320525000000004,1.6320525000000001,0.0,0.628,0.0,0.9,-1.0040525000000002,0.15,0.0,1.0040525000000002,-0.010040525000000003,0.0,0.5440175000000002
2025-06-17 13:00:00,1.6320525000000001,1.6320525000000001,0.0,0.464,0.0,0.9,-1.1680525000000002,0.15,0.0,1.1680525000000002,-0.011680525000000002,0.0,0.5440175
2025-06-17 13:15:00,1.6320525000000001,1.6320525000000001,0.0,0.764,0.0,0.9,-0.8680525000000001,0.15,0.0,0.8680525000000001,-0.008680525000000001,0.0,0.5440175
2025-06-17 13:30:00,1.6320525000000001,1.6320525000000001,0.0,0.496,0.0,0.9,-1.1360525000000001,0.15,0.0,1.1360525000000001,-0.011360525000000002,0.0,0.5440175
2025-06-17 13:45:00,1.5932925,1.5932925,0.0,0.688,0.0,0.9,-0.9052925,0.15,0.0,0.9052925,-0.009052925000000002,0.0,0.5310975
2025-06-17 14:00:00,1.5932925,1.5932925,0.0,0.696,0.0,0.9,-0.8972925,0.15,0.0,0.8972925,-0.008972925000000001,0.0,0.5310975
2025-06-17 14:15:00,1.5932925,1.5932925,0.0,0.552,0.0,0.9,-1.0412925,0.15,0.0,1.0412925,-0.010412925,0.0,0.5310975
2025-06-17 14:30:00,1.5932925,1.5932925,0.0,0.536,0.0,0.9,-1.0572925,0.15,0.0,1.0572925,-0.010572925,0.0,0.5310975
2025-06-17 14:45:00,1.5579525,1.5579525,0.0,0.72,0.0,0.9,-0.8379525000000001,0.15,0.0,0.8379525000000001,-0.008379525,0.0,0.5193175
2025-06-17 15:00:00,1.5579525,1.5579525,0.0,0.652,0.0,0.9,-0.9059525,0.15,0.0,0.9059525,-0.009059525,0.0,0.5193175
2025-06-17 15:15:00,1.5579525,1.5579525,0.0,0.524,0.0,0.9,-1.0339525,0.15,0.0,1.0339525,-0.010339525,0.0,0.5193175
2025-06-17 15:30:00,1.5579525,1.5579525,0.0,0.532,0.0,0.9,-1.0259525,0.15,0.0,1.0259525,-0.010259525,0.0,0.5193175
2025-06-17 15:45:00,1.5281700000000003,1.5281700000000003,0.0,0.516,0.0,0.9,-1.0121700000000002,0.15,0.0,1.0121700000000002,-0.010121700000000003,0.0,0.5093900000000001
2025-06-17 16:00:00,1.5281700000000003,1.5281700000000003,0.0,0.492,0.0,0.9,-1.0361700000000003,0.15,0.0,1.0361700000000003,-0.010361700000000003,0.0,0.5093900000000001
2025-06-17 16:15:00,1.5281700000000003,1.5281700000000003,0.0,0.496,0.0,0.9,-1.0321700000000003,0.15,0.0,1.0321700000000003,-0.010321700000000003,0.0,0.5093900000000001
2025-06-17 16:30:00,1.5281700000000003,1.5281700000000003,0.0,0.536,0.0,0.9,-0.9921700000000002,0.15,0.0,0.9921700000000002,-0.009921700000000002,0.0,0.5093900000000001
2025-06-17 16:45:00,1.3503300000000003,1.3503300000000003,0.0,0.388,0.0,0.9,-0.9623300000000002,0.15,0.0,0.9623300000000002,-0.009623300000000003,0.0,0.45011000000000007
2025-06-17 17:00:00,1.35033,1.3503300000000003,2.220446049250313e-16,0.348,0.0,0.9,-1.0023300000000002,0.15,0.0,1.0023300000000002,-0.010023300000000002,0.0,0.45011
2025-06-17 17:15:00,1.3503300000000003,1.3503300000000003,0.0,0.548,0.0,0.9,-0.8023300000000002,0.15,0.0,0.8023300000000002,-0.008023300000000002,0.0,0.45011000000000007
2025-06-17 17:30:00,1.3503300000000003,1.3503300000000003,0.0,0.564,0.0,0.9,-0.7863300000000003,0.15,0.0,0.7863300000000003,-0.007863300000000004,0.0,0.45011000000000007
2025-06-17 17:45:00,0.9866700000000002,0.9866700000000002,0.0,0.584,0.0,0.9,-0.4026700000000002,0.15,0.0,0.4026700000000002,-0.004026700000000002,0.0,0.32889000000000007
2025-06-17 18:00:00,0.9866700000000002,0.9866700000000002,0.0,0.524,0.0,0.9,-0.46267000000000014,0.15,0.0,0.46267000000000014,-0.004626700000000002,0.0,0.32889000000000007
2025-06-17 18:15:00,0.9866700000000002,0.9866700000000002,0.0,0.532,0.0,0.9,-0.45467000000000013,0.15,0.0,0.45467000000000013,-0.004546700000000002,0.0,0.32889000000000007
2025-06-17 18:30:00,0.9866700000000002,0.9866700000000002,0.0,0.484,0.0,0.9,-0.5026700000000002,0.15,0.0,0.5026700000000002,-0.005026700000000002,0.0,0.32889000000000007
2025-06-17 18:45:00,0.32703750000000004,0.32703750000000004,0.0,0.408,-0.08096249999999994,0.8956934840425532,0.0,0.15,0.0,0.0,0.0002153257978723403,0.0002153257978723403,0.13599999999999998
2025-06-17 19:00:00,0.32703750000000004,0.32703750000000004,0.0,0.444,-0.11696249999999997,0.8894720744680852,0.0,0.15,0.0,0.0,0.00031107047872340417,0.00031107047872340417,0.148
2025-06-17 19:15:00,0.32703750000000004,0.32703750000000004,0.0,0.512,-0.18496249999999997,0.8796336436170213,0.0,0.15,0.0,0.0,0.0004919215425531915,0.0004919215425531915,0.17066666666666666
2025-06-17 19:30:00,0.32703750000000004,0.32703750000000004,0.0,0.54,-0.2129625,0.8683058510638298,0.0,0.15,0.0,0.0,0.0005663896276595745,0.0005663896276595745,0.18000000000000002
2025-06-17 19:45:00,0.0009975000000000001,0.0009975000000000001,0.0,0.524,-0.5230025,0.8404865691489363,0.0,0.15,0.0,0.0,0.0013909640957446812,0.0013909640957446812,0.17466666666666666
2025-06-17 20:00:00,0.0009975000000000001,0.0009975000000000001,0.0,0.496,-0.4950025,0.8141566489361702,0.0,0.15,0.0,0.0,0.001316496010638298,0.001316496010638298,0.16533333333333333
2025-06-17 20:15:00,0.0009975000000000001,0.0009975000000000001,0.0,0.488,-0.4870025,0.7882522606382979,0.0,0.15,0.0,0.0,0.0012952194148936173,0.0012952194148936173,0.16266666666666665
2025-06-17 20:30:00,0.0009975000000000001,0.0009975000000000001,0.0,0.512,-0.5110025,0.7610712765957447,0.0,0.15,0.0,0.0,0.0013590492021276599,0.0013590492021276599,0.17066666666666666
2025-06-17 20:45:00,0.0,0.0,0.0,0.532,-0.532,0.7327734042553191,0.0,0.15,0.0,0.0,0.0014148936170212767,0.0014148936170212767,0.17733333333333334
2025-06-17 21:00:00,0.0,0.0,0.0,0.652,-0.652,0.6980925531914893,0.0,0.15,0.0,0.0,0.0017340425531914897,0.0017340425531914897,0.21733333333333335
2025-06-17 21:15:00,0.0,0.0,0.0,0.624,-0.624,0.6649010638297872,0.0,0.15,0.0,0.0,0.0016595744680851065,0.0016595744680851065,0.208
2025-06-17 21:30:00,0.0,0.0,0.0,0.88,-0.88,0.6180925531914893,0.0,0.15,0.0,0.0,0.002340425531914894,0.002340425531914894,0.29333333333333333
2025-06-17 21:45:00,0.0,0.0,0.0,0.676,-0.676,0.5821351063829787,0.0,0.15,0.0,0.0,0.001797872340425532,0.001797872340425532,0.22533333333333336
2025-06-17 22:00:00,0.0,0.0,0.0,0.784,-0.784,0.5404329787234042,0.0,0.15,0.0,0.0,0.0020851063829787236,0.0020851063829787236,0.26133333333333336
2025-06-17 22:15:00,0.0,0.0,0.0,0.824,-0.824,0.4966031914893617,0.0,0.15,0.0,0.0,0.002191489361702128,0.002191489361702128,0.27466666666666667
2025-06-17 22:30:00,0.0,0.0,0.0,0.788,-0.788,0.4546882978723404,0.0,0.15,0.0,0.0,0.002095744680851064,0.002095744680851064,0.26266666666666666
2025-06-17 22:45:00,0.0,0.0,0.0,0.704,-0.704,0.41724148936170213,0.0,0.15,0.0,0.0,0.001872340425531915,0.001872340425531915,0.23466666666666666
2025-06-17 23:00:00,0.0,0.0,0.0,0.716,-0.716,0.3791563829787234,0.0,0.15,0.0,0.0,0.001904255319148936,0.001904255319148936,0.23866666666666667
2025-06-17 23:15:00,0.0,0.0,0.0,0.716,-0.716,0.3410712765957447,0.0,0.15,0.0,0.0,0.001904255319148936,0.001904255319148936,0.23866666666666667
2025-06-17 23:30:00,0.0,0.0,0.0,0.628,-0.628,0.3076670212765958,0.0,0.15,0.0,0.0,0.0016702127659574471,0.0016702127659574471,0.20933333333333334
2025-06-17 23:45:00,0.0,0.0,0.0,0.564,-0.564,0.2776670212765958,0.0,0.15,0.0,0.0,0.0015,0.0015,0.18799999999999997
2025-06-18 00:00:00,0.0,0.0,0.0,0.552,-0.552,0.24830531914893622,0.0,0.15,0.0,0.0,0.0014680851063829789,0.0014680851063829789,0.18400000000000002
2025-06-18 00:15:00,0.0,0.0,0.0,0.692,-0.692,0.21149680851063835,0.0,0.15,0.0,0.0,0.0018404255319148936,0.0018404255319148936,0.23066666666666666
2025-06-18 00:30:00,0.0,0.0,0.0,0.704,-0.704,0.17405000000000004,0.0,0.15,0.0,0.0,0.001872340425531915,0.001872340425531915,0.23466666666666666
2025-06-18 00:45:00,0.0,0.0,0.0,0.652,-0.652,0.13936914893617025,0.0,0.15,0.0,0.0,0.0017340425531914897,0.0017340425531914897,0.21733333333333335
2025-06-18 01:00:00,0.0,0.0,0.0,0.736,-0.736,0.1002202127659575,0.0,0.15,0.0,0.0,0.0019574468085106385,0.0019574468085106385,0.24533333333333332
2025-06-18 01:15:00,0.0,0.0,0.0,0.5,-0.0041400000000009025,0.1,0.4958599999999991,0.15,0.4958599999999991,0.0,0.01860576063829784,1.1010638297874742e-05,0.001380000000000301
2025-06-18 01:30:00,0.0,0.0,0.0,0.468,0.0,0.1,0.468,0.15,0.468,0.0,0.01755,0.0,0.0
2025-06-18 01:45:00,0.0,0.0,0.0,0.54,0.0,0.1,0.54,0.15,0.54,0.0,0.02025,0.0,0.0
2025-06-18 02:00:00,0.0,0.0,0.0,0.512,0.0,0.1,0.512,0.15,0.512,0.0,0.0192,0.0,0.0
2025-06-18 02:15:00,0.0,0.0,0.0,0.488,0.0,0.1,0.488,0.15,0.488,0.0,0.0183,0.0,0.0
2025-06-18 02:30:00,0.0,0.0,0.0,0.492,0.0,0.1,0.492,0.15,0.492,0.0,0.018449999999999998,0.0,0.0
2025-06-18 02:45:00,0.0,0.0,0.0,0.496,0.0,0.1,0.496,0.15,0.496,0.0,0.0186,0.0,0.0
2025-06-18 03:00:00,0.0,0.0,0.0,0.78,0.0,0.1,0.78,0.15,0.78,0.0,0.029249999999999998,0.0,0.0
2025-06-18 03:15:00,0.0,0.0,0.0,1.28,0.0,0.1,1.28,0.15,1.28,0.0,0.048,0.0,0.0
2025-06-18 03:30:00,0.0,0.0,0.0,1.096,0.0,0.1,1.096,0.15,1.096,0.0,0.041100000000000005,0.0,0.0
2025-06-18 03:45:00,0.0,0.0,0.0,0.996,0.0,0.1,0.996,0.15,0.996,0.0,0.03735,0.0,0.0
2025-06-18 04:00:00,0.0,0.0,0.0,1.504,0.0,0.1,1.504,0.15,1.504,0.0,0.0564,0.0,0.0
2025-06-18 04:15:00,0.0,0.0,0.0,0.316,0.0,0.1,0.316,0.15,0.316,0.0,0.01185,0.0,0.0
2025-06-18 04:30:00,0.0,0.0,0.0,0.38,0.0,0.1,0.38,0.15,0.38,0.0,0.014249999999999999,0.0,0.0
2025-06-18 04:45:00,0.0508725,0.0508725,0.0,0.312,0.0,0.1,0.2611275,0.15,0.2611275,0.0,0.00979228125,0.0,0.0169575
2025-06-18 05:00:00,0.0508725,0.0508725,0.0,0.308,0.0,0.1,0.2571275,0.15,0.2571275,0.0,0.00964228125,0.0,0.0169575
2025-06-18 05:15:00,0.0508725,0.0508725,0.0,0.324,0.0,0.1,0.2731275,0.15,0.2731275,0.0,0.01024228125,0.0,0.0169575
2025-06-18 05:30:00,0.0508725,0.0508725,0.0,0.248,0.0,0.1,0.1971275,0.15,0.1971275,0.0,0.00739228125,0.0,0.0169575
2025-06-18 05:45:00,0.5863875000000001,0.5863875000000001,0.0,0.244,0.34238750000000007,0.11609221249999999,0.0,0.15,0.0,0.0,0.0008046106250000002,0.0008046106250000002,0.08133333333333333
2025-06-18 06:00:00,0.5863875000000001,0.5863875000000001,0.0,0.252,0.33438750000000006,0.13180842499999998,0.0,0.15,0.0,0.0,0.0007858106250000001,0.0007858106250000001,0.084
2025-06-18 06:15:00,0.5863875000000001,0.5863875000000001,0.0,0.252,0.33438750000000006,0.14752463749999997,0.0,0.15,0.0,0.0,0.0007858106250000001,0.0007858106250000001,0.084
2025-06-18 06:30:00,0.5863875000000001,0.5863875000000001,0.0,0.24,0.34638750000000007,0.16380484999999997,0.0,0.15,0.0,0.0,0.0008140106250000001,0.0008140106250000001,0.08
2025-06-18 06:45:00,1.20954,1.20954,0.0,0.288,0.92154,0.20711722999999999,0.0,0.15,0.0,0.0,0.002165619,0.002165619,0.09599999999999999
2025-06-18 07:00:00,1.20954,1.20954,0.0,0.896,0.31354000000000004,0.22185360999999998,0.0,0.15,0.0,0.0,0.0007368190000000001,0.0007368190000000001,0.2986666666666667
2025-06-18 07:15:00,1.20954,1.20954,0.0,0.448,0.7615400000000001,0.25764599,0.0,0.15,0.0,0.0,0.001789619,0.001789619,0.14933333333333335
2025-06-18 07:30:00,1.20954,1.20954,0.0,0.424,0.7855400000000001,0.29456636999999997,0.0,0.15,0.0,0.0,0.0018460190000000002,0.0018460190000000002,0.14133333333333334
2025-06-18 07:45:00,1.5523950000000002,1.5523950000000002,0.0,0.348,1.2043950000000003,0.351172935,0.0,0.15,0.0,0.0,0.0028303282500000003,0.0028303282500000003,0.11599999999999999
2025-06-18 08:00:00,1.5523950000000002,1.5523950000000002,0.0,0.312,1.2403950000000001,0.4094715,0.0,0.15,0.0,0.0,0.00291492825,0.00291492825,0.104
2025-06-18 08:15:00,1.5523950000000002,1.5523950000000002,0.0,0.328,1.2243950000000001,0.467018065,0.0,0.15,0.0,0.0,0.0028773282500000005,0.0028773282500000005,0.10933333333333334
2025-06-18 08:30:00,1.5523950000000002,1.5523950000000002,0.0,0.216,1.3363950000000002,0.52982863,0.0,0.15,0.0,0.0,0.0031405282500000004,0.0031405282500000004,0.072
2025-06-18 08:45:00,1.7100000000000002,1.7100000000000002,0.0,0.3,1.4100000000000001,0.59609863,0.0,0.15,0.0,0.0,0.0033135000000000005,0.0033135000000000005,0.09999999999999999
2025-06-18 09:00:00,1.7100000000000002,1.7100000000000002,0.0,0.432,1.2780000000000002,0.65616463,0.0,0.15,0.0,0.0,0.0030033000000000004,0.0030033000000000004,0.144
2025-06-18 09:15:00,1.7100000000000002,1.7100000000000002,0.0,0.42,1.2900000000000003,0.7167946300000001,0.0,0.15,0.0,0.0,0.0030315000000000003,0.0030315000000000003,0.13999999999999999
2025-06-18 09:30:00,1.7100000000000002,1.7100000000000002,0.0,0.316,1.3940000000000001,0.7823126300000001,0.0,0.15,0.0,0.0,0.0032759,0.0032759,0.10533333333333333
2025-06-18 09:45:00,1.7100000000000002,1.7100000000000002,0.0,0.24,1.4700000000000002,0.8514026300000002,0.0,0.15,0.0,0.0,0.0034545000000000005,0.0034545000000000005,0.08
2025-06-18 10:00:00,1.7100000000000002,1.7100000000000002,0.0,0.252,1.0339865957446785,0.9,-0.42401340425532164,0.15,0.0,0.42401340425532164,-0.001810265542553222,0.0024298684999999945,0.22533780141844054
2025-06-18 10:15:00,1.7100000000000002,1.7100000000000002,0.0,0.78,0.0,0.9,-0.9300000000000002,0.15,0.0,0.9300000000000002,-0.009300000000000001,0.0,0.5700000000000001
2025-06-18 10:30:00,1.7100000000000002,1.7100000000000002,0.0,0.696,0.0,0.9,-1.0140000000000002,0.15,0.0,1.0140000000000002,-0.010140000000000003,0.0,0.5700000000000001
2025-06-18 10:45:00,1.7100000000000002,1.7100000000000002,0.0,0.508,0.0,0.9,-1.2020000000000002,0.15,0.0,1.2020000000000002,-0.012020000000000003,0.0,0.5700000000000001
2025-06-18 11:00:00,1.7100000000000004,1.7100000000000002,0.0,0.58,0.0,0.9,-1.1300000000000003,0.15,0.0,1.1300000000000003,-0.011300000000000003,0.0,0.5700000000000002
2025-06-18 11:15:00,1.7100000000000004,1.7100000000000002,0.0,0.564,0.0,0.9,-1.1460000000000004,0.15,0.0,1.1460000000000004,-0.011460000000000003,0.0,0.5700000000000002
2025-06-18 11:30:00,1.7100000000000002,1.7100000000000002,0.0,0.56,0.0,0.9,-1.1500000000000001,0.15,0.0,1.1500000000000001,-0.011500000000000002,0.0,0.5700000000000001
2025-06-18 11:45:00,1.7100000000000004,1.7100000000000002,0.0,0.596,0.0,0.9,-1.1140000000000003,0.15,0.0,1.1140000000000003,-0.011140000000000004,0.0,0.5700000000000002
2025-06-18 12:00:00,1.7100000000000002,1.7100000000000002,0.0,0.528,0.0,0.9,-1.1820000000000002,0.15,0.0,1.1820000000000002,-0.011820000000000002,0.0,0.5700000000000001
2025-06-18 12:15:00,1.7100000000000002,1.7100000000000002,0.0,0.704,0.0,0.9,-1.0060000000000002,0.15,0.0,1.0060000000000002,-0.010060000000000003,0.0,0.5700000000000001
2025-06-18 12:30:00,1.7100000000000004,1.7100000000000002,0.0,0.644,0.0,0.9,-1.0660000000000003,0.15,0.0,1.0660000000000003,-0.010660000000000003,0.0,0.5700000000000002
2025-06-18 12:45:00,1.7100000000000002,1.7100000000000002,0.0,0.416,0.0,0.9,-1.2940000000000003,0.15,0.0,1.2940000000000003,-0.012940000000000004,0.0,0.5700000000000001
2025-06-18 13:00:00,1.7100000000000002,1.7100000000000002,0.0,0.328,0.0,0.9,-1.3820000000000001,0.15,0.0,1.3820000000000001,-0.01382,0.0,0.5700000000000001
2025-06-18 13:15:00,1.7100000000000004,1.7100000000000002,0.0,0.58,0.0,0.9,-1.1300000000000003,0.15,0.0,1.1300000000000003,-0.011300000000000003,0.0,0.5700000000000002
2025-06-18 13:30:00,1.7100000000000004,1.7100000000000002,0.0,0.624,0.0,0.9,-1.0860000000000003,0.15,0.0,1.0860000000000003,-0.010860000000000003,0.0,0.5700000000000002
2025-06-18 13:45:00,1.5099300000000002,1.5099300000000002,0.0,0.452,0.0,0.9,-1.0579300000000003,0.15,0.0,1.0579300000000003,-0.010579300000000003,0.0,0.50331
2025-06-18 14:00:00,1.5099300000000002,1.5099300000000002,0.0,0.484,0.0,0.9,-1.0259300000000002,0.15,0.0,1.0259300000000002,-0.010259300000000002,0.0,0.50331
2025-06-18 14:15:00,1.5099300000000002,1.5099300000000002,0.0,0.536,0.0,0.9,-0.9739300000000002,0.15,0.0,0.9739300000000002,-0.009739300000000003,0.0,0.50331
2025-06-18 14:30:00,1.5099300000000002,1.5099300000000002,0.0,0.44,0.0,0.9,-1.0699300000000003,0.15,0.0,1.0699300000000003,-0.010699300000000004,0.0,0.50331
2025-06-18 14:45:00,1.3798275000000002,1.3798275000000002,0.0,0.216,0.0,0.9,-1.1638275000000002,0.15,0.0,1.1638275000000002,-0.011638275000000002,0.0,0.4599425000000001
2025-06-18 15:00:00,1.3798275000000002,1.3798275000000002,0.0,0.204,0.0,0.9,-1.1758275000000002,0.15,0.0,1.1758275000000002,-0.011758275000000002,0.0,0.4599425000000001
2025-06-18 15:15:00,1.3798275000000002,1.3798275000000002,0.0,0.356,0.0,0.9,-1.0238275000000003,0.15,0.0,1.0238275000000003,-0.010238275000000003,0.0,0.4599425000000001
2025-06-18 15:30:00,1.3798275000000002,1.3798275000000002,0.0,0.424,0.0,0.9,-0.9558275000000003,0.15,0.0,0.9558275000000003,-0.009558275000000003,0.0,0.4599425000000001
2025-06-18 15:45:00,1.4858475000000002,1.4858475000000002,0.0,0.444,0.0,0.9,-1.0418475000000003,0.15,0.0,1.0418475000000003,-0.010418475000000003,0.0,0.49528250000000007
2025-06-18 16:00:00,1.4858475000000002,1.4858475000000002,0.0,0.54,0.0,0.9,-0.9458475000000002,0.15,0.0,0.9458475000000002,-0.009458475000000003,0.0,0.49528250000000007
2025-06-18 16:15:00,1.4858475000000002,1.4858475000000002,0.0,0.612,0.0,0.9,-0.8738475000000002,0.15,0.0,0.8738475000000002,-0.008738475000000002,0.0,0.49528250000000007
2025-06-18 16:30:00,1.4858475000000002,1.4858475000000002,0.0,1.26,0.0,0.9,-0.2258475000000002,0.15,0.0,0.2258475000000002,-0.002258475000000002,0.0,0.49528250000000007
2025-06-18 16:45:00,1.2666825000000002,1.2666825000000002,0.0,1.048,0.0,0.9,-0.2186825000000001,0.15,0.0,0.2186825000000001,-0.002186825000000001,0.0,0.42222750000000003
2025-06-18 17:00:00,1.2666825000000002,1.2666825000000002,0.0,1.276,-0.009317499999999868,0.8995043882978724,0.0,0.15,0.0,0.0,2.4780585106382625e-05,2.4780585106382625e-05,0.42533333333333334
2025-06-18 17:15:00,1.2666825000000002,1.2666825000000002,0.0,1.38,-0.11331749999999974,0.8934768617021277,0.0,0.15,0.0,0.0,0.0003013763297872334,0.0003013763297872334,0.45999999999999996
2025-06-18 17:30:00,1.2666825000000002,1.2666825000000002,0.0,0.84,0.13879017655047493,0.9,-0.28789232344952526,0.15,0.0,0.28789232344952526,-0.0025527663196016365,0.0003261569148936161,0.3759641078165084
2025-06-18 17:45:00,0.93594,0.93594,0.0,1.048,-0.11206000000000005,0.8940393617021277,0.0,0.15,0.0,0.0,0.00029803191489361717,0.00029803191489361717,0.34933333333333333
2025-06-18 18:00:00,0.93594,0.93594,0.0,0.464,0.1268220914440915,0.9,-0.34511790855590846,0.15,0.0,0.34511790855590846,-0.0031531471706654694,0.00029803191489361506,0.2697059695186362
2025-06-18 18:15:00,0.93594,0.93594,0.0,0.252,0.0,0.9,-0.68394,0.15,0.0,0.68394,-0.0068394,0.0,0.31198
2025-06-18 18:30:00,0.93594,0.93594,0.0,0.272,0.0,0.9,-0.66394,0.15,0.0,0.66394,-0.0066394,0.0,0.31198
2025-06-18 18:45:00,0.2580675,0.2580675,0.0,0.236,0.0,0.9,-0.022067500000000018,0.15,0.0,0.022067500000000018,-0.00022067500000000017,0.0,0.0860225
2025-06-18 19:00:00,0.2580675,0.2580675,0.0,0.436,-0.1779325,0.8905355053191488,0.0,0.15,0.0,0.0,0.0004732247340425532,0.0004732247340425532,0.14533333333333334
2025-06-18 19:15:00,0.2580675,0.2580675,0.0,0.46,-0.20193250000000001,0.879794414893617,0.0,0.15,0.0,0.0,0.0005370545212765958,0.0005370545212765958,0.15333333333333335
2025-06-18 19:30:00,0.2580675,0.2580675,0.0,0.468,-0.20993250000000002,0.8686277925531914,0.0,0.15,0.0,0.0,0.0005583311170212767,0.0005583311170212767,0.156
2025-06-18 19:45:00,0.002565,0.002565,0.0,0.472,-0.469435,0.8436578457446808,0.0,0.15,0.0,0.0,0.001248497340425532,0.001248497340425532,0.15733333333333333
2025-06-18 20:00:00,0.002565,0.002565,0.0,0.52,-0.517435,0.8161347074468084,0.0,0.15,0.0,0.0,0.0013761569148936172,0.0013761569148936172,0.17333333333333334
2025-06-18 20:15:00,0.002565,0.002565,0.0,0.532,-0.529435,0.7879732712765957,0.0,0.15,0.0,0.0,0.0014080718085106383,0.0014080718085106383,0.17733333333333334
2025-06-18 20:30:00,0.002565,0.002565,0.0,0.476,-0.473435,0.7627905585106382,0.0,0.15,0.0,0.0,0.0012591356382978724,0.0012591356382978724,0.15866666666666665
2025-06-18 20:45:00,0.0,0.0,0.0,0.712,-0.712,0.7249182180851063,0.0,0.15,0.0,0.0,0.0018936170212765957,0.0018936170212765957,0.2373333333333333
2025-06-18 21:00:00,0.0,0.0,0.0,1.356,-1.356,0.6527905585106382,0.0,0.15,0.0,0.0,0.003606382978723405,0.003606382978723405,0.452
2025-06-18 21:15:00,0.0,0.0,0.0,4.0,-3.0,0.4932160904255317,1.0,0.15,1.0,0.0,0.04547872340425532,0.00797872340425532,1.0
2025-06-18 21:30:00,0.0,0.0,0.0,2.684,-2.684,0.3504501329787232,0.0,0.15,0.0,0.0,0.0071382978723404265,0.0071382978723404265,0.8946666666666667
2025-06-18 21:45:00,0.0,0.0,0.0,1.964,-1.964,0.24598204787234018,0.0,0.15,0.0,0.0,0.00522340425531915,0.00522340425531915,0.6546666666666666
2025-06-18 22:00:00,0.0,0.0,0.0,1.772,-1.772,0.151726728723404,0.0,0.15,0.0,0.0,0.004712765957446809,0.004712765957446809,0.5906666666666667
2025-06-18 22:15:00,0.0,0.0,0.0,1.132,-0.9724624999999952,0.1,0.15953750000000466,0.15,0.15953750000000466,0.0,0.008568992686170375,0.0025863364361702,0.3241541666666651
2025-06-18 22:30:00,0.0,0.0,0.0,1.04,0.0,0.1,1.04,0.15,1.04,0.0,0.039,0.0,0.0
2025-06-18 22:45:00,0.0,0.0,0.0,0.824,0.0,0.1,0.824,0.15,0.824,0.0,0.030899999999999997,0.0,0.0
2025-06-18 23:00:00,0.0,0.0,0.0,1.82,0.0,0.1,1.82,0.15,1.82,0.0,0.06825,0.0,0.0
2025-06-18 23:15:00,0.0,0.0,0.0,0.892,0.0,0.1,0.892,0.15,0.892,0.0,0.03345,0.0,0.0
2025-06-18 23:30:00,0.0,0.0,0.0,0.9,0.0,0.1,0.9,0.15,0.9,0.0,0.03375,0.0,0.0
2025-06-18 23:45:00,0.0,0.0,0.0,0.772,0.0,0.1,0.772,0.15,0.772,0.0,0.02895,0.0,0.0
2025-06-19 00:00:00,0.0,0.0,0.0,0.748,0.0,0.1,0.748,0.15,0.748,0.0,0.02805,0.0,0.0
2025-06-19 00:15:00,0.0,0.0,0.0,0.636,0.0,0.1,0.636,0.15,0.636,0.0,0.02385,0.0,0.0
2025-06-19 00:30:00,0.0,0.0,0.0,0.5,0.0,0.1,0.5,0.15,0.5,0.0,0.01875,0.0,0.0
2025-06-19 00:45:00,0.0,0.0,0.0,0.42,0.0,0.1,0.42,0.15,0.42,0.0,0.01575,0.0,0.0
2025-06-19 01:00:00,0.0,0.0,0.0,0.3,0.0,0.1,0.3,0.15,0.3,0.0,0.01125,0.0,0.0
2025-06-19 01:15:00,0.0,0.0,0.0,0.288,0.0,0.1,0.288,0.15,0.288,0.0,0.010799999999999999,0.0,0.0
2025-06-19 01:30:00,0.0,0.0,0.0,0.296,0.0,0.1,0.296,0.15,0.296,0.0,0.011099999999999999,0.0,0.0
2025-06-19 01:45:00,0.0,0.0,0.0,0.232,0.0,0.1,0.232,0.15,0.232,0.0,0.0087,0.0,0.0
2025-06-19 02:00:00,0.0,0.0,0.0,0.284,0.0,0.1,0.284,0.15,0.284,0.0,0.010649999999999998,0.0,0.0
2025-06-19 02:15:00,0.0,0.0,0.0,0.276,0.0,0.1,0.276,0.15,0.276,0.0,0.01035,0.0,0.0
2025-06-19 02:30:00,0.0,0.0,0.0,0.268,0.0,0.1,0.268,0.15,0.268,0.0,0.01005,0.0,0.0
2025-06-19 02:45:00,0.0,0.0,0.0,0.264,0.0,0.1,0.264,0.15,0.264,0.0,0.0099,0.0,0.0
2025-06-19 03:00:00,0.0,0.0,0.0,0.268,0.0,0.1,0.268,0.15,0.268,0.0,0.01005,0.0,0.0
2025-06-19 03:15:00,0.0,0.0,0.0,0.312,0.0,0.1,0.312,0.15,0.312,0.0,0.0117,0.0,0.0
2025-06-19 03:30:00,0.0,0.0,0.0,0.296,0.0,0.1,0.296,0.15,0.296,0.0,0.011099999999999999,0.0,0.0
2025-06-19 03:45:00,0.0,0.0,0.0,0.228,0.0,0.1,0.228,0.15,0.228,0.0,0.00855,0.0,0.0
2025-06-19 04:00:00,0.0,0.0,0.0,0.224,0.0,0.1,0.224,0.15,0.224,0.0,0.0084,0.0,0.0
2025-06-19 04:15:00,0.0,0.0,0.0,0.224,0.0,0.1,0.224,0.15,0.224,0.0,0.0084,0.0,0.0
2025-06-19 04:30:00,0.0,0.0,0.0,0.224,0.0,0.1,0.224,0.15,0.224,0.0,0.0084,0.0,0.0
2025-06-19 04:45:00,0.0505875,0.0505875,0.0,0.224,0.0,0.1,0.1734125,0.15,0.1734125,0.0,0.00650296875,0.0,0.0168625
2025-06-19 05:00:00,0.0505875,0.0505875,0.0,0.224,0.0,0.1,0.1734125,0.15,0.1734125,0.0,0.00650296875,0.0,0.0168625
2025-06-19 05:15:00,0.0505875,0.0505875,0.0,0.264,0.0,0.1,0.2134125,0.15,0.2134125,0.0,0.00800296875,0.0,0.0168625
2025-06-19 05:30:00,0.0505875,0.0505875,0.0,0.344,0.0,0.1,0.29341249999999997,0.15,0.29341249999999997,0.0,0.011002968749999998,0.0,0.0168625
2025-06-19 05:45:00,0.572565,0.572565,0.0,0.356,0.216565,0.110178555,0.0,0.15,0.0,0.0,0.00050892775,0.00050892775,0.11866666666666666
2025-06-19 06:00:00,0.572565,0.572565,0.0,0.276,0.29656499999999997,0.12411710999999999,0.0,0.15,0.0,0.0,0.0006969277499999999,0.0006969277499999999,0.09200000000000001
2025-06-19 06:15:00,0.572565,0.572565,0.0,0.256,0.316565,0.138995665,0.0,0.15,0.0,0.0,0.00074392775,0.00074392775,0.08533333333333333
2025-06-19 06:30:00,0.572565,0.572565,0.0,0.212,0.360565,0.15594221999999996,0.0,0.15,0.0,0.0,0.00084732775,0.00084732775,0.07066666666666667
2025-06-19 06:45:00,1.1341575000000002,1.1341575000000002,0.0,0.272,0.8621575000000001,0.1964636225,0.0,0.15,0.0,0.0,0.0020260701250000004,0.0020260701250000004,0.09066666666666667
2025-06-19 07:00:00,1.1341575000000002,1.1341575000000002,0.0,0.276,0.8581575000000001,0.236797025,0.0,0.15,0.0,0.0,0.0020166701250000003,0.0020166701250000003,0.09200000000000001
2025-06-19 07:15:00,1.1341575000000002,1.1341575000000002,0.0,0.244,0.8901575000000002,0.2786344275,0.0,0.15,0.0,0.0,0.0020918701250000004,0.0020918701250000004,0.08133333333333333
2025-06-19 07:30:00,1.1341575000000002,1.1341575000000002,0.0,0.244,0.8901575000000002,0.32047182999999996,0.0,0.15,0.0,0.0,0.0020918701250000004,0.0020918701250000004,0.08133333333333333
2025-06-19 07:45:00,1.4234325000000003,1.4234325000000003,0.0,0.256,1.1674325000000003,0.37534115749999997,0.0,0.15,0.0,0.0,0.0027434663750000006,0.0027434663750000006,0.08533333333333333
2025-06-19 08:00:00,1.4234325000000003,1.4234325000000003,0.0,0.26,1.1634325000000003,0.430022485,0.0,0.15,0.0,0.0,0.0027340663750000005,0.0027340663750000005,0.08666666666666667
2025-06-19 08:15:00,1.4234325000000003,1.4234325000000003,0.0,0.212,1.2114325000000004,0.48695981250000003,0.0,0.15,0.0,0.0,0.0028468663750000006,0.0028468663750000006,0.07066666666666667
2025-06-19 08:30:00,1.4234325000000003,1.4234325000000003,0.0,0.188,1.2354325000000004,0.5450251400000001,0.0,0.15,0.0,0.0,0.002903266375000001,0.002903266375000001,0.06266666666666666
2025-06-19 08:45:00,1.579755,1.5797550000000002,2.220446049250313e-16,0.392,1.1877550000000001,0.6008496250000002,0.0,0.15,0.0,0.0,0.00279122425,0.00279122425,0.13066666666666668
2025-06-19 09:00:00,1.5797550000000002,1.5797550000000002,0.0,0.296,1.2837550000000002,0.6611861100000002,0.0,0.15,0.0,0.0,0.0030168242500000003,0.0030168242500000003,0.09866666666666667
2025-06-19 09:15:00,1.5797550000000002,1.5797550000000002,0.0,0.264,1.3157550000000002,0.7230265950000001,0.0,0.15,0.0,0.0,0.003092024250000001,0.003092024250000001,0.08800000000000001
2025-06-19 09:30:00,1.5797550000000002,1.5797550000000002,0.0,0.204,1.3757550000000003,0.7876870800000002,0.0,0.15,0.0,0.0,0.003233024250000001,0.003233024250000001,0.06799999999999999
2025-06-19 09:45:00,1.6276350000000002,1.6276350000000002,0.0,0.2,1.4276350000000002,0.8547859250000002,0.0,0.15,0.0,0.0,0.0033549422500000004,0.0033549422500000004,0.06666666666666667
2025-06-19 10:00:00,1.6276350000000002,1.6276350000000002,0.0,0.256,0.9620015957446768,0.9,-0.40963340425532335,0.15,0.0,0.40963340425532335,-0.001835630292553243,0.0022607037499999907,0.22187780141844113
2025-06-19 10:15:00,1.6276350000000002,1.6276350000000002,0.0,0.336,0.0,0.9,-1.291635,0.15,0.0,1.291635,-0.012916350000000002,0.0,0.542545
2025-06-19 10:30:00,1.6276350000000002,1.6276350000000002,0.0,0.504,0.0,0.9,-1.1236350000000002,0.15,0.0,1.1236350000000002,-0.011236350000000003,0.0,0.542545
2025-06-19 10:45:00,1.6420275000000002,1.6420275000000002,0.0,0.492,0.0,0.9,-1.1500275000000002,0.15,0.0,1.1500275000000002,-0.011500275000000003,0.0,0.5473425000000001
2025-06-19 11:00:00,1.6420275000000002,1.6420275000000002,0.0,0.58,0.0,0.9,-1.0620275000000001,0.15,0.0,1.0620275000000001,-0.010620275000000002,0.0,0.5473425000000001
2025-06-19 11:15:00,1.6420275000000002,1.6420275000000002,0.0,0.464,0.0,0.9,-1.1780275000000002,0.15,0.0,1.1780275000000002,-0.011780275000000003,0.0,0.5473425000000001
2025-06-19 11:30:00,1.6420275000000002,1.6420275000000002,0.0,0.364,0.0,0.9,-1.2780275000000003,0.15,0.0,1.2780275000000003,-0.012780275000000004,0.0,0.5473425000000001
2025-06-19 11:45:00,1.6344750000000003,1.6344750000000003,0.0,0.284,0.0,0.9,-1.3504750000000003,0.15,0.0,1.3504750000000003,-0.013504750000000003,0.0,0.5448250000000001
2025-06-19 12:00:00,1.6344750000000001,1.6344750000000003,2.220446049250313e-16,0.344,0.0,0.9,-1.2904750000000003,0.15,0.0,1.2904750000000003,-0.012904750000000003,0.0,0.544825
2025-06-19 12:15:00,1.6344750000000003,1.6344750000000003,0.0,0.496,0.0,0.9,-1.1384750000000003,0.15,0.0,1.1384750000000003,-0.011384750000000004,0.0,0.5448250000000001
2025-06-19 12:30:00,1.6344750000000003,1.6344750000000003,0.0,0.476,0.0,0.9,-1.1584750000000004,0.15,0.0,1.1584750000000004,-0.011584750000000003,0.0,0.5448250000000001
2025-06-19 12:45:00,1.6520025,1.6520025000000003,2.220446049250313e-16,0.4,0.0,0.9,-1.2520025000000001,0.15,0.0,1.2520025000000001,-0.012520025000000002,0.0,0.5506675
2025-06-19 13:00:00,1.6520025000000003,1.6520025000000003,0.0,0.448,0.0,0.9,-1.2040025000000003,0.15,0.0,1.2040025000000003,-0.012040025000000003,0.0,0.5506675000000001
2025-06-19 13:15:00,1.6520025000000003,1.6520025000000003,0.0,0.5,0.0,0.9,-1.1520025000000003,0.15,0.0,1.1520025000000003,-0.011520025000000003,0.0,0.5506675000000001
2025-06-19 13:30:00,1.6520025000000003,1.6520025000000003,0.0,1.416,0.0,0.9,-0.23600250000000034,0.15,0.0,0.23600250000000034,-0.0023600250000000034,0.0,0.5506675000000001
2025-06-19 13:45:00,1.6330500000000003,1.6330500000000003,0.0,0.568,0.0,0.9,-1.0650500000000003,0.15,0.0,1.0650500000000003,-0.010650500000000004,0.0,0.5443500000000001
2025-06-19 14:00:00,1.6330500000000003,1.6330500000000003,0.0,0.668,0.0,0.9,-0.9650500000000003,0.15,0.0,0.9650500000000003,-0.009650500000000003,0.0,0.5443500000000001
2025-06-19 14:15:00,1.6330500000000003,1.6330500000000003,0.0,0.428,0.0,0.9,-1.2050500000000004,0.15,0.0,1.2050500000000004,-0.012050500000000004,0.0,0.5443500000000001
2025-06-19 14:30:00,1.6330500000000003,1.6330500000000003,0.0,0.348,0.0,0.9,-1.2850500000000005,0.15,0.0,1.2850500000000005,-0.012850500000000004,0.0,0.5443500000000001
2025-06-19 14:45:00,1.574055,1.574055,0.0,0.48,0.0,0.9,-1.094055,0.15,0.0,1.094055,-0.01094055,0.0,0.524685
2025-06-19 15:00:00,1.574055,1.574055,0.0,0.504,0.0,0.9,-1.070055,0.15,0.0,1.070055,-0.01070055,0.0,0.524685
2025-06-19 15:15:00,1.574055,1.574055,0.0,0.504,0.0,0.9,-1.070055,0.15,0.0,1.070055,-0.01070055,0.0,0.524685
2025-06-19 15:30:00,1.574055,1.574055,0.0,0.46,0.0,0.9,-1.114055,0.15,0.0,1.114055,-0.01114055,0.0,0.524685
2025-06-19 15:45:00,1.2156675000000001,1.2156675000000001,0.0,0.488,0.0,0.9,-0.7276675000000001,0.15,0.0,0.7276675000000001,-0.0072766750000000015,0.0,0.40522250000000004
2025-06-19 16:00:00,1.2156675000000001,1.2156675000000001,0.0,0.548,0.0,0.9,-0.6676675000000001,0.15,0.0,0.6676675000000001,-0.006676675000000001,0.0,0.40522250000000004
2025-06-19 16:15:00,1.2156675000000001,1.2156675000000001,0.0,0.492,0.0,0.9,-0.7236675000000001,0.15,0.0,0.7236675000000001,-0.0072366750000000014,0.0,0.40522250000000004
2025-06-19 16:30:00,1.2156675000000001,1.2156675000000001,0.0,0.548,0.0,0.9,-0.6676675000000001,0.15,0.0,0.6676675000000001,-0.006676675000000001,0.0,0.40522250000000004
2025-06-19 16:45:00,1.3530375000000001,1.3530375000000001,0.0,0.48,0.0,0.9,-0.8730375000000001,0.15,0.0,0.8730375000000001,-0.008730375000000002,0.0,0.45101250000000004
2025-06-19 17:00:00,1.3530375000000001,1.3530375000000001,0.0,0.544,0.0,0.9,-0.8090375000000001,0.15,0.0,0.8090375000000001,-0.008090375,0.0,0.45101250000000004
2025-06-19 17:15:00,1.3530375000000001,1.3530375000000001,0.0,1.168,0.0,0.9,-0.1850375000000002,0.15,0.0,0.1850375000000002,-0.001850375000000002,0.0,0.45101250000000004
2025-06-19 17:30:00,1.3530375000000001,1.3530375000000001,0.0,0.996,0.0,0.9,-0.3570375000000001,0.15,0.0,0.3570375000000001,-0.003570375000000001,0.0,0.45101250000000004
2025-06-19 17:45:00,0.9692850000000001,0.9692850000000001,0.0,0.58,0.0,0.9,-0.3892850000000001,0.15,0.0,0.3892850000000001,-0.003892850000000001,0.0,0.323095
2025-06-19 18:00:00,0.9692850000000001,0.9692850000000001,0.0,0.632,0.0,0.9,-0.33728500000000006,0.15,0.0,0.33728500000000006,-0.0033728500000000006,0.0,0.323095
2025-06-19 18:15:00,0.9692850000000001,0.9692850000000001,0.0,0.644,0.0,0.9,-0.32528500000000005,0.15,0.0,0.32528500000000005,-0.0032528500000000007,0.0,0.323095
2025-06-19 18:30:00,0.9692850000000001,0.9692850000000001,0.0,0.6,0.0,0.9,-0.3692850000000001,0.15,0.0,0.3692850000000001,-0.003692850000000001,0.0,0.323095
2025-06-19 18:45:00,0.3105075,0.3105075,0.0,0.64,-0.3294925,0.8824738031914894,0.0,0.15,0.0,0.0,0.000876309840425532,0.000876309840425532,0.21333333333333335
2025-06-19 19:00:00,0.3105075,0.3105075,0.0,0.984,-0.6734925,0.8466497340425532,0.0,0.15,0.0,0.0,0.0017912034574468088,0.0017912034574468088,0.328
2025-06-19 19:15:00,0.3105075,0.3105075,0.0,3.664,-2.6894925,0.7035916223404255,0.6640000000000001,0.15,0.6640000000000001,0.0,0.03205290558510639,0.007152905585106384,1.0
2025-06-19 19:30:00,0.3105075,0.3105075,0.0,0.684,-0.37349250000000006,0.683725,0.0,0.15,0.0,0.0,0.0009933311170212769,0.0009933311170212769,0.228
2025-06-19 19:45:00,0.0007125000000000001,0.0007125000000000001,0.0,2.156,-2.1552875,0.5690820478723404,0.0,0.15,0.0,0.0,0.005732147606382979,0.005732147606382979,0.7186666666666667
2025-06-19 20:00:00,0.0007125000000000001,0.0007125000000000001,0.0,2.144,-2.1432875,0.45507739361702126,0.0,0.15,0.0,0.0,0.005700232712765958,0.005700232712765958,0.7146666666666667
2025-06-19 20:15:00,0.0007125000000000001,0.0007125000000000001,0.0,1.992,-1.9912875,0.34915784574468084,0.0,0.15,0.0,0.0,0.005295977393617022,0.005295977393617022,0.664
2025-06-19 20:30:00,0.0007125000000000001,0.0007125000000000001,0.0,2.828,-2.8272874999999997,0.19877021276595747,0.0,0.15,0.0,0.0,0.00751938164893617,0.00751938164893617,0.9426666666666667
2025-06-19 20:45:00,0.0,0.0,0.0,2.716,-1.85688,0.1,0.8591200000000001,0.15,0.8591200000000001,0.0,0.037155510638297876,0.004938510638297873,0.6189600000000001
2025-06-19 21:00:00,0.0,0.0,0.0,1.944,0.0,0.1,1.944,0.15,1.944,0.0,0.07289999999999999,0.0,0.0
2025-06-19 21:15:00,0.0,0.0,0.0,1.476,0.0,0.1,1.476,0.15,1.476,0.0,0.055349999999999996,0.0,0.0
2025-06-19 21:30:00,0.0,0.0,0.0,0.988,0.0,0.1,0.988,0.15,0.988,0.0,0.03705,0.0,0.0
2025-06-19 21:45:00,0.0,0.0,0.0,0.856,0.0,0.1,0.856,0.15,0.856,0.0,0.0321,0.0,0.0
2025-06-19 22:00:00,0.0,0.0,0.0,1.124,0.0,0.1,1.124,0.15,1.124,0.0,0.04215,0.0,0.0
2025-06-19 22:15:00,0.0,0.0,0.0,0.708,0.0,0.1,0.708,0.15,0.708,0.0,0.026549999999999997,0.0,0.0
2025-06-19 22:30:00,0.0,0.0,0.0,0.68,0.0,0.1,0.68,0.15,0.68,0.0,0.025500000000000002,0.0,0.0
2025-06-19 22:45:00,0.0,0.0,0.0,0.712,0.0,0.1,0.712,0.15,0.712,0.0,0.026699999999999998,0.0,0.0
2025-06-19 23:00:00,0.0,0.0,0.0,0.776,0.0,0.1,0.776,0.15,0.776,0.0,0.0291,0.0,0.0
2025-06-19 23:15:00,0.0,0.0,0.0,0.752,0.0,0.1,0.752,0.15,0.752,0.0,0.0282,0.0,0.0
2025-06-19 23:30:00,0.0,0.0,0.0,0.732,0.0,0.1,0.732,0.15,0.732,0.0,0.02745,0.0,0.0
2025-06-19 23:45:00,0.0,0.0,0.0,0.652,0.0,0.1,0.652,0.15,0.652,0.0,0.02445,0.0,0.0
2025-06-20 00:00:00,0.0,0.0,0.0,0.752,0.0,0.1,0.752,0.15,0.752,0.0,0.0282,0.0,0.0
2025-06-20 00:15:00,0.0,0.0,0.0,0.62,0.0,0.1,0.62,0.15,0.62,0.0,0.02325,0.0,0.0
2025-06-20 00:30:00,0.0,0.0,0.0,0.432,0.0,0.1,0.432,0.15,0.432,0.0,0.0162,0.0,0.0
2025-06-20 00:45:00,0.0,0.0,0.0,1.304,0.0,0.1,1.304,0.15,1.304,0.0,0.0489,0.0,0.0
2025-06-20 01:00:00,0.0,0.0,0.0,1.308,0.0,0.1,1.308,0.15,1.308,0.0,0.04905,0.0,0.0
2025-06-20 01:15:00,0.0,0.0,0.0,0.888,0.0,0.1,0.888,0.15,0.888,0.0,0.033299999999999996,0.0,0.0
2025-06-20 01:30:00,0.0,0.0,0.0,1.156,0.0,0.1,1.156,0.15,1.156,0.0,0.04334999999999999,0.0,0.0
2025-06-20 01:45:00,0.0,0.0,0.0,0.308,0.0,0.1,0.308,0.15,0.308,0.0,0.01155,0.0,0.0
2025-06-20 02:00:00,0.0,0.0,0.0,0.32,0.0,0.1,0.32,0.15,0.32,0.0,0.012,0.0,0.0
2025-06-20 02:15:00,0.0,0.0,0.0,0.296,0.0,0.1,0.296,0.15,0.296,0.0,0.011099999999999999,0.0,0.0
2025-06-20 02:30:00,0.0,0.0,0.0,0.232,0.0,0.1,0.232,0.15,0.232,0.0,0.0087,0.0,0.0
2025-06-20 02:45:00,0.0,0.0,0.0,0.256,0.0,0.1,0.256,0.15,0.256,0.0,0.0096,0.0,0.0
2025-06-20 03:00:00,0.0,0.0,0.0,0.24,0.0,0.1,0.24,0.15,0.24,0.0,0.009,0.0,0.0
2025-06-20 03:15:00,0.0,0.0,0.0,0.224,0.0,0.1,0.224,0.15,0.224,0.0,0.0084,0.0,0.0
2025-06-20 03:30:00,0.0,0.0,0.0,0.224,0.0,0.1,0.224,0.15,0.224,0.0,0.0084,0.0,0.0
2025-06-20 03:45:00,0.0,0.0,0.0,0.228,0.0,0.1,0.228,0.15,0.228,0.0,0.00855,0.0,0.0
2025-06-20 04:00:00,0.0,0.0,0.0,0.224,0.0,0.1,0.224,0.15,0.224,0.0,0.0084,0.0,0.0
2025-06-20 04:15:00,0.0,0.0,0.0,0.22,0.0,0.1,0.22,0.15,0.22,0.0,0.00825,0.0,0.0
2025-06-20 04:30:00,0.0,0.0,0.0,0.3,0.0,0.1,0.3,0.15,0.3,0.0,0.01125,0.0,0.0
2025-06-20 04:45:00,0.053152500000000005,0.053152500000000005,0.0,0.364,0.0,0.1,0.3108475,0.15,0.3108475,0.0,0.01165678125,0.0,0.0177175
2025-06-20 05:00:00,0.053152500000000005,0.053152500000000005,0.0,0.328,0.0,0.1,0.2748475,0.15,0.2748475,0.0,0.01030678125,0.0,0.0177175
2025-06-20 05:15:00,0.053152500000000005,0.053152500000000005,0.0,0.252,0.0,0.1,0.1988475,0.15,0.1988475,0.0,0.00745678125,0.0,0.0177175
2025-06-20 05:30:00,0.053152500000000005,0.053152500000000005,0.0,0.248,0.0,0.1,0.1948475,0.15,0.1948475,0.0,0.00730678125,0.0,0.0177175
2025-06-20 05:45:00,0.5667225,0.5667225,0.0,0.256,0.3107225,0.1146039575,0.0,0.15,0.0,0.0,0.000730197875,0.000730197875,0.08533333333333333
2025-06-20 06:00:00,0.5667225,0.5667225,0.0,0.244,0.3227225,0.12977191500000002,0.0,0.15,0.0,0.0,0.000758397875,0.000758397875,0.08133333333333333
2025-06-20 06:15:00,0.5667225,0.5667225,0.0,0.252,0.3147225,0.1445638725,0.0,0.15,0.0,0.0,0.000739597875,0.000739597875,0.084
2025-06-20 06:30:00,0.5667225,0.5667225,0.0,0.248,0.3187225,0.15954383,0.0,0.15,0.0,0.0,0.0007489978749999999,0.0007489978749999999,0.08266666666666667
2025-06-20 06:45:00,1.118625,1.118625,0.0,0.24,0.878625,0.200839205,0.0,0.15,0.0,0.0,0.00206476875,0.00206476875,0.08
2025-06-20 07:00:00,1.118625,1.118625,0.0,0.256,0.862625,0.24138257999999996,0.0,0.15,0.0,0.0,0.00202716875,0.00202716875,0.08533333333333333
2025-06-20 07:15:00,1.118625,1.118625,0.0,0.32,0.7986249999999999,0.27891795499999994,0.0,0.15,0.0,0.0,0.0018767687499999996,0.0018767687499999996,0.10666666666666667
2025-06-20 07:30:00,1.118625,1.118625,0.0,0.28,0.838625,0.31833332999999997,0.0,0.15,0.0,0.0,0.00197076875,0.00197076875,0.09333333333333334
2025-06-20 07:45:00,1.4121750000000002,1.4121750000000002,0.0,0.18,1.2321750000000002,0.376245555,0.0,0.15,0.0,0.0,0.0028956112500000005,0.0028956112500000005,0.06
2025-06-20 08:00:00,1.4121750000000002,1.4121750000000002,0.0,0.228,1.1841750000000002,0.43190178,0.0,0.15,0.0,0.0,0.0027828112500000004,0.0027828112500000004,0.076
2025-06-20 08:15:00,1.4121750000000002,1.4121750000000002,0.0,0.252,1.1601750000000002,0.48643000500000005,0.0,0.15,0.0,0.0,0.0027264112500000005,0.0027264112500000005,0.084
2025-06-20 08:30:00,1.4121750000000002,1.4121750000000002,0.0,0.256,1.1561750000000002,0.54077023,0.0,0.15,0.0,0.0,0.0027170112500000004,0.0027170112500000004,0.08533333333333333
2025-06-20 08:45:00,1.5548175000000002,1.5548175000000002,0.0,0.256,1.2988175000000002,0.6018146525000001,0.0,0.15,0.0,0.0,0.0030522211250000003,0.0030522211250000003,0.08533333333333333
2025-06-20 09:00:00,1.5548175000000002,1.5548175000000002,0.0,0.272,1.2828175000000002,0.662107075,0.0,0.15,0.0,0.0,0.0030146211250000007,0.0030146211250000007,0.09066666666666667
2025-06-20 09:15:00,1.5548175000000002,1.5548175000000002,0.0,0.516,1.0388175000000002,0.7109314975000001,0.0,0.15,0.0,0.0,0.0024412211250000003,0.0024412211250000003,0.17200000000000001
2025-06-20 09:30:00,1.5548175000000002,1.5548175000000002,0.0,0.648,0.9068175000000002,0.75355192,0.0,0.15,0.0,0.0,0.0021310211250000002,0.0021310211250000002,0.216
2025-06-20 09:45:00,1.6135275000000004,1.6135275000000002,0.0,0.596,1.0175275000000004,0.8013757125,0.0,0.15,0.0,0.0,0.0023911896250000007,0.0023911896250000007,0.19866666666666666
2025-06-20 10:00:00,1.6135275000000004,1.6135275000000002,0.0,0.6,1.0135275000000004,0.849011505,0.0,0.15,0.0,0.0,0.0023817896250000006,0.0023817896250000006,0.19999999999999998
2025-06-20 10:15:00,1.6135275000000002,1.6135275000000002,0.0,0.696,0.9175275000000003,0.8921352975,0.0,0.15,0.0,0.0,0.0021561896250000003,0.0021561896250000003,0.23199999999999998
2025-06-20 10:30:00,1.6135275000000002,1.6135275000000002,0.0,0.716,0.16733409574468178,0.9,-0.7301934042553184,0.15,0.0,0.7301934042553184,-0.006908698917553182,0.00039323512500000213,0.4820644680851061
2025-06-20 10:45:00,1.6306275000000001,1.6306275000000001,0.0,0.732,0.0,0.9,-0.8986275000000001,0.15,0.0,0.8986275000000001,-0.008986275000000002,0.0,0.5435425
2025-06-20 11:00:00,1.6306275000000001,1.6306275000000001,0.0,0.712,0.0,0.9,-0.9186275000000002,0.15,0.0,0.9186275000000002,-0.009186275000000002,0.0,0.5435425
2025-06-20 11:15:00,1.6306275000000001,1.6306275000000001,0.0,0.648,0.0,0.9,-0.9826275000000001,0.15,0.0,0.9826275000000001,-0.009826275,0.0,0.5435425
2025-06-20 11:30:00,1.6306275000000001,1.6306275000000001,0.0,0.576,0.0,0.9,-1.0546275,0.15,0.0,1.0546275,-0.010546275,0.0,0.5435425
2025-06-20 11:45:00,1.6172325000000005,1.6172325000000003,0.0,0.576,0.0,0.9,-1.0412325000000004,0.15,0.0,1.0412325000000004,-0.010412325000000005,0.0,0.5390775000000002
2025-06-20 12:00:00,1.6172325000000003,1.6172325000000003,0.0,0.54,0.0,0.9,-1.0772325000000003,0.15,0.0,1.0772325000000003,-0.010772325000000003,0.0,0.5390775000000001
2025-06-20 12:15:00,1.6172325000000003,1.6172325000000003,0.0,0.892,0.0,0.9,-0.7252325000000003,0.15,0.0,0.7252325000000003,-0.007252325000000003,0.0,0.5390775000000001
2025-06-20 12:30:00,1.6172325000000003,1.6172325000000003,0.0,0.552,0.0,0.9,-1.0652325000000002,0.15,0.0,1.0652325000000002,-0.010652325000000002,0.0,0.5390775000000001
2025-06-20 12:45:00,1.6267800000000003,1.6267800000000003,0.0,0.736,0.0,0.9,-0.8907800000000003,0.15,0.0,0.8907800000000003,-0.008907800000000004,0.0,0.5422600000000001
2025-06-20 13:00:00,1.6267800000000003,1.6267800000000003,0.0,0.416,0.0,0.9,-1.2107800000000004,0.15,0.0,1.2107800000000004,-0.012107800000000004,0.0,0.5422600000000001
2025-06-20 13:15:00,1.6267800000000003,1.6267800000000003,0.0,0.64,0.0,0.9,-0.9867800000000003,0.15,0.0,0.9867800000000003,-0.009867800000000003,0.0,0.5422600000000001
2025-06-20 13:30:00,1.6267800000000003,1.6267800000000003,0.0,0.652,0.0,0.9,-0.9747800000000003,0.15,0.0,0.9747800000000003,-0.009747800000000003,0.0,0.5422600000000001
2025-06-20 13:45:00,1.6242150000000002,1.6242150000000002,0.0,0.732,0.0,0.9,-0.8922150000000002,0.15,0.0,0.8922150000000002,-0.008922150000000002,0.0,0.541405
2025-06-20 14:00:00,1.6242150000000002,1.6242150000000002,0.0,0.776,0.0,0.9,-0.8482150000000002,0.15,0.0,0.8482150000000002,-0.008482150000000003,0.0,0.541405
2025-06-20 14:15:00,1.6242150000000002,1.6242150000000002,0.0,0.8,0.0,0.9,-0.8242150000000001,0.15,0.0,0.8242150000000001,-0.008242150000000002,0.0,0.541405
2025-06-20 14:30:00,1.6242150000000002,1.6242150000000002,0.0,0.8,0.0,0.9,-0.8242150000000001,0.15,0.0,0.8242150000000001,-0.008242150000000002,0.0,0.541405
2025-06-20 14:45:00,1.6025550000000002,1.6025550000000002,0.0,0.564,0.0,0.9,-1.0385550000000001,0.15,0.0,1.0385550000000001,-0.010385550000000002,0.0,0.534185
2025-06-20 15:00:00,1.6025550000000002,1.6025550000000002,0.0,0.544,0.0,0.9,-1.0585550000000001,0.15,0.0,1.0585550000000001,-0.01058555,0.0,0.534185
2025-06-20 15:15:00,1.6025550000000002,1.6025550000000002,0.0,0.56,0.0,0.9,-1.0425550000000001,0.15,0.0,1.0425550000000001,-0.010425550000000002,0.0,0.534185
2025-06-20 15:30:00,1.6025550000000002,1.6025550000000002,0.0,0.612,0.0,0.9,-0.9905550000000002,0.15,0.0,0.9905550000000002,-0.009905550000000003,0.0,0.534185
2025-06-20 15:45:00,1.5294525000000003,1.5294525000000003,0.0,0.704,0.0,0.9,-0.8254525000000004,0.15,0.0,0.8254525000000004,-0.008254525000000004,0.0,0.5098175000000001
2025-06-20 16:00:00,1.5294525000000003,1.5294525000000003,0.0,0.556,0.0,0.9,-0.9734525000000003,0.15,0.0,0.9734525000000003,-0.009734525000000003,0.0,0.5098175000000001
2025-06-20 16:15:00,1.5294525000000003,1.5294525000000003,0.0,0.62,0.0,0.9,-0.9094525000000003,0.15,0.0,0.9094525000000003,-0.009094525000000004,0.0,0.5098175000000001
2025-06-20 16:30:00,1.5294525000000003,1.5294525000000003,0.0,0.66,0.0,0.9,-0.8694525000000003,0.15,0.0,0.8694525000000003,-0.008694525000000003,0.0,0.5098175000000001
2025-06-20 16:45:00,1.3325175000000002,1.3325175000000002,0.0,0.8,0.0,0.9,-0.5325175000000002,0.15,0.0,0.5325175000000002,-0.005325175000000002,0.0,0.4441725000000001
2025-06-20 17:00:00,1.3325175000000002,1.3325175000000002,0.0,0.776,0.0,0.9,-0.5565175000000002,0.15,0.0,0.5565175000000002,-0.005565175000000002,0.0,0.4441725000000001
2025-06-20 17:15:00,1.3325175000000002,1.3325175000000002,0.0,0.568,0.0,0.9,-0.7645175000000003,0.15,0.0,0.7645175000000003,-0.007645175000000003,0.0,0.4441725000000001
2025-06-20 17:30:00,1.3325175000000002,1.3325175000000002,0.0,0.66,0.0,0.9,-0.6725175000000002,0.15,0.0,0.6725175000000002,-0.0067251750000000025,0.0,0.4441725000000001
2025-06-20 17:45:00,0.9627300000000001,0.9627300000000001,0.0,0.444,0.0,0.9,-0.5187300000000001,0.15,0.0,0.5187300000000001,-0.0051873000000000015,0.0,0.32091000000000003
2025-06-20 18:00:00,0.9627300000000001,0.9627300000000001,0.0,0.492,0.0,0.9,-0.4707300000000001,0.15,0.0,0.4707300000000001,-0.004707300000000001,0.0,0.32091000000000003
2025-06-20 18:15:00,0.9627300000000001,0.9627300000000001,0.0,0.48,0.0,0.9,-0.4827300000000001,0.15,0.0,0.4827300000000001,-0.004827300000000001,0.0,0.32091000000000003
2025-06-20 18:30:00,0.9627300000000001,0.9627300000000001,0.0,0.62,0.0,0.9,-0.3427300000000001,0.15,0.0,0.3427300000000001,-0.003427300000000001,0.0,0.32091000000000003
2025-06-20 18:45:00,0.33231,0.33231,0.0,0.38,-0.04769000000000001,0.8974632978723405,0.0,0.15,0.0,0.0,0.00012683510638297876,0.00012683510638297876,0.12666666666666668
2025-06-20 19:00:00,0.33231,0.33231,0.0,0.336,-0.0036900000000000266,0.8972670212765956,0.0,0.15,0.0,0.0,9.813829787234114e-06,9.813829787234114e-06,0.112
2025-06-20 19:15:00,0.33231,0.33231,0.0,0.252,0.05814848347668771,0.9,-0.02216151652331228,0.15,0.0,0.02216151652331228,-8.49662290629067e-05,0.00013664893617021612,0.09138717217443743
2025-06-20 19:30:00,0.33231,0.33231,0.0,0.3,0.0,0.9,-0.032310000000000005,0.15,0.0,0.032310000000000005,-0.00032310000000000005,0.0,0.11077
2025-06-20 19:45:00,0.0011400000000000002,0.0011400000000000002,0.0,0.296,-0.29486,0.8843159574468086,0.0,0.15,0.0,0.0,0.0007842021276595745,0.0007842021276595745,0.09866666666666667
2025-06-20 20:00:00,0.0011400000000000002,0.0011400000000000002,0.0,0.264,-0.26286000000000004,0.8703340425531915,0.0,0.15,0.0,0.0,0.0006990957446808511,0.0006990957446808511,0.08800000000000001
2025-06-20 20:15:00,0.0011400000000000002,0.0011400000000000002,0.0,0.26,-0.25886000000000003,0.8565648936170213,0.0,0.15,0.0,0.0,0.0006884574468085107,0.0006884574468085107,0.08666666666666667
2025-06-20 20:30:00,0.0011400000000000002,0.0011400000000000002,0.0,0.204,-0.20285999999999998,0.8457744680851065,0.0,0.15,0.0,0.0,0.0005395212765957447,0.0005395212765957447,0.06799999999999999
2025-06-20 20:45:00,0.0,0.0,0.0,0.248,-0.248,0.8325829787234044,0.0,0.15,0.0,0.0,0.0006595744680851064,0.0006595744680851064,0.08266666666666667
2025-06-20 21:00:00,0.0,0.0,0.0,0.416,-0.416,0.8104553191489362,0.0,0.15,0.0,0.0,0.0011063829787234043,0.0011063829787234043,0.13866666666666666
2025-06-20 21:15:00,0.0,0.0,0.0,0.452,-0.452,0.7864127659574469,0.0,0.15,0.0,0.0,0.0012021276595744683,0.0012021276595744683,0.15066666666666667
2025-06-20 21:30:00,0.0,0.0,0.0,0.5,-0.5,0.7598170212765958,0.0,0.15,0.0,0.0,0.0013297872340425532,0.0013297872340425532,0.16666666666666666
2025-06-20 21:45:00,0.0,0.0,0.0,0.676,-0.676,0.7238595744680852,0.0,0.15,0.0,0.0,0.001797872340425532,0.001797872340425532,0.22533333333333336
2025-06-20 22:00:00,0.0,0.0,0.0,0.624,-0.624,0.6906680851063831,0.0,0.15,0.0,0.0,0.0016595744680851065,0.0016595744680851065,0.208
2025-06-20 22:15:00,0.0,0.0,0.0,0.616,-0.616,0.6579021276595746,0.0,0.15,0.0,0.0,0.0016382978723404257,0.0016382978723404257,0.20533333333333334
2025-06-20 22:30:00,0.0,0.0,0.0,0.692,-0.692,0.6210936170212766,0.0,0.15,0.0,0.0,0.0018404255319148936,0.0018404255319148936,0.23066666666666666
2025-06-20 22:45:00,0.0,0.0,0.0,0.7,-0.7,0.5838595744680852,0.0,0.15,0.0,0.0,0.0018617021276595743,0.0018617021276595743,0.2333333333333333
2025-06-20 23:00:00,0.0,0.0,0.0,0.572,-0.572,0.5534340425531916,0.0,0.15,0.0,0.0,0.0015212765957446808,0.0015212765957446808,0.19066666666666665
2025-06-20 23:15:00,0.0,0.0,0.0,0.588,-0.588,0.5221574468085107,0.0,0.15,0.0,0.0,0.0015638297872340426,0.0015638297872340426,0.19599999999999998
2025-06-20 23:30:00,0.0,0.0,0.0,0.656,-0.656,0.48726382978723415,0.0,0.15,0.0,0.0,0.00174468085106383,0.00174468085106383,0.21866666666666668
2025-06-20 23:45:00,0.0,0.0,0.0,0.68,-0.68,0.45109361702127665,0.0,0.15,0.0,0.0,0.0018085106382978724,0.0018085106382978724,0.22666666666666668
2025-06-21 00:00:00,0.0,0.0,0.0,0.66,-0.66,0.4159872340425532,0.0,0.15,0.0,0.0,0.0017553191489361707,0.0017553191489361707,0.22
2025-06-21 00:15:00,0.0,0.0,0.0,0.6,-0.6,0.38407234042553196,0.0,0.15,0.0,0.0,0.001595744680851064,0.001595744680851064,0.19999999999999998
2025-06-21 00:30:00,0.0,0.0,0.0,0.62,-0.62,0.3510936170212766,0.0,0.15,0.0,0.0,0.0016489361702127661,0.0016489361702127661,0.20666666666666667
2025-06-21 00:45:00,0.0,0.0,0.0,0.66,-0.66,0.31598723404255324,0.0,0.15,0.0,0.0,0.0017553191489361707,0.0017553191489361707,0.22
2025-06-21 01:00:00,0.0,0.0,0.0,0.752,-0.752,0.2759872340425532,0.0,0.15,0.0,0.0,0.002,0.002,0.25066666666666665
2025-06-21 01:15:00,0.0,0.0,0.0,0.668,-0.668,0.2404553191489362,0.0,0.15,0.0,0.0,0.0017765957446808512,0.0017765957446808512,0.22266666666666668
2025-06-21 01:30:00,0.0,0.0,0.0,0.684,-0.684,0.20407234042553196,0.0,0.15,0.0,0.0,0.001819148936170213,0.001819148936170213,0.228
2025-06-21 01:45:00,0.0,0.0,0.0,0.732,-0.732,0.165136170212766,0.0,0.15,0.0,0.0,0.0019468085106382979,0.0019468085106382979,0.244
2025-06-21 02:00:00,0.0,0.0,0.0,0.696,-0.696,0.12811489361702133,0.0,0.15,0.0,0.0,0.001851063829787234,0.001851063829787234,0.23199999999999998
2025-06-21 02:15:00,0.0,0.0,0.0,0.652,-0.528560000000001,0.1,0.123439999999999,0.15,0.123439999999999,0.0,0.006034744680851028,0.0014057446808510665,0.17618666666666702
2025-06-21 02:30:00,0.0,0.0,0.0,0.532,0.0,0.1,0.532,0.15,0.532,0.0,0.01995,0.0,0.0
2025-06-21 02:45:00,0.0,0.0,0.0,0.484,0.0,0.1,0.484,0.15,0.484,0.0,0.01815,0.0,0.0
2025-06-21 03:00:00,0.0,0.0,0.0,0.476,0.0,0.1,0.476,0.15,0.476,0.0,0.017849999999999998,0.0,0.0
2025-06-21 03:15:00,0.0,0.0,0.0,0.408,0.0,0.1,0.408,0.15,0.408,0.0,0.015299999999999998,0.0,0.0
2025-06-21 03:30:00,0.0,0.0,0.0,0.344,0.0,0.1,0.344,0.15,0.344,0.0,0.012899999999999998,0.0,0.0
2025-06-21 03:45:00,0.0,0.0,0.0,0.352,0.0,0.1,0.352,0.15,0.352,0.0,0.013199999999999998,0.0,0.0
2025-06-21 04:00:00,0.0,0.0,0.0,0.344,0.0,0.1,0.344,0.15,0.344,0.0,0.012899999999999998,0.0,0.0
2025-06-21 04:15:00,0.0,0.0,0.0,0.332,0.0,0.1,0.332,0.15,0.332,0.0,0.012450000000000001,0.0,0.0
2025-06-21 04:30:00,0.0,0.0,0.0,0.296,0.0,0.1,0.296,0.15,0.296,0.0,0.011099999999999999,0.0,0.0
2025-06-21 04:45:00,0.051015000000000005,0.051015000000000005,0.0,1.42,0.0,0.1,1.368985,0.15,1.368985,0.0,0.05133693749999999,0.0,0.017005000000000003
2025-06-21 05:00:00,0.051015000000000005,0.051015000000000005,0.0,0.916,0.0,0.1,0.864985,0.15,0.864985,0.0,0.0324369375,0.0,0.017005000000000003
2025-06-21 05:15:00,0.051015000000000005,0.051015000000000005,0.0,0.72,0.0,0.1,0.6689849999999999,0.15,0.6689849999999999,0.0,0.025086937499999996,0.0,0.017005000000000003
2025-06-21 05:30:00,0.051015000000000005,0.051015000000000005,0.0,0.608,0.0,0.1,0.556985,0.15,0.556985,0.0,0.020886937499999998,0.0,0.017005000000000003
2025-06-21 05:45:00,0.5538975,0.5538975,0.0,0.236,0.31789750000000006,0.1149411825,0.0,0.15,0.0,0.0,0.0007470591250000002,0.0007470591250000002,0.07866666666666666
2025-06-21 06:00:00,0.5538975,0.5538975,0.0,0.26,0.29389750000000003,0.128754365,0.0,0.15,0.0,0.0,0.0006906591250000001,0.0006906591250000001,0.08666666666666667
2025-06-21 06:15:00,0.5538975,0.5538975,0.0,1.12,-0.5405820620000003,0.1,0.025520437999999812,0.15,0.025520437999999812,0.0,0.0023947346749999933,0.0014377182500000007,0.36482652066666676
2025-06-21 06:30:00,0.5538975,0.5538975,0.0,0.664,0.0,0.1,0.11010249999999999,0.15,0.11010249999999999,0.0,0.00412884375,0.0,0.1846325
2025-06-21 06:45:00,1.1233275,1.1233275,0.0,0.18,0.9433275000000001,0.14433639250000002,0.0,0.15,0.0,0.0,0.002216819625,0.002216819625,0.06
2025-06-21 07:00:00,1.1233275,1.1233275,0.0,0.216,0.9073275000000001,0.186980785,0.0,0.15,0.0,0.0,0.002132219625,0.002132219625,0.072
2025-06-21 07:15:00,1.1233275,1.1233275,0.0,0.22,0.9033275000000001,0.2294371775,0.0,0.15,0.0,0.0,0.0021228196250000003,0.0021228196250000003,0.07333333333333333
2025-06-21 07:30:00,1.1233275,1.1233275,0.0,0.208,0.9153275000000001,0.27245757,0.0,0.15,0.0,0.0,0.0021510196249999998,0.0021510196249999998,0.06933333333333333
2025-06-21 07:45:00,1.4499375000000003,1.4499375000000003,0.0,0.196,1.2539375000000004,0.3313926325,0.0,0.15,0.0,0.0,0.0029467531250000007,0.0029467531250000007,0.06533333333333334
2025-06-21 08:00:00,1.4499375000000003,1.4499375000000003,0.0,0.192,1.2579375000000004,0.39051569500000005,0.0,0.15,0.0,0.0,0.002956153125000001,0.002956153125000001,0.064
2025-06-21 08:15:00,1.4499375000000003,1.4499375000000003,0.0,0.24,1.2099375000000003,0.44738275750000006,0.0,0.15,0.0,0.0,0.0028433531250000007,0.0028433531250000007,0.08
2025-06-21 08:30:00,1.4499375000000003,1.4499375000000003,0.0,0.24,1.2099375000000003,0.5042498200000001,0.0,0.15,0.0,0.0,0.0028433531250000007,0.0028433531250000007,0.08
2025-06-21 08:45:00,1.600845,1.600845,0.0,0.3,1.300845,0.5653895350000001,0.0,0.15,0.0,0.0,0.00305698575,0.00305698575,0.09999999999999999
2025-06-21 09:00:00,1.600845,1.600845,0.0,0.24,1.360845,0.6293492500000001,0.0,0.15,0.0,0.0,0.00319798575,0.00319798575,0.08
2025-06-21 09:15:00,1.600845,1.600845,0.0,0.684,0.916845,0.6724409650000001,0.0,0.15,0.0,0.0,0.0021545857499999997,0.0021545857499999997,0.228
2025-06-21 09:30:00,1.600845,1.600845,0.0,0.256,1.344845,0.73564868,0.0,0.15,0.0,0.0,0.00316038575,0.00316038575,0.08533333333333333
2025-06-21 09:45:00,1.6500075000000003,1.6500075000000003,0.0,0.252,1.3980075000000003,0.8013550325000001,0.0,0.15,0.0,0.0,0.0032853176250000004,0.0032853176250000004,0.084
2025-06-21 10:00:00,1.6500075000000003,1.6500075000000003,0.0,0.236,1.4140075000000003,0.867813385,0.0,0.15,0.0,0.0,0.0033229176250000004,0.0033229176250000004,0.07866666666666666
2025-06-21 10:15:00,1.6500075000000003,1.6500075000000003,0.0,0.288,0.6848215957446808,0.9,-0.6771859042553194,0.15,0.0,0.6771859042553194,-0.005162528292553195,0.0016093307499999998,0.32172863475177316
2025-06-21 10:30:00,1.6500075,1.6500075000000003,2.220446049250313e-16,0.38,0.0,0.9,-1.2700075000000002,0.15,0.0,1.2700075000000002,-0.012700075000000002,0.0,0.5500025000000001
2025-06-21 10:45:00,1.61937,1.6193700000000002,2.220446049250313e-16,0.344,0.0,0.9,-1.2753700000000001,0.15,0.0,1.2753700000000001,-0.012753700000000001,0.0,0.53979
2025-06-21 11:00:00,1.6193700000000002,1.6193700000000002,0.0,0.432,0.0,0.9,-1.1873700000000003,0.15,0.0,1.1873700000000003,-0.011873700000000003,0.0,0.5397900000000001
2025-06-21 11:15:00,1.6193700000000004,1.6193700000000002,0.0,0.576,0.0,0.9,-1.0433700000000004,0.15,0.0,1.0433700000000004,-0.010433700000000004,0.0,0.5397900000000001
2025-06-21 11:30:00,1.6193700000000002,1.6193700000000002,0.0,0.644,0.0,0.9,-0.9753700000000002,0.15,0.0,0.9753700000000002,-0.009753700000000002,0.0,0.5397900000000001
2025-06-21 11:45:00,1.6728075000000002,1.6728075000000002,0.0,0.624,0.0,0.9,-1.0488075000000001,0.15,0.0,1.0488075000000001,-0.010488075000000001,0.0,0.5576025000000001
2025-06-21 12:00:00,1.6728075000000002,1.6728075000000002,0.0,0.764,0.0,0.9,-0.9088075000000002,0.15,0.0,0.9088075000000002,-0.009088075000000003,0.0,0.5576025000000001
2025-06-21 12:15:00,1.6728075000000002,1.6728075000000002,0.0,0.808,0.0,0.9,-0.8648075000000002,0.15,0.0,0.8648075000000002,-0.008648075000000002,0.0,0.5576025000000001
2025-06-21 12:30:00,1.6728075000000002,1.6728075000000002,0.0,0.848,0.0,0.9,-0.8248075000000002,0.15,0.0,0.8248075000000002,-0.008248075000000002,0.0,0.5576025000000001
2025-06-21 12:45:00,1.6588425000000002,1.6588425000000002,0.0,0.672,0.0,0.9,-0.9868425000000002,0.15,0.0,0.9868425000000002,-0.009868425000000002,0.0,0.5529475
2025-06-21 13:00:00,1.6588425000000002,1.6588425000000002,0.0,0.804,0.0,0.9,-0.8548425000000002,0.15,0.0,0.8548425000000002,-0.008548425000000002,0.0,0.5529475
2025-06-21 13:15:00,1.6588425000000002,1.6588425000000002,0.0,0.788,0.0,0.9,-0.8708425000000002,0.15,0.0,0.8708425000000002,-0.008708425000000002,0.0,0.5529475
2025-06-21 13:30:00,1.6588425000000002,1.6588425000000002,0.0,0.736,0.0,0.9,-0.9228425000000002,0.15,0.0,0.9228425000000002,-0.009228425000000002,0.0,0.5529475
2025-06-21 13:45:00,1.6428825000000002,1.6428825000000002,0.0,0.82,0.0,0.9,-0.8228825000000003,0.15,0.0,0.8228825000000003,-0.008228825000000004,0.0,0.5476275
2025-06-21 14:00:00,1.6428825000000002,1.6428825000000002,0.0,0.692,0.0,0.9,-0.9508825000000003,0.15,0.0,0.9508825000000003,-0.009508825000000004,0.0,0.5476275
2025-06-21 14:15:00,1.6428825000000002,1.6428825000000002,0.0,0.724,0.0,0.9,-0.9188825000000003,0.15,0.0,0.9188825000000003,-0.009188825000000003,0.0,0.5476275
2025-06-21 14:30:00,1.6428825000000002,1.6428825000000002,0.0,0.636,0.0,0.9,-1.0068825000000001,0.15,0.0,1.0068825000000001,-0.010068825000000002,0.0,0.5476275
2025-06-21 14:45:00,1.6212225000000005,1.6212225000000002,0.0,0.592,0.0,0.9,-1.0292225000000004,0.15,0.0,1.0292225000000004,-0.010292225000000004,0.0,0.5404075000000002
2025-06-21 15:00:00,1.6212225000000002,1.6212225000000002,0.0,0.66,0.0,0.9,-0.9612225000000002,0.15,0.0,0.9612225000000002,-0.009612225000000002,0.0,0.5404075
2025-06-21 15:15:00,1.6212225000000002,1.6212225000000002,0.0,0.628,0.0,0.9,-0.9932225000000002,0.15,0.0,0.9932225000000002,-0.009932225000000003,0.0,0.5404075
2025-06-21 15:30:00,1.6212225000000002,1.6212225000000002,0.0,0.544,0.0,0.9,-1.0772225000000002,0.15,0.0,1.0772225000000002,-0.010772225000000002,0.0,0.5404075
2025-06-21 15:45:00,1.536435,1.5364350000000002,2.220446049250313e-16,0.404,0.0,0.9,-1.132435,0.15,0.0,1.132435,-0.01132435,0.0,0.512145
2025-06-21 16:00:00,1.5364350000000002,1.5364350000000002,0.0,0.464,0.0,0.9,-1.0724350000000002,0.15,0.0,1.0724350000000002,-0.010724350000000002,0.0,0.5121450000000001
2025-06-21 16:15:00,1.536435,1.5364350000000002,2.220446049250313e-16,0.384,0.0,0.9,-1.152435,0.15,0.0,1.152435,-0.011524350000000001,0.0,0.512145
2025-06-21 16:30:00,1.5364350000000002,1.5364350000000002,0.0,0.304,0.0,0.9,-1.2324350000000002,0.15,0.0,1.2324350000000002,-0.012324350000000001,0.0,0.5121450000000001
2025-06-21 16:45:00,1.33152,1.33152,0.0,0.28,0.0,0.9,-1.05152,0.15,0.0,1.05152,-0.0105152,0.0,0.44384
2025-06-21 17:00:00,1.33152,1.33152,0.0,0.272,0.0,0.9,-1.05952,0.15,0.0,1.05952,-0.0105952,0.0,0.44384
2025-06-21 17:15:00,1.33152,1.33152,0.0,0.292,0.0,0.9,-1.03952,0.15,0.0,1.03952,-0.0103952,0.0,0.44384
2025-06-21 17:30:00,1.33152,1.33152,0.0,0.216,0.0,0.9,-1.11552,0.15,0.0,1.11552,-0.0111552,0.0,0.44384
2025-06-21 17:45:00,0.8735250000000001,0.8735250000000001,0.0,0.288,0.0,0.9,-0.5855250000000001,0.15,0.0,0.5855250000000001,-0.005855250000000001,0.0,0.291175
2025-06-21 18:00:00,0.8735250000000001,0.8735250000000001,0.0,0.284,0.0,0.9,-0.5895250000000001,0.15,0.0,0.5895250000000001,-0.005895250000000001,0.0,0.291175
2025-06-21 18:15:00,0.8735250000000001,0.8735250000000001,0.0,0.264,0.0,0.9,-0.6095250000000001,0.15,0.0,0.6095250000000001,-0.006095250000000001,0.0,0.291175
2025-06-21 18:30:00,0.8735250000000001,0.8735250000000001,0.0,0.284,0.0,0.9,-0.5895250000000001,0.15,0.0,0.5895250000000001,-0.005895250000000001,0.0,0.291175
2025-06-21 18:45:00,0.24310500000000002,0.24310500000000002,0.0,0.392,-0.148895,0.8920800531914894,0.0,0.15,0.0,0.0,0.00039599734042553193,0.00039599734042553193,0.13066666666666668
2025-06-21 19:00:00,0.24310500000000002,0.24310500000000002,0.0,0.304,-0.06089499999999998,0.8888409574468085,0.0,0.15,0.0,0.0,0.00016195478723404248,0.00016195478723404248,0.10133333333333333
2025-06-21 19:15:00,0.24310500000000002,0.24310500000000002,0.0,0.532,-0.288895,0.8734742021276596,0.0,0.15,0.0,0.0,0.0007683377659574468,0.0007683377659574468,0.17733333333333334
2025-06-21 19:30:00,0.24310500000000002,0.24310500000000002,0.0,0.496,-0.252895,0.8600223404255318,0.0,0.15,0.0,0.0,0.000672593085106383,0.000672593085106383,0.16533333333333333
2025-06-21 19:45:00,0.0,0.0,0.0,0.48,-0.48,0.8344904255319149,0.0,0.15,0.0,0.0,0.001276595744680851,0.001276595744680851,0.16
2025-06-21 20:00:00,0.0,0.0,0.0,0.676,-0.676,0.7985329787234042,0.0,0.15,0.0,0.0,0.001797872340425532,0.001797872340425532,0.22533333333333336
2025-06-21 20:15:00,0.0,0.0,0.0,0.54,-0.54,0.7698095744680851,0.0,0.15,0.0,0.0,0.0014361702127659577,0.0014361702127659577,0.18000000000000002
2025-06-21 20:30:00,0.0,0.0,0.0,1.736,-1.736,0.6774691489361702,0.0,0.15,0.0,0.0,0.004617021276595744,0.004617021276595744,0.5786666666666667
2025-06-21 20:45:00,0.0,0.0,0.0,2.38,-2.38,0.5508734042553192,0.0,0.15,0.0,0.0,0.0063297872340425535,0.0063297872340425535,0.7933333333333333
2025-06-21 21:00:00,0.0,0.0,0.0,3.172,-3.0,0.3912989361702127,0.17200000000000015,0.15,0.17200000000000015,0.0,0.014428723404255325,0.00797872340425532,1.0
2025-06-21 21:15:00,0.0,0.0,0.0,3.064,-3.0,0.23172446808510633,0.06400000000000006,0.15,0.06400000000000006,0.0,0.010378723404255323,0.00797872340425532,1.0
2025-06-21 21:30:00,0.0,0.0,0.0,2.3,-2.3,0.10938404255319142,0.0,0.15,0.0,0.0,0.006117021276595745,0.006117021276595745,0.7666666666666666
2025-06-21 21:45:00,0.0,0.0,0.0,2.44,-0.17641999999999886,0.1,2.263580000000001,0.15,2.263580000000001,0.0,0.0853534521276596,0.0004692021276595715,0.058806666666666285
2025-06-21 22:00:00,0.0,0.0,0.0,1.616,0.0,0.1,1.616,0.15,1.616,0.0,0.0606,0.0,0.0
2025-06-21 22:15:00,0.0,0.0,0.0,0.428,0.0,0.1,0.428,0.15,0.428,0.0,0.01605,0.0,0.0
2025-06-21 22:30:00,0.0,0.0,0.0,0.7,0.0,0.1,0.7,0.15,0.7,0.0,0.02625,0.0,0.0
2025-06-21 22:45:00,0.0,0.0,0.0,0.72,0.0,0.1,0.72,0.15,0.72,0.0,0.027,0.0,0.0
2025-06-21 23:00:00,0.0,0.0,0.0,0.652,0.0,0.1,0.652,0.15,0.652,0.0,0.02445,0.0,0.0
2025-06-21 23:15:00,0.0,0.0,0.0,1.276,0.0,0.1,1.276,0.15,1.276,0.0,0.04785,0.0,0.0
2025-06-21 23:30:00,0.0,0.0,0.0,0.728,0.0,0.1,0.728,0.15,0.728,0.0,0.027299999999999998,0.0,0.0
2025-06-21 23:45:00,0.0,0.0,0.0,0.712,0.0,0.1,0.712,0.15,0.712,0.0,0.026699999999999998,0.0,0.0
2025-06-22 00:00:00,0.0,0.0,0.0,0.7,0.0,0.1,0.7,0.15,0.7,0.0,0.02625,0.0,0.0
2025-06-22 00:15:00,0.0,0.0,0.0,0.7,0.0,0.1,0.7,0.15,0.7,0.0,0.02625,0.0,0.0
2025-06-22 00:30:00,0.0,0.0,0.0,0.608,0.0,0.1,0.608,0.15,0.608,0.0,0.022799999999999997,0.0,0.0
2025-06-22 00:45:00,0.0,0.0,0.0,0.516,0.0,0.1,0.516,0.15,0.516,0.0,0.01935,0.0,0.0
2025-06-22 01:00:00,0.0,0.0,0.0,0.588,0.0,0.1,0.588,0.15,0.588,0.0,0.022049999999999997,0.0,0.0
2025-06-22 01:15:00,0.0,0.0,0.0,2.292,0.0,0.1,2.292,0.15,2.292,0.0,0.08594999999999998,0.0,0.0
2025-06-22 01:30:00,0.0,0.0,0.0,1.02,0.0,0.1,1.02,0.15,1.02,0.0,0.03825,0.0,0.0
2025-06-22 01:45:00,0.0,0.0,0.0,1.884,0.0,0.1,1.884,0.15,1.884,0.0,0.07064999999999999,0.0,0.0
2025-06-22 02:00:00,0.0,0.0,0.0,0.432,0.0,0.1,0.432,0.15,0.432,0.0,0.0162,0.0,0.0
2025-06-22 02:15:00,0.0,0.0,0.0,0.28,0.0,0.1,0.28,0.15,0.28,0.0,0.0105,0.0,0.0
2025-06-22 02:30:00,0.0,0.0,0.0,0.308,0.0,0.1,0.308,0.15,0.308,0.0,0.01155,0.0,0.0
2025-06-22 02:45:00,0.0,0.0,0.0,0.3,0.0,0.1,0.3,0.15,0.3,0.0,0.01125,0.0,0.0
2025-06-22 03:00:00,0.0,0.0,0.0,0.32,0.0,0.1,0.32,0.15,0.32,0.0,0.012,0.0,0.0
2025-06-22 03:15:00,0.0,0.0,0.0,0.332,0.0,0.1,0.332,0.15,0.332,0.0,0.012450000000000001,0.0,0.0
2025-06-22 03:30:00,0.0,0.0,0.0,0.292,0.0,0.1,0.292,0.15,0.292,0.0,0.01095,0.0,0.0
2025-06-22 03:45:00,0.0,0.0,0.0,0.32,0.0,0.1,0.32,0.15,0.32,0.0,0.012,0.0,0.0
2025-06-22 04:00:00,0.0,0.0,0.0,0.364,0.0,0.1,0.364,0.15,0.364,0.0,0.013649999999999999,0.0,0.0
2025-06-22 04:15:00,0.0,0.0,0.0,0.288,0.0,0.1,0.288,0.15,0.288,0.0,0.010799999999999999,0.0,0.0
2025-06-22 04:30:00,0.0,0.0,0.0,0.248,0.0,0.1,0.248,0.15,0.248,0.0,0.0093,0.0,0.0
2025-06-22 04:45:00,0.035055,0.035055,0.0,0.252,0.0,0.1,0.216945,0.15,0.216945,0.0,0.0081354375,0.0,0.011685000000000001
2025-06-22 05:00:00,0.035055,0.035055,0.0,0.236,0.0,0.1,0.20094499999999998,0.15,0.20094499999999998,0.0,0.007535437499999999,0.0,0.011685000000000001
2025-06-22 05:15:00,0.035055,0.035055,0.0,0.244,0.0,0.1,0.208945,0.15,0.208945,0.0,0.007835437499999999,0.0,0.011685000000000001
2025-06-22 05:30:00,0.035055,0.035055,0.0,0.252,0.0,0.1,0.216945,0.15,0.216945,0.0,0.0081354375,0.0,0.011685000000000001
2025-06-22 05:45:00,0.46868250000000006,0.46868250000000006,0.0,0.248,0.22068250000000006,0.1103720775,0.0,0.15,0.0,0.0,0.000518603875,0.000518603875,0.08266666666666667
2025-06-22 06:00:00,0.46868250000000006,0.46868250000000006,0.0,0.236,0.23268250000000007,0.121308155,0.0,0.15,0.0,0.0,0.0005468038750000001,0.0005468038750000001,0.07866666666666666
2025-06-22 06:15:00,0.46868250000000006,0.46868250000000006,0.0,0.284,0.18468250000000008,0.1299882325,0.0,0.15,0.0,0.0,0.0004340038750000002,0.0004340038750000002,0.09466666666666666
2025-06-22 06:30:00,0.46868250000000006,0.46868250000000006,0.0,0.296,0.17268250000000007,0.13810431,0.0,0.15,0.0,0.0,0.0004058038750000002,0.0004058038750000002,0.09866666666666667
2025-06-22 06:45:00,1.0620525,1.0620525,0.0,0.208,0.8540525000000001,0.1782447775,0.0,0.15,0.0,0.0,0.0020070233750000004,0.0020070233750000004,0.06933333333333333
2025-06-22 07:00:00,1.0620525,1.0620525,0.0,0.192,0.8700525000000001,0.21913724500000004,0.0,0.15,0.0,0.0,0.002044623375,0.002044623375,0.064
2025-06-22 07:15:00,1.0620525,1.0620525,0.0,0.228,0.8340525000000001,0.25833771250000004,0.0,0.15,0.0,0.0,0.001960023375,0.001960023375,0.076
2025-06-22 07:30:00,1.0620525,1.0620525,0.0,0.228,0.8340525000000001,0.29753818,0.0,0.15,0.0,0.0,0.001960023375,0.001960023375,0.076
2025-06-22 07:45:00,1.4120325000000002,1.4120325000000002,0.0,0.264,1.1480325000000002,0.35149570750000003,0.0,0.15,0.0,0.0,0.0026978763750000008,0.0026978763750000008,0.08800000000000001
2025-06-22 08:00:00,1.4120325000000002,1.4120325000000002,0.0,0.284,1.1280325000000002,0.404513235,0.0,0.15,0.0,0.0,0.002650876375,0.002650876375,0.09466666666666666
2025-06-22 08:15:00,1.4120325000000002,1.4120325000000002,0.0,0.312,1.1000325000000002,0.45621476250000004,0.0,0.15,0.0,0.0,0.0025850763750000006,0.0025850763750000006,0.104
2025-06-22 08:30:00,1.4120325000000002,1.4120325000000002,0.0,0.32,1.0920325000000002,0.50754029,0.0,0.15,0.0,0.0,0.002566276375,0.002566276375,0.10666666666666667
2025-06-22 08:45:00,1.5810375000000003,1.5810375000000003,0.0,0.308,1.2730375000000003,0.5673730525,0.0,0.15,0.0,0.0,0.002991638125000001,0.002991638125000001,0.10266666666666667
2025-06-22 09:00:00,1.5810375000000003,1.5810375000000003,0.0,0.228,1.3530375000000003,0.630965815,0.0,0.15,0.0,0.0,0.0031796381250000006,0.0031796381250000006,0.076
2025-06-22 09:15:00,1.5810375000000003,1.5810375000000003,0.0,0.172,1.4090375000000004,0.6971905775,0.0,0.15,0.0,0.0,0.0033112381250000006,0.0033112381250000006,0.057333333333333326
2025-06-22 09:30:00,1.5810375000000003,1.5810375000000003,0.0,0.208,1.3730375000000004,0.7617233400000001,0.0,0.15,0.0,0.0,0.003226638125000001,0.003226638125000001,0.06933333333333333
2025-06-22 09:45:00,1.6376100000000002,1.6376100000000002,0.0,0.248,1.3896100000000002,0.8270350100000001,0.0,0.15,0.0,0.0,0.0032655835000000005,0.0032655835000000005,0.08266666666666667
2025-06-22 10:00:00,1.6376100000000002,1.6376100000000002,0.0,0.232,1.4056100000000002,0.8930986800000001,0.0,0.15,0.0,0.0,0.0033031835000000005,0.0033031835000000005,0.07733333333333334
2025-06-22 10:15:00,1.6376100000000005,1.6376100000000002,0.0,0.436,0.14683659574467825,0.9,-1.0547734042553223,0.15,0.0,1.0547734042553223,-0.010202668042553228,0.00034506599999999387,0.4969244680851073
2025-06-22 10:30:00,1.6376100000000002,1.6376100000000002,0.0,0.648,0.0,0.9,-0.9896100000000002,0.15,0.0,0.9896100000000002,-0.009896100000000003,0.0,0.5458700000000001
2025-06-22 10:45:00,1.6460175000000001,1.6460175000000001,0.0,0.968,0.0,0.9,-0.6780175000000002,0.15,0.0,0.6780175000000002,-0.006780175000000002,0.0,0.5486725
2025-06-22 11:00:00,1.6460175000000001,1.6460175000000001,0.0,0.828,0.0,0.9,-0.8180175000000002,0.15,0.0,0.8180175000000002,-0.008180175000000001,0.0,0.5486725
2025-06-22 11:15:00,1.6460175000000001,1.6460175000000001,0.0,2.468,-0.8219824999999998,0.8562775265957446,0.0,0.15,0.0,0.0,0.002186123670212766,0.002186123670212766,0.8226666666666667
2025-06-22 11:30:00,1.6460175000000001,1.6460175000000001,0.0,2.204,-0.5579825,0.8265976063829786,0.0,0.15,0.0,0.0,0.001483996010638298,0.001483996010638298,0.7346666666666667
2025-06-22 11:45:00,1.6517175000000002,1.6517175000000002,0.0,2.14,-0.48828249999999995,0.8006251329787233,0.0,0.15,0.0,0.0,0.001298623670212766,0.001298623670212766,0.7133333333333334
2025-06-22 12:00:00,1.6517175000000002,1.6517175000000002,0.0,2.6,-0.9482824999999999,0.750184574468085,0.0,0.15,0.0,0.0,0.002522027925531915,0.002522027925531915,0.8666666666666667
2025-06-22 12:15:00,1.6517175000000002,1.6517175000000002,0.0,2.82,-1.1682824999999997,0.6880418882978722,0.0,0.15,0.0,0.0,0.0031071343085106373,0.0031071343085106373,0.94
2025-06-22 12:30:00,1.6517175000000002,1.6517175000000002,0.0,2.264,-0.6122824999999996,0.6554736702127658,0.0,0.15,0.0,0.0,0.0016284109042553183,0.0016284109042553183,0.7546666666666666
2025-06-22 12:45:00,1.6615500000000003,1.6615500000000003,0.0,0.664,0.9975500000000003,0.7023585202127658,0.0,0.15,0.0,0.0,0.0023442425000000005,0.0023442425000000005,0.22133333333333335
2025-06-22 13:00:00,1.6615500000000003,1.6615500000000003,0.0,0.676,0.9855500000000003,0.7486793702127659,0.0,0.15,0.0,0.0,0.0023160425000000005,0.0023160425000000005,0.22533333333333336
2025-06-22 13:15:00,1.6615500000000003,1.6615500000000003,0.0,0.544,1.1175500000000003,0.8012042202127659,0.0,0.15,0.0,0.0,0.0026262425000000006,0.0026262425000000006,0.18133333333333335
2025-06-22 13:30:00,1.66155,1.6615500000000003,2.220446049250313e-16,0.356,1.3055500000000002,0.862565070212766,0.0,0.15,0.0,0.0,0.0030680425000000006,0.0030680425000000006,0.11866666666666666
2025-06-22 13:45:00,1.6587,1.6587000000000003,2.220446049250313e-16,0.34,0.7964878678134907,0.9,-0.5222121321865093,0.15,0.0,0.5222121321865093,-0.00335037483250339,0.0018717464893617032,0.28740404406216985
2025-06-22 14:00:00,1.6587,1.6587000000000003,2.220446049250313e-16,0.356,0.0,0.9,-1.3027000000000002,0.15,0.0,1.3027000000000002,-0.013027000000000002,0.0,0.5529000000000001
2025-06-22 14:15:00,1.6587000000000003,1.6587000000000003,0.0,0.436,0.0,0.9,-1.2227000000000003,0.15,0.0,1.2227000000000003,-0.012227000000000003,0.0,0.5529000000000001
2025-06-22 14:30:00,1.6587000000000003,1.6587000000000003,0.0,0.424,0.0,0.9,-1.2347000000000004,0.15,0.0,1.2347000000000004,-0.012347000000000004,0.0,0.5529000000000001
2025-06-22 14:45:00,1.6488675000000002,1.6488675000000002,0.0,0.952,0.0,0.9,-0.6968675000000002,0.15,0.0,0.6968675000000002,-0.006968675000000002,0.0,0.5496225
2025-06-22 15:00:00,1.6488675000000002,1.6488675000000002,0.0,1.252,0.0,0.9,-0.39686750000000015,0.15,0.0,0.39686750000000015,-0.003968675000000001,0.0,0.5496225
2025-06-22 15:15:00,1.6488675000000002,1.6488675000000002,0.0,1.188,0.0,0.9,-0.4608675000000002,0.15,0.0,0.4608675000000002,-0.004608675000000002,0.0,0.5496225
2025-06-22 15:30:00,1.6488675000000002,1.6488675000000002,0.0,0.588,0.0,0.9,-1.0608675,0.15,0.0,1.0608675,-0.010608675000000001,0.0,0.5496225
2025-06-22 15:45:00,1.5766200000000001,1.5766200000000001,0.0,0.608,0.0,0.9,-0.9686200000000001,0.15,0.0,0.9686200000000001,-0.009686200000000002,0.0,0.52554
2025-06-22 16:00:00,1.5766200000000001,1.5766200000000001,0.0,0.6,0.0,0.9,-0.9766200000000002,0.15,0.0,0.9766200000000002,-0.009766200000000001,0.0,0.52554
2025-06-22 16:15:00,1.5766200000000001,1.5766200000000001,0.0,1.056,0.0,0.9,-0.5206200000000001,0.15,0.0,0.5206200000000001,-0.005206200000000001,0.0,0.52554
2025-06-22 16:30:00,1.5766200000000001,1.5766200000000001,0.0,1.464,0.0,0.9,-0.11262000000000016,0.15,0.0,0.11262000000000016,-0.0011262000000000017,0.0,0.52554
2025-06-22 16:45:00,1.3682850000000002,1.3682850000000002,0.0,0.592,0.0,0.9,-0.7762850000000002,0.15,0.0,0.7762850000000002,-0.0077628500000000026,0.0,0.4560950000000001
2025-06-22 17:00:00,1.3682850000000002,1.3682850000000002,0.0,0.496,0.0,0.9,-0.8722850000000002,0.15,0.0,0.8722850000000002,-0.008722850000000002,0.0,0.4560950000000001
2025-06-22 17:15:00,1.3682850000000002,1.3682850000000002,0.0,0.568,0.0,0.9,-0.8002850000000002,0.15,0.0,0.8002850000000002,-0.008002850000000002,0.0,0.4560950000000001
2025-06-22 17:30:00,1.3682850000000002,1.3682850000000002,0.0,0.444,0.0,0.9,-0.9242850000000002,0.15,0.0,0.9242850000000002,-0.009242850000000002,0.0,0.4560950000000001
2025-06-22 17:45:00,0.9822525000000001,0.9822525000000001,0.0,1.024,-0.04174749999999994,0.8977793882978723,0.0,0.15,0.0,0.0,0.00011103058510638283,0.00011103058510638283,0.3413333333333333
2025-06-22 18:00:00,0.9822525000000001,0.9822525000000001,0.0,0.492,0.04724705749207838,0.9,-0.44300544250792173,0.15,0.0,0.44300544250792173,-0.0043190238399728334,0.0001110305851063842,0.3116684808359739
2025-06-22 18:15:00,0.9822525000000001,0.9822525000000001,0.0,0.708,0.0,0.9,-0.2742525000000001,0.15,0.0,0.2742525000000001,-0.0027425250000000013,0.0,0.32741750000000003
2025-06-22 18:30:00,0.9822525000000001,0.9822525000000001,0.0,0.56,0.0,0.9,-0.42225250000000003,0.15,0.0,0.42225250000000003,-0.004222525,0.0,0.32741750000000003
2025-06-22 18:45:00,0.3606675000000001,0.3606675000000001,0.0,0.4,-0.03933249999999994,0.8979078457446809,0.0,0.15,0.0,0.0,0.00010460771276595728,0.00010460771276595728,0.13333333333333333
2025-06-22 19:00:00,0.3606675000000001,0.3606675000000001,0.0,0.416,-0.055332499999999896,0.8949646276595745,0.0,0.15,0.0,0.0,0.0001471609042553189,0.0001471609042553189,0.13866666666666666
2025-06-22 19:15:00,0.3606675000000001,0.3606675000000001,0.0,0.48,-0.1193324999999999,0.8886171542553193,0.0,0.15,0.0,0.0,0.00031737367021276574,0.00031737367021276574,0.16
2025-06-22 19:30:00,0.3606675000000001,0.3606675000000001,0.0,1.252,-0.8913324999999999,0.84120585106383,0.0,0.15,0.0,0.0,0.002370565159574468,0.002370565159574468,0.41733333333333333
2025-06-22 19:45:00,0.0012825,0.0012825,0.0,1.028,-1.0267175,0.7865932180851065,0.0,0.15,0.0,0.0,0.0027306316489361703,0.0027306316489361703,0.3426666666666667
2025-06-22 20:00:00,0.0012825,0.0012825,0.0,0.836,-0.8347175,0.74219335106383,0.0,0.15,0.0,0.0,0.00221999335106383,0.00221999335106383,0.2786666666666667
2025-06-22 20:15:00,0.0012825,0.0012825,0.0,0.84,-0.8387175,0.6975807180851066,0.0,0.15,0.0,0.0,0.0022306316489361703,0.0022306316489361703,0.27999999999999997
2025-06-22 20:30:00,0.0012825,0.0012825,0.0,0.86,-0.8587175,0.6519042553191491,0.0,0.15,0.0,0.0,0.0022838231382978726,0.0022838231382978726,0.2866666666666667
2025-06-22 20:45:00,0.0,0.0,0.0,1.34,-1.34,0.5806276595744683,0.0,0.15,0.0,0.0,0.003563829787234043,0.003563829787234043,0.4466666666666667
2025-06-22 21:00:00,0.0,0.0,0.0,1.62,-1.62,0.4944574468085108,0.0,0.15,0.0,0.0,0.004308510638297873,0.004308510638297873,0.54
2025-06-22 21:15:00,0.0,0.0,0.0,1.516,-1.516,0.4138191489361704,0.0,0.15,0.0,0.0,0.004031914893617022,0.004031914893617022,0.5053333333333333
2025-06-22 21:30:00,0.0,0.0,0.0,1.668,-1.668,0.32509574468085123,0.0,0.15,0.0,0.0,0.004436170212765957,0.004436170212765957,0.5559999999999999
2025-06-22 21:45:00,0.0,0.0,0.0,0.624,-0.624,0.2919042553191491,0.0,0.15,0.0,0.0,0.0016595744680851065,0.0016595744680851065,0.208
2025-06-22 22:00:00,0.0,0.0,0.0,0.716,-0.716,0.2538191489361704,0.0,0.15,0.0,0.0,0.001904255319148936,0.001904255319148936,0.23866666666666667
2025-06-22 22:15:00,0.0,0.0,0.0,0.732,-0.732,0.21488297872340442,0.0,0.15,0.0,0.0,0.0019468085106382979,0.0019468085106382979,0.244
2025-06-22 22:30:00,0.0,0.0,0.0,0.756,-0.756,0.17467021276595762,0.0,0.15,0.0,0.0,0.0020106382978723404,0.0020106382978723404,0.252
2025-06-22 22:45:00,0.0,0.0,0.0,0.74,-0.74,0.13530851063829805,0.0,0.15,0.0,0.0,0.001968085106382979,0.001968085106382979,0.24666666666666667
2025-06-22 23:00:00,0.0,0.0,0.0,0.676,-0.6638000000000034,0.1,0.012199999999996658,0.15,0.012199999999996658,0.0,0.0022229255319147776,0.0017654255319149027,0.2212666666666678
2025-06-22 23:15:00,0.0,0.0,0.0,0.784,0.0,0.1,0.784,0.15,0.784,0.0,0.0294,0.0,0.0
2025-06-22 23:30:00,0.0,0.0,0.0,0.78,0.0,0.1,0.78,0.15,0.78,0.0,0.029249999999999998,0.0,0.0
2025-06-22 23:45:00,0.0,0.0,0.0,0.788,0.0,0.1,0.788,0.15,0.788,0.0,0.02955,0.0,0.0
2025-06-23 00:00:00,0.0,0.0,0.0,0.664,0.0,0.1,0.664,0.15,0.664,0.0,0.024900000000000002,0.0,0.0
2025-06-23 00:15:00,0.0,0.0,0.0,0.628,0.0,0.1,0.628,0.15,0.628,0.0,0.023549999999999998,0.0,0.0
2025-06-23 00:30:00,0.0,0.0,0.0,0.512,0.0,0.1,0.512,0.15,0.512,0.0,0.0192,0.0,0.0
2025-06-23 00:45:00,0.0,0.0,0.0,0.496,0.0,0.1,0.496,0.15,0.496,0.0,0.0186,0.0,0.0
2025-06-23 01:00:00,0.0,0.0,0.0,0.568,0.0,0.1,0.568,0.15,0.568,0.0,0.021299999999999996,0.0,0.0
2025-06-23 01:15:00,0.0,0.0,0.0,0.552,0.0,0.1,0.552,0.15,0.552,0.0,0.0207,0.0,0.0
2025-06-23 01:30:00,0.0,0.0,0.0,0.604,0.0,0.1,0.604,0.15,0.604,0.0,0.02265,0.0,0.0
2025-06-23 01:45:00,0.0,0.0,0.0,0.596,0.0,0.1,0.596,0.15,0.596,0.0,0.02235,0.0,0.0
2025-06-23 02:00:00,0.0,0.0,0.0,0.52,0.0,0.1,0.52,0.15,0.52,0.0,0.0195,0.0,0.0
2025-06-23 02:15:00,0.0,0.0,0.0,0.488,0.0,0.1,0.488,0.15,0.488,0.0,0.0183,0.0,0.0
2025-06-23 02:30:00,0.0,0.0,0.0,0.396,0.0,0.1,0.396,0.15,0.396,0.0,0.01485,0.0,0.0
2025-06-23 02:45:00,0.0,0.0,0.0,0.388,0.0,0.1,0.388,0.15,0.388,0.0,0.01455,0.0,0.0
2025-06-23 03:00:00,0.0,0.0,0.0,0.412,0.0,0.1,0.412,0.15,0.412,0.0,0.015449999999999998,0.0,0.0
2025-06-23 03:15:00,0.0,0.0,0.0,0.4,0.0,0.1,0.4,0.15,0.4,0.0,0.015,0.0,0.0
2025-06-23 03:30:00,0.0,0.0,0.0,0.412,0.0,0.1,0.412,0.15,0.412,0.0,0.015449999999999998,0.0,0.0
2025-06-23 03:45:00,0.0,0.0,0.0,0.348,0.0,0.1,0.348,0.15,0.348,0.0,0.013049999999999999,0.0,0.0
2025-06-23 04:00:00,0.0,0.0,0.0,0.4,0.0,0.1,0.4,0.15,0.4,0.0,0.015,0.0,0.0
2025-06-23 04:15:00,0.0,0.0,0.0,0.42,0.0,0.1,0.42,0.15,0.42,0.0,0.01575,0.0,0.0
2025-06-23 04:30:00,0.0,0.0,0.0,0.396,0.0,0.1,0.396,0.15,0.396,0.0,0.01485,0.0,0.0
2025-06-23 04:45:00,0.05742750000000001,0.05742750000000001,0.0,0.34,0.0,0.1,0.2825725,0.15,0.2825725,0.0,0.010596468749999999,0.0,0.019142500000000003
2025-06-23 05:00:00,0.05742750000000001,0.05742750000000001,0.0,0.272,0.0,0.1,0.2145725,0.15,0.2145725,0.0,0.008046468749999999,0.0,0.019142500000000003
2025-06-23 05:15:00,0.05742750000000001,0.05742750000000001,0.0,0.308,0.0,0.1,0.2505725,0.15,0.2505725,0.0,0.00939646875,0.0,0.019142500000000003
2025-06-23 05:30:00,0.05742750000000001,0.05742750000000001,0.0,0.3,0.0,0.1,0.24257249999999997,0.15,0.24257249999999997,0.0,0.009096468749999998,0.0,0.019142500000000003
2025-06-23 05:45:00,0.5996400000000001,0.5996400000000001,0.0,0.252,0.34764000000000006,0.11633908,0.0,0.15,0.0,0.0,0.0008169540000000002,0.0008169540000000002,0.084
2025-06-23 06:00:00,0.5996400000000001,0.5996400000000001,0.0,0.2,0.39964000000000005,0.13512216,0.0,0.15,0.0,0.0,0.0009391540000000001,0.0009391540000000001,0.06666666666666667
2025-06-23 06:15:00,0.5996400000000001,0.5996400000000001,0.0,0.216,0.3836400000000001,0.15315324,0.0,0.15,0.0,0.0,0.0009015540000000002,0.0009015540000000002,0.072
2025-06-23 06:30:00,0.5996400000000001,0.5996400000000001,0.0,0.252,0.34764000000000006,0.16949231999999997,0.0,0.15,0.0,0.0,0.0008169540000000002,0.0008169540000000002,0.084
2025-06-23 06:45:00,1.1944350000000001,1.1944350000000001,0.0,0.276,0.9184350000000001,0.21265876499999997,0.0,0.15,0.0,0.0,0.00215832225,0.00215832225,0.09200000000000001
2025-06-23 07:00:00,1.1944350000000001,1.1944350000000001,0.0,0.28,0.9144350000000001,0.25563721,0.0,0.15,0.0,0.0,0.0021489222500000005,0.0021489222500000005,0.09333333333333334
2025-06-23 07:15:00,1.1944350000000001,1.1944350000000001,0.0,0.228,0.9664350000000002,0.301059655,0.0,0.15,0.0,0.0,0.0022711222500000003,0.0022711222500000003,0.076
2025-06-23 07:30:00,1.1944350000000001,1.1944350000000001,0.0,0.58,0.6144350000000002,0.3299381,0.0,0.15,0.0,0.0,0.0014439222500000003,0.0014439222500000003,0.19333333333333333
2025-06-23 07:45:00,1.5328725,1.5328725,0.0,0.832,0.7008725000000001,0.3628791075,0.0,0.15,0.0,0.0,0.0016470503750000002,0.0016470503750000002,0.2773333333333333
2025-06-23 08:00:00,1.5328724999999999,1.5328725,2.220446049250313e-16,0.384,1.1488725,0.416876115,0.0,0.15,0.0,0.0,0.0026998503749999995,0.0026998503749999995,0.128
2025-06-23 08:15:00,1.5328724999999999,1.5328725,2.220446049250313e-16,0.376,1.1568725,0.4712491225,0.0,0.15,0.0,0.0,0.0027186503749999998,0.0027186503749999998,0.12533333333333332
2025-06-23 08:30:00,1.5328725,1.5328725,0.0,0.44,1.0928725000000001,0.52261413,0.0,0.15,0.0,0.0,0.0025682503750000005,0.0025682503750000005,0.14666666666666667
2025-06-23 08:45:00,1.6765125000000003,1.6765125000000003,0.0,0.44,1.2365125000000003,0.5807302175,0.0,0.15,0.0,0.0,0.0029058043750000008,0.0029058043750000008,0.14666666666666667
2025-06-23 09:00:00,1.6765125000000003,1.6765125000000003,0.0,0.432,1.2445125000000004,0.639222305,0.0,0.15,0.0,0.0,0.0029246043750000006,0.0029246043750000006,0.144
2025-06-23 09:15:00,1.6765125000000003,1.6765125000000003,0.0,0.356,1.3205125000000004,0.7012863925,0.0,0.15,0.0,0.0,0.003103204375000001,0.003103204375000001,0.11866666666666666
2025-06-23 09:30:00,1.6765125000000003,1.6765125000000003,0.0,0.4,1.2765125000000004,0.76128248,0.0,0.15,0.0,0.0,0.002999804375000001,0.002999804375000001,0.13333333333333333
2025-06-23 09:45:00,1.7100000000000002,1.7100000000000002,0.0,0.444,1.2660000000000002,0.82078448,0.0,0.15,0.0,0.0,0.0029751000000000005,0.0029751000000000005,0.148
2025-06-23 10:00:00,1.7100000000000002,1.7100000000000002,0.0,0.424,1.2860000000000003,0.8812264799999999,0.0,0.15,0.0,0.0,0.0030221000000000002,0.0030221000000000002,0.14133333333333334
2025-06-23 10:15:00,1.71,1.7100000000000002,2.220446049250313e-16,0.392,0.39943659574468204,0.9,-0.918563404255318,0.15,0.0,0.918563404255318,-0.008246958042553177,0.0009386760000000028,0.43685446808510603
2025-06-23 10:30:00,1.7100000000000002,1.7100000000000002,0.0,0.86,0.0,0.9,-0.8500000000000002,0.15,0.0,0.8500000000000002,-0.008500000000000002,0.0,0.5700000000000001
2025-06-23 10:45:00,1.7100000000000002,1.7100000000000002,0.0,0.792,0.0,0.9,-0.9180000000000001,0.15,0.0,0.9180000000000001,-0.009180000000000002,0.0,0.5700000000000001
2025-06-23 11:00:00,1.71,1.7100000000000002,2.220446049250313e-16,0.344,0.0,0.9,-1.366,0.15,0.0,1.366,-0.013660000000000002,0.0,0.57
2025-06-23 11:15:00,1.7100000000000002,1.7100000000000002,0.0,0.312,0.0,0.9,-1.3980000000000001,0.15,0.0,1.3980000000000001,-0.013980000000000001,0.0,0.5700000000000001
2025-06-23 11:30:00,1.7100000000000002,1.7100000000000002,0.0,0.264,0.0,0.9,-1.4460000000000002,0.15,0.0,1.4460000000000002,-0.014460000000000002,0.0,0.5700000000000001
2025-06-23 11:45:00,1.7100000000000002,1.7100000000000002,0.0,0.248,0.0,0.9,-1.4620000000000002,0.15,0.0,1.4620000000000002,-0.014620000000000003,0.0,0.5700000000000001
2025-06-23 12:00:00,1.7100000000000002,1.7100000000000002,0.0,0.268,0.0,0.9,-1.4420000000000002,0.15,0.0,1.4420000000000002,-0.014420000000000002,0.0,0.5700000000000001
2025-06-23 12:15:00,1.7100000000000002,1.7100000000000002,0.0,0.264,0.0,0.9,-1.4460000000000002,0.15,0.0,1.4460000000000002,-0.014460000000000002,0.0,0.5700000000000001
2025-06-23 12:30:00,1.7100000000000002,1.7100000000000002,0.0,0.828,0.0,0.9,-0.8820000000000002,0.15,0.0,0.8820000000000002,-0.008820000000000003,0.0,0.5700000000000001
2025-06-23 12:45:00,1.6867725000000002,1.6867725000000002,0.0,0.56,0.0,0.9,-1.1267725000000002,0.15,0.0,1.1267725000000002,-0.011267725000000003,0.0,0.5622575000000001
2025-06-23 13:00:00,1.6867725000000002,1.6867725000000002,0.0,0.692,0.0,0.9,-0.9947725000000003,0.15,0.0,0.9947725000000003,-0.009947725000000003,0.0,0.5622575000000001
2025-06-23 13:15:00,1.6867725000000005,1.6867725000000002,0.0,0.656,0.0,0.9,-1.0307725000000003,0.15,0.0,1.0307725000000003,-0.010307725000000004,0.0,0.5622575000000002
2025-06-23 13:30:00,1.6867725000000002,1.6867725000000002,0.0,0.876,0.0,0.9,-0.8107725000000002,0.15,0.0,0.8107725000000002,-0.008107725000000003,0.0,0.5622575000000001
2025-06-23 13:45:00,1.6715250000000001,1.6715250000000001,0.0,0.7,0.0,0.9,-0.9715250000000002,0.15,0.0,0.9715250000000002,-0.009715250000000002,0.0,0.5571750000000001
2025-06-23 14:00:00,1.6715250000000001,1.6715250000000001,0.0,0.776,0.0,0.9,-0.8955250000000001,0.15,0.0,0.8955250000000001,-0.008955250000000001,0.0,0.5571750000000001
2025-06-23 14:15:00,1.6715250000000001,1.6715250000000001,0.0,0.708,0.0,0.9,-0.9635250000000002,0.15,0.0,0.9635250000000002,-0.009635250000000001,0.0,0.5571750000000001
2025-06-23 14:30:00,1.6715250000000001,1.6715250000000001,0.0,0.924,0.0,0.9,-0.7475250000000001,0.15,0.0,0.7475250000000001,-0.007475250000000001,0.0,0.5571750000000001
2025-06-23 14:45:00,1.6884825,1.6884825,0.0,0.864,0.0,0.9,-0.8244825000000001,0.15,0.0,0.8244825000000001,-0.008244825,0.0,0.5628275
2025-06-23 15:00:00,1.6884825,1.6884825,0.0,0.804,0.0,0.9,-0.8844825000000001,0.15,0.0,0.8844825000000001,-0.008844825,0.0,0.5628275
2025-06-23 15:15:00,1.6884825,1.6884825,0.0,0.704,0.0,0.9,-0.9844825000000001,0.15,0.0,0.9844825000000001,-0.009844825000000001,0.0,0.5628275
2025-06-23 15:30:00,1.6884825,1.6884825,0.0,0.88,0.0,0.9,-0.8084825000000001,0.15,0.0,0.8084825000000001,-0.008084825,0.0,0.5628275
2025-06-23 15:45:00,1.5325875000000002,1.5325875000000002,0.0,0.732,0.0,0.9,-0.8005875000000002,0.15,0.0,0.8005875000000002,-0.008005875000000003,0.0,0.5108625000000001
2025-06-23 16:00:00,1.5325875000000002,1.5325875000000002,0.0,0.652,0.0,0.9,-0.8805875000000002,0.15,0.0,0.8805875000000002,-0.008805875000000003,0.0,0.5108625000000001
2025-06-23 16:15:00,1.5325875000000002,1.5325875000000002,0.0,0.628,0.0,0.9,-0.9045875000000002,0.15,0.0,0.9045875000000002,-0.009045875000000002,0.0,0.5108625000000001
2025-06-23 16:30:00,1.5325875000000002,1.5325875000000002,0.0,0.68,0.0,0.9,-0.8525875000000002,0.15,0.0,0.8525875000000002,-0.008525875000000002,0.0,0.5108625000000001
2025-06-23 16:45:00,1.2911925000000002,1.2911925000000002,0.0,0.956,0.0,0.9,-0.3351925000000002,0.15,0.0,0.3351925000000002,-0.003351925000000002,0.0,0.43039750000000004
2025-06-23 17:00:00,1.2911925000000002,1.2911925000000002,0.0,0.588,0.0,0.9,-0.7031925000000002,0.15,0.0,0.7031925000000002,-0.007031925000000002,0.0,0.43039750000000004
2025-06-23 17:15:00,1.2911925000000002,1.2911925000000002,0.0,0.56,0.0,0.9,-0.7311925000000001,0.15,0.0,0.7311925000000001,-0.007311925000000001,0.0,0.43039750000000004
2025-06-23 17:30:00,1.2911925000000002,1.2911925000000002,0.0,0.46,0.0,0.9,-0.8311925000000002,0.15,0.0,0.8311925000000002,-0.008311925000000003,0.0,0.43039750000000004
2025-06-23 17:45:00,1.0506525000000002,1.0506525000000002,0.0,0.612,0.0,0.9,-0.4386525000000002,0.15,0.0,0.4386525000000002,-0.004386525000000002,0.0,0.35021750000000007
2025-06-23 18:00:00,1.0506525000000002,1.0506525000000002,0.0,0.664,0.0,0.9,-0.3866525000000002,0.15,0.0,0.3866525000000002,-0.0038665250000000017,0.0,0.35021750000000007
2025-06-23 18:15:00,1.0506525000000002,1.0506525000000002,0.0,0.888,0.0,0.9,-0.1626525000000002,0.15,0.0,0.1626525000000002,-0.001626525000000002,0.0,0.35021750000000007
2025-06-23 18:30:00,1.0506525000000002,1.0506525000000002,0.0,0.792,0.0,0.9,-0.2586525000000002,0.15,0.0,0.2586525000000002,-0.002586525000000002,0.0,0.35021750000000007
2025-06-23 18:45:00,0.3870300000000001,0.3870300000000001,0.0,0.568,-0.18096999999999985,0.8903739361702128,0.0,0.15,0.0,0.0,0.00048130319148936135,0.00048130319148936135,0.18933333333333333
2025-06-23 19:00:00,0.3870300000000001,0.3870300000000001,0.0,0.428,-0.040969999999999895,0.8881946808510639,0.0,0.15,0.0,0.0,0.00010896276595744654,0.00010896276595744654,0.14266666666666666
2025-06-23 19:15:00,0.3870300000000001,0.3870300000000001,0.0,0.324,0.06303000000000009,0.8911570908510639,0.0,0.15,0.0,0.0,0.0001481205000000002,0.0001481205000000002,0.108
2025-06-23 19:30:00,0.3870300000000001,0.3870300000000001,0.0,0.4,-0.012969999999999926,0.8904671972340426,0.0,0.15,0.0,0.0,3.449468085106364e-05,3.449468085106364e-05,0.13333333333333333
2025-06-23 19:45:00,0.0009975000000000001,0.0009975000000000001,0.0,0.432,-0.4310025,0.8675415323404255,0.0,0.15,0.0,0.0,0.0011462832446808512,0.0011462832446808512,0.144
2025-06-23 20:00:00,0.0009975000000000001,0.0009975000000000001,0.0,0.276,-0.27500250000000004,0.852913739787234,0.0,0.15,0.0,0.0,0.0007313896276595746,0.0007313896276595746,0.09200000000000001
2025-06-23 20:15:00,0.0009975000000000001,0.0009975000000000001,0.0,0.264,-0.26300250000000003,0.838924245106383,0.0,0.15,0.0,0.0,0.0006994747340425534,0.0006994747340425534,0.08800000000000001
2025-06-23 20:30:00,0.0009975000000000001,0.0009975000000000001,0.0,0.2,-0.1990025,0.8283390057446807,0.0,0.15,0.0,0.0,0.0005292619680851064,0.0005292619680851064,0.06666666666666667
2025-06-23 20:45:00,0.0,0.0,0.0,0.244,-0.244,0.8153602823404255,0.0,0.15,0.0,0.0,0.0006489361702127659,0.0006489361702127659,0.08133333333333333
2025-06-23 21:00:00,0.0,0.0,0.0,0.244,-0.244,0.8023815589361701,0.0,0.15,0.0,0.0,0.0006489361702127659,0.0006489361702127659,0.08133333333333333
2025-06-23 21:15:00,0.0,0.0,0.0,0.224,-0.224,0.7904666653191489,0.0,0.15,0.0,0.0,0.0005957446808510638,0.0005957446808510638,0.07466666666666667
2025-06-23 21:30:00,0.0,0.0,0.0,0.224,-0.224,0.7785517717021276,0.0,0.15,0.0,0.0,0.0005957446808510638,0.0005957446808510638,0.07466666666666667
2025-06-23 21:45:00,0.0,0.0,0.0,0.228,-0.228,0.7664241121276596,0.0,0.15,0.0,0.0,0.0006063829787234043,0.0006063829787234043,0.076
2025-06-23 22:00:00,0.0,0.0,0.0,0.228,-0.228,0.7542964525531914,0.0,0.15,0.0,0.0,0.0006063829787234043,0.0006063829787234043,0.076
2025-06-23 22:15:00,0.0,0.0,0.0,0.224,-0.224,0.7423815589361702,0.0,0.15,0.0,0.0,0.0005957446808510638,0.0005957446808510638,0.07466666666666667
2025-06-23 22:30:00,0.0,0.0,0.0,0.22,-0.22,0.7306794312765957,0.0,0.15,0.0,0.0,0.0005851063829787234,0.0005851063829787234,0.07333333333333333
2025-06-23 22:45:00,0.0,0.0,0.0,0.188,-0.188,0.7206794312765957,0.0,0.15,0.0,0.0,0.0005,0.0005,0.06266666666666666
2025-06-23 23:00:00,0.0,0.0,0.0,0.216,-0.216,0.7091900695744682,0.0,0.15,0.0,0.0,0.000574468085106383,0.000574468085106383,0.072
2025-06-23 23:15:00,0.0,0.0,0.0,0.22,-0.22,0.6974879419148936,0.0,0.15,0.0,0.0,0.0005851063829787234,0.0005851063829787234,0.07333333333333333
2025-06-23 23:30:00,0.0,0.0,0.0,0.216,-0.216,0.685998580212766,0.0,0.15,0.0,0.0,0.000574468085106383,0.000574468085106383,0.072
2025-06-23 23:45:00,0.0,0.0,0.0,0.22,-0.22,0.6742964525531916,0.0,0.15,0.0,0.0,0.0005851063829787234,0.0005851063829787234,0.07333333333333333
2025-06-24 00:00:00,0.0,0.0,0.0,0.288,-0.288,0.6589773036170213,0.0,0.15,0.0,0.0,0.0007659574468085106,0.0007659574468085106,0.09599999999999999
2025-06-24 00:15:00,0.0,0.0,0.0,0.308,-0.308,0.6425943248936171,0.0,0.15,0.0,0.0,0.0008191489361702129,0.0008191489361702129,0.10266666666666667
2025-06-24 00:30:00,0.0,0.0,0.0,0.3,-0.3,0.6266368780851065,0.0,0.15,0.0,0.0,0.000797872340425532,0.000797872340425532,0.09999999999999999
2025-06-24 00:45:00,0.0,0.0,0.0,0.292,-0.292,0.6111049631914894,0.0,0.15,0.0,0.0,0.0007765957446808511,0.0007765957446808511,0.09733333333333333
2025-06-24 01:00:00,0.0,0.0,0.0,0.296,-0.296,0.5953602823404256,0.0,0.15,0.0,0.0,0.0007872340425531915,0.0007872340425531915,0.09866666666666667
2025-06-24 01:15:00,0.0,0.0,0.0,0.328,-0.328,0.5779134738297873,0.0,0.15,0.0,0.0,0.000872340425531915,0.000872340425531915,0.10933333333333334
2025-06-24 01:30:00,0.0,0.0,0.0,0.408,-0.408,0.5562113461702128,0.0,0.15,0.0,0.0,0.0010851063829787236,0.0010851063829787236,0.13599999999999998
2025-06-24 01:45:00,0.0,0.0,0.0,0.424,-0.424,0.5336581546808511,0.0,0.15,0.0,0.0,0.0011276595744680853,0.0011276595744680853,0.14133333333333334
2025-06-24 02:00:00,0.0,0.0,0.0,0.404,-0.404,0.5121687929787234,0.0,0.15,0.0,0.0,0.0010744680851063832,0.0010744680851063832,0.13466666666666668
2025-06-24 02:15:00,0.0,0.0,0.0,0.396,-0.396,0.4911049631914894,0.0,0.15,0.0,0.0,0.0010531914893617022,0.0010531914893617022,0.132
2025-06-24 02:30:00,0.0,0.0,0.0,0.4,-0.4,0.46982836744680856,0.0,0.15,0.0,0.0,0.0010638297872340428,0.0010638297872340428,0.13333333333333333
2025-06-24 02:45:00,0.0,0.0,0.0,0.408,-0.408,0.44812623978723415,0.0,0.15,0.0,0.0,0.0010851063829787236,0.0010851063829787236,0.13599999999999998
2025-06-24 03:00:00,0.0,0.0,0.0,0.396,-0.396,0.4270624100000001,0.0,0.15,0.0,0.0,0.0010531914893617022,0.0010531914893617022,0.132
2025-06-24 03:15:00,0.0,0.0,0.0,0.384,-0.384,0.40663687808510646,0.0,0.15,0.0,0.0,0.001021276595744681,0.001021276595744681,0.128
2025-06-24 03:30:00,0.0,0.0,0.0,0.424,-0.424,0.38408368659574477,0.0,0.15,0.0,0.0,0.0011276595744680853,0.0011276595744680853,0.14133333333333334
2025-06-24 03:45:00,0.0,0.0,0.0,1.792,-1.792,0.28876453765957455,0.0,0.15,0.0,0.0,0.004765957446808511,0.004765957446808511,0.5973333333333334
2025-06-24 04:00:00,0.0,0.0,0.0,1.068,-1.068,0.23195602702127666,0.0,0.15,0.0,0.0,0.0028404255319148942,0.0028404255319148942,0.35600000000000004
2025-06-24 04:15:00,0.0,0.0,0.0,1.188,-1.188,0.1687645376595745,0.0,0.15,0.0,0.0,0.0031595744680851063,0.0031595744680851063,0.39599999999999996
2025-06-24 04:30:00,0.0,0.0,0.0,0.9,-0.9,0.12089219723404258,0.0,0.15,0.0,0.0,0.0023936170212765957,0.0023936170212765957,0.3
2025-06-24 04:45:00,0.047595000000000005,0.047595000000000005,0.0,0.26,-0.212405,0.10959405893617025,0.0,0.15,0.0,0.0,0.000564906914893617,0.000564906914893617,0.08666666666666667
2025-06-24 05:00:00,0.047595000000000005,0.047595000000000005,0.0,0.244,-0.18036830800000062,0.1,0.01603669199999938,0.15,0.01603669199999938,0.0,0.001081078896808489,0.0004797029468085123,0.07598776933333354
2025-06-24 05:15:00,0.047595000000000005,0.047595000000000005,0.0,0.256,0.0,0.1,0.208405,0.15,0.208405,0.0,0.0078151875,0.0,0.015865
2025-06-24 05:30:00,0.047595000000000005,0.047595000000000005,0.0,0.252,0.0,0.1,0.204405,0.15,0.204405,0.0,0.0076651875,0.0,0.015865
2025-06-24 05:45:00,0.5491950000000001,0.5491950000000001,0.0,0.24,0.3091950000000001,0.114532165,0.0,0.15,0.0,0.0,0.0007266082500000003,0.0007266082500000003,0.08
2025-06-24 06:00:00,0.5491950000000001,0.5491950000000001,0.0,0.26,0.2891950000000001,0.12812433,0.0,0.15,0.0,0.0,0.0006796082500000001,0.0006796082500000001,0.08666666666666667
2025-06-24 06:15:00,0.5491950000000001,0.5491950000000001,0.0,0.32,0.2291950000000001,0.138896495,0.0,0.15,0.0,0.0,0.0005386082500000002,0.0005386082500000002,0.10666666666666667
2025-06-24 06:30:00,0.5491950000000001,0.5491950000000001,0.0,0.324,0.2251950000000001,0.14948066000000002,0.0,0.15,0.0,0.0,0.0005292082500000002,0.0005292082500000002,0.108
2025-06-24 06:45:00,1.1313075000000001,1.1313075000000001,0.0,0.3,0.8313075000000001,0.18855211250000004,0.0,0.15,0.0,0.0,0.0019535726250000003,0.0019535726250000003,0.09999999999999999
2025-06-24 07:00:00,1.1313075000000001,1.1313075000000001,0.0,0.276,0.8553075000000001,0.22875156500000005,0.0,0.15,0.0,0.0,0.002009972625,0.002009972625,0.09200000000000001
2025-06-24 07:15:00,1.1313075000000001,1.1313075000000001,0.0,0.288,0.8433075000000001,0.26838701750000005,0.0,0.15,0.0,0.0,0.0019817726250000002,0.0019817726250000002,0.09599999999999999
2025-06-24 07:30:00,1.1313075000000001,1.1313075000000001,0.0,0.272,0.8593075000000001,0.30877447,0.0,0.15,0.0,0.0,0.0020193726250000003,0.0020193726250000003,0.09066666666666667
2025-06-24 07:45:00,1.4235750000000003,1.4235750000000003,0.0,0.28,1.1435750000000002,0.36252249500000006,0.0,0.15,0.0,0.0,0.0026874012500000006,0.0026874012500000006,0.09333333333333334
2025-06-24 08:00:00,1.4235750000000003,1.4235750000000003,0.0,0.18,1.2435750000000003,0.4209705200000001,0.0,0.15,0.0,0.0,0.002922401250000001,0.002922401250000001,0.06
2025-06-24 08:15:00,1.4235750000000003,1.4235750000000003,0.0,0.216,1.2075750000000003,0.47772654500000017,0.0,0.15,0.0,0.0,0.0028378012500000003,0.0028378012500000003,0.072
2025-06-24 08:30:00,1.4235750000000003,1.4235750000000003,0.0,0.208,1.2155750000000003,0.5348585700000001,0.0,0.15,0.0,0.0,0.0028566012500000006,0.0028566012500000006,0.06933333333333333
2025-06-24 08:45:00,1.5592350000000001,1.5592350000000001,0.0,0.2,1.3592350000000002,0.5987426150000001,0.0,0.15,0.0,0.0,0.00319420225,0.00319420225,0.06666666666666667
2025-06-24 09:00:00,1.5592350000000001,1.5592350000000001,0.0,0.18,1.3792350000000002,0.6635666600000002,0.0,0.15,0.0,0.0,0.0032412022500000006,0.0032412022500000006,0.06
2025-06-24 09:15:00,1.5592350000000001,1.5592350000000001,0.0,0.2,1.3592350000000002,0.7274507050000002,0.0,0.15,0.0,0.0,0.00319420225,0.00319420225,0.06666666666666667
2025-06-24 09:30:00,1.5592350000000001,1.5592350000000001,0.0,0.212,1.3472350000000002,0.7907707500000003,0.0,0.15,0.0,0.0,0.00316600225,0.00316600225,0.07066666666666667
2025-06-24 09:45:00,1.604265,1.604265,0.0,0.208,1.396265,0.8563952050000003,0.0,0.15,0.0,0.0,0.0032812227500000003,0.0032812227500000003,0.06933333333333333
2025-06-24 10:00:00,1.6042650000000003,1.604265,0.0,0.2,0.9277615957446749,0.9,-0.47650340425532545,0.15,0.0,0.47650340425532545,-0.002584794292553269,0.0021802397499999858,0.2255011347517751
2025-06-24 10:15:00,1.604265,1.604265,0.0,0.2,0.0,0.9,-1.404265,0.15,0.0,1.404265,-0.014042650000000002,0.0,0.534755
2025-06-24 10:30:00,1.604265,1.604265,0.0,0.316,0.0,0.9,-1.288265,0.15,0.0,1.288265,-0.01288265,0.0,0.534755
2025-06-24 10:45:00,1.6448775,1.6448775,0.0,0.276,0.0,0.9,-1.3688775,0.15,0.0,1.3688775,-0.013688775,0.0,0.5482925
2025-06-24 11:00:00,1.6448775,1.6448775,0.0,0.268,0.0,0.9,-1.3768775,0.15,0.0,1.3768775,-0.013768775,0.0,0.5482925
2025-06-24 11:15:00,1.6448775,1.6448775,0.0,0.292,0.0,0.9,-1.3528775,0.15,0.0,1.3528775,-0.013528775,0.0,0.5482925
2025-06-24 11:30:00,1.6448775,1.6448775,0.0,0.256,0.0,0.9,-1.3888775,0.15,0.0,1.3888775,-0.013888775,0.0,0.5482925
2025-06-24 11:45:00,1.635615,1.635615,0.0,0.308,0.0,0.9,-1.327615,0.15,0.0,1.327615,-0.01327615,0.0,0.545205
2025-06-24 12:00:00,1.635615,1.635615,0.0,0.332,0.0,0.9,-1.303615,0.15,0.0,1.303615,-0.01303615,0.0,0.545205
2025-06-24 12:15:00,1.635615,1.635615,0.0,0.304,0.0,0.9,-1.331615,0.15,0.0,1.331615,-0.01331615,0.0,0.545205
2025-06-24 12:30:00,1.635615,1.635615,0.0,0.444,0.0,0.9,-1.191615,0.15,0.0,1.191615,-0.01191615,0.0,0.545205
2025-06-24 12:45:00,1.6292024999999999,1.6292025,2.220446049250313e-16,0.36,0.0,0.9,-1.2692025,0.15,0.0,1.2692025,-0.012692025000000001,0.0,0.5430674999999999
2025-06-24 13:00:00,1.6292024999999999,1.6292025,2.220446049250313e-16,0.364,0.0,0.9,-1.2652025,0.15,0.0,1.2652025,-0.012652025,0.0,0.5430674999999999
2025-06-24 13:15:00,1.6292025,1.6292025,0.0,0.336,0.0,0.9,-1.2932025,0.15,0.0,1.2932025,-0.012932025,0.0,0.5430675
2025-06-24 13:30:00,1.6292024999999999,1.6292025,2.220446049250313e-16,0.348,0.0,0.9,-1.2812025,0.15,0.0,1.2812025,-0.012812025000000001,0.0,0.5430674999999999
2025-06-24 13:45:00,1.6354725000000003,1.6354725000000003,0.0,0.512,0.0,0.9,-1.1234725000000003,0.15,0.0,1.1234725000000003,-0.011234725000000003,0.0,0.5451575000000001
2025-06-24 14:00:00,1.6354725000000003,1.6354725000000003,0.0,1.168,0.0,0.9,-0.4674725000000004,0.15,0.0,0.4674725000000004,-0.004674725000000004,0.0,0.5451575000000001
2025-06-24 14:15:00,1.6354725000000003,1.6354725000000003,0.0,1.292,0.0,0.9,-0.3434725000000003,0.15,0.0,0.3434725000000003,-0.003434725000000003,0.0,0.5451575000000001
2025-06-24 14:30:00,1.6354725000000006,1.6354725000000003,0.0,0.632,0.0,0.9,-1.0034725000000004,0.15,0.0,1.0034725000000004,-0.010034725000000005,0.0,0.5451575000000002
2025-06-24 14:45:00,1.5969975000000003,1.5969975000000003,0.0,0.624,0.0,0.9,-0.9729975000000003,0.15,0.0,0.9729975000000003,-0.009729975000000004,0.0,0.5323325000000001
2025-06-24 15:00:00,1.5969975000000003,1.5969975000000003,0.0,0.652,0.0,0.9,-0.9449975000000003,0.15,0.0,0.9449975000000003,-0.009449975000000003,0.0,0.5323325000000001
2025-06-24 15:15:00,1.5969975000000005,1.5969975000000003,0.0,0.584,0.0,0.9,-1.0129975000000004,0.15,0.0,1.0129975000000004,-0.010129975000000005,0.0,0.5323325000000002
2025-06-24 15:30:00,1.5969975000000003,1.5969975000000003,0.0,0.632,0.0,0.9,-0.9649975000000003,0.15,0.0,0.9649975000000003,-0.009649975000000003,0.0,0.5323325000000001
2025-06-24 15:45:00,1.508505,1.5085050000000002,2.220446049250313e-16,0.372,0.0,0.9,-1.136505,0.15,0.0,1.136505,-0.011365050000000002,0.0,0.502835
2025-06-24 16:00:00,1.5085050000000002,1.5085050000000002,0.0,0.48,0.0,0.9,-1.0285050000000002,0.15,0.0,1.0285050000000002,-0.010285050000000002,0.0,0.502835
2025-06-24 16:15:00,1.5085050000000002,1.5085050000000002,0.0,0.512,0.0,0.9,-0.9965050000000002,0.15,0.0,0.9965050000000002,-0.009965050000000001,0.0,0.502835
2025-06-24 16:30:00,1.5085050000000002,1.5085050000000002,0.0,0.816,0.0,0.9,-0.6925050000000003,0.15,0.0,0.6925050000000003,-0.006925050000000003,0.0,0.502835
2025-06-24 16:45:00,1.2907650000000002,1.2907650000000002,0.0,0.708,0.0,0.9,-0.5827650000000002,0.15,0.0,0.5827650000000002,-0.005827650000000002,0.0,0.43025500000000005
2025-06-24 17:00:00,1.2907650000000002,1.2907650000000002,0.0,0.592,0.0,0.9,-0.6987650000000002,0.15,0.0,0.6987650000000002,-0.006987650000000002,0.0,0.43025500000000005
2025-06-24 17:15:00,1.2907650000000002,1.2907650000000002,0.0,0.696,0.0,0.9,-0.5947650000000002,0.15,0.0,0.5947650000000002,-0.005947650000000002,0.0,0.43025500000000005
2025-06-24 17:30:00,1.2907650000000002,1.2907650000000002,0.0,0.752,0.0,0.9,-0.5387650000000002,0.15,0.0,0.5387650000000002,-0.005387650000000002,0.0,0.43025500000000005
2025-06-24 17:45:00,0.9389325000000002,0.9389325000000002,0.0,0.796,0.0,0.9,-0.14293250000000013,0.15,0.0,0.14293250000000013,-0.0014293250000000013,0.0,0.3129775000000001
2025-06-24 18:00:00,0.9389325000000002,0.9389325000000002,0.0,0.788,0.0,0.9,-0.15093250000000014,0.15,0.0,0.15093250000000014,-0.0015093250000000015,0.0,0.3129775000000001
2025-06-24 18:15:00,0.9389325000000002,0.9389325000000002,0.0,1.496,-0.5570674999999998,0.8703687500000001,0.0,0.15,0.0,0.0,0.0014815624999999996,0.0014815624999999996,0.49866666666666665
2025-06-24 18:30:00,0.9389325000000002,0.9389325000000002,0.0,1.024,-0.08506749999999985,0.8658438829787235,0.0,0.15,0.0,0.0,0.0002262433510638294,0.0002262433510638294,0.3413333333333333
2025-06-24 18:45:00,0.33330750000000003,0.33330750000000003,0.0,0.808,-0.4746925,0.8405942819148937,0.0,0.15,0.0,0.0,0.0012624800531914895,0.0012624800531914895,0.26933333333333337
2025-06-24 19:00:00,0.33330750000000003,0.33330750000000003,0.0,0.844,-0.5106925,0.8134297872340426,0.0,0.15,0.0,0.0,0.0013582247340425532,0.0013582247340425532,0.2813333333333334
2025-06-24 19:15:00,0.33330750000000003,0.33330750000000003,0.0,0.82,-0.4866924999999999,0.7875418882978724,0.0,0.15,0.0,0.0,0.0012943949468085106,0.0012943949468085106,0.2733333333333333
2025-06-24 19:30:00,0.33330750000000003,0.33330750000000003,0.0,0.856,-0.5226925,0.7597390957446809,0.0,0.15,0.0,0.0,0.0013901396276595746,0.0013901396276595746,0.2853333333333334
2025-06-24 19:45:00,0.0012825,0.0012825,0.0,0.88,-0.8787175,0.7129988031914893,0.0,0.15,0.0,0.0,0.0023370146276595746,0.0023370146276595746,0.29333333333333333
2025-06-24 20:00:00,0.0012825,0.0012825,0.0,0.896,-0.8947175,0.6654074468085106,0.0,0.15,0.0,0.0,0.0023795678191489366,0.0023795678191489366,0.2986666666666667
2025-06-24 20:15:00,0.0012825,0.0012825,0.0,1.0,-0.9987175,0.6122841755319148,0.0,0.15,0.0,0.0,0.0026561635638297876,0.0026561635638297876,0.3333333333333333
2025-06-24 20:30:00,0.0012825,0.0012825,0.0,0.964,-0.9627175,0.5610757978723404,0.0,0.15,0.0,0.0,0.002560418882978723,0.002560418882978723,0.3213333333333333
2025-06-24 20:45:00,0.0,0.0,0.0,0.888,-0.888,0.513841755319149,0.0,0.15,0.0,0.0,0.0023617021276595746,0.0023617021276595746,0.296
2025-06-24 21:00:00,0.0,0.0,0.0,1.044,-1.044,0.45830984042553197,0.0,0.15,0.0,0.0,0.0027765957446808515,0.0027765957446808515,0.34800000000000003
2025-06-24 21:15:00,0.0,0.0,0.0,0.796,-0.796,0.4159694148936171,0.0,0.15,0.0,0.0,0.002117021276595745,0.002117021276595745,0.26533333333333337
2025-06-24 21:30:00,0.0,0.0,0.0,0.692,-0.692,0.37916090425531923,0.0,0.15,0.0,0.0,0.0018404255319148936,0.0018404255319148936,0.23066666666666666
2025-06-24 21:45:00,0.0,0.0,0.0,0.584,-0.584,0.3480970744680852,0.0,0.15,0.0,0.0,0.0015531914893617022,0.0015531914893617022,0.19466666666666665
2025-06-24 22:00:00,0.0,0.0,0.0,0.712,-0.712,0.31022473404255324,0.0,0.15,0.0,0.0,0.0018936170212765957,0.0018936170212765957,0.2373333333333333
2025-06-24 22:15:00,0.0,0.0,0.0,0.816,-0.816,0.2668204787234043,0.0,0.15,0.0,0.0,0.002170212765957447,0.002170212765957447,0.27199999999999996
2025-06-24 22:30:00,0.0,0.0,0.0,0.82,-0.82,0.22320345744680856,0.0,0.15,0.0,0.0,0.0021808510638297875,0.0021808510638297875,0.2733333333333333
2025-06-24 22:45:00,0.0,0.0,0.0,0.78,-0.78,0.1817140957446809,0.0,0.15,0.0,0.0,0.002074468085106383,0.002074468085106383,0.26
2025-06-24 23:00:00,0.0,0.0,0.0,0.764,-0.764,0.14107579787234045,0.0,0.15,0.0,0.0,0.0020319148936170216,0.0020319148936170216,0.25466666666666665
2025-06-24 23:15:00,0.0,0.0,0.0,0.724,-0.724,0.10256515957446813,0.0,0.15,0.0,0.0,0.001925531914893617,0.001925531914893617,0.24133333333333332
2025-06-24 23:30:00,0.0,0.0,0.0,0.656,-0.04822500000000071,0.1,0.6077749999999993,0.15,0.6077749999999993,0.0,0.02291982047872338,0.00012825797872340617,0.01607500000000024
2025-06-24 23:45:00,0.0,0.0,0.0,0.716,0.0,0.1,0.716,0.15,0.716,0.0,0.02685,0.0,0.0
2025-06-25 00:00:00,0.0,0.0,0.0,0.828,0.0,0.1,0.828,0.15,0.828,0.0,0.031049999999999998,0.0,0.0
2025-06-25 00:15:00,0.0,0.0,0.0,0.808,0.0,0.1,0.808,0.15,0.808,0.0,0.0303,0.0,0.0
2025-06-25 00:30:00,0.0,0.0,0.0,0.712,0.0,0.1,0.712,0.15,0.712,0.0,0.026699999999999998,0.0,0.0
2025-06-25 00:45:00,0.0,0.0,0.0,0.612,0.0,0.1,0.612,0.15,0.612,0.0,0.022949999999999998,0.0,0.0
2025-06-25 01:00:00,0.0,0.0,0.0,0.452,0.0,0.1,0.452,0.15,0.452,0.0,0.01695,0.0,0.0
2025-06-25 01:15:00,0.0,0.0,0.0,0.4,0.0,0.1,0.4,0.15,0.4,0.0,0.015,0.0,0.0
2025-06-25 01:30:00,0.0,0.0,0.0,0.376,0.0,0.1,0.376,0.15,0.376,0.0,0.0141,0.0,0.0
2025-06-25 01:45:00,0.0,0.0,0.0,0.372,0.0,0.1,0.372,0.15,0.372,0.0,0.013949999999999999,0.0,0.0
2025-06-25 02:00:00,0.0,0.0,0.0,0.292,0.0,0.1,0.292,0.15,0.292,0.0,0.01095,0.0,0.0
2025-06-25 02:15:00,0.0,0.0,0.0,0.32,0.0,0.1,0.32,0.15,0.32,0.0,0.012,0.0,0.0
2025-06-25 02:30:00,0.0,0.0,0.0,0.34,0.0,0.1,0.34,0.15,0.34,0.0,0.012750000000000001,0.0,0.0
2025-06-25 02:45:00,0.0,0.0,0.0,0.264,0.0,0.1,0.264,0.15,0.264,0.0,0.0099,0.0,0.0
2025-06-25 03:00:00,0.0,0.0,0.0,0.264,0.0,0.1,0.264,0.15,0.264,0.0,0.0099,0.0,0.0
2025-06-25 03:15:00,0.0,0.0,0.0,0.2,0.0,0.1,0.2,0.15,0.2,0.0,0.0075,0.0,0.0
2025-06-25 03:30:00,0.0,0.0,0.0,0.208,0.0,0.1,0.208,0.15,0.208,0.0,0.0078,0.0,0.0
2025-06-25 03:45:00,0.0,0.0,0.0,0.232,0.0,0.1,0.232,0.15,0.232,0.0,0.0087,0.0,0.0
2025-06-25 04:00:00,0.0,0.0,0.0,0.224,0.0,0.1,0.224,0.15,0.224,0.0,0.0084,0.0,0.0
2025-06-25 04:15:00,0.0,0.0,0.0,0.196,0.0,0.1,0.196,0.15,0.196,0.0,0.00735,0.0,0.0
2025-06-25 04:30:00,0.0,0.0,0.0,0.212,0.0,0.1,0.212,0.15,0.212,0.0,0.007949999999999999,0.0,0.0
2025-06-25 04:45:00,0.03477,0.03477,0.0,0.224,0.0,0.1,0.18923,0.15,0.18923,0.0,0.007096125,0.0,0.011590000000000001
2025-06-25 05:00:00,0.03477,0.03477,0.0,0.224,0.0,0.1,0.18923,0.15,0.18923,0.0,0.007096125,0.0,0.011590000000000001
2025-06-25 05:15:00,0.03477,0.03477,0.0,0.22,0.0,0.1,0.18523,0.15,0.18523,0.0,0.006946125,0.0,0.011590000000000001
2025-06-25 05:30:00,0.03477,0.03477,0.0,0.196,0.0,0.1,0.16123,0.15,0.16123,0.0,0.006046125,0.0,0.011590000000000001
2025-06-25 05:45:00,0.48906000000000005,0.48906000000000005,0.0,0.224,0.2650600000000001,0.11245782,0.0,0.15,0.0,0.0,0.0006228910000000002,0.0006228910000000002,0.07466666666666667
2025-06-25 06:00:00,0.48906000000000005,0.48906000000000005,0.0,0.22,0.2690600000000001,0.12510364000000002,0.0,0.15,0.0,0.0,0.0006322910000000001,0.0006322910000000001,0.07333333333333333
2025-06-25 06:15:00,0.48906000000000005,0.48906000000000005,0.0,0.2,0.28906000000000004,0.13868946,0.0,0.15,0.0,0.0,0.000679291,0.000679291,0.06666666666666667
2025-06-25 06:30:00,0.48906000000000005,0.48906000000000005,0.0,0.196,0.29306000000000004,0.15246328,0.0,0.15,0.0,0.0,0.0006886910000000001,0.0006886910000000001,0.06533333333333334
2025-06-25 06:45:00,1.0602000000000003,1.0602000000000003,0.0,0.22,0.8402000000000003,0.19195268000000001,0.0,0.15,0.0,0.0,0.0019744700000000007,0.0019744700000000007,0.07333333333333333
2025-06-25 07:00:00,1.0602000000000003,1.0602000000000003,0.0,0.216,0.8442000000000003,0.23163008000000002,0.0,0.15,0.0,0.0,0.001983870000000001,0.001983870000000001,0.072
2025-06-25 07:15:00,1.0602000000000003,1.0602000000000003,0.0,0.196,0.8642000000000003,0.27224748,0.0,0.15,0.0,0.0,0.0020308700000000006,0.0020308700000000006,0.06533333333333334
2025-06-25 07:30:00,1.0602000000000003,1.0602000000000003,0.0,0.2,0.8602000000000003,0.31267688000000005,0.0,0.15,0.0,0.0,0.0020214700000000005,0.0020214700000000005,0.06666666666666667
2025-06-25 07:45:00,1.3749825,1.3749825,0.0,0.22,1.1549825,0.3669610575,0.0,0.15,0.0,0.0,0.002714208875,0.002714208875,0.07333333333333333
2025-06-25 08:00:00,1.3749825,1.3749825,0.0,0.224,1.1509825,0.421057235,0.0,0.15,0.0,0.0,0.002704808875,0.002704808875,0.07466666666666667
2025-06-25 08:15:00,1.3749825,1.3749825,0.0,0.232,1.1429825,0.47477741249999994,0.0,0.15,0.0,0.0,0.002686008875,0.002686008875,0.07733333333333334
2025-06-25 08:30:00,1.3749825,1.3749825,0.0,0.28,1.0949825,0.5262415899999999,0.0,0.15,0.0,0.0,0.002573208875,0.002573208875,0.09333333333333334
2025-06-25 08:45:00,1.5454125000000003,1.5454125000000003,0.0,0.316,1.2294125000000002,0.5840239775,0.0,0.15,0.0,0.0,0.0028891193750000006,0.0028891193750000006,0.10533333333333333
2025-06-25 09:00:00,1.5454125000000003,1.5454125000000003,0.0,0.868,0.6774125000000003,0.615862365,0.0,0.15,0.0,0.0,0.0015919193750000007,0.0015919193750000007,0.28933333333333333
2025-06-25 09:15:00,1.5454125000000003,1.5454125000000003,0.0,0.676,0.8694125000000003,0.6567247525,0.0,0.15,0.0,0.0,0.0020431193750000006,0.0020431193750000006,0.22533333333333336
2025-06-25 09:30:00,1.5454125000000003,1.5454125000000003,0.0,0.332,1.2134125000000002,0.7137551400000001,0.0,0.15,0.0,0.0,0.0028515193750000005,0.0028515193750000005,0.11066666666666668
2025-06-25 09:45:00,1.5918675,1.5918675,0.0,0.412,1.1798675,0.7692089125000001,0.0,0.15,0.0,0.0,0.002772688625,0.002772688625,0.13733333333333334
2025-06-25 10:00:00,1.5918675,1.5918675,0.0,0.448,1.1438675,0.8229706850000001,0.0,0.15,0.0,0.0,0.0026880886249999996,0.0026880886249999996,0.14933333333333335
2025-06-25 10:15:00,1.5918675,1.5918675,0.0,0.444,1.1478675,0.8769204575000001,0.0,0.15,0.0,0.0,0.002697488625,0.002697488625,0.148
2025-06-25 10:30:00,1.5918675,1.5918675,0.0,1.012,0.49105409574467745,0.9,-0.08881340425532253,0.15,0.0,0.08881340425532253,0.0002658430824467666,0.001153977124999992,0.36693780141844085
2025-06-25 10:45:00,1.5947175000000002,1.5947175000000002,0.0,1.476,0.0,0.9,-0.11871750000000025,0.15,0.0,0.11871750000000025,-0.0011871750000000026,0.0,0.5315725000000001
2025-06-25 11:00:00,1.5947175000000002,1.5947175000000002,0.0,1.968,-0.37328249999999974,0.8801445478723405,0.0,0.15,0.0,0.0,0.0009927726063829782,0.0009927726063829782,0.656
2025-06-25 11:15:00,1.5947175000000002,1.5947175000000002,0.0,1.428,0.1667175000000003,0.8879802703723405,0.0,0.15,0.0,0.0,0.0003917861250000007,0.0003917861250000007,0.476
2025-06-25 11:30:00,1.5947175000000002,1.5947175000000002,0.0,1.544,0.05071750000000019,0.8903639928723404,0.0,0.15,0.0,0.0,0.00011918612500000046,0.00011918612500000046,0.5146666666666667
2025-06-25 11:45:00,1.5928650000000002,1.5928650000000002,0.0,0.784,0.2050214282480765,0.9,-0.6038435717519237,0.15,0.0,0.6038435717519237,-0.005556635361136258,0.0004818003563829798,0.4626145239173079
2025-06-25 12:00:00,1.5928650000000002,1.5928650000000002,0.0,0.908,0.0,0.9,-0.6848650000000002,0.15,0.0,0.6848650000000002,-0.006848650000000002,0.0,0.5309550000000001
2025-06-25 12:15:00,1.5928650000000002,1.5928650000000002,0.0,0.832,0.0,0.9,-0.7608650000000002,0.15,0.0,0.7608650000000002,-0.007608650000000002,0.0,0.5309550000000001
2025-06-25 12:30:00,1.5928650000000002,1.5928650000000002,0.0,0.712,0.0,0.9,-0.8808650000000002,0.15,0.0,0.8808650000000002,-0.008808650000000003,0.0,0.5309550000000001
2025-06-25 12:45:00,1.5982800000000001,1.5982800000000001,0.0,0.66,0.0,0.9,-0.9382800000000001,0.15,0.0,0.9382800000000001,-0.009382800000000002,0.0,0.53276
2025-06-25 13:00:00,1.5982800000000001,1.5982800000000001,0.0,1.004,0.0,0.9,-0.5942800000000001,0.15,0.0,0.5942800000000001,-0.0059428000000000016,0.0,0.53276
2025-06-25 13:15:00,1.5982800000000001,1.5982800000000001,0.0,0.796,0.0,0.9,-0.8022800000000001,0.15,0.0,0.8022800000000001,-0.008022800000000002,0.0,0.53276
2025-06-25 13:30:00,1.5982800000000001,1.5982800000000001,0.0,0.72,0.0,0.9,-0.8782800000000002,0.15,0.0,0.8782800000000002,-0.008782800000000002,0.0,0.53276
2025-06-25 13:45:00,1.5855975000000002,1.5855975000000002,0.0,1.412,0.0,0.9,-0.1735975000000003,0.15,0.0,0.1735975000000003,-0.0017359750000000029,0.0,0.5285325000000001
2025-06-25 14:00:00,1.5855975000000002,1.5855975000000002,0.0,0.748,0.0,0.9,-0.8375975000000002,0.15,0.0,0.8375975000000002,-0.008375975000000003,0.0,0.5285325000000001
2025-06-25 14:15:00,1.5855975000000002,1.5855975000000002,0.0,0.472,0.0,0.9,-1.1135975000000002,0.15,0.0,1.1135975000000002,-0.011135975000000003,0.0,0.5285325000000001
2025-06-25 14:30:00,1.5855975000000002,1.5855975000000002,0.0,0.488,0.0,0.9,-1.0975975000000002,0.15,0.0,1.0975975000000002,-0.010975975000000002,0.0,0.5285325000000001
2025-06-25 14:45:00,1.5425625,1.5425625,0.0,0.54,0.0,0.9,-1.0025625,0.15,0.0,1.0025625,-0.010025625,0.0,0.5141875
2025-06-25 15:00:00,1.5425625,1.5425625,0.0,0.732,0.0,0.9,-0.8105625000000001,0.15,0.0,0.8105625000000001,-0.008105625000000002,0.0,0.5141875
2025-06-25 15:15:00,1.5425625,1.5425625,0.0,0.74,0.0,0.9,-0.8025625000000001,0.15,0.0,0.8025625000000001,-0.008025625000000002,0.0,0.5141875
2025-06-25 15:30:00,1.5425625,1.5425625,0.0,0.664,0.0,0.9,-0.8785625,0.15,0.0,0.8785625,-0.008785625,0.0,0.5141875
2025-06-25 15:45:00,1.4217225000000002,1.4217225000000002,0.0,0.544,0.0,0.9,-0.8777225000000002,0.15,0.0,0.8777225000000002,-0.008777225000000001,0.0,0.4739075000000001
2025-06-25 16:00:00,1.4217225000000002,1.4217225000000002,0.0,0.448,0.0,0.9,-0.9737225000000003,0.15,0.0,0.9737225000000003,-0.009737225000000002,0.0,0.4739075000000001
2025-06-25 16:15:00,1.4217225,1.4217225000000002,2.220446049250313e-16,0.348,0.0,0.9,-1.0737225000000001,0.15,0.0,1.0737225000000001,-0.010737225000000001,0.0,0.4739075
2025-06-25 16:30:00,1.4217225,1.4217225000000002,2.220446049250313e-16,0.388,0.0,0.9,-1.0337225,0.15,0.0,1.0337225,-0.010337225000000002,0.0,0.4739075
2025-06-25 16:45:00,1.1774775000000002,1.1774775000000002,0.0,1.54,-0.36252249999999986,0.8807168882978724,0.0,0.15,0.0,0.0,0.0009641555851063827,0.0009641555851063827,0.5133333333333333
2025-06-25 17:00:00,1.1774775000000002,1.1774775000000002,0.0,1.148,0.029477500000000267,0.8821023307978724,0.0,0.15,0.0,0.0,6.927212500000062e-05,6.927212500000062e-05,0.38266666666666665
2025-06-25 17:15:00,1.1774775000000002,1.1774775000000002,0.0,1.156,0.02147750000000026,0.8831117732978724,0.0,0.15,0.0,0.0,5.047212500000061e-05,5.047212500000061e-05,0.3853333333333333
2025-06-25 17:30:00,1.1774775000000002,1.1774775000000002,0.0,0.928,0.24947750000000013,0.8948372157978725,0.0,0.15,0.0,0.0,0.0005862721250000002,0.0005862721250000002,0.30933333333333335
2025-06-25 17:45:00,0.7434225,0.7434225,0.0,0.756,-0.01257750000000002,0.8941681998404256,0.0,0.15,0.0,0.0,3.345079787234048e-05,3.345079787234048e-05,0.252
2025-06-25 18:00:00,0.7434225,0.7434225,0.0,0.604,0.12408085445902947,0.9,-0.015341645540970533,0.15,0.0,0.015341645540970533,0.0001381735525690139,0.00029159000797871924,0.2064472151803235
2025-06-25 18:15:00,0.7434225,0.7434225,0.0,0.636,0.0,0.9,-0.10742249999999998,0.15,0.0,0.10742249999999998,-0.0010742249999999998,0.0,0.24780749999999999
2025-06-25 18:30:00,0.7434225,0.7434225,0.0,0.804,-0.06057750000000006,0.8967777925531915,0.0,0.15,0.0,0.0,0.00016111037234042572,0.00016111037234042572,0.268
2025-06-25 18:45:00,0.17285250000000002,0.17285250000000002,0.0,0.52,-0.3471475,0.8783125,0.0,0.15,0.0,0.0,0.0009232646276595745,0.0009232646276595745,0.17333333333333334
2025-06-25 19:00:00,0.17285250000000002,0.17285250000000002,0.0,0.46,-0.2871475,0.8630386968085106,0.0,0.15,0.0,0.0,0.0007636901595744681,0.0007636901595744681,0.15333333333333335
2025-06-25 19:15:00,0.17285250000000002,0.17285250000000002,0.0,0.464,-0.2911475,0.8475521276595746,0.0,0.15,0.0,0.0,0.0007743284574468086,0.0007743284574468086,0.15466666666666667
2025-06-25 19:30:00,0.17285250000000002,0.17285250000000002,0.0,0.54,-0.3671475,0.828023005319149,0.0,0.15,0.0,0.0,0.0009764561170212767,0.0009764561170212767,0.18000000000000002
2025-06-25 19:45:00,0.0,0.0,0.0,0.436,-0.436,0.8048315159574468,0.0,0.15,0.0,0.0,0.0011595744680851065,0.0011595744680851065,0.14533333333333334
2025-06-25 20:00:00,0.0,0.0,0.0,0.432,-0.432,0.7818527925531915,0.0,0.15,0.0,0.0,0.001148936170212766,0.001148936170212766,0.144
2025-06-25 20:15:00,0.0,0.0,0.0,0.444,-0.444,0.7582357712765957,0.0,0.15,0.0,0.0,0.0011808510638297873,0.0011808510638297873,0.148
2025-06-25 20:30:00,0.0,0.0,0.0,0.528,-0.528,0.730150664893617,0.0,0.15,0.0,0.0,0.0014042553191489363,0.0014042553191489363,0.17600000000000002
2025-06-25 20:45:00,0.0,0.0,0.0,0.704,-0.704,0.6927038563829788,0.0,0.15,0.0,0.0,0.001872340425531915,0.001872340425531915,0.23466666666666666
2025-06-25 21:00:00,0.0,0.0,0.0,2.616,-2.616,0.553554920212766,0.0,0.15,0.0,0.0,0.0069574468085106395,0.0069574468085106395,0.872
2025-06-25 21:15:00,0.0,0.0,0.0,1.568,-1.568,0.47015066489361707,0.0,0.15,0.0,0.0,0.004170212765957447,0.004170212765957447,0.5226666666666667
2025-06-25 21:30:00,0.0,0.0,0.0,0.492,-0.492,0.4439804521276597,0.0,0.15,0.0,0.0,0.0013085106382978724,0.0013085106382978724,0.164
2025-06-25 21:45:00,0.0,0.0,0.0,0.664,-0.664,0.40866130319148947,0.0,0.15,0.0,0.0,0.001765957446808511,0.001765957446808511,0.22133333333333335
2025-06-25 22:00:00,0.0,0.0,0.0,0.732,-0.732,0.3697251329787235,0.0,0.15,0.0,0.0,0.0019468085106382979,0.0019468085106382979,0.244
2025-06-25 22:15:00,0.0,0.0,0.0,0.724,-0.724,0.3312144946808512,0.0,0.15,0.0,0.0,0.001925531914893617,0.001925531914893617,0.24133333333333332
2025-06-25 22:30:00,0.0,0.0,0.0,0.784,-0.784,0.2895123670212767,0.0,0.15,0.0,0.0,0.0020851063829787236,0.0020851063829787236,0.26133333333333336
2025-06-25 22:45:00,0.0,0.0,0.0,0.74,-0.74,0.2501506648936171,0.0,0.15,0.0,0.0,0.001968085106382979,0.001968085106382979,0.24666666666666667
2025-06-25 23:00:00,0.0,0.0,0.0,0.616,-0.616,0.21738470744680857,0.0,0.15,0.0,0.0,0.0016382978723404257,0.0016382978723404257,0.20533333333333334
2025-06-25 23:15:00,0.0,0.0,0.0,0.624,-0.624,0.18419321808510644,0.0,0.15,0.0,0.0,0.0016595744680851065,0.0016595744680851065,0.208
2025-06-25 23:30:00,0.0,0.0,0.0,0.696,-0.696,0.14717194148936177,0.0,0.15,0.0,0.0,0.001851063829787234,0.001851063829787234,0.23199999999999998
2025-06-25 23:45:00,0.0,0.0,0.0,0.704,-0.704,0.10972513297872348,0.0,0.15,0.0,0.0,0.001872340425531915,0.001872340425531915,0.23466666666666666
2025-06-26 00:00:00,0.0,0.0,0.0,0.672,-0.18283250000000148,0.1,0.48916749999999853,0.15,0.48916749999999853,0.0,0.018830037898936117,0.0004862566489361742,0.06094416666666716
2025-06-26 00:15:00,0.0,0.0,0.0,0.668,0.0,0.1,0.668,0.15,0.668,0.0,0.02505,0.0,0.0
2025-06-26 00:30:00,0.0,0.0,0.0,0.656,0.0,0.1,0.656,0.15,0.656,0.0,0.0246,0.0,0.0
2025-06-26 00:45:00,0.0,0.0,0.0,0.576,0.0,0.1,0.576,0.15,0.576,0.0,0.021599999999999998,0.0,0.0
2025-06-26 01:00:00,0.0,0.0,0.0,0.516,0.0,0.1,0.516,0.15,0.516,0.0,0.01935,0.0,0.0
2025-06-26 01:15:00,0.0,0.0,0.0,0.568,0.0,0.1,0.568,0.15,0.568,0.0,0.021299999999999996,0.0,0.0
2025-06-26 01:30:00,0.0,0.0,0.0,1.8,0.0,0.1,1.8,0.15,1.8,0.0,0.0675,0.0,0.0
2025-06-26 01:45:00,0.0,0.0,0.0,1.024,0.0,0.1,1.024,0.15,1.024,0.0,0.0384,0.0,0.0
2025-06-26 02:00:00,0.0,0.0,0.0,1.46,0.0,0.1,1.46,0.15,1.46,0.0,0.05475,0.0,0.0
2025-06-26 02:15:00,0.0,0.0,0.0,0.576,0.0,0.1,0.576,0.15,0.576,0.0,0.021599999999999998,0.0,0.0
2025-06-26 02:30:00,0.0,0.0,0.0,0.356,0.0,0.1,0.356,0.15,0.356,0.0,0.013349999999999999,0.0,0.0
2025-06-26 02:45:00,0.0,0.0,0.0,0.3,0.0,0.1,0.3,0.15,0.3,0.0,0.01125,0.0,0.0
2025-06-26 03:00:00,0.0,0.0,0.0,0.212,0.0,0.1,0.212,0.15,0.212,0.0,0.007949999999999999,0.0,0.0
2025-06-26 03:15:00,0.0,0.0,0.0,0.268,0.0,0.1,0.268,0.15,0.268,0.0,0.01005,0.0,0.0
2025-06-26 03:30:00,0.0,0.0,0.0,0.252,0.0,0.1,0.252,0.15,0.252,0.0,0.00945,0.0,0.0
2025-06-26 03:45:00,0.0,0.0,0.0,0.232,0.0,0.1,0.232,0.15,0.232,0.0,0.0087,0.0,0.0
2025-06-26 04:00:00,0.0,0.0,0.0,0.18,0.0,0.1,0.18,0.15,0.18,0.0,0.00675,0.0,0.0
2025-06-26 04:15:00,0.0,0.0,0.0,0.204,0.0,0.1,0.204,0.15,0.204,0.0,0.007649999999999999,0.0,0.0
2025-06-26 04:30:00,0.0,0.0,0.0,0.22,0.0,0.1,0.22,0.15,0.22,0.0,0.00825,0.0,0.0
2025-06-26 04:45:00,0.030495,0.030495,0.0,0.212,0.0,0.1,0.181505,0.15,0.181505,0.0,0.0068064375,0.0,0.010165
2025-06-26 05:00:00,0.030495,0.030495,0.0,0.208,0.0,0.1,0.177505,0.15,0.177505,0.0,0.0066564375,0.0,0.010165
2025-06-26 05:15:00,0.030495,0.030495,0.0,0.176,0.0,0.1,0.145505,0.15,0.145505,0.0,0.0054564374999999995,0.0,0.010165
2025-06-26 05:30:00,0.030495,0.030495,0.0,0.216,0.0,0.1,0.185505,0.15,0.185505,0.0,0.0069564375,0.0,0.010165
2025-06-26 05:45:00,0.2976825,0.2976825,0.0,0.212,0.08568250000000002,0.1040270775,0.0,0.15,0.0,0.0,0.00020135387500000004,0.00020135387500000004,0.07066666666666667
2025-06-26 06:00:00,0.2976825,0.2976825,0.0,0.204,0.09368250000000003,0.108430155,0.0,0.15,0.0,0.0,0.00022015387500000003,0.00022015387500000003,0.06799999999999999
2025-06-26 06:15:00,0.2976825,0.2976825,0.0,0.18,0.11768250000000002,0.11396123249999998,0.0,0.15,0.0,0.0,0.00027655387500000005,0.00027655387500000005,0.06
2025-06-26 06:30:00,0.2976825,0.2976825,0.0,0.204,0.09368250000000003,0.11836430999999999,0.0,0.15,0.0,0.0,0.00022015387500000003,0.00022015387500000003,0.06799999999999999
2025-06-26 06:45:00,0.8483025000000002,0.8483025000000002,0.0,0.228,0.6203025000000002,0.1475185275,0.0,0.15,0.0,0.0,0.0014577108750000003,0.0014577108750000003,0.076
2025-06-26 07:00:00,0.8483025000000002,0.8483025000000002,0.0,0.24,0.6083025000000002,0.176108745,0.0,0.15,0.0,0.0,0.0014295108750000006,0.0014295108750000006,0.08
2025-06-26 07:15:00,0.8483025000000002,0.8483025000000002,0.0,0.32,0.5283025000000001,0.20093896249999998,0.0,0.15,0.0,0.0,0.0012415108750000003,0.0012415108750000003,0.10666666666666667
2025-06-26 07:30:00,0.8483025000000002,0.8483025000000002,0.0,0.332,0.5163025000000001,0.22520517999999998,0.0,0.15,0.0,0.0,0.0012133108750000002,0.0012133108750000002,0.11066666666666668
2025-06-26 07:45:00,1.2247875000000001,1.2247875000000001,0.0,0.396,0.8287875000000001,0.26415819249999994,0.0,0.15,0.0,0.0,0.0019476506250000003,0.0019476506250000003,0.132
2025-06-26 08:00:00,1.2247875000000001,1.2247875000000001,0.0,0.392,0.8327875000000001,0.30329920499999996,0.0,0.15,0.0,0.0,0.001957050625,0.001957050625,0.13066666666666668
2025-06-26 08:15:00,1.2247875000000001,1.2247875000000001,0.0,0.392,0.8327875000000001,0.3424402175,0.0,0.15,0.0,0.0,0.001957050625,0.001957050625,0.13066666666666668
2025-06-26 08:30:00,1.2247875000000001,1.2247875000000001,0.0,0.392,0.8327875000000001,0.38158123,0.0,0.15,0.0,0.0,0.001957050625,0.001957050625,0.13066666666666668
2025-06-26 08:45:00,1.4547825,1.4547825,0.0,0.46,0.9947825000000001,0.4283360075,0.0,0.15,0.0,0.0,0.002337738875,0.002337738875,0.15333333333333335
2025-06-26 09:00:00,1.4547825,1.4547825,0.0,0.472,0.9827825000000001,0.474526785,0.0,0.15,0.0,0.0,0.0023095388750000003,0.0023095388750000003,0.15733333333333333
2025-06-26 09:15:00,1.4547825,1.4547825,0.0,0.432,1.0227825000000001,0.5225975625,0.0,0.15,0.0,0.0,0.002403538875,0.002403538875,0.144
2025-06-26 09:30:00,1.4547824999999999,1.4547825,2.220446049250313e-16,0.396,1.0587825,0.57236034,0.0,0.15,0.0,0.0,0.002488138875,0.002488138875,0.132
2025-06-26 09:45:00,1.5113550000000002,1.5113550000000002,0.0,0.436,1.0753550000000003,0.622902025,0.0,0.15,0.0,0.0,0.002527084250000001,0.002527084250000001,0.14533333333333334
2025-06-26 10:00:00,1.5113550000000002,1.5113550000000002,0.0,0.468,1.0433550000000003,0.67193971,0.0,0.15,0.0,0.0,0.0024518842500000004,0.0024518842500000004,0.156
2025-06-26 10:15:00,1.5113550000000002,1.5113550000000002,0.0,0.468,1.0433550000000003,0.720977395,0.0,0.15,0.0,0.0,0.0024518842500000004,0.0024518842500000004,0.156
2025-06-26 10:30:00,1.5113550000000002,1.5113550000000002,0.0,0.508,1.0033550000000002,0.7681350800000001,0.0,0.15,0.0,0.0,0.0023578842500000005,0.0023578842500000005,0.16933333333333334
2025-06-26 10:45:00,1.4599125,1.4599125,0.0,0.472,0.9879125,0.8145669675,0.0,0.15,0.0,0.0,0.002321594375,0.002321594375,0.15733333333333333
2025-06-26 11:00:00,1.4599125,1.4599125,0.0,0.536,0.9239124999999999,0.857990855,0.0,0.15,0.0,0.0,0.002171194375,0.002171194375,0.17866666666666667
2025-06-26 11:15:00,1.4599125,1.4599125,0.0,0.5,0.8938115957446793,0.9,-0.06610090425532067,0.15,0.0,0.06610090425532067,0.0014394482074467896,0.0021004572499999964,0.1887003014184402
2025-06-26 11:30:00,1.4599125,1.4599125,0.0,0.532,0.0,0.9,-0.9279124999999999,0.15,0.0,0.9279124999999999,-0.009279125,0.0,0.4866375
2025-06-26 11:45:00,1.5154875,1.5154875,0.0,0.948,0.0,0.9,-0.5674875000000001,0.15,0.0,0.5674875000000001,-0.005674875000000002,0.0,0.5051625000000001
2025-06-26 12:00:00,1.5154875,1.5154875,0.0,1.02,0.0,0.9,-0.4954875000000001,0.15,0.0,0.4954875000000001,-0.004954875000000001,0.0,0.5051625000000001
2025-06-26 12:15:00,1.5154874999999999,1.5154875,2.220446049250313e-16,0.368,0.0,0.9,-1.1474875,0.15,0.0,1.1474875,-0.011474875,0.0,0.5051625
2025-06-26 12:30:00,1.5154875,1.5154875,0.0,0.288,0.0,0.9,-1.2274875,0.15,0.0,1.2274875,-0.012274875000000001,0.0,0.5051625000000001
2025-06-26 12:45:00,1.3598775,1.3598775,0.0,0.272,0.0,0.9,-1.0878775,0.15,0.0,1.0878775,-0.010878775,0.0,0.45329250000000004
2025-06-26 13:00:00,1.3598775,1.3598775,0.0,0.348,0.0,0.9,-1.0118775000000002,0.15,0.0,1.0118775000000002,-0.010118775000000002,0.0,0.45329250000000004
2025-06-26 13:15:00,1.3598775,1.3598775,0.0,0.524,0.0,0.9,-0.8358775,0.15,0.0,0.8358775,-0.008358775,0.0,0.45329250000000004
2025-06-26 13:30:00,1.3598775,1.3598775,0.0,0.512,0.0,0.9,-0.8478775000000001,0.15,0.0,0.8478775000000001,-0.008478775000000001,0.0,0.45329250000000004
2025-06-26 13:45:00,1.37256,1.37256,0.0,0.44,0.0,0.9,-0.9325600000000001,0.15,0.0,0.9325600000000001,-0.009325600000000002,0.0,0.45752
2025-06-26 14:00:00,1.37256,1.37256,0.0,0.484,0.0,0.9,-0.88856,0.15,0.0,0.88856,-0.0088856,0.0,0.45752
2025-06-26 14:15:00,1.37256,1.37256,0.0,0.52,0.0,0.9,-0.85256,0.15,0.0,0.85256,-0.0085256,0.0,0.45752
2025-06-26 14:30:00,1.37256,1.37256,0.0,0.544,0.0,0.9,-0.82856,0.15,0.0,0.82856,-0.0082856,0.0,0.45752
2025-06-26 14:45:00,0.9766950000000001,0.9766950000000001,0.0,0.516,0.0,0.9,-0.4606950000000001,0.15,0.0,0.4606950000000001,-0.004606950000000001,0.0,0.32556500000000005
2025-06-26 15:00:00,0.9766950000000001,0.9766950000000001,0.0,0.472,0.0,0.9,-0.5046950000000001,0.15,0.0,0.5046950000000001,-0.0050469500000000014,0.0,0.32556500000000005
2025-06-26 15:15:00,0.9766950000000001,0.9766950000000001,0.0,0.468,0.0,0.9,-0.5086950000000001,0.15,0.0,0.5086950000000001,-0.0050869500000000015,0.0,0.32556500000000005
2025-06-26 15:30:00,0.9766950000000001,0.9766950000000001,0.0,0.524,0.0,0.9,-0.45269500000000007,0.15,0.0,0.45269500000000007,-0.004526950000000001,0.0,0.32556500000000005
2025-06-26 15:45:00,0.911715,0.911715,0.0,0.588,0.0,0.9,-0.3237150000000001,0.15,0.0,0.3237150000000001,-0.003237150000000001,0.0,0.30390500000000004
2025-06-26 16:00:00,0.911715,0.911715,0.0,0.58,0.0,0.9,-0.3317150000000001,0.15,0.0,0.3317150000000001,-0.003317150000000001,0.0,0.30390500000000004
2025-06-26 16:15:00,0.911715,0.911715,0.0,0.692,0.0,0.9,-0.2197150000000001,0.15,0.0,0.2197150000000001,-0.002197150000000001,0.0,0.30390500000000004
2025-06-26 16:30:00,0.911715,0.911715,0.0,0.7,0.0,0.9,-0.2117150000000001,0.15,0.0,0.2117150000000001,-0.0021171500000000012,0.0,0.30390500000000004
2025-06-26 16:45:00,0.387315,0.387315,0.0,0.536,-0.148685,0.8920912234042554,0.0,0.15,0.0,0.0,0.0003954388297872341,0.0003954388297872341,0.17866666666666667
2025-06-26 17:00:00,0.387315,0.387315,0.0,0.524,-0.136685,0.884820744680851,0.0,0.15,0.0,0.0,0.0003635239361702128,0.0003635239361702128,0.17466666666666666
2025-06-26 17:15:00,0.387315,0.387315,0.0,0.34,0.047314999999999996,0.8870445496808511,0.0,0.15,0.0,0.0,0.00011119024999999997,0.00011119024999999997,0.11333333333333334
2025-06-26 17:30:00,0.387315,0.387315,0.0,0.3,0.08731500000000003,0.891148354680851,0.0,0.15,0.0,0.0,0.00020519025000000006,0.00020519025000000006,0.09999999999999999
2025-06-26 17:45:00,0.1415025,0.1415025,0.0,0.252,-0.1104975,0.8852708280851063,0.0,0.15,0.0,0.0,0.0002938763297872341,0.0002938763297872341,0.084
2025-06-26 18:00:00,0.1415025,0.1415025,0.0,0.336,-0.19449750000000002,0.8749252163829787,0.0,0.15,0.0,0.0,0.000517280585106383,0.000517280585106383,0.112
2025-06-26 18:15:00,0.1415025,0.1415025,0.0,0.34,-0.19849750000000002,0.8643668387234043,0.0,0.15,0.0,0.0,0.0005279188829787235,0.0005279188829787235,0.11333333333333334
2025-06-26 18:30:00,0.1415025,0.1415025,0.0,0.384,-0.2424975,0.8514680355319149,0.0,0.15,0.0,0.0,0.0006449401595744682,0.0006449401595744682,0.128
2025-06-26 18:45:00,0.06669000000000001,0.06669000000000001,0.0,0.584,-0.5173099999999999,0.8239515461702128,0.0,0.15,0.0,0.0,0.0013758244680851061,0.0013758244680851061,0.19466666666666665
2025-06-26 19:00:00,0.06669000000000001,0.06669000000000001,0.0,0.484,-0.41730999999999996,0.8017542057446809,0.0,0.15,0.0,0.0,0.0011098670212765958,0.0011098670212765958,0.16133333333333333
2025-06-26 19:15:00,0.06669000000000001,0.06669000000000001,0.0,0.488,-0.42130999999999996,0.7793440993617022,0.0,0.15,0.0,0.0,0.0011205053191489362,0.0011205053191489362,0.16266666666666665
2025-06-26 19:30:00,0.06669000000000001,0.06669000000000001,0.0,0.48,-0.41330999999999996,0.757359524893617,0.0,0.15,0.0,0.0,0.0010992287234042554,0.0010992287234042554,0.16
2025-06-26 19:45:00,0.0008550000000000001,0.0008550000000000001,0.0,0.428,-0.427145,0.7346390461702128,0.0,0.15,0.0,0.0,0.0011360239361702129,0.0011360239361702129,0.14266666666666666
2025-06-26 20:00:00,0.0008550000000000001,0.0008550000000000001,0.0,0.384,-0.383145,0.7142589929787234,0.0,0.15,0.0,0.0,0.0010190026595744681,0.0010190026595744681,0.128
2025-06-26 20:15:00,0.0008550000000000001,0.0008550000000000001,0.0,0.356,-0.355145,0.6953683014893617,0.0,0.15,0.0,0.0,0.0009445345744680851,0.0009445345744680851,0.11866666666666666
2025-06-26 20:30:00,0.0008550000000000001,0.0008550000000000001,0.0,0.38,-0.379145,0.6752010142553191,0.0,0.15,0.0,0.0,0.0010083643617021278,0.0010083643617021278,0.12666666666666668
2025-06-26 20:45:00,0.0,0.0,0.0,0.464,-0.464,0.6505201631914893,0.0,0.15,0.0,0.0,0.0012340425531914894,0.0012340425531914894,0.15466666666666667
2025-06-26 21:00:00,0.0,0.0,0.0,0.572,-0.572,0.6200946312765957,0.0,0.15,0.0,0.0,0.0015212765957446808,0.0015212765957446808,0.19066666666666665
2025-06-26 21:15:00,0.0,0.0,0.0,1.74,-1.74,0.527541439787234,0.0,0.15,0.0,0.0,0.004627659574468085,0.004627659574468085,0.58
2025-06-26 21:30:00,0.0,0.0,0.0,0.544,-0.544,0.49860526957446805,0.0,0.15,0.0,0.0,0.001446808510638298,0.001446808510638298,0.18133333333333335
2025-06-26 21:45:00,0.0,0.0,0.0,0.692,-0.692,0.46179675893617017,0.0,0.15,0.0,0.0,0.0018404255319148936,0.0018404255319148936,0.23066666666666666
2025-06-26 22:00:00,0.0,0.0,0.0,1.892,-1.892,0.36115846106382976,0.0,0.15,0.0,0.0,0.005031914893617021,0.005031914893617021,0.6306666666666666
2025-06-26 22:15:00,0.0,0.0,0.0,2.012,-2.012,0.2541371844680851,0.0,0.15,0.0,0.0,0.005351063829787235,0.005351063829787235,0.6706666666666666
2025-06-26 22:30:00,0.0,0.0,0.0,0.932,-0.932,0.2045627163829787,0.0,0.15,0.0,0.0,0.0024787234042553193,0.0024787234042553193,0.3106666666666667
2025-06-26 22:45:00,0.0,0.0,0.0,0.892,-0.892,0.15711590787234042,0.0,0.15,0.0,0.0,0.002372340425531915,0.002372340425531915,0.29733333333333334
2025-06-26 23:00:00,0.0,0.0,0.0,0.832,-0.832,0.11286058872340425,0.0,0.15,0.0,0.0,0.0022127659574468087,0.0022127659574468087,0.2773333333333333
2025-06-26 23:15:00,0.0,0.0,0.0,0.732,-0.24177906799999996,0.1,0.49022093200000005,0.15,0.49022093200000005,0.0,0.019026314386170216,0.0006430294361702127,0.08059302266666665
2025-06-26 23:30:00,0.0,0.0,0.0,0.676,0.0,0.1,0.676,0.15,0.676,0.0,0.02535,0.0,0.0
2025-06-26 23:45:00,0.0,0.0,0.0,0.608,0.0,0.1,0.608,0.15,0.608,0.0,0.022799999999999997,0.0,0.0
2025-06-27 00:00:00,0.0,0.0,0.0,0.6,0.0,0.1,0.6,0.15,0.6,0.0,0.0225,0.0,0.0
2025-06-27 00:15:00,0.0,0.0,0.0,0.556,0.0,0.1,0.556,0.15,0.556,0.0,0.02085,0.0,0.0
2025-06-27 00:30:00,0.0,0.0,0.0,0.432,0.0,0.1,0.432,0.15,0.432,0.0,0.0162,0.0,0.0
2025-06-27 00:45:00,0.0,0.0,0.0,0.516,0.0,0.1,0.516,0.15,0.516,0.0,0.01935,0.0,0.0
2025-06-27 01:00:00,0.0,0.0,0.0,0.576,0.0,0.1,0.576,0.15,0.576,0.0,0.021599999999999998,0.0,0.0
2025-06-27 01:15:00,0.0,0.0,0.0,0.42,0.0,0.1,0.42,0.15,0.42,0.0,0.01575,0.0,0.0
2025-06-27 01:30:00,0.0,0.0,0.0,0.328,0.0,0.1,0.328,0.15,0.328,0.0,0.0123,0.0,0.0
2025-06-27 01:45:00,0.0,0.0,0.0,0.336,0.0,0.1,0.336,0.15,0.336,0.0,0.0126,0.0,0.0
2025-06-27 02:00:00,0.0,0.0,0.0,0.332,0.0,0.1,0.332,0.15,0.332,0.0,0.012450000000000001,0.0,0.0
2025-06-27 02:15:00,0.0,0.0,0.0,0.288,0.0,0.1,0.288,0.15,0.288,0.0,0.010799999999999999,0.0,0.0
2025-06-27 02:30:00,0.0,0.0,0.0,0.268,0.0,0.1,0.268,0.15,0.268,0.0,0.01005,0.0,0.0
2025-06-27 02:45:00,0.0,0.0,0.0,0.312,0.0,0.1,0.312,0.15,0.312,0.0,0.0117,0.0,0.0
2025-06-27 03:00:00,0.0,0.0,0.0,0.312,0.0,0.1,0.312,0.15,0.312,0.0,0.0117,0.0,0.0
2025-06-27 03:15:00,0.0,0.0,0.0,0.3,0.0,0.1,0.3,0.15,0.3,0.0,0.01125,0.0,0.0
2025-06-27 03:30:00,0.0,0.0,0.0,0.416,0.0,0.1,0.416,0.15,0.416,0.0,0.0156,0.0,0.0
2025-06-27 03:45:00,0.0,0.0,0.0,0.448,0.0,0.1,0.448,0.15,0.448,0.0,0.0168,0.0,0.0
2025-06-27 04:00:00,0.0,0.0,0.0,0.38,0.0,0.1,0.38,0.15,0.38,0.0,0.014249999999999999,0.0,0.0
2025-06-27 04:15:00,0.0,0.0,0.0,0.336,0.0,0.1,0.336,0.15,0.336,0.0,0.0126,0.0,0.0
2025-06-27 04:30:00,0.0,0.0,0.0,0.336,0.0,0.1,0.336,0.15,0.336,0.0,0.0126,0.0,0.0
2025-06-27 04:45:00,0.018952500000000004,0.018952500000000004,0.0,0.328,0.0,0.1,0.30904750000000003,0.15,0.30904750000000003,0.0,0.011589281250000001,0.0,0.006317500000000001
2025-06-27 05:00:00,0.018952500000000004,0.018952500000000004,0.0,0.316,0.0,0.1,0.2970475,0.15,0.2970475,0.0,0.01113928125,0.0,0.006317500000000001
2025-06-27 05:15:00,0.018952500000000004,0.018952500000000004,0.0,0.252,0.0,0.1,0.2330475,0.15,0.2330475,0.0,0.00873928125,0.0,0.006317500000000001
2025-06-27 05:30:00,0.018952500000000004,0.018952500000000004,0.0,0.244,0.0,0.1,0.22504749999999998,0.15,0.22504749999999998,0.0,0.00843928125,0.0,0.006317500000000001
2025-06-27 05:45:00,0.43847250000000004,0.43847250000000004,0.0,0.232,0.20647250000000003,0.10970420750000001,0.0,0.15,0.0,0.0,0.00048521037500000004,0.00048521037500000004,0.07733333333333334
2025-06-27 06:00:00,0.43847250000000004,0.43847250000000004,0.0,0.18,0.25847250000000005,0.12185241500000002,0.0,0.15,0.0,0.0,0.0006074103750000001,0.0006074103750000001,0.06
2025-06-27 06:15:00,0.43847250000000004,0.43847250000000004,0.0,0.204,0.23447250000000006,0.13287262250000004,0.0,0.15,0.0,0.0,0.0005510103750000001,0.0005510103750000001,0.06799999999999999
2025-06-27 06:30:00,0.43847250000000004,0.43847250000000004,0.0,0.212,0.22647250000000005,0.14351683,0.0,0.15,0.0,0.0,0.0005322103750000001,0.0005322103750000001,0.07066666666666667
2025-06-27 06:45:00,1.0245750000000002,1.0245750000000002,0.0,0.208,0.8165750000000003,0.18189585500000002,0.0,0.15,0.0,0.0,0.0019189512500000006,0.0019189512500000006,0.06933333333333333
2025-06-27 07:00:00,1.0245750000000002,1.0245750000000002,0.0,0.208,0.8165750000000003,0.22027488,0.0,0.15,0.0,0.0,0.0019189512500000006,0.0019189512500000006,0.06933333333333333
2025-06-27 07:15:00,1.0245750000000002,1.0245750000000002,0.0,0.204,0.8205750000000003,0.25884190500000004,0.0,0.15,0.0,0.0,0.0019283512500000005,0.0019283512500000005,0.06799999999999999
2025-06-27 07:30:00,1.0245750000000002,1.0245750000000002,0.0,0.192,0.8325750000000003,0.29797293,0.0,0.15,0.0,0.0,0.0019565512500000007,0.0019565512500000007,0.064
2025-06-27 07:45:00,1.3772625,1.3772625,0.0,0.288,1.0892625,0.3491682675,0.0,0.15,0.0,0.0,0.0025597668749999998,0.0025597668749999998,0.09599999999999999
2025-06-27 08:00:00,1.3772625,1.3772625,0.0,1.128,0.24926250000000016,0.36088360500000005,0.0,0.15,0.0,0.0,0.0005857668750000003,0.0005857668750000003,0.37599999999999995
2025-06-27 08:15:00,1.3772625,1.3772625,0.0,0.732,0.6452625000000001,0.3912109425,0.0,0.15,0.0,0.0,0.001516366875,0.001516366875,0.244
2025-06-27 08:30:00,1.3772625,1.3772625,0.0,0.316,1.0612625,0.44109028000000006,0.0,0.15,0.0,0.0,0.0024939668749999998,0.0024939668749999998,0.10533333333333333
2025-06-27 08:45:00,1.5425625,1.5425625,0.0,0.28,1.2625625,0.5004307175000001,0.0,0.15,0.0,0.0,0.0029670218749999998,0.0029670218749999998,0.09333333333333334
2025-06-27 09:00:00,1.5425625,1.5425625,0.0,0.272,1.2705625,0.5601471550000001,0.0,0.15,0.0,0.0,0.002985821875,0.002985821875,0.09066666666666667
2025-06-27 09:15:00,1.5425625,1.5425625,0.0,0.184,1.3585625000000001,0.6239995925000001,0.0,0.15,0.0,0.0,0.003192621875,0.003192621875,0.06133333333333333
2025-06-27 09:30:00,1.5425625,1.5425625,0.0,0.164,1.3785625000000001,0.6887920300000001,0.0,0.15,0.0,0.0,0.0032396218750000002,0.0032396218750000002,0.05466666666666667
2025-06-27 09:45:00,1.5921525,1.5921525,0.0,0.28,1.3121525,0.7504631975000001,0.0,0.15,0.0,0.0,0.003083558375,0.003083558375,0.09333333333333334
2025-06-27 10:00:00,1.5921525,1.5921525,0.0,0.244,1.3481525,0.813826365,0.0,0.15,0.0,0.0,0.0031681583749999997,0.0031681583749999997,0.08133333333333333
2025-06-27 10:15:00,1.5921525,1.5921525,0.0,0.164,1.4281525000000002,0.8809495325000001,0.0,0.15,0.0,0.0,0.0033561583750000004,0.0033561583750000004,0.05466666666666667
2025-06-27 10:30:00,1.5921525,1.5921525,0.0,0.204,0.4053290957446802,0.9,-0.9828234042553199,0.15,0.0,0.9828234042553199,-0.0088757106675532,0.0009525233749999984,0.39560780141843993
2025-06-27 10:45:00,1.5897300000000003,1.5897300000000003,0.0,0.288,0.0,0.9,-1.3017300000000003,0.15,0.0,1.3017300000000003,-0.013017300000000002,0.0,0.5299100000000001
2025-06-27 11:00:00,1.5897300000000003,1.5897300000000003,0.0,0.2,0.0,0.9,-1.3897300000000004,0.15,0.0,1.3897300000000004,-0.013897300000000003,0.0,0.5299100000000001
2025-06-27 11:15:00,1.5897300000000003,1.5897300000000003,0.0,0.216,0.0,0.9,-1.3737300000000003,0.15,0.0,1.3737300000000003,-0.013737300000000004,0.0,0.5299100000000001
2025-06-27 11:30:00,1.5897300000000003,1.5897300000000003,0.0,0.28,0.0,0.9,-1.3097300000000003,0.15,0.0,1.3097300000000003,-0.013097300000000003,0.0,0.5299100000000001
2025-06-27 11:45:00,1.583175,1.583175,0.0,0.176,0.0,0.9,-1.407175,0.15,0.0,1.407175,-0.014071750000000001,0.0,0.527725
2025-06-27 12:00:00,1.583175,1.583175,0.0,0.252,0.0,0.9,-1.331175,0.15,0.0,1.331175,-0.01331175,0.0,0.527725
2025-06-27 12:15:00,1.583175,1.583175,0.0,0.256,0.0,0.9,-1.327175,0.15,0.0,1.327175,-0.01327175,0.0,0.527725
2025-06-27 12:30:00,1.583175,1.583175,0.0,0.164,0.0,0.9,-1.419175,0.15,0.0,1.419175,-0.014191750000000001,0.0,0.527725
2025-06-27 12:45:00,1.5811800000000003,1.5811800000000003,0.0,0.236,0.0,0.9,-1.3451800000000003,0.15,0.0,1.3451800000000003,-0.013451800000000003,0.0,0.5270600000000001
2025-06-27 13:00:00,1.5811800000000003,1.5811800000000003,0.0,0.16,0.0,0.9,-1.4211800000000003,0.15,0.0,1.4211800000000003,-0.014211800000000004,0.0,0.5270600000000001
2025-06-27 13:15:00,1.5811800000000003,1.5811800000000003,0.0,0.236,0.0,0.9,-1.3451800000000003,0.15,0.0,1.3451800000000003,-0.013451800000000003,0.0,0.5270600000000001
2025-06-27 13:30:00,1.5811800000000003,1.5811800000000003,0.0,0.236,0.0,0.9,-1.3451800000000003,0.15,0.0,1.3451800000000003,-0.013451800000000003,0.0,0.5270600000000001
2025-06-27 13:45:00,1.5667875,1.5667875,0.0,0.232,0.0,0.9,-1.3347875,0.15,0.0,1.3347875,-0.013347875,0.0,0.5222625
2025-06-27 14:00:00,1.5667875,1.5667875,0.0,0.192,0.0,0.9,-1.3747875,0.15,0.0,1.3747875,-0.013747875000000001,0.0,0.5222625
2025-06-27 14:15:00,1.5667875,1.5667875,0.0,0.164,0.0,0.9,-1.4027875,0.15,0.0,1.4027875,-0.014027875,0.0,0.5222625
2025-06-27 14:30:00,1.5667875,1.5667875,0.0,0.316,0.0,0.9,-1.2507875,0.15,0.0,1.2507875,-0.012507875,0.0,0.5222625
2025-06-27 14:45:00,1.525605,1.525605,0.0,0.204,0.0,0.9,-1.3216050000000001,0.15,0.0,1.3216050000000001,-0.013216050000000002,0.0,0.5085350000000001
2025-06-27 15:00:00,1.525605,1.525605,0.0,0.484,0.0,0.9,-1.0416050000000001,0.15,0.0,1.0416050000000001,-0.010416050000000001,0.0,0.5085350000000001
2025-06-27 15:15:00,1.525605,1.525605,0.0,0.264,0.0,0.9,-1.261605,0.15,0.0,1.261605,-0.012616050000000002,0.0,0.5085350000000001
2025-06-27 15:30:00,1.525605,1.525605,0.0,0.332,0.0,0.9,-1.193605,0.15,0.0,1.193605,-0.01193605,0.0,0.5085350000000001
2025-06-27 15:45:00,1.4133149999999999,1.413315,2.220446049250313e-16,0.404,0.0,0.9,-1.009315,0.15,0.0,1.009315,-0.01009315,0.0,0.47110499999999994
2025-06-27 16:00:00,1.413315,1.413315,0.0,0.34,0.0,0.9,-1.073315,0.15,0.0,1.073315,-0.01073315,0.0,0.47110500000000005
2025-06-27 16:15:00,1.413315,1.413315,0.0,0.268,0.0,0.9,-1.145315,0.15,0.0,1.145315,-0.01145315,0.0,0.47110500000000005
2025-06-27 16:30:00,1.413315,1.413315,0.0,0.44,0.0,0.9,-0.9733150000000002,0.15,0.0,0.9733150000000002,-0.009733150000000001,0.0,0.47110500000000005
2025-06-27 16:45:00,1.1561025,1.1561025,0.0,0.428,0.0,0.9,-0.7281025000000001,0.15,0.0,0.7281025000000001,-0.007281025000000001,0.0,0.38536750000000003
2025-06-27 17:00:00,1.1561025,1.1561025,0.0,0.268,0.0,0.9,-0.8881025,0.15,0.0,0.8881025,-0.008881025,0.0,0.38536750000000003
2025-06-27 17:15:00,1.1561025,1.1561025,0.0,0.264,0.0,0.9,-0.8921025,0.15,0.0,0.8921025,-0.008921025,0.0,0.38536750000000003
2025-06-27 17:30:00,1.1561025,1.1561025,0.0,0.192,0.0,0.9,-0.9641025000000001,0.15,0.0,0.9641025000000001,-0.009641025000000001,0.0,0.38536750000000003
2025-06-27 17:45:00,0.7348725,0.7348725,0.0,0.18,0.0,0.9,-0.5548725000000001,0.15,0.0,0.5548725000000001,-0.005548725000000001,0.0,0.24495750000000002
2025-06-27 18:00:00,0.7348725,0.7348725,0.0,0.188,0.0,0.9,-0.5468725000000001,0.15,0.0,0.5468725000000001,-0.005468725000000001,0.0,0.24495750000000002
2025-06-27 18:15:00,0.7348725,0.7348725,0.0,0.26,0.0,0.9,-0.47487250000000003,0.15,0.0,0.47487250000000003,-0.0047487250000000005,0.0,0.24495750000000002
2025-06-27 18:30:00,0.7348725,0.7348725,0.0,0.344,0.0,0.9,-0.39087250000000007,0.15,0.0,0.39087250000000007,-0.003908725000000001,0.0,0.24495750000000002
2025-06-27 18:45:00,0.17313750000000003,0.17313750000000003,0.0,0.376,-0.20286249999999997,0.8892094414893617,0.0,0.15,0.0,0.0,0.0005395279255319148,0.0005395279255319148,0.12533333333333332
2025-06-27 19:00:00,0.17313750000000003,0.17313750000000003,0.0,0.444,-0.2708625,0.8748018617021277,0.0,0.15,0.0,0.0,0.0007203789893617022,0.0007203789893617022,0.14800000000000002
2025-06-27 19:15:00,0.17313750000000003,0.17313750000000003,0.0,0.9,-0.7268625,0.8361389627659574,0.0,0.15,0.0,0.0,0.0019331449468085109,0.0019331449468085109,0.3
2025-06-27 19:30:00,0.17313750000000003,0.17313750000000003,0.0,1.888,-1.7148625,0.7449228723404255,0.0,0.15,0.0,0.0,0.004560804521276596,0.004560804521276596,0.6293333333333333
2025-06-27 19:45:00,0.0007125000000000001,0.0007125000000000001,0.0,1.828,-1.8272875000000002,0.6477267287234042,0.0,0.15,0.0,0.0,0.004859807180851065,0.004859807180851065,0.6093333333333334
2025-06-27 20:00:00,0.0007125000000000001,0.0007125000000000001,0.0,0.76,-0.7592875,0.6073390957446808,0.0,0.15,0.0,0.0,0.0020193816489361706,0.0020193816489361706,0.25333333333333335
2025-06-27 20:15:00,0.0007125000000000001,0.0007125000000000001,0.0,0.792,-0.7912875,0.565249335106383,0.0,0.15,0.0,0.0,0.0021044880319148937,0.0021044880319148937,0.264
2025-06-27 20:30:00,0.0007125000000000001,0.0007125000000000001,0.0,1.492,-1.4912875,0.48592553191489357,0.0,0.15,0.0,0.0,0.003966190159574469,0.003966190159574469,0.49733333333333335
2025-06-27 20:45:00,0.0,0.0,0.0,3.372,-3.0,0.3263510638297872,0.3719999999999999,0.15,0.3719999999999999,0.0,0.021928723404255314,0.00797872340425532,1.0
2025-06-27 21:00:00,0.0,0.0,0.0,0.68,-0.68,0.2901808510638297,0.0,0.15,0.0,0.0,0.0018085106382978724,0.0018085106382978724,0.22666666666666668
2025-06-27 21:15:00,0.0,0.0,0.0,0.648,-0.648,0.2557127659574467,0.0,0.15,0.0,0.0,0.0017234042553191493,0.0017234042553191493,0.216
2025-06-27 21:30:00,0.0,0.0,0.0,0.788,-0.788,0.2137978723404254,0.0,0.15,0.0,0.0,0.002095744680851064,0.002095744680851064,0.26266666666666666
2025-06-27 21:45:00,0.0,0.0,0.0,0.72,-0.72,0.1754999999999999,0.0,0.15,0.0,0.0,0.0019148936170212767,0.0019148936170212767,0.24
2025-06-27 22:00:00,0.0,0.0,0.0,0.768,-0.768,0.13464893617021265,0.0,0.15,0.0,0.0,0.002042553191489362,0.002042553191489362,0.256
2025-06-27 22:15:00,0.0,0.0,0.0,0.612,-0.612,0.10209574468085095,0.0,0.15,0.0,0.0,0.0016276595744680853,0.0016276595744680853,0.204
2025-06-27 22:30:00,0.0,0.0,0.0,0.7,-0.0393999999999977,0.1,0.6606000000000023,0.15,0.6606000000000023,0.0,0.024877287234042634,0.00010478723404254709,0.013133333333332567
2025-06-27 22:45:00,0.0,0.0,0.0,0.884,0.0,0.1,0.884,0.15,0.884,0.0,0.03315,0.0,0.0
2025-06-27 23:00:00,0.0,0.0,0.0,0.844,0.0,0.1,0.844,0.15,0.844,0.0,0.03165,0.0,0.0
2025-06-27 23:15:00,0.0,0.0,0.0,0.8,0.0,0.1,0.8,0.15,0.8,0.0,0.03,0.0,0.0
2025-06-27 23:30:00,0.0,0.0,0.0,0.84,0.0,0.1,0.84,0.15,0.84,0.0,0.0315,0.0,0.0
2025-06-27 23:45:00,0.0,0.0,0.0,0.804,0.0,0.1,0.804,0.15,0.804,0.0,0.03015,0.0,0.0
2025-06-28 00:00:00,0.0,0.0,0.0,0.812,0.0,0.1,0.812,0.15,0.812,0.0,0.03045,0.0,0.0
2025-06-28 00:15:00,0.0,0.0,0.0,0.78,0.0,0.1,0.78,0.15,0.78,0.0,0.029249999999999998,0.0,0.0
2025-06-28 00:30:00,0.0,0.0,0.0,0.728,0.0,0.1,0.728,0.15,0.728,0.0,0.027299999999999998,0.0,0.0
2025-06-28 00:45:00,0.0,0.0,0.0,0.884,0.0,0.1,0.884,0.15,0.884,0.0,0.03315,0.0,0.0
2025-06-28 01:00:00,0.0,0.0,0.0,0.896,0.0,0.1,0.896,0.15,0.896,0.0,0.0336,0.0,0.0
2025-06-28 01:15:00,0.0,0.0,0.0,0.9,0.0,0.1,0.9,0.15,0.9,0.0,0.03375,0.0,0.0
2025-06-28 01:30:00,0.0,0.0,0.0,0.848,0.0,0.1,0.848,0.15,0.848,0.0,0.031799999999999995,0.0,0.0
2025-06-28 01:45:00,0.0,0.0,0.0,0.764,0.0,0.1,0.764,0.15,0.764,0.0,0.02865,0.0,0.0
2025-06-28 02:00:00,0.0,0.0,0.0,1.42,0.0,0.1,1.42,0.15,1.42,0.0,0.05325,0.0,0.0
2025-06-28 02:15:00,0.0,0.0,0.0,1.988,0.0,0.1,1.988,0.15,1.988,0.0,0.07454999999999999,0.0,0.0
2025-06-28 02:30:00,0.0,0.0,0.0,1.26,0.0,0.1,1.26,0.15,1.26,0.0,0.04725,0.0,0.0
2025-06-28 02:45:00,0.0,0.0,0.0,1.26,0.0,0.1,1.26,0.15,1.26,0.0,0.04725,0.0,0.0
2025-06-28 03:00:00,0.0,0.0,0.0,0.36,0.0,0.1,0.36,0.15,0.36,0.0,0.0135,0.0,0.0
2025-06-28 03:15:00,0.0,0.0,0.0,0.264,0.0,0.1,0.264,0.15,0.264,0.0,0.0099,0.0,0.0
2025-06-28 03:30:00,0.0,0.0,0.0,0.232,0.0,0.1,0.232,0.15,0.232,0.0,0.0087,0.0,0.0
2025-06-28 03:45:00,0.0,0.0,0.0,0.268,0.0,0.1,0.268,0.15,0.268,0.0,0.01005,0.0,0.0
2025-06-28 04:00:00,0.0,0.0,0.0,0.296,0.0,0.1,0.296,0.15,0.296,0.0,0.011099999999999999,0.0,0.0
2025-06-28 04:15:00,0.0,0.0,0.0,0.308,0.0,0.1,0.308,0.15,0.308,0.0,0.01155,0.0,0.0
2025-06-28 04:30:00,0.0,0.0,0.0,0.352,0.0,0.1,0.352,0.15,0.352,0.0,0.013199999999999998,0.0,0.0
2025-06-28 04:45:00,0.018382500000000003,0.018382500000000003,0.0,0.356,0.0,0.1,0.33761749999999996,0.15,0.33761749999999996,0.0,0.012660656249999997,0.0,0.006127500000000001
2025-06-28 05:00:00,0.018382500000000003,0.018382500000000003,0.0,0.356,0.0,0.1,0.33761749999999996,0.15,0.33761749999999996,0.0,0.012660656249999997,0.0,0.006127500000000001
2025-06-28 05:15:00,0.018382500000000003,0.018382500000000003,0.0,0.292,0.0,0.1,0.27361749999999996,0.15,0.27361749999999996,0.0,0.010260656249999998,0.0,0.006127500000000001
2025-06-28 05:30:00,0.018382500000000003,0.018382500000000003,0.0,0.22,0.0,0.1,0.2016175,0.15,0.2016175,0.0,0.00756065625,0.0,0.006127500000000001
2025-06-28 05:45:00,0.22059000000000004,0.22059000000000004,0.0,0.192,0.028590000000000032,0.10134373,0.0,0.15,0.0,0.0,6.718650000000008e-05,6.718650000000008e-05,0.064
2025-06-28 06:00:00,0.22059000000000004,0.22059000000000004,0.0,0.2,0.020590000000000025,0.10231146000000002,0.0,0.15,0.0,0.0,4.838650000000006e-05,4.838650000000006e-05,0.06666666666666667
2025-06-28 06:15:00,0.22059000000000004,0.22059000000000004,0.0,0.3,-0.04345544800000039,0.1,0.035954551999999564,0.15,0.035954551999999564,0.0,0.0014638686999999845,0.00011557300000000104,0.08801514933333347
2025-06-28 06:30:00,0.22059000000000004,0.22059000000000004,0.0,0.324,0.0,0.1,0.10340999999999997,0.15,0.10340999999999997,0.0,0.003877874999999999,0.0,0.07353000000000001
2025-06-28 06:45:00,1.008045,1.008045,0.0,0.3,0.708045,0.133278115,0.0,0.15,0.0,0.0,0.00166390575,0.00166390575,0.09999999999999999
2025-06-28 07:00:00,1.008045,1.008045,0.0,0.256,0.7520450000000001,0.16862422999999999,0.0,0.15,0.0,0.0,0.00176730575,0.00176730575,0.08533333333333333
2025-06-28 07:15:00,1.008045,1.008045,0.0,0.268,0.7400450000000001,0.20340634500000002,0.0,0.15,0.0,0.0,0.0017391057500000002,0.0017391057500000002,0.08933333333333333
2025-06-28 07:30:00,1.008045,1.008045,0.0,0.304,0.704045,0.23649646,0.0,0.15,0.0,0.0,0.00165450575,0.00165450575,0.10133333333333333
2025-06-28 07:45:00,1.2530025,1.2530025,0.0,0.296,0.9570025,0.2814755775,0.0,0.15,0.0,0.0,0.002248955875,0.002248955875,0.09866666666666667
2025-06-28 08:00:00,1.2530025,1.2530025,0.0,0.3,0.9530025,0.326266695,0.0,0.15,0.0,0.0,0.002239555875,0.002239555875,0.09999999999999999
2025-06-28 08:15:00,1.2530025,1.2530025,0.0,0.276,0.9770025,0.3721858125,0.0,0.15,0.0,0.0,0.0022959558749999997,0.0022959558749999997,0.09200000000000001
2025-06-28 08:30:00,1.2530025,1.2530025,0.0,0.248,1.0050025,0.41942092999999997,0.0,0.15,0.0,0.0,0.0023617558749999996,0.0023617558749999996,0.08266666666666667
2025-06-28 08:45:00,1.4851350000000003,1.4851350000000003,0.0,0.264,1.2211350000000003,0.476814275,0.0,0.15,0.0,0.0,0.0028696672500000005,0.0028696672500000005,0.08800000000000001
2025-06-28 09:00:00,1.4851350000000003,1.4851350000000003,0.0,0.588,0.8971350000000003,0.51897962,0.0,0.15,0.0,0.0,0.0021082672500000008,0.0021082672500000008,0.19599999999999998
2025-06-28 09:15:00,1.4851350000000003,1.4851350000000003,0.0,0.216,1.2691350000000003,0.578628965,0.0,0.15,0.0,0.0,0.0029824672500000007,0.0029824672500000007,0.072
2025-06-28 09:30:00,1.4851350000000003,1.4851350000000003,0.0,0.224,1.2611350000000003,0.6379023100000001,0.0,0.15,0.0,0.0,0.0029636672500000004,0.0029636672500000004,0.07466666666666667
2025-06-28 09:45:00,1.6867725000000002,1.6867725000000002,0.0,0.208,1.4787725000000003,0.7074046175,0.0,0.15,0.0,0.0,0.003475115375,0.003475115375,0.06933333333333333
2025-06-28 10:00:00,1.6867725000000002,1.6867725000000002,0.0,0.324,1.3627725000000002,0.771454925,0.0,0.15,0.0,0.0,0.003202515375,0.003202515375,0.108
2025-06-28 10:15:00,1.6867725000000002,1.6867725000000002,0.0,0.272,1.4147725000000002,0.8379492325000001,0.0,0.15,0.0,0.0,0.0033247153750000005,0.0033247153750000005,0.09066666666666667
2025-06-28 10:30:00,1.6867725000000002,1.6867725000000002,0.0,0.444,1.2427725000000003,0.8963595400000001,0.0,0.15,0.0,0.0,0.002920515375000001,0.002920515375000001,0.148
2025-06-28 10:45:00,1.6901925000000002,1.6901925000000002,0.0,0.888,0.07745659574467899,0.9,-0.7247359042553212,0.15,0.0,0.7247359042553212,-0.007065336042553216,0.0001820229999999956,0.5375786347517737
2025-06-28 11:00:00,1.6901925000000002,1.6901925000000002,0.0,0.58,0.0,0.9,-1.1101925000000001,0.15,0.0,1.1101925000000001,-0.011101925000000002,0.0,0.5633975000000001
2025-06-28 11:15:00,1.6901925000000002,1.6901925000000002,0.0,0.32,0.0,0.9,-1.3701925000000001,0.15,0.0,1.3701925000000001,-0.013701925000000002,0.0,0.5633975000000001
2025-06-28 11:30:00,1.6901925000000002,1.6901925000000002,0.0,0.328,0.0,0.9,-1.3621925000000001,0.15,0.0,1.3621925000000001,-0.013621925000000002,0.0,0.5633975000000001
2025-06-28 11:45:00,1.68321,1.68321,0.0,0.284,0.0,0.9,-1.39921,0.15,0.0,1.39921,-0.0139921,0.0,0.5610700000000001
2025-06-28 12:00:00,1.68321,1.68321,0.0,0.268,0.0,0.9,-1.41521,0.15,0.0,1.41521,-0.0141521,0.0,0.5610700000000001
2025-06-28 12:15:00,1.68321,1.68321,0.0,0.312,0.0,0.9,-1.37121,0.15,0.0,1.37121,-0.013712100000000001,0.0,0.5610700000000001
2025-06-28 12:30:00,1.68321,1.68321,0.0,0.284,0.0,0.9,-1.39921,0.15,0.0,1.39921,-0.0139921,0.0,0.5610700000000001
2025-06-28 12:45:00,1.6698150000000003,1.6698150000000003,0.0,0.244,0.0,0.9,-1.4258150000000003,0.15,0.0,1.4258150000000003,-0.014258150000000002,0.0,0.5566050000000001
2025-06-28 13:00:00,1.6698150000000003,1.6698150000000003,0.0,0.376,0.0,0.9,-1.2938150000000004,0.15,0.0,1.2938150000000004,-0.012938150000000004,0.0,0.5566050000000001
2025-06-28 13:15:00,1.6698150000000003,1.6698150000000003,0.0,0.476,0.0,0.9,-1.1938150000000003,0.15,0.0,1.1938150000000003,-0.011938150000000003,0.0,0.5566050000000001
2025-06-28 13:30:00,1.6698150000000003,1.6698150000000003,0.0,0.544,0.0,0.9,-1.1258150000000002,0.15,0.0,1.1258150000000002,-0.011258150000000003,0.0,0.5566050000000001
2025-06-28 13:45:00,1.6481550000000003,1.6481550000000003,0.0,0.528,0.0,0.9,-1.1201550000000002,0.15,0.0,1.1201550000000002,-0.011201550000000003,0.0,0.5493850000000001
2025-06-28 14:00:00,1.6481550000000003,1.6481550000000003,0.0,0.476,0.0,0.9,-1.1721550000000003,0.15,0.0,1.1721550000000003,-0.011721550000000002,0.0,0.5493850000000001
2025-06-28 14:15:00,1.6481550000000003,1.6481550000000003,0.0,0.484,0.0,0.9,-1.1641550000000003,0.15,0.0,1.1641550000000003,-0.011641550000000002,0.0,0.5493850000000001
2025-06-28 14:30:00,1.6481550000000003,1.6481550000000003,0.0,0.484,0.0,0.9,-1.1641550000000003,0.15,0.0,1.1641550000000003,-0.011641550000000002,0.0,0.5493850000000001
2025-06-28 14:45:00,1.6254975000000003,1.6254975000000003,0.0,0.852,0.0,0.9,-0.7734975000000003,0.15,0.0,0.7734975000000003,-0.007734975000000003,0.0,0.5418325
2025-06-28 15:00:00,1.6254975000000003,1.6254975000000003,0.0,1.044,0.0,0.9,-0.5814975000000002,0.15,0.0,0.5814975000000002,-0.005814975000000003,0.0,0.5418325
2025-06-28 15:15:00,1.6254975000000003,1.6254975000000003,0.0,0.9,0.0,0.9,-0.7254975000000002,0.15,0.0,0.7254975000000002,-0.007254975000000003,0.0,0.5418325
2025-06-28 15:30:00,1.6254975000000003,1.6254975000000003,0.0,0.844,0.0,0.9,-0.7814975000000003,0.15,0.0,0.7814975000000003,-0.007814975000000004,0.0,0.5418325
2025-06-28 15:45:00,1.3471950000000001,1.3471950000000001,0.0,0.888,0.0,0.9,-0.45919500000000013,0.15,0.0,0.45919500000000013,-0.004591950000000002,0.0,0.44906500000000005
2025-06-28 16:00:00,1.3471950000000001,1.3471950000000001,0.0,0.848,0.0,0.9,-0.49919500000000017,0.15,0.0,0.49919500000000017,-0.004991950000000002,0.0,0.44906500000000005
2025-06-28 16:15:00,1.3471950000000001,1.3471950000000001,0.0,0.712,0.0,0.9,-0.6351950000000002,0.15,0.0,0.6351950000000002,-0.006351950000000002,0.0,0.44906500000000005
2025-06-28 16:30:00,1.3471950000000001,1.3471950000000001,0.0,0.712,0.0,0.9,-0.6351950000000002,0.15,0.0,0.6351950000000002,-0.006351950000000002,0.0,0.44906500000000005
2025-06-28 16:45:00,1.0520775000000002,1.0520775000000002,0.0,0.692,0.0,0.9,-0.3600775000000003,0.15,0.0,0.3600775000000003,-0.0036007750000000027,0.0,0.3506925000000001
2025-06-28 17:00:00,1.0520775000000002,1.0520775000000002,0.0,0.676,0.0,0.9,-0.3760775000000002,0.15,0.0,0.3760775000000002,-0.003760775000000002,0.0,0.3506925000000001
2025-06-28 17:15:00,1.0520775000000002,1.0520775000000002,0.0,0.66,0.0,0.9,-0.3920775000000002,0.15,0.0,0.3920775000000002,-0.003920775000000002,0.0,0.3506925000000001
2025-06-28 17:30:00,1.0520775000000002,1.0520775000000002,0.0,0.7,0.0,0.9,-0.35207750000000027,0.15,0.0,0.35207750000000027,-0.003520775000000003,0.0,0.3506925000000001
2025-06-28 17:45:00,0.9281025,0.9281025,0.0,0.716,0.0,0.9,-0.21210250000000008,0.15,0.0,0.21210250000000008,-0.0021210250000000008,0.0,0.3093675
2025-06-28 18:00:00,0.9281025,0.9281025,0.0,0.5,0.0,0.9,-0.42810250000000005,0.15,0.0,0.42810250000000005,-0.004281025000000001,0.0,0.3093675
2025-06-28 18:15:00,0.9281025,0.9281025,0.0,0.34,0.0,0.9,-0.5881025,0.15,0.0,0.5881025,-0.005881025,0.0,0.3093675
2025-06-28 18:30:00,0.9281025,0.9281025,0.0,0.34,0.0,0.9,-0.5881025,0.15,0.0,0.5881025,-0.005881025,0.0,0.3093675
2025-06-28 18:45:00,0.32076750000000004,0.32076750000000004,0.0,0.36,-0.03923249999999995,0.8979131648936169,0.0,0.15,0.0,0.0,0.0001043417553191488,0.0001043417553191488,0.12
2025-06-28 19:00:00,0.32076750000000004,0.32076750000000004,0.0,0.32,0.000767500000000032,0.897949237393617,0.0,0.15,0.0,0.0,1.8036250000000752e-06,1.8036250000000752e-06,0.10666666666666667
2025-06-28 19:15:00,0.32076750000000004,0.32076750000000004,0.0,0.352,-0.03123249999999994,0.8962879342021276,0.0,0.15,0.0,0.0,8.306515957446793e-05,8.306515957446793e-05,0.11733333333333333
2025-06-28 19:30:00,0.32076750000000004,0.32076750000000004,0.0,0.564,-0.2432324999999999,0.8833500352659573,0.0,0.15,0.0,0.0,0.0006468949468085105,0.0006468949468085105,0.18799999999999997
2025-06-28 19:45:00,0.0027075000000000003,0.0027075000000000003,0.0,0.564,-0.5612925,0.853494051223404,0.0,0.15,0.0,0.0,0.0014927992021276596,0.0014927992021276596,0.18799999999999997
2025-06-28 20:00:00,0.0027075000000000003,0.0027075000000000003,0.0,0.576,-0.5732925,0.8229997693085105,0.0,0.15,0.0,0.0,0.001524714095744681,0.001524714095744681,0.19199999999999998
2025-06-28 20:15:00,0.0027075000000000003,0.0027075000000000003,0.0,0.548,-0.5452925000000001,0.7939948490957446,0.0,0.15,0.0,0.0,0.001450246010638298,0.001450246010638298,0.18266666666666667
2025-06-28 20:30:00,0.0027075000000000003,0.0027075000000000003,0.0,0.62,-0.6172925,0.7611601416489361,0.0,0.15,0.0,0.0,0.0016417353723404257,0.0016417353723404257,0.20666666666666667
2025-06-28 20:45:00,0.0,0.0,0.0,0.528,-0.528,0.7330750352659574,0.0,0.15,0.0,0.0,0.0014042553191489363,0.0014042553191489363,0.17600000000000002
2025-06-28 21:00:00,0.0,0.0,0.0,0.628,-0.628,0.6996707799468085,0.0,0.15,0.0,0.0,0.0016702127659574471,0.0016702127659574471,0.20933333333333334
2025-06-28 21:15:00,0.0,0.0,0.0,0.556,-0.556,0.670096311861702,0.0,0.15,0.0,0.0,0.0014787234042553195,0.0014787234042553195,0.18533333333333335
2025-06-28 21:30:00,0.0,0.0,0.0,0.564,-0.564,0.6400963118617021,0.0,0.15,0.0,0.0,0.0015,0.0015,0.18799999999999997
2025-06-28 21:45:00,0.0,0.0,0.0,0.548,-0.548,0.6109473756914893,0.0,0.15,0.0,0.0,0.0014574468085106385,0.0014574468085106385,0.18266666666666667
2025-06-28 22:00:00,0.0,0.0,0.0,0.684,-0.684,0.574564396968085,0.0,0.15,0.0,0.0,0.001819148936170213,0.001819148936170213,0.228
2025-06-28 22:15:00,0.0,0.0,0.0,0.764,-0.764,0.5339260990957446,0.0,0.15,0.0,0.0,0.0020319148936170216,0.0020319148936170216,0.25466666666666665
2025-06-28 22:30:00,0.0,0.0,0.0,0.692,-0.692,0.49711758845744675,0.0,0.15,0.0,0.0,0.0018404255319148936,0.0018404255319148936,0.23066666666666666
2025-06-28 22:45:00,0.0,0.0,0.0,0.68,-0.68,0.4609473756914893,0.0,0.15,0.0,0.0,0.0018085106382978724,0.0018085106382978724,0.22666666666666668
2025-06-28 23:00:00,0.0,0.0,0.0,0.748,-0.748,0.4211601416489361,0.0,0.15,0.0,0.0,0.0019893617021276597,0.0019893617021276597,0.24933333333333332
2025-06-28 23:15:00,0.0,0.0,0.0,0.752,-0.752,0.38116014164893613,0.0,0.15,0.0,0.0,0.002,0.002,0.25066666666666665
2025-06-28 23:30:00,0.0,0.0,0.0,0.752,-0.752,0.34116014164893615,0.0,0.15,0.0,0.0,0.002,0.002,0.25066666666666665
2025-06-28 23:45:00,0.0,0.0,0.0,0.732,-0.732,0.3022239714361702,0.0,0.15,0.0,0.0,0.0019468085106382979,0.0019468085106382979,0.244
2025-06-29 00:00:00,0.0,0.0,0.0,0.764,-0.764,0.2615856735638297,0.0,0.15,0.0,0.0,0.0020319148936170216,0.0020319148936170216,0.25466666666666665
2025-06-29 00:15:00,0.0,0.0,0.0,0.752,-0.752,0.22158567356382974,0.0,0.15,0.0,0.0,0.002,0.002,0.25066666666666665
2025-06-29 00:30:00,0.0,0.0,0.0,2.032,-2.032,0.11350056718085103,0.0,0.15,0.0,0.0,0.005404255319148937,0.005404255319148937,0.6773333333333333
2025-06-29 00:45:00,0.0,0.0,0.0,0.916,-0.25381066299999916,0.1,0.6621893370000009,0.15,0.6621893370000009,0.0,0.025507128496542585,0.000675028359042551,0.08460355433333305
2025-06-29 01:00:00,0.0,0.0,0.0,1.008,0.0,0.1,1.008,0.15,1.008,0.0,0.0378,0.0,0.0
2025-06-29 01:15:00,0.0,0.0,0.0,1.876,0.0,0.1,1.876,0.15,1.876,0.0,0.07035,0.0,0.0
2025-06-29 01:30:00,0.0,0.0,0.0,0.412,0.0,0.1,0.412,0.15,0.412,0.0,0.015449999999999998,0.0,0.0
2025-06-29 01:45:00,0.0,0.0,0.0,0.36,0.0,0.1,0.36,0.15,0.36,0.0,0.0135,0.0,0.0
2025-06-29 02:00:00,0.0,0.0,0.0,0.388,0.0,0.1,0.388,0.15,0.388,0.0,0.01455,0.0,0.0
2025-06-29 02:15:00,0.0,0.0,0.0,0.42,0.0,0.1,0.42,0.15,0.42,0.0,0.01575,0.0,0.0
2025-06-29 02:30:00,0.0,0.0,0.0,0.412,0.0,0.1,0.412,0.15,0.412,0.0,0.015449999999999998,0.0,0.0
2025-06-29 02:45:00,0.0,0.0,0.0,0.416,0.0,0.1,0.416,0.15,0.416,0.0,0.0156,0.0,0.0
2025-06-29 03:00:00,0.0,0.0,0.0,0.432,0.0,0.1,0.432,0.15,0.432,0.0,0.0162,0.0,0.0
2025-06-29 03:15:00,0.0,0.0,0.0,0.408,0.0,0.1,0.408,0.15,0.408,0.0,0.015299999999999998,0.0,0.0
2025-06-29 03:30:00,0.0,0.0,0.0,0.396,0.0,0.1,0.396,0.15,0.396,0.0,0.01485,0.0,0.0
2025-06-29 03:45:00,0.0,0.0,0.0,0.284,0.0,0.1,0.284,0.15,0.284,0.0,0.010649999999999998,0.0,0.0
2025-06-29 04:00:00,0.0,0.0,0.0,0.36,0.0,0.1,0.36,0.15,0.36,0.0,0.0135,0.0,0.0
2025-06-29 04:15:00,0.0,0.0,0.0,0.364,0.0,0.1,0.364,0.15,0.364,0.0,0.013649999999999999,0.0,0.0
2025-06-29 04:30:00,0.0,0.0,0.0,0.276,0.0,0.1,0.276,0.15,0.276,0.0,0.01035,0.0,0.0
2025-06-29 04:45:00,0.032490000000000005,0.032490000000000005,0.0,0.24,0.0,0.1,0.20750999999999997,0.15,0.20750999999999997,0.0,0.007781624999999999,0.0,0.010830000000000001
2025-06-29 05:00:00,0.032490000000000005,0.032490000000000005,0.0,0.248,0.0,0.1,0.21550999999999998,0.15,0.21550999999999998,0.0,0.008081624999999999,0.0,0.010830000000000001
2025-06-29 05:15:00,0.032490000000000005,0.032490000000000005,0.0,0.236,0.0,0.1,0.20350999999999997,0.15,0.20350999999999997,0.0,0.007631624999999999,0.0,0.010830000000000001
2025-06-29 05:30:00,0.032490000000000005,0.032490000000000005,0.0,0.236,0.0,0.1,0.20350999999999997,0.15,0.20350999999999997,0.0,0.007631624999999999,0.0,0.010830000000000001
2025-06-29 05:45:00,0.44403000000000004,0.44403000000000004,0.0,0.248,0.19603000000000004,0.10921341,0.0,0.15,0.0,0.0,0.00046067050000000005,0.00046067050000000005,0.08266666666666667
2025-06-29 06:00:00,0.44403000000000004,0.44403000000000004,0.0,0.236,0.20803000000000005,0.11899082000000001,0.0,0.15,0.0,0.0,0.0004888705000000001,0.0004888705000000001,0.07866666666666666
2025-06-29 06:15:00,0.44403000000000004,0.44403000000000004,0.0,0.252,0.19203000000000003,0.12801623,0.0,0.15,0.0,0.0,0.0004512705000000001,0.0004512705000000001,0.084
2025-06-29 06:30:00,0.44403000000000004,0.44403000000000004,0.0,0.28,0.16403,0.13572564000000004,0.0,0.15,0.0,0.0,0.0003854705,0.0003854705,0.09333333333333334
2025-06-29 06:45:00,1.0684650000000002,1.0684650000000002,0.0,0.316,0.7524650000000002,0.17109149500000004,0.0,0.15,0.0,0.0,0.0017682927500000003,0.0017682927500000003,0.10533333333333333
2025-06-29 07:00:00,1.0684650000000002,1.0684650000000002,0.0,0.304,0.7644650000000002,0.20702135000000005,0.0,0.15,0.0,0.0,0.0017964927500000003,0.0017964927500000003,0.10133333333333333
2025-06-29 07:15:00,1.0684650000000002,1.0684650000000002,0.0,0.272,0.7964650000000002,0.24445520500000004,0.0,0.15,0.0,0.0,0.0018716927500000004,0.0018716927500000004,0.09066666666666667
2025-06-29 07:30:00,1.0684650000000002,1.0684650000000002,0.0,0.26,0.8084650000000002,0.28245306000000003,0.0,0.15,0.0,0.0,0.0018998927500000005,0.0018998927500000005,0.08666666666666667
2025-06-29 07:45:00,1.408185,1.408185,0.0,0.26,1.148185,0.33641775500000004,0.0,0.15,0.0,0.0,0.00269823475,0.00269823475,0.08666666666666667
2025-06-29 08:00:00,1.408185,1.408185,0.0,0.292,1.116185,0.38887845000000004,0.0,0.15,0.0,0.0,0.0026230347500000003,0.0026230347500000003,0.09733333333333333
2025-06-29 08:15:00,1.408185,1.408185,0.0,0.32,1.088185,0.44002314500000006,0.0,0.15,0.0,0.0,0.00255723475,0.00255723475,0.10666666666666667
2025-06-29 08:30:00,1.408185,1.408185,0.0,0.18,1.228185,0.49774784000000005,0.0,0.15,0.0,0.0,0.00288623475,0.00288623475,0.06
2025-06-29 08:45:00,1.5897300000000003,1.5897300000000003,0.0,0.212,1.3777300000000003,0.5625011500000001,0.0,0.15,0.0,0.0,0.0032376655000000004,0.0032376655000000004,0.07066666666666667
2025-06-29 09:00:00,1.5897300000000003,1.5897300000000003,0.0,0.204,1.3857300000000004,0.6276304600000001,0.0,0.15,0.0,0.0,0.003256465500000001,0.003256465500000001,0.06799999999999999
2025-06-29 09:15:00,1.5897300000000003,1.5897300000000003,0.0,0.216,1.3737300000000003,0.6921957700000002,0.0,0.15,0.0,0.0,0.0032282655000000007,0.0032282655000000007,0.072
2025-06-29 09:30:00,1.5897300000000003,1.5897300000000003,0.0,0.196,1.3937300000000004,0.7577010800000001,0.0,0.15,0.0,0.0,0.003275265500000001,0.003275265500000001,0.06533333333333334
2025-06-29 09:45:00,1.64901,1.64901,0.0,0.26,1.38901,0.8229845500000001,0.0,0.15,0.0,0.0,0.0032641735,0.0032641735,0.08666666666666667
2025-06-29 10:00:00,1.64901,1.64901,0.0,0.372,1.2770100000000002,0.8830040200000001,0.0,0.15,0.0,0.0,0.0030009735000000003,0.0030009735000000003,0.124
2025-06-29 10:15:00,1.64901,1.64901,0.0,0.348,0.36161659574467897,0.9,-0.9393934042553213,0.15,0.0,0.9393934042553213,-0.008544135042553217,0.0008497989999999956,0.4291311347517737
2025-06-29 10:30:00,1.64901,1.64901,0.0,0.612,0.0,0.9,-1.03701,0.15,0.0,1.03701,-0.0103701,0.0,0.54967
2025-06-29 10:45:00,1.6595550000000003,1.6595550000000003,0.0,0.56,0.0,0.9,-1.0995550000000003,0.15,0.0,1.0995550000000003,-0.010995550000000003,0.0,0.5531850000000001
2025-06-29 11:00:00,1.6595550000000001,1.6595550000000003,2.220446049250313e-16,0.388,0.0,0.9,-1.2715550000000002,0.15,0.0,1.2715550000000002,-0.012715550000000003,0.0,0.553185
2025-06-29 11:15:00,1.6595550000000003,1.6595550000000003,0.0,1.46,0.0,0.9,-0.19955500000000037,0.15,0.0,0.19955500000000037,-0.001995550000000004,0.0,0.5531850000000001
2025-06-29 11:30:00,1.6595550000000003,1.6595550000000003,0.0,1.28,0.0,0.9,-0.3795550000000003,0.15,0.0,0.3795550000000003,-0.003795550000000003,0.0,0.5531850000000001
2025-06-29 11:45:00,1.6115325,1.6115325,0.0,0.788,0.0,0.9,-0.8235325,0.15,0.0,0.8235325,-0.008235325,0.0,0.5371775
2025-06-29 12:00:00,1.6115325,1.6115325,0.0,0.984,0.0,0.9,-0.6275325,0.15,0.0,0.6275325,-0.006275325000000001,0.0,0.5371775
2025-06-29 12:15:00,1.6115325,1.6115325,0.0,1.528,0.0,0.9,-0.08353250000000001,0.15,0.0,0.08353250000000001,-0.0008353250000000002,0.0,0.5371775
2025-06-29 12:30:00,1.6115325,1.6115325,0.0,1.028,0.0,0.9,-0.5835325,0.15,0.0,0.5835325,-0.005835325000000001,0.0,0.5371775
2025-06-29 12:45:00,1.6505775000000003,1.6505775000000003,0.0,1.484,0.0,0.9,-0.16657750000000027,0.15,0.0,0.16657750000000027,-0.0016657750000000028,0.0,0.5501925000000001
2025-06-29 13:00:00,1.6505775000000003,1.6505775000000003,0.0,0.656,0.0,0.9,-0.9945775000000002,0.15,0.0,0.9945775000000002,-0.009945775000000002,0.0,0.5501925000000001
2025-06-29 13:15:00,1.6505775000000003,1.6505775000000003,0.0,1.456,0.0,0.9,-0.1945775000000003,0.15,0.0,0.1945775000000003,-0.0019457750000000029,0.0,0.5501925000000001
2025-06-29 13:30:00,1.6505775000000003,1.6505775000000003,0.0,1.78,-0.12942249999999977,0.8931158244680851,0.0,0.15,0.0,0.0,0.00034420877659574413,0.00034420877659574413,0.5933333333333334
2025-06-29 13:45:00,1.6290600000000002,1.6290600000000002,0.0,1.84,-0.2109399999999999,0.8818956117021276,0.0,0.15,0.0,0.0,0.0005610106382978722,0.0005610106382978722,0.6133333333333334
2025-06-29 14:00:00,1.62906,1.6290600000000002,2.220446049250313e-16,0.82,0.3851997510185612,0.9,-0.4238602489814388,0.15,0.0,0.4238602489814388,-0.0033333830749207693,0.0009052194148936188,0.414620082993813
2025-06-29 14:15:00,1.6290600000000004,1.6290600000000002,0.0,0.568,0.0,0.9,-1.0610600000000003,0.15,0.0,1.0610600000000003,-0.010610600000000003,0.0,0.5430200000000002
2025-06-29 14:30:00,1.6290600000000002,1.6290600000000002,0.0,0.66,0.0,0.9,-0.9690600000000001,0.15,0.0,0.9690600000000001,-0.009690600000000002,0.0,0.5430200000000001
2025-06-29 14:45:00,1.6259250000000003,1.6259250000000003,0.0,0.656,0.0,0.9,-0.9699250000000003,0.15,0.0,0.9699250000000003,-0.009699250000000003,0.0,0.5419750000000001
2025-06-29 15:00:00,1.6259250000000003,1.6259250000000003,0.0,0.648,0.0,0.9,-0.9779250000000003,0.15,0.0,0.9779250000000003,-0.009779250000000003,0.0,0.5419750000000001
2025-06-29 15:15:00,1.6259250000000003,1.6259250000000003,0.0,0.46,0.0,0.9,-1.1659250000000003,0.15,0.0,1.1659250000000003,-0.011659250000000003,0.0,0.5419750000000001
2025-06-29 15:30:00,1.6259250000000003,1.6259250000000003,0.0,0.484,0.0,0.9,-1.1419250000000003,0.15,0.0,1.1419250000000003,-0.011419250000000004,0.0,0.5419750000000001
2025-06-29 15:45:00,1.5613725000000003,1.5613725000000003,0.0,0.46,0.0,0.9,-1.1013725000000003,0.15,0.0,1.1013725000000003,-0.011013725000000004,0.0,0.5204575000000001
2025-06-29 16:00:00,1.5613725000000003,1.5613725000000003,0.0,1.304,0.0,0.9,-0.2573725000000002,0.15,0.0,0.2573725000000002,-0.0025737250000000024,0.0,0.5204575000000001
2025-06-29 16:15:00,1.5613725000000003,1.5613725000000003,0.0,0.852,0.0,0.9,-0.7093725000000003,0.15,0.0,0.7093725000000003,-0.007093725000000003,0.0,0.5204575000000001
2025-06-29 16:30:00,1.5613725000000003,1.5613725000000003,0.0,0.768,0.0,0.9,-0.7933725000000003,0.15,0.0,0.7933725000000003,-0.007933725000000003,0.0,0.5204575000000001
2025-06-29 16:45:00,1.3346550000000001,1.3346550000000001,0.0,0.82,0.0,0.9,-0.5146550000000002,0.15,0.0,0.5146550000000002,-0.005146550000000002,0.0,0.44488500000000003
2025-06-29 17:00:00,1.3346550000000001,1.3346550000000001,0.0,0.84,0.0,0.9,-0.4946550000000002,0.15,0.0,0.4946550000000002,-0.004946550000000002,0.0,0.44488500000000003
2025-06-29 17:15:00,1.3346550000000001,1.3346550000000001,0.0,0.64,0.0,0.9,-0.6946550000000001,0.15,0.0,0.6946550000000001,-0.006946550000000002,0.0,0.44488500000000003
2025-06-29 17:30:00,1.3346550000000001,1.3346550000000001,0.0,0.632,0.0,0.9,-0.7026550000000001,0.15,0.0,0.7026550000000001,-0.007026550000000001,0.0,0.44488500000000003
2025-06-29 17:45:00,0.9778350000000001,0.9778350000000001,0.0,0.864,0.0,0.9,-0.11383500000000013,0.15,0.0,0.11383500000000013,-0.0011383500000000013,0.0,0.32594500000000004
2025-06-29 18:00:00,0.9778350000000001,0.9778350000000001,0.0,0.712,0.0,0.9,-0.26583500000000015,0.15,0.0,0.26583500000000015,-0.0026583500000000016,0.0,0.32594500000000004
2025-06-29 18:15:00,0.9778350000000001,0.9778350000000001,0.0,0.592,0.0,0.9,-0.38583500000000015,0.15,0.0,0.38583500000000015,-0.0038583500000000017,0.0,0.32594500000000004
2025-06-29 18:30:00,0.9778350000000001,0.9778350000000001,0.0,0.476,0.0,0.9,-0.5018350000000001,0.15,0.0,0.5018350000000001,-0.005018350000000001,0.0,0.32594500000000004
2025-06-29 18:45:00,0.363375,0.363375,0.0,0.44,-0.076625,0.8959242021276597,0.0,0.15,0.0,0.0,0.00020378989361702132,0.00020378989361702132,0.14666666666666667
2025-06-29 19:00:00,0.363375,0.363375,0.0,0.444,-0.080625,0.8916356382978725,0.0,0.15,0.0,0.0,0.0002144281914893617,0.0002144281914893617,0.148
2025-06-29 19:15:00,0.363375,0.363375,0.0,0.412,-0.048624999999999974,0.8890492021276597,0.0,0.15,0.0,0.0,0.00012932180851063824,0.00012932180851063824,0.13733333333333334
2025-06-29 19:30:00,0.363375,0.363375,0.0,0.396,-0.032625000000000015,0.887313829787234,0.0,0.15,0.0,0.0,8.676861702127665e-05,8.676861702127665e-05,0.132
2025-06-29 19:45:00,0.0022800000000000003,0.0022800000000000003,0.0,0.408,-0.40571999999999997,0.8657329787234044,0.0,0.15,0.0,0.0,0.0010790425531914895,0.0010790425531914895,0.13599999999999998
2025-06-29 20:00:00,0.0022800000000000003,0.0022800000000000003,0.0,0.488,-0.48572,0.8398968085106384,0.0,0.15,0.0,0.0,0.001291808510638298,0.001291808510638298,0.16266666666666665
2025-06-29 20:15:00,0.0022800000000000003,0.0022800000000000003,0.0,0.496,-0.49372,0.8136351063829789,0.0,0.15,0.0,0.0,0.001313085106382979,0.001313085106382979,0.16533333333333333
2025-06-29 20:30:00,0.0022800000000000003,0.0022800000000000003,0.0,0.552,-0.5497200000000001,0.784394680851064,0.0,0.15,0.0,0.0,0.001462021276595745,0.001462021276595745,0.18400000000000002
2025-06-29 20:45:00,0.0,0.0,0.0,1.116,-1.116,0.7250329787234044,0.0,0.15,0.0,0.0,0.0029680851063829793,0.0029680851063829793,0.37200000000000005
2025-06-29 21:00:00,0.0,0.0,0.0,1.276,-1.276,0.6571606382978725,0.0,0.15,0.0,0.0,0.003393617021276596,0.003393617021276596,0.42533333333333334
2025-06-29 21:15:00,0.0,0.0,0.0,0.82,-0.82,0.6135436170212768,0.0,0.15,0.0,0.0,0.0021808510638297875,0.0021808510638297875,0.2733333333333333
2025-06-29 21:30:00,0.0,0.0,0.0,0.752,-0.752,0.5735436170212768,0.0,0.15,0.0,0.0,0.002,0.002,0.25066666666666665
2025-06-29 21:45:00,0.0,0.0,0.0,0.768,-0.768,0.5326925531914896,0.0,0.15,0.0,0.0,0.002042553191489362,0.002042553191489362,0.256
2025-06-29 22:00:00,0.0,0.0,0.0,0.912,-0.912,0.48418191489361717,0.0,0.15,0.0,0.0,0.0024255319148936173,0.0024255319148936173,0.304
2025-06-29 22:15:00,0.0,0.0,0.0,0.796,-0.796,0.4418414893617023,0.0,0.15,0.0,0.0,0.002117021276595745,0.002117021276595745,0.26533333333333337
2025-06-29 22:30:00,0.0,0.0,0.0,1.084,-1.084,0.3841819148936172,0.0,0.15,0.0,0.0,0.002882978723404256,0.002882978723404256,0.36133333333333334
2025-06-29 22:45:00,0.0,0.0,0.0,0.788,-0.788,0.3422670212765959,0.0,0.15,0.0,0.0,0.002095744680851064,0.002095744680851064,0.26266666666666666
2025-06-29 23:00:00,0.0,0.0,0.0,0.78,-0.78,0.3007776595744683,0.0,0.15,0.0,0.0,0.002074468085106383,0.002074468085106383,0.26
2025-06-29 23:15:00,0.0,0.0,0.0,0.772,-0.772,0.25971382978723423,0.0,0.15,0.0,0.0,0.0020531914893617024,0.0020531914893617024,0.25733333333333336
2025-06-29 23:30:00,0.0,0.0,0.0,0.728,-0.728,0.22099042553191506,0.0,0.15,0.0,0.0,0.0019361702127659575,0.0019361702127659575,0.24266666666666667
2025-06-29 23:45:00,0.0,0.0,0.0,0.684,-0.684,0.1846074468085108,0.0,0.15,0.0,0.0,0.001819148936170213,0.001819148936170213,0.228
2025-06-30 00:00:00,0.0,0.0,0.0,0.772,-0.772,0.14354361702127677,0.0,0.15,0.0,0.0,0.0020531914893617024,0.0020531914893617024,0.25733333333333336
2025-06-30 00:15:00,0.0,0.0,0.0,0.732,-0.732,0.10460744680851079,0.0,0.15,0.0,0.0,0.0019468085106382979,0.0019468085106382979,0.244
2025-06-30 00:30:00,0.0,0.0,0.0,0.708,-0.08662000000000296,0.1,0.621379999999997,0.15,0.621379999999997,0.0,0.02353212234042543,0.00023037234042553982,0.02887333333333432
2025-06-30 00:45:00,0.0,0.0,0.0,0.684,0.0,0.1,0.684,0.15,0.684,0.0,0.025650000000000003,0.0,0.0
2025-06-30 01:00:00,0.0,0.0,0.0,1.06,0.0,0.1,1.06,0.15,1.06,0.0,0.03975,0.0,0.0
2025-06-30 01:15:00,0.0,0.0,0.0,1.936,0.0,0.1,1.936,0.15,1.936,0.0,0.0726,0.0,0.0
2025-06-30 01:30:00,0.0,0.0,0.0,0.8,0.0,0.1,0.8,0.15,0.8,0.0,0.03,0.0,0.0
2025-06-30 01:45:00,0.0,0.0,0.0,1.292,0.0,0.1,1.292,0.15,1.292,0.0,0.04845,0.0,0.0
2025-06-30 02:00:00,0.0,0.0,0.0,0.408,0.0,0.1,0.408,0.15,0.408,0.0,0.015299999999999998,0.0,0.0
2025-06-30 02:15:00,0.0,0.0,0.0,0.288,0.0,0.1,0.288,0.15,0.288,0.0,0.010799999999999999,0.0,0.0
2025-06-30 02:30:00,0.0,0.0,0.0,0.196,0.0,0.1,0.196,0.15,0.196,0.0,0.00735,0.0,0.0
2025-06-30 02:45:00,0.0,0.0,0.0,0.264,0.0,0.1,0.264,0.15,0.264,0.0,0.0099,0.0,0.0
2025-06-30 03:00:00,0.0,0.0,0.0,0.272,0.0,0.1,0.272,0.15,0.272,0.0,0.0102,0.0,0.0
2025-06-30 03:15:00,0.0,0.0,0.0,0.256,0.0,0.1,0.256,0.15,0.256,0.0,0.0096,0.0,0.0
2025-06-30 03:30:00,0.0,0.0,0.0,0.236,0.0,0.1,0.236,0.15,0.236,0.0,0.008849999999999998,0.0,0.0
2025-06-30 03:45:00,0.0,0.0,0.0,0.188,0.0,0.1,0.188,0.15,0.188,0.0,0.00705,0.0,0.0
2025-06-30 04:00:00,0.0,0.0,0.0,0.228,0.0,0.1,0.228,0.15,0.228,0.0,0.00855,0.0,0.0
2025-06-30 04:15:00,0.0,0.0,0.0,0.228,0.0,0.1,0.228,0.15,0.228,0.0,0.00855,0.0,0.0
2025-06-30 04:30:00,0.0,0.0,0.0,0.22,0.0,0.1,0.22,0.15,0.22,0.0,0.00825,0.0,0.0
2025-06-30 04:45:00,0.043035000000000004,0.043035000000000004,0.0,0.208,0.0,0.1,0.16496499999999997,0.15,0.16496499999999997,0.0,0.006186187499999999,0.0,0.014345000000000002
2025-06-30 05:00:00,0.043035000000000004,0.043035000000000004,0.0,0.188,0.0,0.1,0.144965,0.15,0.144965,0.0,0.0054361875,0.0,0.014345000000000002
2025-06-30 05:15:00,0.043035000000000004,0.043035000000000004,0.0,0.224,0.0,0.1,0.180965,0.15,0.180965,0.0,0.0067861875,0.0,0.014345000000000002
2025-06-30 05:30:00,0.043035000000000004,0.043035000000000004,0.0,0.22,0.0,0.1,0.17696499999999998,0.15,0.17696499999999998,0.0,0.006636187499999999,0.0,0.014345000000000002
2025-06-30 05:45:00,0.5350875,0.5350875,0.0,0.22,0.3150875000000001,0.1148091125,0.0,0.15,0.0,0.0,0.0007404556250000001,0.0007404556250000001,0.07333333333333333
2025-06-30 06:00:00,0.5350875,0.5350875,0.0,0.2,0.33508750000000004,0.130558225,0.0,0.15,0.0,0.0,0.000787455625,0.000787455625,0.06666666666666667
2025-06-30 06:15:00,0.5350875,0.5350875,0.0,0.208,0.3270875000000001,0.1459313375,0.0,0.15,0.0,0.0,0.0007686556250000001,0.0007686556250000001,0.06933333333333333
2025-06-30 06:30:00,0.5350875,0.5350875,0.0,0.22,0.3150875000000001,0.16074045,0.0,0.15,0.0,0.0,0.0007404556250000001,0.0007404556250000001,0.07333333333333333
2025-06-30 06:45:00,1.1221875000000001,1.1221875000000001,0.0,0.212,0.9101875000000001,0.20351926250000002,0.0,0.15,0.0,0.0,0.0021389406250000003,0.0021389406250000003,0.07066666666666667
2025-06-30 07:00:00,1.1221875000000001,1.1221875000000001,0.0,0.208,0.9141875000000002,0.24648607500000003,0.0,0.15,0.0,0.0,0.0021483406250000004,0.0021483406250000004,0.06933333333333333
2025-06-30 07:15:00,1.1221875000000001,1.1221875000000001,0.0,0.688,0.43418750000000017,0.2668928875,0.0,0.15,0.0,0.0,0.0010203406250000003,0.0010203406250000003,0.2293333333333333
2025-06-30 07:30:00,1.1221875000000001,1.1221875000000001,0.0,0.484,0.6381875000000001,0.29688770000000003,0.0,0.15,0.0,0.0,0.0014997406250000004,0.0014997406250000004,0.16133333333333333
2025-06-30 07:45:00,1.4215800000000003,1.4215800000000003,0.0,0.256,1.1655800000000003,0.35166996000000006,0.0,0.15,0.0,0.0,0.0027391130000000005,0.0027391130000000005,0.08533333333333333
2025-06-30 08:00:00,1.4215800000000003,1.4215800000000003,0.0,0.244,1.1775800000000003,0.40701622000000004,0.0,0.15,0.0,0.0,0.002767313000000001,0.002767313000000001,0.08133333333333333
2025-06-30 08:15:00,1.4215800000000003,1.4215800000000003,0.0,0.32,1.1015800000000002,0.45879048000000006,0.0,0.15,0.0,0.0,0.0025887130000000003,0.0025887130000000003,0.10666666666666667
2025-06-30 08:30:00,1.42158,1.4215800000000003,2.220446049250313e-16,0.372,1.0495800000000002,0.5081207400000001,0.0,0.15,0.0,0.0,0.002466513,0.002466513,0.124
2025-06-30 08:45:00,1.5948600000000002,1.5948600000000002,0.0,0.324,1.27086,0.56785116,0.0,0.15,0.0,0.0,0.0029865210000000002,0.0029865210000000002,0.108
2025-06-30 09:00:00,1.5948600000000002,1.5948600000000002,0.0,0.264,1.3308600000000002,0.63040158,0.0,0.15,0.0,0.0,0.0031275210000000003,0.0031275210000000003,0.08800000000000001
2025-06-30 09:15:00,1.5948600000000002,1.5948600000000002,0.0,0.2,1.3948600000000002,0.69596,0.0,0.15,0.0,0.0,0.0032779210000000005,0.0032779210000000005,0.06666666666666667
2025-06-30 09:30:00,1.5948600000000002,1.5948600000000002,0.0,0.28,1.3148600000000001,0.75775842,0.0,0.15,0.0,0.0,0.003089921,0.003089921,0.09333333333333334
2025-06-30 09:45:00,1.6327650000000002,1.6327650000000002,0.0,0.332,1.3007650000000002,0.818894375,0.0,0.15,0.0,0.0,0.0030567977500000005,0.0030567977500000005,0.11066666666666668
2025-06-30 10:00:00,1.6327650000000002,1.6327650000000002,0.0,0.296,1.3367650000000002,0.88172233,0.0,0.15,0.0,0.0,0.0031413977500000002,0.0031413977500000002,0.09866666666666667
2025-06-30 10:15:00,1.6327650000000002,1.6327650000000002,0.0,0.26,0.38888659574468043,0.9,-0.9838784042553198,0.15,0.0,0.9838784042553198,-0.0089249005425532,0.000913883499999999,0.4146261347517733
2025-06-30 10:30:00,1.6327650000000002,1.6327650000000002,0.0,0.232,0.0,0.9,-1.4007650000000003,0.15,0.0,1.4007650000000003,-0.014007650000000003,0.0,0.544255
2025-06-30 10:45:00,1.631625,1.631625,0.0,0.504,0.0,0.9,-1.127625,0.15,0.0,1.127625,-0.011276250000000002,0.0,0.543875
2025-06-30 11:00:00,1.631625,1.631625,0.0,0.708,0.0,0.9,-0.9236250000000001,0.15,0.0,0.9236250000000001,-0.009236250000000001,0.0,0.543875
2025-06-30 11:15:00,1.631625,1.631625,0.0,0.584,0.0,0.9,-1.047625,0.15,0.0,1.047625,-0.010476250000000001,0.0,0.543875
2025-06-30 11:30:00,1.631625,1.631625,0.0,0.452,0.0,0.9,-1.1796250000000001,0.15,0.0,1.1796250000000001,-0.011796250000000001,0.0,0.543875
2025-06-30 11:45:00,1.6240725000000003,1.6240725000000003,0.0,0.496,0.0,0.9,-1.1280725000000003,0.15,0.0,1.1280725000000003,-0.011280725000000004,0.0,0.5413575
2025-06-30 12:00:00,1.6240725000000003,1.6240725000000003,0.0,0.448,0.0,0.9,-1.1760725000000003,0.15,0.0,1.1760725000000003,-0.011760725000000003,0.0,0.5413575
2025-06-30 12:15:00,1.6240725000000003,1.6240725000000003,0.0,0.448,0.0,0.9,-1.1760725000000003,0.15,0.0,1.1760725000000003,-0.011760725000000003,0.0,0.5413575
2025-06-30 12:30:00,1.6240725000000003,1.6240725000000003,0.0,0.492,0.0,0.9,-1.1320725000000003,0.15,0.0,1.1320725000000003,-0.011320725000000002,0.0,0.5413575
2025-06-30 12:45:00,1.5965700000000003,1.5965700000000003,0.0,0.344,0.0,0.9,-1.2525700000000004,0.15,0.0,1.2525700000000004,-0.012525700000000004,0.0,0.53219
2025-06-30 13:00:00,1.5965700000000003,1.5965700000000003,0.0,0.536,0.0,0.9,-1.0605700000000002,0.15,0.0,1.0605700000000002,-0.010605700000000003,0.0,0.53219
2025-06-30 13:15:00,1.5965700000000003,1.5965700000000003,0.0,0.288,0.0,0.9,-1.3085700000000002,0.15,0.0,1.3085700000000002,-0.013085700000000002,0.0,0.53219
2025-06-30 13:30:00,1.5965700000000003,1.5965700000000003,0.0,0.376,0.0,0.9,-1.2205700000000004,0.15,0.0,1.2205700000000004,-0.012205700000000003,0.0,0.53219
2025-06-30 13:45:00,1.57434,1.57434,0.0,0.54,0.0,0.9,-1.03434,0.15,0.0,1.03434,-0.0103434,0.0,0.52478
2025-06-30 14:00:00,1.57434,1.57434,0.0,0.52,0.0,0.9,-1.05434,0.15,0.0,1.05434,-0.010543400000000001,0.0,0.52478
2025-06-30 14:15:00,1.57434,1.57434,0.0,0.784,0.0,0.9,-0.79034,0.15,0.0,0.79034,-0.007903400000000001,0.0,0.52478
2025-06-30 14:30:00,1.57434,1.57434,0.0,0.816,0.0,0.9,-0.7583400000000001,0.15,0.0,0.7583400000000001,-0.007583400000000001,0.0,0.52478
2025-06-30 14:45:00,1.544415,1.544415,0.0,0.824,0.0,0.9,-0.7204150000000001,0.15,0.0,0.7204150000000001,-0.007204150000000001,0.0,0.5148050000000001
2025-06-30 15:00:00,1.544415,1.544415,0.0,0.904,0.0,0.9,-0.6404150000000001,0.15,0.0,0.6404150000000001,-0.006404150000000001,0.0,0.5148050000000001
2025-06-30 15:15:00,1.544415,1.544415,0.0,1.216,0.0,0.9,-0.3284150000000001,0.15,0.0,0.3284150000000001,-0.0032841500000000013,0.0,0.5148050000000001
2025-06-30 15:30:00,1.544415,1.544415,0.0,1.064,0.0,0.9,-0.48041500000000004,0.15,0.0,0.48041500000000004,-0.00480415,0.0,0.5148050000000001
2025-06-30 15:45:00,1.4623350000000002,1.4623350000000002,0.0,0.992,0.0,0.9,-0.47033500000000017,0.15,0.0,0.47033500000000017,-0.004703350000000002,0.0,0.4874450000000001
2025-06-30 16:00:00,1.4623350000000002,1.4623350000000002,0.0,0.92,0.0,0.9,-0.5423350000000001,0.15,0.0,0.5423350000000001,-0.005423350000000001,0.0,0.4874450000000001
2025-06-30 16:15:00,1.4623350000000002,1.4623350000000002,0.0,1.044,0.0,0.9,-0.4183350000000001,0.15,0.0,0.4183350000000001,-0.0041833500000000015,0.0,0.4874450000000001
2025-06-30 16:30:00,1.4623350000000002,1.4623350000000002,0.0,0.848,0.0,0.9,-0.6143350000000002,0.15,0.0,0.6143350000000002,-0.006143350000000002,0.0,0.4874450000000001
2025-06-30 16:45:00,1.251435,1.251435,0.0,0.836,0.0,0.9,-0.4154350000000001,0.15,0.0,0.4154350000000001,-0.004154350000000001,0.0,0.41714500000000004
2025-06-30 17:00:00,1.251435,1.251435,0.0,0.788,0.0,0.9,-0.46343500000000004,0.15,0.0,0.46343500000000004,-0.004634350000000001,0.0,0.41714500000000004
2025-06-30 17:15:00,1.251435,1.251435,0.0,1.544,-0.29256499999999996,0.8844380319148936,0.0,0.15,0.0,0.0,0.0007780984042553191,0.0007780984042553191,0.5146666666666667
2025-06-30 17:30:00,1.251435,1.251435,0.0,0.796,0.33110570393843436,0.9,-0.12432929606156568,0.15,0.0,0.12432929606156568,-0.000465194556360336,0.0007780984042553207,0.3067764320205219
2025-06-30 17:45:00,0.843885,0.843885,0.0,0.74,0.0,0.9,-0.103885,0.15,0.0,0.103885,-0.00103885,0.0,0.281295
2025-06-30 18:00:00,0.843885,0.843885,0.0,0.768,0.0,0.9,-0.07588499999999998,0.15,0.0,0.07588499999999998,-0.0007588499999999998,0.0,0.281295
2025-06-30 18:15:00,0.843885,0.843885,0.0,0.772,0.0,0.9,-0.07188499999999998,0.15,0.0,0.07188499999999998,-0.0007188499999999998,0.0,0.281295
2025-06-30 18:30:00,0.843885,0.843885,0.0,0.648,0.0,0.9,-0.19588499999999998,0.15,0.0,0.19588499999999998,-0.00195885,0.0,0.281295
2025-06-30 18:45:00,0.26006250000000003,0.26006250000000003,0.0,0.608,-0.34793749999999996,0.8814926861702128,0.0,0.15,0.0,0.0,0.0009253656914893617,0.0009253656914893617,0.20266666666666666
2025-06-30 19:00:00,0.26006250000000003,0.26006250000000003,0.0,0.42,-0.15993749999999995,0.8729853723404256,0.0,0.15,0.0,0.0,0.00042536569148936157,0.00042536569148936157,0.13999999999999999
2025-06-30 19:15:00,0.26006250000000003,0.26006250000000003,0.0,0.552,-0.2919375,0.8574567819148937,0.0,0.15,0.0,0.0,0.0007764295212765958,0.0007764295212765958,0.18400000000000002
2025-06-30 19:30:00,0.26006250000000003,0.26006250000000003,0.0,0.704,-0.44393749999999993,0.8338430851063832,0.0,0.15,0.0,0.0,0.0011806848404255319,0.0011806848404255319,0.23466666666666666
2025-06-30 19:45:00,0.0035625000000000006,0.0035625000000000006,0.0,0.728,-0.7244375,0.795309175531915,0.0,0.15,0.0,0.0,0.0019266954787234042,0.0019266954787234042,0.24266666666666667
2025-06-30 20:00:00,0.0035625000000000006,0.0035625000000000006,0.0,1.656,-1.6524375,0.7074135638297874,0.0,0.15,0.0,0.0,0.0043947805851063835,0.0043947805851063835,0.5519999999999999
2025-06-30 20:15:00,0.0035625000000000006,0.0035625000000000006,0.0,3.068,-2.9964375,0.5480285904255321,0.06800000000000006,0.15,0.06800000000000006,0.0,0.010519248670212769,0.007969248670212767,1.0
2025-06-30 20:30:00,0.0035625000000000006,0.0035625000000000006,0.0,2.464,-2.4604375,0.4171542553191491,0.0,0.15,0.0,0.0,0.006543716755319149,0.006543716755319149,0.8213333333333334
2025-06-30 20:45:00,0.0,0.0,0.0,1.556,-1.556,0.3343882978723406,0.0,0.15,0.0,0.0,0.004138297872340426,0.004138297872340426,0.5186666666666667
2025-06-30 21:00:00,0.0,0.0,0.0,2.472,-2.472,0.20289893617021298,0.0,0.15,0.0,0.0,0.006574468085106383,0.006574468085106383,0.824
2025-06-30 21:15:00,0.0,0.0,0.0,1.376,-1.376,0.12970744680851085,0.0,0.15,0.0,0.0,0.0036595744680851063,0.0036595744680851063,0.4586666666666666
2025-06-30 21:30:00,0.0,0.0,0.0,1.228,-0.558500000000004,0.1,0.669499999999996,0.15,0.669499999999996,0.0,0.02659162234042539,0.0014853723404255426,0.186166666666668
2025-06-30 21:45:00,0.0,0.0,0.0,0.684,0.0,0.1,0.684,0.15,0.684,0.0,0.025650000000000003,0.0,0.0
2025-06-30 22:00:00,0.0,0.0,0.0,0.576,0.0,0.1,0.576,0.15,0.576,0.0,0.021599999999999998,0.0,0.0
2025-06-30 22:15:00,0.0,0.0,0.0,0.78,0.0,0.1,0.78,0.15,0.78,0.0,0.029249999999999998,0.0,0.0
2025-06-30 22:30:00,0.0,0.0,0.0,0.828,0.0,0.1,0.828,0.15,0.828,0.0,0.031049999999999998,0.0,0.0
2025-06-30 22:45:00,0.0,0.0,0.0,0.696,0.0,0.1,0.696,0.15,0.696,0.0,0.026099999999999998,0.0,0.0
2025-06-30 23:00:00,0.0,0.0,0.0,0.872,0.0,0.1,0.872,0.15,0.872,0.0,0.0327,0.0,0.0
2025-06-30 23:15:00,0.0,0.0,0.0,0.836,0.0,0.1,0.836,0.15,0.836,0.0,0.031349999999999996,0.0,0.0
2025-06-30 23:30:00,0.0,0.0,0.0,0.864,0.0,0.1,0.864,0.15,0.864,0.0,0.0324,0.0,0.0
2025-06-30 23:45:00,0.0,0.0,0.0,0.676,0.0,0.1,0.676,0.15,0.676,0.0,0.02535,0.0,0.0
2025-07-01 00:00:00,0.0,0.0,0.0,0.612,0.0,0.1,0.612,0.15,0.612,0.0,0.022949999999999998,0.0,0.0
2025-07-01 00:15:00,0.0,0.0,0.0,0.592,0.0,0.1,0.592,0.15,0.592,0.0,0.022199999999999998,0.0,0.0
2025-07-01 00:30:00,0.0,0.0,0.0,0.592,0.0,0.1,0.592,0.15,0.592,0.0,0.022199999999999998,0.0,0.0
2025-07-01 00:45:00,0.0,0.0,0.0,0.516,0.0,0.1,0.516,0.15,0.516,0.0,0.01935,0.0,0.0
2025-07-01 01:00:00,0.0,0.0,0.0,0.504,0.0,0.1,0.504,0.15,0.504,0.0,0.0189,0.0,0.0
2025-07-01 01:15:00,0.0,0.0,0.0,0.548,0.0,0.1,0.548,0.15,0.548,0.0,0.020550000000000002,0.0,0.0
2025-07-01 01:30:00,0.0,0.0,0.0,0.56,0.0,0.1,0.56,0.15,0.56,0.0,0.021,0.0,0.0
2025-07-01 01:45:00,0.0,0.0,0.0,0.588,0.0,0.1,0.588,0.15,0.588,0.0,0.022049999999999997,0.0,0.0
2025-07-01 02:00:00,0.0,0.0,0.0,0.604,0.0,0.1,0.604,0.15,0.604,0.0,0.02265,0.0,0.0
2025-07-01 02:15:00,0.0,0.0,0.0,0.564,0.0,0.1,0.564,0.15,0.564,0.0,0.02115,0.0,0.0
2025-07-01 02:30:00,0.0,0.0,0.0,0.44,0.0,0.1,0.44,0.15,0.44,0.0,0.0165,0.0,0.0
2025-07-01 02:45:00,0.0,0.0,0.0,0.396,0.0,0.1,0.396,0.15,0.396,0.0,0.01485,0.0,0.0
2025-07-01 03:00:00,0.0,0.0,0.0,0.388,0.0,0.1,0.388,0.15,0.388,0.0,0.01455,0.0,0.0
2025-07-01 03:15:00,0.0,0.0,0.0,0.38,0.0,0.1,0.38,0.15,0.38,0.0,0.014249999999999999,0.0,0.0
2025-07-01 03:30:00,0.0,0.0,0.0,0.364,0.0,0.1,0.364,0.15,0.364,0.0,0.013649999999999999,0.0,0.0
2025-07-01 03:45:00,0.0,0.0,0.0,0.464,0.0,0.1,0.464,0.15,0.464,0.0,0.0174,0.0,0.0
2025-07-01 04:00:00,0.0,0.0,0.0,0.376,0.0,0.1,0.376,0.15,0.376,0.0,0.0141,0.0,0.0
2025-07-01 04:15:00,0.0,0.0,0.0,0.28,0.0,0.1,0.28,0.15,0.28,0.0,0.0105,0.0,0.0
2025-07-01 04:30:00,0.0,0.0,0.0,0.244,0.0,0.1,0.244,0.15,0.244,0.0,0.00915,0.0,0.0
2025-07-01 04:45:00,0.020805,0.020805,0.0,0.248,0.0,0.1,0.227195,0.15,0.227195,0.0,0.0085198125,0.0,0.006935
2025-07-01 05:00:00,0.020805,0.020805,0.0,0.24,0.0,0.1,0.219195,0.15,0.219195,0.0,0.0082198125,0.0,0.006935
2025-07-01 05:15:00,0.020805,0.020805,0.0,0.252,0.0,0.1,0.231195,0.15,0.231195,0.0,0.0086698125,0.0,0.006935
2025-07-01 05:30:00,0.020805,0.020805,0.0,0.248,0.0,0.1,0.227195,0.15,0.227195,0.0,0.0085198125,0.0,0.006935
2025-07-01 05:45:00,0.21104250000000005,0.21104250000000005,0.0,0.24,0.0,0.1,0.02895749999999994,0.15,0.02895749999999994,0.0,0.0010859062499999977,0.0,0.07034750000000002
2025-07-01 06:00:00,0.21104250000000005,0.21104250000000005,0.0,0.28,0.0,0.1,0.06895749999999998,0.15,0.06895749999999998,0.0,0.0025859062499999992,0.0,0.07034750000000002
2025-07-01 06:15:00,0.21104250000000005,0.21104250000000005,0.0,0.288,0.0,0.1,0.07695749999999993,0.15,0.07695749999999993,0.0,0.0028859062499999974,0.0,0.07034750000000002
2025-07-01 06:30:00,0.21104250000000005,0.21104250000000005,0.0,0.288,0.0,0.1,0.07695749999999993,0.15,0.07695749999999993,0.0,0.0028859062499999974,0.0,0.07034750000000002
2025-07-01 06:45:00,0.7143525000000001,0.7143525000000001,0.0,0.296,0.41835250000000007,0.1196625675,0.0,0.15,0.0,0.0,0.0009831283750000002,0.0009831283750000002,0.09866666666666667
2025-07-01 07:00:00,0.7143525000000001,0.7143525000000001,0.0,0.332,0.38235250000000004,0.13763313500000002,0.0,0.15,0.0,0.0,0.000898528375,0.000898528375,0.11066666666666668
2025-07-01 07:15:00,0.7143525000000001,0.7143525000000001,0.0,0.36,0.35435250000000007,0.1542877025,0.0,0.15,0.0,0.0,0.0008327283750000002,0.0008327283750000002,0.12
2025-07-01 07:30:00,0.7143525000000001,0.7143525000000001,0.0,0.332,0.38235250000000004,0.17225827000000002,0.0,0.15,0.0,0.0,0.000898528375,0.000898528375,0.11066666666666668
2025-07-01 07:45:00,1.05051,1.05051,0.0,0.312,0.73851,0.20696824,0.0,0.15,0.0,0.0,0.0017354984999999998,0.0017354984999999998,0.104
2025-07-01 08:00:00,1.05051,1.05051,0.0,0.328,0.72251,0.24092620999999997,0.0,0.15,0.0,0.0,0.0016978985,0.0016978985,0.10933333333333334
2025-07-01 08:15:00,1.05051,1.05051,0.0,0.4,0.65051,0.27150018,0.0,0.15,0.0,0.0,0.0015286985,0.0015286985,0.13333333333333333
2025-07-01 08:30:00,1.05051,1.05051,0.0,0.396,0.65451,0.30226215,0.0,0.15,0.0,0.0,0.0015380985,0.0015380985,0.132
2025-07-01 08:45:00,0.29640000000000005,0.29640000000000005,0.0,0.392,-0.09559999999999996,0.29717704361702124,0.0,0.15,0.0,0.0,0.0002542553191489361,0.0002542553191489361,0.13066666666666668
2025-07-01 09:00:00,0.29640000000000005,0.29640000000000005,0.0,0.632,-0.33559999999999995,0.279325979787234,0.0,0.15,0.0,0.0,0.0008925531914893617,0.0008925531914893617,0.21066666666666667
2025-07-01 09:15:00,0.29640000000000005,0.29640000000000005,0.0,0.628,-0.33159999999999995,0.26168768191489356,0.0,0.15,0.0,0.0,0.0008819148936170212,0.0008819148936170212,0.20933333333333334
2025-07-01 09:30:00,0.29640000000000005,0.29640000000000005,0.0,0.904,-0.6075999999999999,0.22936853297872334,0.0,0.15,0.0,0.0,0.0016159574468085107,0.0016159574468085107,0.3013333333333333
2025-07-01 09:45:00,0.7247550000000001,0.7247550000000001,0.0,0.784,-0.05924499999999988,0.2262172031914893,0.0,0.15,0.0,0.0,0.0001575664893617018,0.0001575664893617018,0.26133333333333336
2025-07-01 10:00:00,0.7247550000000001,0.7247550000000001,0.0,0.752,-0.027244999999999853,0.22476800106382971,0.0,0.15,0.0,0.0,7.246010638297833e-05,7.246010638297833e-05,0.25066666666666665
2025-07-01 10:15:00,0.7247550000000001,0.7247550000000001,0.0,0.76,-0.03524499999999986,0.22289326702127651,0.0,0.15,0.0,0.0,9.373670212765921e-05,9.373670212765921e-05,0.25333333333333335
2025-07-01 10:30:00,0.7247550000000001,0.7247550000000001,0.0,0.8,-0.0752449999999999,0.21889087340425525,0.0,0.15,0.0,0.0,0.00020011968085106358,0.00020011968085106358,0.26666666666666666
2025-07-01 10:45:00,0.7294575000000001,0.7294575000000001,0.0,0.552,0.17745750000000005,0.2272313759042553,0.0,0.15,0.0,0.0,0.0004170251250000001,0.0004170251250000001,0.18400000000000002
2025-07-01 11:00:00,0.7294575000000001,0.7294575000000001,0.0,0.404,0.32545750000000007,0.24252787840425527,0.0,0.15,0.0,0.0,0.0007648251250000002,0.0007648251250000002,0.13466666666666668
2025-07-01 11:15:00,0.7294575000000001,0.7294575000000001,0.0,0.512,0.21745750000000008,0.2527483809042553,0.0,0.15,0.0,0.0,0.0005110251250000002,0.0005110251250000002,0.17066666666666666
2025-07-01 11:30:00,0.7294575000000001,0.7294575000000001,0.0,0.52,0.20945750000000007,0.2625928834042553,0.0,0.15,0.0,0.0,0.0004922251250000001,0.0004922251250000001,0.17333333333333334
2025-07-01 11:45:00,1.1307375000000002,1.1307375000000002,0.0,0.544,0.5867375000000001,0.2901695459042553,0.0,0.15,0.0,0.0,0.0013788331250000002,0.0013788331250000002,0.18133333333333335
2025-07-01 12:00:00,1.1307375000000002,1.1307375000000002,0.0,0.508,0.6227375000000002,0.3194382084042553,0.0,0.15,0.0,0.0,0.0014634331250000005,0.0014634331250000005,0.16933333333333334
2025-07-01 12:15:00,1.1307375000000002,1.1307375000000002,0.0,0.408,0.7227375000000003,0.3534068709042553,0.0,0.15,0.0,0.0,0.0016984331250000004,0.0016984331250000004,0.13599999999999998
2025-07-01 12:30:00,1.1307375000000002,1.1307375000000002,0.0,0.464,0.6667375000000002,0.3847435334042553,0.0,0.15,0.0,0.0,0.0015668331250000003,0.0015668331250000003,0.15466666666666667
2025-07-01 12:45:00,1.5789000000000002,1.5789000000000002,0.0,0.508,1.0709000000000002,0.4350758334042554,0.0,0.15,0.0,0.0,0.0025166150000000003,0.0025166150000000003,0.16933333333333334
2025-07-01 13:00:00,1.5789000000000002,1.5789000000000002,0.0,0.684,0.8949000000000001,0.4771361334042553,0.0,0.15,0.0,0.0,0.002103015,0.002103015,0.228
2025-07-01 13:15:00,1.5789000000000002,1.5789000000000002,0.0,0.82,0.7589000000000002,0.5128044334042554,0.0,0.15,0.0,0.0,0.0017834150000000004,0.0017834150000000004,0.2733333333333333
2025-07-01 13:30:00,1.5789000000000002,1.5789000000000002,0.0,0.78,0.7989000000000002,0.5503527334042554,0.0,0.15,0.0,0.0,0.0018774150000000003,0.0018774150000000003,0.26
2025-07-01 13:45:00,1.3802550000000002,1.3802550000000002,0.0,0.608,0.7722550000000002,0.5866487184042554,0.0,0.15,0.0,0.0,0.0018147992500000005,0.0018147992500000005,0.20266666666666666
2025-07-01 14:00:00,1.3802550000000002,1.3802550000000002,0.0,0.54,0.8402550000000002,0.6261407034042554,0.0,0.15,0.0,0.0,0.0019745992500000004,0.0019745992500000004,0.18000000000000002
2025-07-01 14:15:00,1.3802550000000002,1.3802550000000002,0.0,0.54,0.8402550000000002,0.6656326884042554,0.0,0.15,0.0,0.0,0.0019745992500000004,0.0019745992500000004,0.18000000000000002
2025-07-01 14:30:00,1.3802550000000002,1.3802550000000002,0.0,0.668,0.7122550000000002,0.6991086734042554,0.0,0.15,0.0,0.0,0.0016737992500000004,0.0016737992500000004,0.22266666666666668
2025-07-01 14:45:00,0.48920250000000004,0.48920250000000004,0.0,0.7,-0.21079749999999992,0.687896040425532,0.0,0.15,0.0,0.0,0.0005606316489361701,0.0005606316489361701,0.2333333333333333
2025-07-01 15:00:00,0.48920250000000004,0.48920250000000004,0.0,0.72,-0.23079749999999993,0.6756195776595746,0.0,0.15,0.0,0.0,0.0006138231382978722,0.0006138231382978722,0.24
2025-07-01 15:15:00,0.48920250000000004,0.48920250000000004,0.0,0.716,-0.22679749999999993,0.663555880851064,0.0,0.15,0.0,0.0,0.0006031848404255318,0.0006031848404255318,0.23866666666666667
2025-07-01 15:30:00,0.48920250000000004,0.48920250000000004,0.0,0.824,-0.3347974999999999,0.6457475031914894,0.0,0.15,0.0,0.0,0.0008904188829787233,0.0008904188829787233,0.27466666666666667
2025-07-01 15:45:00,0.3170625,0.3170625,0.0,0.756,-0.4389375,0.6223997638297873,0.0,0.15,0.0,0.0,0.0011673869680851063,0.0011673869680851063,0.252
2025-07-01 16:00:00,0.3170625,0.3170625,0.0,0.748,-0.4309375,0.5994775563829788,0.0,0.15,0.0,0.0,0.0011461103723404255,0.0011461103723404255,0.24933333333333332
2025-07-01 16:15:00,0.3170625,0.3170625,0.0,0.628,-0.3109375,0.5829383276595745,0.0,0.15,0.0,0.0,0.0008269614361702129,0.0008269614361702129,0.20933333333333334
2025-07-01 16:30:00,0.3170625,0.3170625,0.0,0.432,-0.11493749999999997,0.5768246308510638,0.0,0.15,0.0,0.0,0.00030568484042553187,0.00030568484042553187,0.144
2025-07-01 16:45:00,0.13195500000000002,0.13195500000000002,0.0,0.428,-0.296045,0.5610775563829787,0.0,0.15,0.0,0.0,0.0007873537234042553,0.0007873537234042553,0.1426666666666667
2025-07-01 17:00:00,0.13195500000000002,0.13195500000000002,0.0,0.428,-0.296045,0.5453304819148936,0.0,0.15,0.0,0.0,0.0007873537234042553,0.0007873537234042553,0.1426666666666667
2025-07-01 17:15:00,0.13195500000000002,0.13195500000000002,0.0,0.508,-0.37604499999999996,0.5253280882978724,0.0,0.15,0.0,0.0,0.0010001196808510637,0.0010001196808510637,0.16933333333333334
2025-07-01 17:30:00,0.13195500000000002,0.13195500000000002,0.0,0.64,-0.508045,0.49830441808510634,0.0,0.15,0.0,0.0,0.001351183510638298,0.001351183510638298,0.21333333333333335
2025-07-01 17:45:00,0.41553,0.41553,0.0,0.668,-0.25247,0.48487516276595743,0.0,0.15,0.0,0.0,0.0006714627659574469,0.0006714627659574469,0.22266666666666668
2025-07-01 18:00:00,0.41553,0.41553,0.0,0.712,-0.29646999999999996,0.46910548191489354,0.0,0.15,0.0,0.0,0.0007884840425531914,0.0007884840425531914,0.2373333333333333
2025-07-01 18:15:00,0.41553,0.41553,0.0,0.62,-0.20446999999999999,0.4582294180851063,0.0,0.15,0.0,0.0,0.0005438031914893617,0.0005438031914893617,0.20666666666666667
2025-07-01 18:30:00,0.41553,0.41553,0.0,0.472,-0.056469999999999965,0.45522569468085095,0.0,0.15,0.0,0.0,0.00015018617021276588,0.00015018617021276588,0.15733333333333333
2025-07-01 18:45:00,0.2674725,0.2674725,0.0,0.392,-0.12452750000000001,0.44860189148936164,0.0,0.15,0.0,0.0,0.0003311901595744681,0.0003311901595744681,0.13066666666666668
2025-07-01 19:00:00,0.2674725,0.2674725,0.0,0.412,-0.14452749999999998,0.4409142585106382,0.0,0.15,0.0,0.0,0.0003843816489361702,0.0003843816489361702,0.13733333333333334
2025-07-01 19:15:00,0.2674725,0.2674725,0.0,0.42,-0.15252749999999998,0.4328010936170211,0.0,0.15,0.0,0.0,0.0004056582446808511,0.0004056582446808511,0.13999999999999999
2025-07-01 19:30:00,0.2674725,0.2674725,0.0,0.404,-0.13652750000000002,0.42553899255319133,0.0,0.15,0.0,0.0,0.0003631050531914894,0.0003631050531914894,0.13466666666666668
2025-07-01 19:45:00,0.0012825,0.0012825,0.0,0.4,-0.3987175,0.4043306148936169,0.0,0.15,0.0,0.0,0.0010604188829787236,0.0010604188829787236,0.13333333333333333
2025-07-01 20:00:00,0.0012825,0.0012825,0.0,0.376,-0.3747175,0.38439883297872324,0.0,0.15,0.0,0.0,0.0009965890957446808,0.0009965890957446808,0.12533333333333332
2025-07-01 20:15:00,0.0012825,0.0012825,0.0,0.384,-0.3827175,0.364041519148936,0.0,0.15,0.0,0.0,0.0010178656914893618,0.0010178656914893618,0.128
2025-07-01 20:30:00,0.0012825,0.0012825,0.0,0.428,-0.42671749999999997,0.3413437797872339,0.0,0.15,0.0,0.0,0.0011348869680851063,0.0011348869680851063,0.14266666666666666
2025-07-01 20:45:00,0.0,0.0,0.0,0.388,-0.388,0.32070548191489345,0.0,0.15,0.0,0.0,0.0010319148936170214,0.0010319148936170214,0.12933333333333333
2025-07-01 21:00:00,0.0,0.0,0.0,0.364,-0.364,0.3013437797872339,0.0,0.15,0.0,0.0,0.0009680851063829787,0.0009680851063829787,0.12133333333333333
2025-07-01 21:15:00,0.0,0.0,0.0,1.076,-1.076,0.2441097372340424,0.0,0.15,0.0,0.0,0.002861702127659575,0.002861702127659575,0.3586666666666667
2025-07-01 21:30:00,0.0,0.0,0.0,0.728,-0.728,0.20538633297872325,0.0,0.15,0.0,0.0,0.0019361702127659575,0.0019361702127659575,0.24266666666666667
2025-07-01 21:45:00,0.0,0.0,0.0,0.692,-0.692,0.16857782234042537,0.0,0.15,0.0,0.0,0.0018404255319148936,0.0018404255319148936,0.23066666666666666
2025-07-01 22:00:00,0.0,0.0,0.0,0.692,-0.692,0.13176931170212752,0.0,0.15,0.0,0.0,0.0018404255319148936,0.0018404255319148936,0.23066666666666666
2025-07-01 22:15:00,0.0,0.0,0.0,0.744,-0.5972630599999972,0.1,0.1467369400000028,0.15,0.1467369400000028,0.0,0.007091100835106481,0.0015884655851063755,0.19908768666666574
2025-07-01 22:30:00,0.0,0.0,0.0,0.676,0.0,0.1,0.676,0.15,0.676,0.0,0.02535,0.0,0.0
2025-07-01 22:45:00,0.0,0.0,0.0,0.712,0.0,0.1,0.712,0.15,0.712,0.0,0.026699999999999998,0.0,0.0
