timestamp,solar_power,load_power,battery_power,battery_soc,grid_power,electricity_price,grid_import,grid_export,cost,degradation_cost
2025-04-01 00:00:00,0.0,0.456,-0.3280000000000009,0.4908888888888889,0.12799999999999911,0.15,0.12799999999999911,0.0,0.00571111111111108,0.0009111111111111136
2025-04-01 00:15:00,0.0,0.404,-0.404,0.4796666666666667,0.0,0.15,0.0,0.0,0.0011222222222222222,0.0011222222222222222
2025-04-01 00:30:00,0.0,1.972,-0.5480000000000013,0.4644444444444444,1.4239999999999986,0.15,1.4239999999999986,0.0,0.05492222222222217,0.0015222222222222256
2025-04-01 00:45:00,0.0,0.904,-0.904,0.43933333333333324,0.0,0.15,0.0,0.0,0.002511111111111111,0.002511111111111111
2025-04-01 01:00:00,0.0,1.696,-1.696,0.39222222222222214,0.0,0.15,0.0,0.0,0.004711111111111111,0.004711111111111111
2025-04-01 01:15:00,0.0,0.768,-0.768,0.3708888888888888,0.0,0.15,0.0,0.0,0.0021333333333333334,0.0021333333333333334
2025-04-01 01:30:00,0.0,0.56,-0.56,0.3553333333333333,0.0,0.15,0.0,0.0,0.0015555555555555557,0.0015555555555555557
2025-04-01 01:45:00,0.0,0.46,-0.46,0.3425555555555555,0.0,0.15,0.0,0.0,0.0012777777777777776,0.0012777777777777776
2025-04-01 02:00:00,0.0,0.404,-0.404,0.33133333333333326,0.0,0.15,0.0,0.0,0.0011222222222222222,0.0011222222222222222
2025-04-01 02:15:00,0.0,0.36,-0.312,0.32266666666666655,0.04799999999999999,0.15,0.04799999999999999,0.0,0.002666666666666666,0.0008666666666666667
2025-04-01 02:30:00,0.0,0.34,-0.22,0.3165555555555555,0.12000000000000002,0.15,0.12000000000000002,0.0,0.005111111111111111,0.0006111111111111111
2025-04-01 02:45:00,0.0,0.288,-0.22,0.3104444444444444,0.06799999999999998,0.15,0.06799999999999998,0.0,0.00316111111111111,0.0006111111111111111
2025-04-01 03:00:00,0.0,0.28,-0.26,0.30322222222222217,0.020000000000000018,0.15,0.020000000000000018,0.0,0.0014722222222222229,0.0007222222222222223
2025-04-01 03:15:00,0.0,0.296,-0.196,0.2977777777777777,0.09999999999999998,0.15,0.09999999999999998,0.0,0.004294444444444444,0.0005444444444444445
2025-04-01 03:30:00,0.0,0.22,-0.212,0.2918888888888888,0.008000000000000007,0.15,0.008000000000000007,0.0,0.0008888888888888891,0.0005888888888888889
2025-04-01 03:45:00,0.0,0.22,-0.208,0.28611111111111104,0.01200000000000001,0.15,0.01200000000000001,0.0,0.001027777777777778,0.0005777777777777778
2025-04-01 04:00:00,0.0,0.188,-0.188,0.2808888888888888,0.0,0.15,0.0,0.0,0.0005222222222222222,0.0005222222222222222
2025-04-01 04:15:00,0.0,0.276,-0.208,0.275111111111111,0.06800000000000003,0.15,0.06800000000000003,0.0,0.003127777777777779,0.0005777777777777778
2025-04-01 04:30:00,0.0,0.26,-0.236,0.26855555555555544,0.02400000000000002,0.15,0.02400000000000002,0.0,0.0015555555555555561,0.0006555555555555555
2025-04-01 04:45:00,0.0,0.228,-0.22,0.26244444444444437,0.008000000000000007,0.15,0.008000000000000007,0.0,0.0009111111111111113,0.0006111111111111111
2025-04-01 05:00:00,0.0,0.168,-0.168,0.25777777777777766,0.0,0.15,0.0,0.0,0.0004666666666666667,0.0004666666666666667
2025-04-01 05:15:00,0.0,0.192,-0.18,0.25277777777777766,0.01200000000000001,0.15,0.01200000000000001,0.0,0.0009500000000000003,0.0005
2025-04-01 05:30:00,0.0,0.232,-0.212,0.2468888888888888,0.020000000000000018,0.15,0.020000000000000018,0.0,0.0013388888888888895,0.0005888888888888889
2025-04-01 05:45:00,0.05186999999999999,0.196,-0.14413,0.2428852777777777,0.0,0.15,0.0,0.0,0.00040036111111111115,0.00040036111111111115
2025-04-01 06:00:00,0.05186999999999999,0.168,-0.11613000000000001,0.23965944444444434,0.0,0.15,0.0,0.0,0.00032258333333333336,0.00032258333333333336
2025-04-01 06:15:00,0.05186999999999999,0.208,-0.15613,0.23532249999999988,0.0,0.15,0.0,0.0,0.0004336944444444444,0.0004336944444444444
2025-04-01 06:30:00,0.05186999999999999,0.272,-0.22013000000000002,0.22920777777777768,0.0,0.15,0.0,0.0,0.0006114722222222223,0.0006114722222222223
2025-04-01 06:45:00,0.9275325,0.292,0.0,0.22920777777777768,-0.6355325000000001,0.15,0.0,0.6355325000000001,-0.0071497406250000005,0.0
2025-04-01 07:00:00,0.9275325,0.268,0.0,0.22920777777777768,-0.6595325,0.15,0.0,0.6595325,-0.007419740624999999,0.0
2025-04-01 07:15:00,0.9275325,0.236,0.0,0.22920777777777768,-0.6915325,0.15,0.0,0.6915325,-0.007779740625,0.0
2025-04-01 07:30:00,0.9275325,0.832,0.0,0.22920777777777768,-0.09553250000000002,0.15,0.0,0.09553250000000002,-0.0010747406250000001,0.0
2025-04-01 07:45:00,1.501095,0.548,0.0,0.22920777777777768,-0.953095,0.15,0.0,0.953095,-0.01072231875,0.0
2025-04-01 08:00:00,1.501095,0.208,0.0,0.22920777777777768,-1.293095,0.15,0.0,1.293095,-0.014547318750000001,0.0
2025-04-01 08:15:00,1.501095,0.352,0.0,0.22920777777777768,-1.149095,0.15,0.0,1.149095,-0.01292731875,0.0
2025-04-01 08:30:00,1.501095,0.352,0.0,0.22920777777777768,-1.149095,0.15,0.0,1.149095,-0.01292731875,0.0
2025-04-01 08:45:00,1.7627249999999997,0.312,0.0,0.22920777777777768,-1.4507249999999996,0.15,0.0,1.4507249999999996,-0.016320656249999996,0.0
2025-04-01 09:00:00,1.7627249999999997,0.252,0.0,0.22920777777777768,-1.5107249999999997,0.15,0.0,1.5107249999999997,-0.016995656249999994,0.0
2025-04-01 09:15:00,1.7627249999999997,0.248,0.0,0.22920777777777768,-1.5147249999999997,0.15,0.0,1.5147249999999997,-0.017040656249999994,0.0
2025-04-01 09:30:00,1.7627249999999997,0.228,0.0,0.22920777777777768,-1.5347249999999997,0.15,0.0,1.5347249999999997,-0.017265656249999997,0.0
2025-04-01 09:45:00,1.8637575,0.184,0.0,0.22920777777777768,-1.6797575,0.15,0.0,1.6797575,-0.018897271875,0.0
2025-04-01 10:00:00,1.8637575,0.352,0.0,0.22920777777777768,-1.5117574999999999,0.15,0.0,1.5117574999999999,-0.017007271874999997,0.0
2025-04-01 10:15:00,1.8637575,0.42,0.0,0.22920777777777768,-1.4437575,0.15,0.0,1.4437575,-0.016242271875,0.0
2025-04-01 10:30:00,1.8637575,0.42,0.0,0.22920777777777768,-1.4437575,0.15,0.0,1.4437575,-0.016242271875,0.0
2025-04-01 10:45:00,1.82628,0.408,0.0,0.22920777777777768,-1.41828,0.15,0.0,1.41828,-0.01595565,0.0
2025-04-01 11:00:00,1.82628,0.432,0.0,0.22920777777777768,-1.39428,0.15,0.0,1.39428,-0.01568565,0.0
2025-04-01 11:15:00,1.82628,0.372,0.0,0.22920777777777768,-1.4542799999999998,0.15,0.0,1.4542799999999998,-0.016360649999999997,0.0
2025-04-01 11:30:00,1.82628,0.268,0.9952157407407569,0.2516001319444447,-0.563064259259243,0.15,0.0,0.563064259259243,-0.004095237499999779,0.0022392354166667033
2025-04-01 11:45:00,1.8754424999999997,0.204,1.5745974999999999,0.28702857569444473,-0.09684499999999985,0.15,0.0,0.09684499999999985,0.002453338125000002,0.003542844375
2025-04-01 12:00:00,1.8754424999999997,0.224,1.4625975,0.31993701944444475,-0.1888449999999997,0.15,0.0,0.1888449999999997,0.0011663381250000032,0.003290844375
2025-04-01 12:15:00,1.8754424999999997,0.316,1.4585975,0.35275546319444473,-0.10084499999999963,0.15,0.0,0.10084499999999963,0.0021473381250000038,0.0032818443749999997
2025-04-01 12:30:00,1.8754424999999997,0.276,1.2065975,0.3799039069444447,-0.39284499999999967,0.15,0.0,0.39284499999999967,-0.0017046618749999953,0.0027148443750000003
2025-04-01 12:45:00,1.8928274999999997,0.244,1.3569274999999998,0.41043477569444475,-0.2918999999999998,0.15,0.0,0.2918999999999998,-0.0002307881249999982,0.0030530868749999995
2025-04-01 13:00:00,1.8928274999999997,0.228,1.3409274999999998,0.4406056444444447,-0.32389999999999985,0.15,0.0,0.32389999999999985,-0.0006267881249999987,0.0030170868749999995
2025-04-01 13:15:00,1.8928274999999997,0.364,1.4049274999999999,0.4722165131944447,-0.1238999999999999,0.15,0.0,0.1238999999999999,0.0017672118750000011,0.003161086875
2025-04-01 13:30:00,1.8928274999999997,0.436,1.3809274999999999,0.5032873819444447,-0.07589999999999986,0.15,0.0,0.07589999999999986,0.0022532118750000015,0.0031070868749999998
2025-04-01 13:45:00,1.8348299999999997,0.456,1.3571499999999999,0.5338232569444447,-0.02167999999999992,0.15,0.0,0.02167999999999992,0.0028096875000000006,0.0030535874999999997
2025-04-01 14:00:00,1.8348299999999997,0.432,1.3691499999999999,0.5646291319444446,-0.03367999999999993,0.15,0.0,0.03367999999999993,0.0027016875000000005,0.0030805875
2025-04-01 14:15:00,1.8348299999999997,0.428,1.3171499999999998,0.5942650069444446,-0.08967999999999998,0.15,0.0,0.08967999999999998,0.0019546875,0.0029635874999999995
2025-04-01 14:30:00,1.8348299999999997,0.396,1.3171499999999998,0.6239008819444446,-0.12168000000000001,0.15,0.0,0.12168000000000001,0.0015946874999999993,0.0029635874999999995
2025-04-01 14:45:00,1.8187274999999998,0.392,1.2944499999999999,0.6530260069444446,-0.13227749999999983,0.15,0.0,0.13227749999999983,0.0014243906250000016,0.0029125124999999997
2025-04-01 15:00:00,1.8187274999999998,0.408,1.1304499999999997,0.6784611319444446,-0.2802775000000002,0.15,0.0,0.2802775000000002,-0.0006096093750000021,0.0025435124999999997
2025-04-01 15:15:00,1.8187274999999998,0.444,1.1144499999999997,0.7035362569444445,-0.26027750000000016,0.15,0.0,0.26027750000000016,-0.0004206093750000026,0.0025075124999999992
2025-04-01 15:30:00,1.8187274999999998,0.424,1.0944499999999997,0.7281613819444446,-0.3002775000000002,0.15,0.0,0.3002775000000002,-0.0009156093750000028,0.0024625124999999993
2025-04-01 15:45:00,1.664115,0.404,0.9924799999999997,0.7504921819444446,-0.2676350000000002,0.15,0.0,0.2676350000000002,-0.0007778137500000027,0.0022330799999999993
2025-04-01 16:00:00,1.664115,0.34,0.9284799999999997,0.7713829819444447,-0.3956350000000002,0.15,0.0,0.3956350000000002,-0.0023618137500000026,0.0020890799999999997
2025-04-01 16:15:00,1.664115,0.288,1.0924799999999997,0.7959637819444446,-0.2836350000000003,0.15,0.0,0.2836350000000003,-0.0007328137500000036,0.0024580799999999996
2025-04-01 16:30:00,1.664115,0.28,1.0604799999999996,0.8198245819444446,-0.32363500000000034,0.15,0.0,0.32363500000000034,-0.0012548137500000044,0.002386079999999999
2025-04-01 16:45:00,1.0513649999999999,0.596,0.7999249999999998,0.8378228944444446,0.34455999999999987,0.15,0.34455999999999987,0.0,0.014720831249999995,0.0017998312499999997
2025-04-01 17:00:00,1.0513649999999999,0.244,0.5839249999999998,0.8509612069444445,-0.22344000000000008,0.15,0.0,0.22344000000000008,-0.001199868750000001,0.0013138312499999995
2025-04-01 17:15:00,1.0513649999999999,0.192,0.7079249999999998,0.8668895194444446,-0.15144000000000013,0.15,0.0,0.15144000000000013,-0.00011086875000000163,0.0015928312499999997
2025-04-01 17:30:00,1.0513649999999999,0.208,0.9319249999999998,0.8878578319444446,0.08855999999999986,0.15,0.08855999999999986,0.0,0.005417831249999994,0.0020968312499999994
2025-04-01 17:45:00,0.17955,0.208,-0.028450000000000003,0.8870675541666667,0.0,0.15,0.0,0.0,7.902777777777778e-05,7.902777777777778e-05
2025-04-01 18:00:00,0.17955,0.416,0.1335053703703693,0.890071425,0.3699553703703693,0.15,0.3699553703703693,0.0,0.014173713472222179,0.00030038708333333095
2025-04-01 18:15:00,0.17955,0.28,0.20263499999999993,0.8946307125,0.30308499999999994,0.15,0.30308499999999994,0.0,0.011821616249999996,0.00045592874999999985
2025-04-01 18:30:00,0.17955,0.276,0.2386349999999974,0.9,0.3350849999999974,0.15,0.3350849999999974,0.0,0.013102616249999897,0.0005369287499999942
2025-04-01 18:45:00,0.0,0.6,-0.18286,0.8949205555555556,0.41713999999999996,0.15,0.41713999999999996,0.0,0.01615069444444444,0.0005079444444444444
2025-04-01 19:00:00,0.0,0.684,-0.23086,0.8885077777777779,0.45314000000000004,0.15,0.45314000000000004,0.0,0.01763402777777778,0.0006412777777777778
2025-04-01 19:15:00,0.0,0.312,-0.21886,0.8824283333333334,0.09314,0.15,0.09314,0.0,0.004100694444444444,0.0006079444444444445
2025-04-01 19:30:00,0.0,0.304,-0.15886,0.8780155555555555,0.14514,0.15,0.14514,0.0,0.005884027777777777,0.0004412777777777778
2025-04-01 19:45:00,0.0,0.268,-0.232,0.8715711111111112,0.036000000000000004,0.15,0.036000000000000004,0.0,0.0019944444444444445,0.0006444444444444444
2025-04-01 20:00:00,0.0,0.42,-0.296,0.8633488888888889,0.124,0.15,0.124,0.0,0.005472222222222222,0.0008222222222222221
2025-04-01 20:15:00,0.0,0.452,-0.292,0.8552377777777778,0.16000000000000003,0.15,0.16000000000000003,0.0,0.006811111111111112,0.0008111111111111111
2025-04-01 20:30:00,0.0,0.476,-0.268,0.8477933333333334,0.20799999999999996,0.15,0.20799999999999996,0.0,0.008544444444444443,0.0007444444444444445
2025-04-01 20:45:00,0.0,0.58,-0.356,0.8379044444444446,0.22399999999999998,0.15,0.22399999999999998,0.0,0.009388888888888888,0.000988888888888889
2025-04-01 21:00:00,0.0,0.744,-0.42,0.8262377777777778,0.324,0.15,0.324,0.0,0.013316666666666666,0.0011666666666666665
2025-04-01 21:15:00,0.0,0.98,-0.716,0.8063488888888891,0.264,0.15,0.264,0.0,0.01188888888888889,0.0019888888888888886
2025-04-01 21:30:00,0.0,0.532,-0.468,0.7933488888888891,0.064,0.15,0.064,0.0,0.0037,0.0013000000000000002
2025-04-01 21:45:00,0.0,0.848,-0.732,0.7730155555555558,0.11599999999999999,0.15,0.11599999999999999,0.0,0.006383333333333333,0.002033333333333333
2025-04-01 22:00:00,0.0,0.544,-0.544,0.7579044444444447,0.0,0.15,0.0,0.0,0.001511111111111111,0.001511111111111111
2025-04-01 22:15:00,0.0,0.516,-0.516,0.7435711111111114,0.0,0.15,0.0,0.0,0.0014333333333333333,0.0014333333333333333
2025-04-01 22:30:00,0.0,0.46,-0.46,0.7307933333333336,0.0,0.15,0.0,0.0,0.0012777777777777776,0.0012777777777777776
2025-04-01 22:45:00,0.0,0.44,-0.44,0.7185711111111115,0.0,0.15,0.0,0.0,0.0012222222222222222,0.0012222222222222222
2025-04-01 23:00:00,0.0,0.48,-0.48,0.7052377777777781,0.0,0.15,0.0,0.0,0.0013333333333333333,0.0013333333333333333
2025-04-01 23:15:00,0.0,0.604,-0.592,0.6887933333333336,0.01200000000000001,0.15,0.01200000000000001,0.0,0.0020944444444444448,0.0016444444444444443
2025-04-01 23:30:00,0.0,0.68,-0.508,0.6746822222222225,0.17200000000000004,0.15,0.17200000000000004,0.0,0.007861111111111112,0.001411111111111111
2025-04-01 23:45:00,0.0,0.628,-0.44,0.6624600000000004,0.188,0.15,0.188,0.0,0.008272222222222222,0.0012222222222222222
2025-04-02 00:00:00,0.0,0.576,-0.456,0.6497933333333337,0.11999999999999994,0.15,0.11999999999999994,0.0,0.005766666666666665,0.0012666666666666668
2025-04-02 00:15:00,0.0,0.58,-0.404,0.6385711111111114,0.17599999999999993,0.15,0.17599999999999993,0.0,0.00772222222222222,0.0011222222222222222
2025-04-02 00:30:00,0.0,0.564,-0.564,0.6229044444444448,0.0,0.15,0.0,0.0,0.0015666666666666665,0.0015666666666666665
2025-04-02 00:45:00,0.0,0.556,-0.556,0.6074600000000003,0.0,0.15,0.0,0.0,0.0015444444444444446,0.0015444444444444446
2025-04-02 01:00:00,0.0,0.556,-0.556,0.592015555555556,0.0,0.15,0.0,0.0,0.0015444444444444446,0.0015444444444444446
2025-04-02 01:15:00,0.0,0.56,-0.56,0.5764600000000003,0.0,0.15,0.0,0.0,0.0015555555555555557,0.0015555555555555557
2025-04-02 01:30:00,0.0,0.552,-0.552,0.561126666666667,0.0,0.15,0.0,0.0,0.0015333333333333336,0.0015333333333333336
2025-04-02 01:45:00,0.0,0.536,-0.46,0.5483488888888892,0.07600000000000001,0.15,0.07600000000000001,0.0,0.004127777777777778,0.0012777777777777776
2025-04-02 02:00:00,0.0,0.504,-0.404,0.5371266666666671,0.09999999999999998,0.15,0.09999999999999998,0.0,0.004872222222222221,0.0011222222222222222
2025-04-02 02:15:00,0.0,0.492,-0.36,0.5271266666666671,0.132,0.15,0.132,0.0,0.00595,0.001
2025-04-02 02:30:00,0.0,0.452,-0.34,0.5176822222222227,0.11199999999999999,0.15,0.11199999999999999,0.0,0.0051444444444444445,0.0009444444444444445
2025-04-02 02:45:00,0.0,0.5,-0.288,0.5096822222222227,0.21200000000000002,0.15,0.21200000000000002,0.0,0.00875,0.0007999999999999999
2025-04-02 03:00:00,0.0,0.396,-0.28,0.5019044444444449,0.11599999999999999,0.15,0.11599999999999999,0.0,0.005127777777777778,0.0007777777777777778
2025-04-02 03:15:00,0.0,0.32,-0.296,0.4936822222222227,0.02400000000000002,0.15,0.02400000000000002,0.0,0.0017222222222222229,0.0008222222222222221
2025-04-02 03:30:00,0.0,1.524,-0.22,0.48757111111111157,1.304,0.15,1.304,0.0,0.04951111111111111,0.0006111111111111111
2025-04-02 03:45:00,0.0,0.556,-0.22,0.4814600000000005,0.3360000000000001,0.15,0.3360000000000001,0.0,0.013211111111111113,0.0006111111111111111
2025-04-02 04:00:00,0.0,0.512,-0.188,0.47623777777777826,0.324,0.15,0.324,0.0,0.012672222222222222,0.0005222222222222222
2025-04-02 04:15:00,0.0,0.964,-0.276,0.46857111111111155,0.688,0.15,0.688,0.0,0.026566666666666662,0.0007666666666666668
2025-04-02 04:30:00,0.0,0.216,-0.216,0.4625711111111116,0.0,0.15,0.0,0.0,0.0006,0.0006
2025-04-02 04:45:00,0.0,0.192,-0.192,0.4572377777777782,0.0,0.15,0.0,0.0,0.0005333333333333334,0.0005333333333333334
2025-04-02 05:00:00,0.0,0.192,-0.168,0.45257111111111153,0.023999999999999994,0.15,0.023999999999999994,0.0,0.0013666666666666664,0.0004666666666666667
2025-04-02 05:15:00,0.0,0.208,-0.192,0.4472377777777782,0.015999999999999986,0.15,0.015999999999999986,0.0,0.001133333333333333,0.0005333333333333334
2025-04-02 05:30:00,0.0,0.212,-0.212,0.44134888888888923,0.0,0.15,0.0,0.0,0.0005888888888888889,0.0005888888888888889
2025-04-02 05:45:00,0.0029925,0.188,-0.1850075,0.436209791666667,0.0,0.15,0.0,0.0,0.0005139097222222222,0.0005139097222222222
2025-04-02 06:00:00,0.0029925,0.212,-0.168,0.4315431250000003,0.041007499999999975,0.15,0.041007499999999975,0.0,0.0020044479166666657,0.0004666666666666667
2025-04-02 06:15:00,0.0029925,0.248,-0.208,0.42576534722222253,0.0370075,0.15,0.0370075,0.0,0.001965559027777778,0.0005777777777777778
2025-04-02 06:30:00,0.0029925,0.256,-0.2530075,0.4187373611111114,0.0,0.15,0.0,0.0,0.0007027986111111111,0.0007027986111111111
2025-04-02 06:45:00,0.0565725,1.772,-0.292,0.41062625000000025,1.4234275,0.15,1.4234275,0.0,0.05418964236111111,0.0008111111111111111
2025-04-02 07:00:00,0.0565725,1.732,0.0,0.41062625000000025,1.6754275,0.15,1.6754275,0.0,0.06282853125,0.0
2025-04-02 07:15:00,0.0565725,0.764,0.0,0.41062625000000025,0.7074275,0.15,0.7074275,0.0,0.026528531249999997,0.0
2025-04-02 07:30:00,0.0565725,1.3,0.0,0.41062625000000025,1.2434275000000001,0.15,1.2434275000000001,0.0,0.04662853125,0.0
2025-04-02 07:45:00,0.06141749999999999,0.212,0.0,0.41062625000000025,0.1505825,0.15,0.1505825,0.0,0.00564684375,0.0
2025-04-02 08:00:00,0.06141749999999999,0.164,0.0,0.41062625000000025,0.10258250000000002,0.15,0.10258250000000002,0.0,0.0038468437500000004,0.0
2025-04-02 08:15:00,0.06141749999999999,0.196,0.0,0.41062625000000025,0.13458250000000002,0.15,0.13458250000000002,0.0,0.005046843750000001,0.0
2025-04-02 08:30:00,0.06141749999999999,0.196,0.0,0.41062625000000025,0.13458250000000002,0.15,0.13458250000000002,0.0,0.005046843750000001,0.0
2025-04-02 08:45:00,0.514995,0.196,0.0,0.41062625000000025,-0.318995,0.15,0.0,0.318995,-0.0035886937499999996,0.0
2025-04-02 09:00:00,0.514995,0.156,0.0,0.41062625000000025,-0.35899499999999995,0.15,0.0,0.35899499999999995,-0.004038693749999999,0.0
2025-04-02 09:15:00,0.514995,0.252,0.0,0.41062625000000025,-0.262995,0.15,0.0,0.262995,-0.0029586937499999997,0.0
2025-04-02 09:30:00,0.514995,0.28,0.0,0.41062625000000025,-0.23499499999999995,0.15,0.0,0.23499499999999995,-0.0026436937499999995,0.0
2025-04-02 09:45:00,1.1276024999999998,0.404,0.0,0.41062625000000025,-0.7236024999999998,0.15,0.0,0.7236024999999998,-0.008140528124999998,0.0
2025-04-02 10:00:00,1.1276024999999998,0.42,0.0,0.41062625000000025,-0.7076024999999999,0.15,0.0,0.7076024999999999,-0.007960528124999998,0.0
2025-04-02 10:15:00,1.1276024999999998,0.416,0.0,0.41062625000000025,-0.7116024999999999,0.15,0.0,0.7116024999999999,-0.008005528125,0.0
2025-04-02 10:30:00,1.1276024999999998,0.404,0.0,0.41062625000000025,-0.7236024999999998,0.15,0.0,0.7236024999999998,-0.008140528124999998,0.0
2025-04-02 10:45:00,0.91998,0.4,0.0,0.41062625000000025,-0.51998,0.15,0.0,0.51998,-0.005849775,0.0
2025-04-02 11:00:00,0.91998,0.272,0.0,0.41062625000000025,-0.64798,0.15,0.0,0.64798,-0.007289775,0.0
2025-04-02 11:15:00,0.91998,0.58,0.0,0.41062625000000025,-0.33998000000000006,0.15,0.0,0.33998000000000006,-0.0038247750000000007,0.0
2025-04-02 11:30:00,0.91998,0.316,0.0,0.41062625000000025,-0.60398,0.15,0.0,0.60398,-0.006794774999999999,0.0
2025-04-02 11:45:00,1.1324474999999998,0.232,0.0,0.41062625000000025,-0.9004474999999998,0.15,0.0,0.9004474999999998,-0.010130034374999998,0.0
2025-04-02 12:00:00,1.1324474999999998,0.232,0.0,0.41062625000000025,-0.9004474999999998,0.15,0.0,0.9004474999999998,-0.010130034374999998,0.0
2025-04-02 12:15:00,1.1324474999999998,0.228,0.0,0.41062625000000025,-0.9044474999999998,0.15,0.0,0.9044474999999998,-0.010175034374999998,0.0
2025-04-02 12:30:00,1.1324474999999998,1.532,0.0,0.41062625000000025,0.3995525000000002,0.15,0.3995525000000002,0.0,0.014983218750000006,0.0
2025-04-02 12:45:00,0.6499425,0.476,0.0,0.41062625000000025,-0.1739425,0.15,0.0,0.1739425,-0.001956853125,0.0
2025-04-02 13:00:00,0.6499425,0.296,0.0,0.41062625000000025,-0.3539425,0.15,0.0,0.3539425,-0.0039818531249999995,0.0
2025-04-02 13:15:00,0.6499425,0.544,0.748966944444439,0.42747800625000015,0.6430244444444391,0.15,0.6430244444444391,0.0,0.02579859229166645,0.0016851756249999879
2025-04-02 13:30:00,0.6499425,0.44,1.4568274999999997,0.46025662500000014,1.2468849999999998,0.15,1.2468849999999998,0.0,0.05003604937499999,0.0032778618749999995
2025-04-02 13:45:00,1.4818574999999998,0.272,1.3788299999999998,0.4912803000000001,0.16897249999999997,0.15,0.16897249999999997,0.0,0.009438836249999999,0.0031023674999999997
2025-04-02 14:00:00,1.4818574999999998,0.328,1.4028299999999998,0.5228439750000001,0.24897250000000004,0.15,0.24897250000000004,0.0,0.012492836250000002,0.0031563675
2025-04-02 14:15:00,1.4818574999999998,0.364,1.4068299999999998,0.5544976500000002,0.28897249999999985,0.15,0.28897249999999985,0.0,0.014001836249999995,0.0031653675
2025-04-02 14:30:00,1.4818574999999998,0.508,1.4388299999999998,0.5868713250000002,0.4649725,0.15,0.4649725,0.0,0.02067383625,0.0032373675
2025-04-02 14:45:00,0.894045,0.32,1.4267274999999997,0.6189726937500002,0.8526824999999998,0.15,0.8526824999999998,0.0,0.03518573062499999,0.0032101368749999993
2025-04-02 15:00:00,0.894045,0.276,1.4107275,0.6507140625000002,0.7926825,0.15,0.7926825,0.0,0.032899730625,0.003174136875
2025-04-02 15:15:00,0.894045,0.424,1.3747274999999999,0.6816454312500001,0.9046824999999998,0.15,0.9046824999999998,0.0,0.03701873062499999,0.0030931368749999998
2025-04-02 15:30:00,0.894045,0.576,1.3947275,0.7130268000000001,1.0766825,0.15,1.0766825,0.0,0.043513730625000004,0.003138136875
2025-04-02 15:45:00,0.42949499999999996,0.732,1.2601149999999999,0.7413793875000001,1.56262,0.15,1.56262,0.0,0.06143350874999999,0.00283525875
2025-04-02 16:00:00,0.42949499999999996,0.496,1.324115,0.771171975,1.39062,0.15,1.39062,0.0,0.05512750875,0.0029792587500000003
2025-04-02 16:15:00,0.42949499999999996,1.06,1.376115,0.8021345625,2.00662,0.15,2.00662,0.0,0.07834450874999999,0.00309625875
2025-04-02 16:30:00,0.42949499999999996,1.036,1.384115,0.83327715,1.99062,0.15,1.99062,0.0,0.07776250875,0.0031142587500000004
2025-04-02 16:45:00,0.2565,1.152,0.4553649999999999,0.8435228625000001,1.3508649999999998,0.15,1.3508649999999998,0.0,0.051682008749999994,0.0010245712499999998
2025-04-02 17:00:00,0.2565,0.672,0.8073649999999999,0.861688575,1.2228649999999999,0.15,1.2228649999999999,0.0,0.047674008749999996,0.0018165712499999998
2025-04-02 17:15:00,0.2565,0.408,0.8593649999999999,0.8810242875000001,1.010865,0.15,1.010865,0.0,0.03984100875,0.00193357125
2025-04-02 17:30:00,0.2565,0.428,0.8433649999999985,0.9,1.0148649999999986,0.15,1.0148649999999986,0.0,0.03995500874999994,0.0018975712499999966
2025-04-02 17:45:00,0.06084749999999999,0.42,0.0,0.9,0.3591525,0.15,0.3591525,0.0,0.013468218749999998,0.0
2025-04-02 18:00:00,0.06084749999999999,0.352,-0.23645,0.8934319444444444,0.05470249999999999,0.15,0.05470249999999999,0.0,0.002708149305555555,0.0006568055555555554
2025-04-02 18:15:00,0.06084749999999999,0.384,-0.10045000000000004,0.8906416666666667,0.22270249999999997,0.15,0.22270249999999997,0.0,0.008630371527777776,0.0002790277777777779
2025-04-02 18:30:00,0.06084749999999999,0.46,-0.09645000000000004,0.8879625000000001,0.3027025,0.15,0.3027025,0.0,0.011619260416666666,0.00026791666666666674
2025-04-02 18:45:00,0.0,0.44,-0.44,0.8757402777777779,0.0,0.15,0.0,0.0,0.0012222222222222222,0.0012222222222222222
2025-04-02 19:00:00,0.0,0.352,-0.352,0.8659625000000002,0.0,0.15,0.0,0.0,0.0009777777777777777,0.0009777777777777777
2025-04-02 19:15:00,0.0,0.368,-0.312,0.8572958333333336,0.055999999999999994,0.15,0.055999999999999994,0.0,0.0029666666666666665,0.0008666666666666667
2025-04-02 19:30:00,0.0,0.436,-0.304,0.8488513888888891,0.132,0.15,0.132,0.0,0.005794444444444445,0.0008444444444444445
2025-04-02 19:45:00,0.0,0.388,0.0,0.8488513888888891,0.388,0.15,0.388,0.0,0.01455,0.0
2025-04-02 20:00:00,0.0,0.252,0.0,0.8488513888888891,0.252,0.15,0.252,0.0,0.00945,0.0
2025-04-02 20:15:00,0.0,1.548,-0.2737850000000151,0.8412462499999999,1.274214999999985,0.15,1.274214999999985,0.0,0.04854357638888837,0.0007605138888889309
2025-04-02 20:30:00,0.0,0.904,-0.37341749999999885,0.8308735416666666,0.5305825000000012,0.15,0.5305825000000012,0.0,0.02093411458333337,0.0010372708333333302
2025-04-02 20:45:00,0.0,0.632,-0.44541749999999825,0.8185008333333332,0.18658250000000176,0.15,0.18658250000000176,0.0,0.008234114583333394,0.0012372708333333285
2025-04-02 21:00:00,0.0,0.592,-0.592,0.8020563888888887,0.0,0.15,0.0,0.0,0.0016444444444444443,0.0016444444444444443
2025-04-02 21:15:00,0.0,0.724,-0.724,0.7819452777777776,0.0,0.15,0.0,0.0,0.002011111111111111,0.002011111111111111
2025-04-02 21:30:00,0.0,0.788,-0.532,0.7671674999999998,0.256,0.15,0.256,0.0,0.011077777777777777,0.001477777777777778
2025-04-02 21:45:00,0.0,0.788,-0.788,0.7452786111111109,0.0,0.15,0.0,0.0,0.002188888888888889,0.002188888888888889
2025-04-02 22:00:00,0.0,0.748,-0.544,0.7301674999999999,0.20399999999999996,0.15,0.20399999999999996,0.0,0.00916111111111111,0.001511111111111111
2025-04-02 22:15:00,0.0,0.724,-0.516,0.7158341666666665,0.20799999999999996,0.15,0.20799999999999996,0.0,0.009233333333333331,0.0014333333333333333
2025-04-02 22:30:00,0.0,0.66,-0.46,0.7030563888888887,0.2,0.15,0.2,0.0,0.008777777777777777,0.0012777777777777776
2025-04-02 22:45:00,0.0,0.52,-0.44,0.6908341666666665,0.08000000000000002,0.15,0.08000000000000002,0.0,0.004222222222222223,0.0012222222222222222
2025-04-02 23:00:00,0.0,0.536,-0.48,0.6775008333333331,0.05600000000000005,0.15,0.05600000000000005,0.0,0.003433333333333335,0.0013333333333333333
2025-04-02 23:15:00,0.0,0.52,-0.52,0.6630563888888886,0.0,0.15,0.0,0.0,0.0014444444444444446,0.0014444444444444446
2025-04-02 23:30:00,0.0,0.588,-0.588,0.6467230555555553,0.0,0.15,0.0,0.0,0.0016333333333333334,0.0016333333333333334
2025-04-02 23:45:00,0.0,0.612,-0.612,0.6297230555555553,0.0,0.15,0.0,0.0,0.0017,0.0017
2025-04-03 00:00:00,0.0,0.588,-0.576,0.6137230555555553,0.01200000000000001,0.15,0.01200000000000001,0.0,0.00205,0.0015999999999999999
2025-04-03 00:15:00,0.0,1.256,-0.58,0.5976119444444442,0.676,0.15,0.676,0.0,0.026961111111111113,0.001611111111111111
2025-04-03 00:30:00,0.0,1.256,-0.564,0.5819452777777776,0.6920000000000001,0.15,0.6920000000000001,0.0,0.02751666666666667,0.0015666666666666665
2025-04-03 00:45:00,0.0,1.376,-0.556,0.5665008333333331,0.8199999999999998,0.15,0.8199999999999998,0.0,0.03229444444444444,0.0015444444444444446
2025-04-03 01:00:00,0.0,0.428,-0.428,0.5546119444444442,0.0,0.15,0.0,0.0,0.0011888888888888889,0.0011888888888888889
2025-04-03 01:15:00,0.0,0.392,-0.392,0.5437230555555553,0.0,0.15,0.0,0.0,0.001088888888888889,0.001088888888888889
2025-04-03 01:30:00,0.0,0.32,-0.32,0.5348341666666665,0.0,0.15,0.0,0.0,0.0008888888888888889,0.0008888888888888889
2025-04-03 01:45:00,0.0,0.228,-0.228,0.5285008333333331,0.0,0.15,0.0,0.0,0.0006333333333333334,0.0006333333333333334
2025-04-03 02:00:00,0.0,0.38,-0.38,0.5179452777777775,0.0,0.15,0.0,0.0,0.0010555555555555557,0.0010555555555555557
2025-04-03 02:15:00,0.0,1.504,-0.492,0.5042786111111109,1.012,0.15,1.012,0.0,0.039316666666666666,0.0013666666666666666
2025-04-03 02:30:00,0.0,0.224,-0.224,0.4980563888888887,0.0,0.15,0.0,0.0,0.0006222222222222223,0.0006222222222222223
2025-04-03 02:45:00,0.0,0.196,-0.196,0.4926119444444443,0.0,0.15,0.0,0.0,0.0005444444444444445,0.0005444444444444445
2025-04-03 03:00:00,0.0,0.196,-0.196,0.48716749999999986,0.0,0.15,0.0,0.0,0.0005444444444444445,0.0005444444444444445
2025-04-03 03:15:00,0.0,0.22,-0.22,0.4810563888888888,0.0,0.15,0.0,0.0,0.0006111111111111111,0.0006111111111111111
2025-04-03 03:30:00,0.0,0.212,-0.212,0.47516749999999985,0.0,0.15,0.0,0.0,0.0005888888888888889,0.0005888888888888889
2025-04-03 03:45:00,0.0,0.212,-0.212,0.46927861111111097,0.0,0.15,0.0,0.0,0.0005888888888888889,0.0005888888888888889
2025-04-03 04:00:00,0.0,0.236,-0.236,0.46272305555555543,0.0,0.15,0.0,0.0,0.0006555555555555555,0.0006555555555555555
2025-04-03 04:15:00,0.0,0.384,-0.384,0.45205638888888877,0.0,0.15,0.0,0.0,0.0010666666666666667,0.0010666666666666667
2025-04-03 04:30:00,0.0,0.372,-0.216,0.4460563888888888,0.156,0.15,0.156,0.0,0.00645,0.0006
2025-04-03 04:45:00,0.0,0.328,-0.192,0.44072305555555547,0.136,0.15,0.136,0.0,0.005633333333333334,0.0005333333333333334
2025-04-03 05:00:00,0.0,0.272,-0.192,0.4353897222222221,0.08000000000000002,0.15,0.08000000000000002,0.0,0.0035333333333333336,0.0005333333333333334
2025-04-03 05:15:00,0.0,0.26,-0.208,0.4296119444444443,0.05200000000000002,0.15,0.05200000000000002,0.0,0.002527777777777778,0.0005777777777777778
2025-04-03 05:30:00,0.0,0.172,-0.172,0.4248341666666665,0.0,0.15,0.0,0.0,0.00047777777777777776,0.00047777777777777776
2025-04-03 05:45:00,0.0,0.184,-0.184,0.4197230555555554,0.0,0.15,0.0,0.0,0.0005111111111111111,0.0005111111111111111
2025-04-03 06:00:00,0.0,0.188,-0.188,0.41450083333333315,0.0,0.15,0.0,0.0,0.0005222222222222222,0.0005222222222222222
2025-04-03 06:15:00,0.0,0.172,-0.172,0.4097230555555553,0.0,0.15,0.0,0.0,0.00047777777777777776,0.00047777777777777776
2025-04-03 06:30:00,0.0,0.196,-0.196,0.4042786111111109,0.0,0.15,0.0,0.0,0.0005444444444444445,0.0005444444444444445
2025-04-03 06:45:00,0.06483749999999999,0.208,-0.1431625,0.4003018749999998,0.0,0.15,0.0,0.0,0.00039767361111111107,0.00039767361111111107
2025-04-03 07:00:00,0.06483749999999999,0.484,-0.4191625,0.38865847222222205,0.0,0.15,0.0,0.0,0.0011643402777777778,0.0011643402777777778
2025-04-03 07:15:00,0.06483749999999999,0.744,-0.6791625,0.369792847222222,0.0,0.15,0.0,0.0,0.0018865625,0.0018865625
2025-04-03 07:30:00,0.06483749999999999,1.244,-1.1791625,0.3370383333333331,0.0,0.15,0.0,0.0,0.0032754513888888885,0.0032754513888888885
2025-04-03 07:45:00,0.08150999999999999,0.68,-0.1505825,0.3328554861111109,0.44790750000000007,0.15,0.44790750000000007,0.0,0.017214815972222224,0.00041828472222222223
2025-04-03 08:00:00,0.08150999999999999,0.528,-0.10258250000000002,0.330005972222222,0.34390750000000003,0.15,0.34390750000000003,0.0,0.01318148263888889,0.00028495138888888895
2025-04-03 08:15:00,0.08150999999999999,0.428,-0.13458250000000002,0.32626756944444424,0.2119075,0.15,0.2119075,0.0,0.008320371527777778,0.0003738402777777778
2025-04-03 08:30:00,0.08150999999999999,0.24,-0.13458250000000002,0.3225291666666664,0.023907499999999998,0.15,0.023907499999999998,0.0,0.0012703715277777776,0.0003738402777777778
2025-04-03 08:45:00,0.20035499999999998,0.276,0.318995,0.32970655416666644,0.39464,0.15,0.39464,0.0,0.01551673875,0.00071773875
2025-04-03 09:00:00,0.20035499999999998,0.256,0.35899499999999995,0.3377839416666665,0.41464,0.15,0.41464,0.0,0.01635673875,0.0008077387499999999
2025-04-03 09:15:00,0.20035499999999998,0.224,0.262995,0.34370132916666646,0.28664,0.15,0.28664,0.0,0.011340738749999999,0.00059173875
2025-04-03 09:30:00,0.20035499999999998,0.16,0.23499499999999995,0.3489887166666664,0.19463999999999998,0.15,0.19463999999999998,0.0,0.007827738749999999,0.00052873875
2025-04-03 09:45:00,0.17028749999999998,0.168,0.7236024999999998,0.3652697729166664,0.7213149999999998,0.15,0.7213149999999998,0.0,0.028677418124999993,0.0016281056249999996
2025-04-03 10:00:00,0.17028749999999998,0.32,0.7076024999999999,0.3811908291666664,0.8573149999999999,0.15,0.8573149999999999,0.0,0.033741418125,0.0015921056249999998
2025-04-03 10:15:00,0.17028749999999998,0.264,0.7116024999999999,0.3972018854166664,0.805315,0.15,0.805315,0.0,0.031800418125,0.001601105625
2025-04-03 10:30:00,0.17028749999999998,0.216,0.7236024999999998,0.4134829416666664,0.7693149999999999,0.15,0.7693149999999999,0.0,0.030477418124999996,0.0016281056249999996
2025-04-03 10:45:00,0.2614875,0.26,0.51998,0.42518249166666633,0.5184925,0.15,0.5184925,0.0,0.020613423750000002,0.001169955
2025-04-03 11:00:00,0.2614875,0.208,0.64798,0.4397620416666664,0.5944925,0.15,0.5944925,0.0,0.02375142375,0.001457955
2025-04-03 11:15:00,0.2614875,0.404,0.33998000000000006,0.4474115916666664,0.4824925000000001,0.15,0.4824925000000001,0.0,0.018858423750000006,0.0007649550000000002
2025-04-03 11:30:00,0.2614875,0.448,0.60398,0.4610011416666664,0.7904925,0.15,0.7904925,0.0,0.031002423749999997,0.001358955
2025-04-03 11:45:00,0.24324749999999998,0.444,0.9004474999999998,0.4812612104166664,1.1012,0.15,1.1012,0.0,0.043321006875,0.0020260068749999994
2025-04-03 12:00:00,0.24324749999999998,0.404,0.9004474999999998,0.5015212791666664,1.0612,0.15,1.0612,0.0,0.041821006875,0.0020260068749999994
2025-04-03 12:15:00,0.24324749999999998,0.372,0.9044474999999998,0.5218713479166665,1.0332,0.15,1.0332,0.0,0.040780006875,0.0020350068749999998
2025-04-03 12:30:00,0.24324749999999998,0.452,-0.20875250000000004,0.5160726673611109,0.0,0.15,0.0,0.0,0.0005798680555555556,0.0005798680555555556
2025-04-03 12:45:00,0.5339474999999999,0.42,0.1739425,0.519986373611111,0.059995000000000076,0.15,0.059995000000000076,0.0,0.0026411831250000026,0.000391370625
2025-04-03 13:00:00,0.5339474999999999,0.224,0.3539425,0.527950079861111,0.04399500000000006,0.15,0.04399500000000006,0.0,0.002446183125000002,0.0007963706249999999
2025-04-03 13:15:00,0.5339474999999999,0.188,0.10594249999999994,0.5303337861111109,-0.24000499999999997,0.15,0.0,0.24000499999999997,-0.0024616856249999996,0.0002383706249999999
2025-04-03 13:30:00,0.5339474999999999,0.16,0.20994249999999998,0.5350574923611109,-0.1640049999999999,0.15,0.0,0.1640049999999999,-0.001372685624999999,0.00047237062499999995
2025-04-03 13:45:00,0.5157075,0.348,1.2098574999999998,0.5622792861111109,1.04215,0.15,1.04215,0.0,0.041802804374999995,0.0027221793749999997
2025-04-03 14:00:00,0.5157075,0.456,1.1538574999999998,0.5882410798611108,1.0941499999999997,0.15,1.0941499999999997,0.0,0.04362680437499999,0.0025961793749999995
2025-04-03 14:15:00,0.5157075,0.26,1.1178575,0.613392873611111,0.86215,0.15,0.86215,0.0,0.034845804375,0.002515179375
2025-04-03 14:30:00,0.5157075,0.356,0.9738574999999998,0.6353046673611109,0.8141499999999998,0.15,0.8141499999999998,0.0,0.03272180437499999,0.002191179375
2025-04-03 14:45:00,0.31791749999999996,0.464,0.5740449999999999,0.648220679861111,0.7201275,0.15,0.7201275,0.0,0.0282963825,0.00129160125
2025-04-03 15:00:00,0.31791749999999996,0.448,0.618045,0.662126692361111,0.7481275000000001,0.15,0.7481275000000001,0.0,0.029445382500000002,0.00139060125
2025-04-03 15:15:00,0.31791749999999996,0.504,0.470045,0.672702704861111,0.6561275,0.15,0.6561275,0.0,0.025662382499999997,0.00105760125
2025-04-03 15:30:00,0.31791749999999996,0.584,0.318045,0.679858717361111,0.5841275,0.15,0.5841275,0.0,0.0226203825,0.00071560125
2025-04-03 15:45:00,0.508725,0.62,0.0,0.679858717361111,0.11127500000000001,0.15,0.11127500000000001,0.0,0.0041728125,0.0
2025-04-03 16:00:00,0.508725,0.608,0.0,0.679858717361111,0.099275,0.15,0.099275,0.0,0.0037228125,0.0
2025-04-03 16:15:00,0.508725,0.424,0.0,0.679858717361111,-0.084725,0.15,0.0,0.084725,-0.0009531562499999999,0.0
2025-04-03 16:30:00,0.508725,0.444,0.0,0.679858717361111,-0.06472499999999998,0.15,0.0,0.06472499999999998,-0.0007281562499999997,0.0
2025-04-03 16:45:00,0.8540025,0.492,0.0,0.679858717361111,-0.3620025,0.15,0.0,0.3620025,-0.004072528125,0.0
2025-04-03 17:00:00,0.8540025,0.596,0.0,0.679858717361111,-0.2580025,0.15,0.0,0.2580025,-0.002902528125,0.0
2025-04-03 17:15:00,0.8540025,1.524,0.0,0.679858717361111,0.6699975,0.15,0.6699975,0.0,0.02512490625,0.0
2025-04-03 17:30:00,0.8540025,1.116,0.0,0.679858717361111,0.2619975000000001,0.15,0.2619975000000001,0.0,0.009824906250000003,0.0
2025-04-03 17:45:00,0.34926749999999995,0.904,0.01063499999999995,0.6800980048611109,0.5653675,0.15,0.5653675,0.0,0.021225209999999998,2.392874999999989e-05
2025-04-03 18:00:00,0.34926749999999995,1.104,0.0,0.6800980048611109,0.7547325000000001,0.15,0.7547325000000001,0.0,0.028302468750000004,0.0
2025-04-03 18:15:00,0.34926749999999995,0.892,0.0,0.6800980048611109,0.5427325000000001,0.15,0.5427325000000001,0.0,0.02035246875,0.0
2025-04-03 18:30:00,0.34926749999999995,1.392,0.0,0.6800980048611109,1.0427325,0.15,1.0427325,0.0,0.03910246875,0.0
2025-04-03 18:45:00,0.0027075,1.176,0.0,0.6800980048611109,1.1732924999999998,0.15,1.1732924999999998,0.0,0.04399846874999999,0.0
2025-04-03 19:00:00,0.0027075,1.16,0.0,0.6800980048611109,1.1572924999999998,0.15,1.1572924999999998,0.0,0.043398468749999995,0.0
2025-04-03 19:15:00,0.0027075,1.884,0.0,0.6800980048611109,1.8812924999999998,0.15,1.8812924999999998,0.0,0.07054846875,0.0
2025-04-03 19:30:00,0.0027075,1.416,0.0,0.6800980048611109,1.4132924999999998,0.15,1.4132924999999998,0.0,0.05299846874999999,0.0
2025-04-03 19:45:00,0.0,1.188,0.0,0.6800980048611109,1.188,0.15,1.188,0.0,0.04455,0.0
2025-04-03 20:00:00,0.0,1.376,0.0,0.6800980048611109,1.376,0.15,1.376,0.0,0.05159999999999999,0.0
2025-04-03 20:15:00,0.0,2.66,0.0,0.6800980048611109,2.66,0.15,2.66,0.0,0.09975,0.0
2025-04-03 20:30:00,0.0,1.476,0.0,0.6800980048611109,1.476,0.15,1.476,0.0,0.055349999999999996,0.0
2025-04-03 20:45:00,0.0,1.888,0.0,0.6800980048611109,1.888,0.15,1.888,0.0,0.07079999999999999,0.0
2025-04-03 21:00:00,0.0,1.672,0.0,0.6800980048611109,1.672,0.15,1.672,0.0,0.06269999999999999,0.0
2025-04-03 21:15:00,0.0,1.104,0.0,0.6800980048611109,1.104,0.15,1.104,0.0,0.0414,0.0
2025-04-03 21:30:00,0.0,1.616,0.0,0.6800980048611109,1.616,0.15,1.616,0.0,0.0606,0.0
2025-04-03 21:45:00,0.0,2.216,-0.05679067499999722,0.678520486111111,2.159209325000003,0.15,2.159209325000003,0.0,0.0811281015625001,0.0001577518749999923
2025-04-03 22:00:00,0.0,3.0,-0.7243550000000022,0.6583995138888887,2.2756449999999977,0.15,2.2756449999999977,0.0,0.08734878472222214,0.0020120972222222285
2025-04-03 22:15:00,0.0,1.82,-0.6088279249999955,0.6414876270833333,1.2111720750000046,0.15,1.2111720750000046,0.0,0.047110141493055716,0.0016911886805555428
2025-04-03 22:30:00,0.0,0.988,-0.5662875000000007,0.6257574187499999,0.42171249999999927,0.15,0.42171249999999927,0.0,0.017387239583333308,0.0015730208333333353
2025-04-03 22:45:00,0.0,0.952,-0.47428749999999825,0.6125827659722222,0.4777125000000017,0.15,0.4777125000000017,0.0,0.019231684027777838,0.0013174652777777729
2025-04-03 23:00:00,0.0,0.724,-0.536,0.5976938770833333,0.18799999999999994,0.15,0.18799999999999994,0.0,0.008538888888888886,0.001488888888888889
2025-04-03 23:15:00,0.0,0.6,-0.52,0.5832494326388888,0.07999999999999996,0.15,0.07999999999999996,0.0,0.004444444444444443,0.0014444444444444446
2025-04-03 23:30:00,0.0,0.576,-0.49001725000000007,0.569637842361111,0.08598274999999989,0.15,0.08598274999999989,0.0,0.004585512152777774,0.001361159027777778
2025-04-03 23:45:00,0.0,0.576,-0.42548749999999785,0.5578187451388888,0.1505125000000021,0.15,0.1505125000000021,0.0,0.006826128472222295,0.0011819097222222161
2025-04-04 00:00:00,0.0,0.54,-0.38724750000000036,0.5470618701388889,0.15275249999999968,0.15,0.15275249999999968,0.0,0.006803906249999989,0.0010756875000000011
2025-04-04 00:15:00,0.0,1.62,-1.0952474999999988,0.5166383284722222,0.5247525000000013,0.15,0.5247525000000013,0.0,0.022720572916666713,0.0030423541666666633
2025-04-04 00:30:00,0.0,0.948,-0.948,0.49030499513888887,0.0,0.15,0.0,0.0,0.002633333333333333,0.002633333333333333
2025-04-04 00:45:00,0.0,1.504,-1.346495,0.45290235624999997,0.157505,0.15,0.157505,0.0,0.009646701388888889,0.003740263888888889
2025-04-04 01:00:00,0.0,0.564,-0.428,0.44101346736111113,0.13599999999999995,0.15,0.13599999999999995,0.0,0.006288888888888886,0.0011888888888888889
2025-04-04 01:15:00,0.0,0.528,-0.392,0.4301245784722222,0.136,0.15,0.136,0.0,0.00618888888888889,0.001088888888888889
2025-04-04 01:30:00,0.0,0.484,-0.32,0.42123568958333335,0.16399999999999998,0.15,0.16399999999999998,0.0,0.007038888888888888,0.0008888888888888889
2025-04-04 01:45:00,0.0,0.432,-0.228,0.41490235625,0.204,0.15,0.204,0.0,0.008283333333333332,0.0006333333333333334
2025-04-04 02:00:00,0.0,1.024,-0.38,0.4043468006944445,0.644,0.15,0.644,0.0,0.025205555555555557,0.0010555555555555557
2025-04-04 02:15:00,0.0,1.32,-1.32,0.3676801340277778,0.0,0.15,0.0,0.0,0.003666666666666667,0.003666666666666667
2025-04-04 02:30:00,0.0,0.292,-0.224,0.3614579118055556,0.06799999999999998,0.15,0.06799999999999998,0.0,0.0031722222222222212,0.0006222222222222223
2025-04-04 02:45:00,0.0,0.28,-0.196,0.35601346736111117,0.08400000000000002,0.15,0.08400000000000002,0.0,0.003694444444444445,0.0005444444444444445
2025-04-04 03:00:00,0.0,0.296,-0.196,0.3505690229166667,0.09999999999999998,0.15,0.09999999999999998,0.0,0.004294444444444444,0.0005444444444444445
2025-04-04 03:15:00,0.0,0.248,-0.22,0.3444579118055556,0.027999999999999997,0.15,0.027999999999999997,0.0,0.001661111111111111,0.0006111111111111111
2025-04-04 03:30:00,0.0,0.232,-0.212,0.33856902291666674,0.020000000000000018,0.15,0.020000000000000018,0.0,0.0013388888888888895,0.0005888888888888889
2025-04-04 03:45:00,0.0,0.204,-0.204,0.3329023562500001,0.0,0.15,0.0,0.0,0.0005666666666666666,0.0005666666666666666
2025-04-04 04:00:00,0.0,0.204,-0.204,0.3272356895833334,0.0,0.15,0.0,0.0,0.0005666666666666666,0.0005666666666666666
2025-04-04 04:15:00,0.0,0.224,-0.224,0.3210134673611112,0.0,0.15,0.0,0.0,0.0006222222222222223,0.0006222222222222223
2025-04-04 04:30:00,0.0,0.212,-0.212,0.3151245784722223,0.0,0.15,0.0,0.0,0.0005888888888888889,0.0005888888888888889
2025-04-04 04:45:00,0.0,0.184,-0.184,0.3100134673611112,0.0,0.15,0.0,0.0,0.0005111111111111111,0.0005111111111111111
2025-04-04 05:00:00,0.0,0.2,-0.2,0.30445791180555565,0.0,0.15,0.0,0.0,0.0005555555555555556,0.0005555555555555556
2025-04-04 05:15:00,0.0,0.216,-0.216,0.29845791180555564,0.0,0.15,0.0,0.0,0.0006,0.0006
2025-04-04 05:30:00,0.0,0.2,-0.172,0.2936801340277779,0.028000000000000025,0.15,0.028000000000000025,0.0,0.0015277777777777785,0.00047777777777777776
2025-04-04 05:45:00,0.029497499999999996,0.176,-0.14650249999999998,0.289610620138889,0.0,0.15,0.0,0.0,0.0004069513888888889,0.0004069513888888889
2025-04-04 06:00:00,0.029497499999999996,0.212,-0.1825025,0.2845411062500001,0.0,0.15,0.0,0.0,0.0005069513888888889,0.0005069513888888889
2025-04-04 06:15:00,0.029497499999999996,0.208,0.0,0.2845411062500001,0.1785025,0.15,0.1785025,0.0,0.00669384375,0.0
2025-04-04 06:30:00,0.029497499999999996,0.18,-0.10507575000000302,0.2816223354166667,0.04542674999999696,0.15,0.04542674999999696,0.0,0.0019953802083332276,0.00029187708333334176
2025-04-04 06:45:00,0.2854275,0.204,0.0,0.2816223354166667,-0.08142750000000001,0.15,0.0,0.08142750000000001,-0.0009160593750000001,0.0
2025-04-04 07:00:00,0.2854275,0.276,0.0,0.2816223354166667,-0.009427499999999978,0.15,0.0,0.009427499999999978,-0.00010605937499999974,0.0
2025-04-04 07:15:00,0.2854275,1.08,0.0,0.2816223354166667,0.7945725000000001,0.15,0.7945725000000001,0.0,0.029796468750000003,0.0
2025-04-04 07:30:00,0.2854275,1.248,0.0,0.2816223354166667,0.9625725,0.15,0.9625725,0.0,0.03609646875,0.0
2025-04-04 07:45:00,1.4972474999999998,1.436,0.0,0.2816223354166667,-0.0612474999999999,0.15,0.0,0.0612474999999999,-0.0006890343749999989,0.0
2025-04-04 08:00:00,1.4972474999999998,0.848,0.0,0.2816223354166667,-0.6492474999999999,0.15,0.0,0.6492474999999999,-0.007304034374999998,0.0
2025-04-04 08:15:00,1.4972474999999998,0.856,0.0,0.2816223354166667,-0.6412474999999999,0.15,0.0,0.6412474999999999,-0.007214034374999998,0.0
2025-04-04 08:30:00,1.4972474999999998,0.864,0.0,0.2816223354166667,-0.6332474999999999,0.15,0.0,0.6332474999999999,-0.007124034374999998,0.0
2025-04-04 08:45:00,1.7805374999999997,0.828,0.0,0.2816223354166667,-0.9525374999999997,0.15,0.0,0.9525374999999997,-0.010716046874999996,0.0
2025-04-04 09:00:00,1.7805374999999997,0.812,0.0,0.2816223354166667,-0.9685374999999996,0.15,0.0,0.9685374999999996,-0.010896046874999996,0.0
2025-04-04 09:15:00,1.7805374999999997,0.84,0.0,0.2816223354166667,-0.9405374999999997,0.15,0.0,0.9405374999999997,-0.010581046874999996,0.0
2025-04-04 09:30:00,1.7805374999999997,0.832,0.040354999999999974,0.2825303229166667,-0.9081824999999997,0.15,0.0,0.9081824999999997,-0.010126254374999998,9.079874999999994e-05
2025-04-04 09:45:00,1.8361124999999998,0.82,0.00228749999999997,0.2825817916666667,-1.0138249999999998,0.15,0.0,1.0138249999999998,-0.011400384374999996,5.146874999999934e-06
2025-04-04 10:00:00,1.8361124999999998,0.78,0.0,0.2825817916666667,-1.0561124999999998,0.15,0.0,1.0561124999999998,-0.011881265624999996,0.0
2025-04-04 10:15:00,1.8361124999999998,0.496,0.0,0.2825817916666667,-1.3401124999999998,0.15,0.0,1.3401124999999998,-0.015076265624999998,0.0
2025-04-04 10:30:00,1.8361124999999998,0.484,0.0,0.2825817916666667,-1.3521124999999998,0.15,0.0,1.3521124999999998,-0.015211265624999998,0.0
2025-04-04 10:45:00,1.8784349999999999,1.492,0.001487499999999975,0.2826152604166667,-0.3849474999999999,0.15,0.0,0.3849474999999999,-0.004327312499999999,3.346874999999944e-06
2025-04-04 11:00:00,1.8784349999999999,0.292,0.05348749999999999,0.2838187291666667,-1.5329475,0.15,0.0,1.5329475,-0.0171253125,0.00012034687499999999
2025-04-04 11:15:00,1.8784349999999999,0.324,0.0,0.2838187291666667,-1.5544349999999998,0.15,0.0,1.5544349999999998,-0.017487393749999997,0.0
2025-04-04 11:30:00,1.8784349999999999,0.296,0.0,0.2838187291666667,-1.5824349999999998,0.15,0.0,1.5824349999999998,-0.017802393749999996,0.0
2025-04-04 11:45:00,1.89183,0.256,0.0,0.2838187291666667,-1.63583,0.15,0.0,1.63583,-0.0184030875,0.0
2025-04-04 12:00:00,1.89183,0.216,0.0,0.2838187291666667,-1.67583,0.15,0.0,1.67583,-0.018853087499999997,0.0
2025-04-04 12:15:00,1.89183,0.396,0.0,0.2838187291666667,-1.4958299999999998,0.15,0.0,1.4958299999999998,-0.016828087499999998,0.0
2025-04-04 12:30:00,1.89183,0.404,0.0,0.2838187291666667,-1.4878299999999998,0.15,0.0,1.4878299999999998,-0.0167380875,0.0
2025-04-04 12:45:00,1.8694574999999998,0.536,0.11394749999999992,0.2863825479166667,-1.2195099999999999,0.15,0.0,1.2195099999999999,-0.013463105625,0.00025638187499999983
2025-04-04 13:00:00,1.8694574999999998,0.524,0.30994749999999993,0.29335636666666665,-1.03551,0.15,0.0,1.03551,-0.010952105624999998,0.0006973818749999999
2025-04-04 13:15:00,1.8694574999999998,0.42,0.3459474999999999,0.30114018541666665,-1.10351,0.15,0.0,1.10351,-0.011636105625,0.0007783818749999997
2025-04-04 13:30:00,1.8694574999999998,0.424,0.3739474999999999,0.3095540041666666,-1.07151,0.15,0.0,1.07151,-0.011213105624999999,0.0008413818749999997
2025-04-04 13:45:00,1.9310174999999998,0.372,0.1677075,0.3133274229166666,-1.3913099999999998,0.15,0.0,1.3913099999999998,-0.015274895625,0.00037734187500000003
2025-04-04 14:00:00,1.9310174999999998,0.58,0.05970749999999997,0.31467084166666665,-1.2913099999999997,0.15,0.0,1.2913099999999997,-0.014392895624999997,0.00013434187499999993
2025-04-04 14:15:00,1.9310174999999998,1.168,0.2557075,0.3204242604166666,-0.5073099999999999,0.15,0.0,0.5073099999999999,-0.005131895625,0.0005753418749999999
2025-04-04 14:30:00,1.9310174999999998,1.224,0.1597075,0.32401767916666663,-0.5473099999999999,0.15,0.0,0.5473099999999999,-0.005797895624999999,0.000359341875
2025-04-04 14:45:00,1.6106775,0.892,0.0,0.32401767916666663,-0.7186775,0.15,0.0,0.7186775,-0.008085121875,0.0
2025-04-04 15:00:00,1.6106775,0.64,0.0,0.32401767916666663,-0.9706775,0.15,0.0,0.9706775,-0.010920121875,0.0
2025-04-04 15:15:00,1.6106775,0.624,0.0,0.32401767916666663,-0.9866775,0.15,0.0,0.9866775,-0.011100121874999999,0.0
2025-04-04 15:30:00,1.6106775,0.692,0.0,0.32401767916666663,-0.9186775,0.15,0.0,0.9186775,-0.010335121875,0.0
2025-04-04 15:45:00,1.6421699999999997,0.712,0.0,0.32401767916666663,-0.9301699999999997,0.15,0.0,0.9301699999999997,-0.010464412499999996,0.0
2025-04-04 16:00:00,1.6421699999999997,0.596,0.0,0.32401767916666663,-1.0461699999999996,0.15,0.0,1.0461699999999996,-0.011769412499999994,0.0
2025-04-04 16:15:00,1.6421699999999997,0.628,0.084725,0.32592399166666663,-0.9294449999999996,0.15,0.0,0.9294449999999996,-0.010265624999999995,0.00019063125
2025-04-04 16:30:00,1.6421699999999997,0.572,0.06472499999999998,0.32738030416666664,-1.0054449999999997,0.15,0.0,1.0054449999999997,-0.011165624999999997,0.00014563124999999994
2025-04-04 16:45:00,1.2549975,0.352,0.3620025,0.3355253604166667,-0.540995,0.15,0.0,0.540995,-0.005271688125,0.0008145056250000001
2025-04-04 17:00:00,1.2549975,0.376,0.2580025,0.3413304166666667,-0.620995,0.15,0.0,0.620995,-0.006405688125,0.000580505625
2025-04-04 17:15:00,1.2549975,0.252,0.0,0.3413304166666667,-1.0029975,0.15,0.0,1.0029975,-0.011283721875,0.0
2025-04-04 17:30:00,1.2549975,0.48,0.0,0.3413304166666667,-0.7749975,0.15,0.0,0.7749975,-0.008718721875,0.0
2025-04-04 17:45:00,0.41852249999999996,0.58,0.0,0.3413304166666667,0.1614775,0.15,0.1614775,0.0,0.00605540625,0.0
2025-04-04 18:00:00,0.41852249999999996,0.576,0.0,0.3413304166666667,0.1574775,0.15,0.1574775,0.0,0.005905406249999999,0.0
2025-04-04 18:15:00,0.41852249999999996,0.704,0.0,0.3413304166666667,0.2854775,0.15,0.2854775,0.0,0.010705406249999999,0.0
2025-04-04 18:30:00,0.41852249999999996,0.944,0.0,0.3413304166666667,0.5254775,0.15,0.5254775,0.0,0.01970540625,0.0
2025-04-04 18:45:00,0.007409999999999999,0.976,0.0,0.3413304166666667,0.96859,0.15,0.96859,0.0,0.036322125,0.0
2025-04-04 19:00:00,0.007409999999999999,0.916,0.0,0.3413304166666667,0.90859,0.15,0.90859,0.0,0.034072125,0.0
2025-04-04 19:15:00,0.007409999999999999,1.02,0.0,0.3413304166666667,1.01259,0.15,1.01259,0.0,0.037972125,0.0
2025-04-04 19:30:00,0.007409999999999999,1.104,0.0,0.3413304166666667,1.0965900000000002,0.15,1.0965900000000002,0.0,0.041122125,0.0
2025-04-04 19:45:00,0.0,1.076,0.0,0.3413304166666667,1.076,0.15,1.076,0.0,0.040350000000000004,0.0
2025-04-04 20:00:00,0.0,1.064,0.0,0.3413304166666667,1.064,0.15,1.064,0.0,0.0399,0.0
2025-04-04 20:15:00,0.0,0.996,0.0,0.3413304166666667,0.996,0.15,0.996,0.0,0.03735,0.0
2025-04-04 20:30:00,0.0,0.616,0.0,0.3413304166666667,0.616,0.15,0.616,0.0,0.0231,0.0
2025-04-04 20:45:00,0.0,0.58,0.0,0.3413304166666667,0.58,0.15,0.58,0.0,0.02175,0.0
2025-04-04 21:00:00,0.0,0.54,0.0,0.3413304166666667,0.54,0.15,0.54,0.0,0.02025,0.0
2025-04-04 21:15:00,0.0,0.552,0.0,0.3413304166666667,0.552,0.15,0.552,0.0,0.0207,0.0
2025-04-04 21:30:00,0.0,0.704,0.0,0.3413304166666667,0.704,0.15,0.704,0.0,0.026399999999999996,0.0
2025-04-04 21:45:00,0.0,1.132,0.0,0.3413304166666667,1.132,0.15,1.132,0.0,0.042449999999999995,0.0
2025-04-04 22:00:00,0.0,1.204,0.0,0.3413304166666667,1.204,0.15,1.204,0.0,0.045149999999999996,0.0
2025-04-04 22:15:00,0.0,1.164,0.0,0.3413304166666667,1.164,0.15,1.164,0.0,0.043649999999999994,0.0
2025-04-04 22:30:00,0.0,1.276,0.0,0.3413304166666667,1.276,0.15,1.276,0.0,0.04785,0.0
2025-04-04 22:45:00,0.0,1.528,0.0,0.3413304166666667,1.528,0.15,1.528,0.0,0.0573,0.0
2025-04-04 23:00:00,0.0,1.212,0.0,0.3413304166666667,1.212,0.15,1.212,0.0,0.04545,0.0
2025-04-04 23:15:00,0.0,0.872,0.0,0.3413304166666667,0.872,0.15,0.872,0.0,0.0327,0.0
2025-04-04 23:30:00,0.0,0.86,0.0,0.3413304166666667,0.86,0.15,0.86,0.0,0.03225,0.0
2025-04-04 23:45:00,0.0,0.824,0.0,0.3413304166666667,0.824,0.15,0.824,0.0,0.030899999999999997,0.0
2025-04-05 00:00:00,0.0,0.804,0.0,0.3413304166666667,0.804,0.15,0.804,0.0,0.03015,0.0
2025-04-05 00:15:00,0.0,0.508,0.0,0.3413304166666667,0.508,0.15,0.508,0.0,0.01905,0.0
2025-04-05 00:30:00,0.0,0.488,0.0,0.3413304166666667,0.488,0.15,0.488,0.0,0.0183,0.0
2025-04-05 00:45:00,0.0,0.48,0.0,0.3413304166666667,0.48,0.15,0.48,0.0,0.018,0.0
2025-04-05 01:00:00,0.0,0.472,-0.14095877499999976,0.3374148951388889,0.3310412250000002,0.15,0.3310412250000002,0.0,0.012805598090277785,0.0003915521527777771
2025-04-05 01:15:00,0.0,0.428,0.0,0.3374148951388889,0.428,0.15,0.428,0.0,0.01605,0.0
2025-04-05 01:30:00,0.0,0.4,-0.04942750000000007,0.3360419090277778,0.35057249999999995,0.15,0.35057249999999995,0.0,0.013283767361111108,0.0001372986111111113
2025-04-05 01:45:00,0.0,0.46,-0.432,0.3240419090277778,0.028000000000000025,0.15,0.028000000000000025,0.0,0.0022500000000000007,0.0012
2025-04-05 02:00:00,0.0,0.416,-0.416,0.31248635347222226,0.0,0.15,0.0,0.0,0.0011555555555555555,0.0011555555555555555
2025-04-05 02:15:00,0.0,0.396,-0.396,0.30148635347222225,0.0,0.15,0.0,0.0,0.0011,0.0011
2025-04-05 02:30:00,0.0,0.404,-0.292,0.2933752423611112,0.11200000000000004,0.15,0.11200000000000004,0.0,0.005011111111111113,0.0008111111111111111
2025-04-05 02:45:00,0.0,0.388,-0.28,0.28559746458333335,0.10799999999999998,0.15,0.10799999999999998,0.0,0.004827777777777776,0.0007777777777777778
2025-04-05 03:00:00,0.0,0.284,-0.284,0.2777085756944445,0.0,0.15,0.0,0.0,0.0007888888888888889,0.0007888888888888889
2025-04-05 03:15:00,0.0,0.312,-0.248,0.27081968680555557,0.064,0.15,0.064,0.0,0.003088888888888889,0.000688888888888889
2025-04-05 03:30:00,0.0,0.284,-0.232,0.26437524236111115,0.05199999999999996,0.15,0.05199999999999996,0.0,0.002594444444444443,0.0006444444444444444
2025-04-05 03:45:00,0.0,0.316,-0.204,0.2587085756944445,0.11200000000000002,0.15,0.11200000000000002,0.0,0.004766666666666667,0.0005666666666666666
2025-04-05 04:00:00,0.0,0.3,-0.204,0.25304190902777784,0.096,0.15,0.096,0.0,0.004166666666666667,0.0005666666666666666
2025-04-05 04:15:00,0.0,0.332,-0.224,0.2468196868055556,0.10800000000000001,0.15,0.10800000000000001,0.0,0.004672222222222223,0.0006222222222222223
2025-04-05 04:30:00,0.0,0.356,-0.212,0.24093079791666674,0.144,0.15,0.144,0.0,0.005988888888888888,0.0005888888888888889
2025-04-05 04:45:00,0.0,0.296,-0.184,0.23581968680555562,0.11199999999999999,0.15,0.11199999999999999,0.0,0.00471111111111111,0.0005111111111111111
2025-04-05 05:00:00,0.0,0.236,-0.2,0.2302641312500001,0.035999999999999976,0.15,0.035999999999999976,0.0,0.0019055555555555544,0.0005555555555555556
2025-04-05 05:15:00,0.0,0.228,-0.216,0.22426413125000008,0.01200000000000001,0.15,0.01200000000000001,0.0,0.0010500000000000004,0.0006
2025-04-05 05:30:00,0.0,0.22,-0.2,0.21870857569444455,0.01999999999999999,0.15,0.01999999999999999,0.0,0.001305555555555555,0.0005555555555555556
2025-04-05 05:45:00,0.0485925,0.16,-0.1114075,0.21561392291666678,0.0,0.15,0.0,0.0,0.0003094652777777778,0.0003094652777777778
2025-04-05 06:00:00,0.0485925,0.2,-0.15140750000000003,0.21140815902777793,0.0,0.15,0.0,0.0,0.00042057638888888895,0.00042057638888888895
2025-04-05 06:15:00,0.0485925,0.168,-0.11940750000000001,0.2080912840277779,0.0,0.15,0.0,0.0,0.00033168750000000006,0.00033168750000000006
2025-04-05 06:30:00,0.0485925,0.184,-0.13540750000000001,0.20432996458333347,0.0,0.15,0.0,0.0,0.0003761319444444445,0.0003761319444444445
2025-04-05 06:45:00,0.808545,0.172,0.0,0.20432996458333347,-0.6365449999999999,0.15,0.0,0.6365449999999999,-0.007161131249999998,0.0
2025-04-05 07:00:00,0.808545,0.18,0.0,0.20432996458333347,-0.6285449999999999,0.15,0.0,0.6285449999999999,-0.007071131249999999,0.0
2025-04-05 07:15:00,0.808545,0.196,0.0,0.20432996458333347,-0.6125449999999999,0.15,0.0,0.6125449999999999,-0.006891131249999999,0.0
2025-04-05 07:30:00,0.808545,0.212,0.0,0.20432996458333347,-0.596545,0.15,0.0,0.596545,-0.006711131249999999,0.0
2025-04-05 07:45:00,1.4074725,0.212,0.0,0.20432996458333347,-1.1954725,0.15,0.0,1.1954725,-0.013449065625,0.0
2025-04-05 08:00:00,1.4074725,0.348,0.0,0.20432996458333347,-1.0594725,0.15,0.0,1.0594725,-0.011919065625,0.0
2025-04-05 08:15:00,1.4074725,0.204,0.0,0.20432996458333347,-1.2034725,0.15,0.0,1.2034725,-0.013539065624999999,0.0
2025-04-05 08:30:00,1.4074725,0.2,0.0,0.20432996458333347,-1.2074725,0.15,0.0,1.2074725,-0.013584065624999999,0.0
2025-04-05 08:45:00,1.7050124999999998,0.2,0.0,0.20432996458333347,-1.5050124999999999,0.15,0.0,1.5050124999999999,-0.016931390624999997,0.0
2025-04-05 09:00:00,1.7050124999999998,0.216,0.0,0.20432996458333347,-1.4890124999999999,0.15,0.0,1.4890124999999999,-0.016751390624999998,0.0
2025-04-05 09:15:00,1.7050124999999998,0.236,0.0,0.20432996458333347,-1.4690124999999998,0.15,0.0,1.4690124999999998,-0.016526390624999998,0.0
2025-04-05 09:30:00,1.7050124999999998,0.228,0.0,0.20432996458333347,-1.4770124999999998,0.15,0.0,1.4770124999999998,-0.016616390624999998,0.0
2025-04-05 09:45:00,1.8282749999999999,0.204,0.0,0.20432996458333347,-1.624275,0.15,0.0,1.624275,-0.018273093749999997,0.0
2025-04-05 10:00:00,1.8282749999999999,0.176,0.0,0.20432996458333347,-1.652275,0.15,0.0,1.652275,-0.01858809375,0.0
2025-04-05 10:15:00,1.8282749999999999,0.308,0.0,0.20432996458333347,-1.5202749999999998,0.15,0.0,1.5202749999999998,-0.017103093749999996,0.0
2025-04-05 10:30:00,1.8282749999999999,0.384,0.0,0.20432996458333347,-1.4442749999999998,0.15,0.0,1.4442749999999998,-0.016248093749999998,0.0
2025-04-05 10:45:00,1.865325,0.416,0.0,0.20432996458333347,-1.449325,0.15,0.0,1.449325,-0.01630490625,0.0
2025-04-05 11:00:00,1.865325,0.384,0.31719824074074543,0.21146692500000022,-1.1641267592592546,0.15,0.0,1.1641267592592546,-0.012382729999999937,0.0007136960416666773
2025-04-05 11:15:00,1.865325,0.348,1.5544349999999998,0.2464417125000002,0.037109999999999754,0.15,0.037109999999999754,0.0,0.004889103749999991,0.00349747875
2025-04-05 11:30:00,1.865325,0.408,1.5824349999999998,0.2820465000000002,0.12510999999999983,0.15,0.12510999999999983,0.0,0.008252103749999993,0.0035604787499999998
2025-04-05 11:45:00,1.5543899999999997,0.544,1.63583,0.31885267500000014,0.6254400000000002,0.15,0.6254400000000002,0.0,0.027134617500000006,0.0036806175
2025-04-05 12:00:00,1.5543899999999997,1.096,1.67583,0.35655885000000015,1.2174400000000003,0.15,1.2174400000000003,0.0,0.049424617500000004,0.0037706174999999997
2025-04-05 12:15:00,1.5543899999999997,0.84,1.4958299999999998,0.39021502500000016,0.78144,0.15,0.78144,0.0,0.0326696175,0.0033656174999999993
2025-04-05 12:30:00,1.5543899999999997,0.616,1.4878299999999998,0.4236912000000001,0.54944,0.15,0.54944,0.0,0.0239516175,0.0033476175
2025-04-05 12:45:00,1.437255,0.784,1.3334574999999997,0.45369399375000014,0.6802024999999998,0.15,0.6802024999999998,0.0,0.028507873124999993,0.0030002793749999996
2025-04-05 13:00:00,1.437255,0.808,1.3454574999999998,0.48396678750000016,0.7162024999999999,0.15,0.7162024999999999,0.0,0.029884873124999996,0.0030272793749999993
2025-04-05 13:15:00,1.437255,0.728,1.4494574999999998,0.5165795812500001,0.7402024999999999,0.15,0.7402024999999999,0.0,0.031018873124999992,0.0032612793749999995
2025-04-05 13:30:00,1.437255,1.02,1.4454574999999998,0.5491023750000001,1.0282025,0.15,1.0282025,0.0,0.041809873124999994,0.0032522793749999996
2025-04-05 13:45:00,1.4487975,0.672,1.5590175,0.5841802687500002,0.78222,0.15,0.78222,0.0,0.032841039375,0.003507789375
2025-04-05 14:00:00,1.4487975,0.804,1.3510174999999998,0.6145781625000002,0.7062199999999998,0.15,0.7062199999999998,0.0,0.029523039374999994,0.0030397893749999996
2025-04-05 14:15:00,1.4487975,0.82,0.7630174999999999,0.6317460562500002,0.1342199999999999,0.15,0.1342199999999999,0.0,0.006750039374999996,0.0017167893749999998
2025-04-05 14:30:00,1.4487975,0.62,0.7070174999999999,0.6476539500000003,-0.12178000000000011,0.15,0.0,0.12178000000000011,0.00022076437499999831,0.0015907893749999996
2025-04-05 14:45:00,1.2066899999999998,0.548,0.7186775,0.6638241937500002,0.05998750000000019,0.15,0.05998750000000019,0.0,0.0038665556250000073,0.001617024375
2025-04-05 15:00:00,1.2066899999999998,0.996,0.9706775,0.6856644375000003,0.7599875000000001,0.15,0.7599875000000001,0.0,0.030683555625000004,0.002184024375
2025-04-05 15:15:00,1.2066899999999998,1.612,0.9866775,0.7078646812500002,1.3919875000000004,0.15,1.3919875000000004,0.0,0.05441955562500001,0.0022200243750000004
2025-04-05 15:30:00,1.2066899999999998,2.616,0.9186775,0.7285349250000002,2.3279875000000003,0.15,2.3279875000000003,0.0,0.08936655562500001,0.002067024375
2025-04-05 15:45:00,0.7727774999999999,3.16,0.9301699999999997,0.7494637500000002,3.3173924999999995,0.15,3.3173924999999995,0.0,0.12649510124999996,0.0020928824999999996
2025-04-05 16:00:00,0.7727774999999999,2.736,1.0461699999999996,0.7730025750000002,3.0093924999999997,0.15,3.0093924999999997,0.0,0.11520610124999998,0.002353882499999999
2025-04-05 16:15:00,0.7727774999999999,1.128,1.0141699999999996,0.7958214000000001,1.3693924999999996,0.15,1.3693924999999996,0.0,0.05363410124999998,0.002281882499999999
2025-04-05 16:30:00,0.7727774999999999,0.64,1.0701699999999996,0.8199002250000001,0.9373924999999997,0.15,0.9373924999999997,0.0,0.03756010124999999,0.0024078824999999994
2025-04-05 16:45:00,0.44431499999999996,1.128,0.9029975,0.84021766875,1.5866824999999998,0.15,1.5866824999999998,0.0,0.06153233812499999,0.002031744375
2025-04-05 17:00:00,0.44431499999999996,1.104,0.8789975,0.8599951125,1.5386825000000002,0.15,1.5386825000000002,0.0,0.059678338125,0.0019777443750000003
2025-04-05 17:15:00,0.44431499999999996,2.256,1.0029975,0.8825625562500001,2.8146825,0.15,2.8146825,0.0,0.10780733812499999,0.002256744375
2025-04-05 17:30:00,0.44431499999999996,1.104,0.7749974999999952,0.9,1.4346824999999952,0.15,1.4346824999999952,0.0,0.05554433812499981,0.0017437443749999894
2025-04-05 17:45:00,0.0973275,1.36,0.0,0.9,1.2626725,0.15,1.2626725,0.0,0.04735021875,0.0
2025-04-05 18:00:00,0.0973275,2.248,0.0,0.9,2.1506725,0.15,2.1506725,0.0,0.08065021875,0.0
2025-04-05 18:15:00,0.0973275,3.444,0.0,0.9,3.3466725,0.15,3.3466725,0.0,0.12550021875,0.0
2025-04-05 18:30:00,0.0973275,1.748,0.0,0.9,1.6506725,0.15,1.6506725,0.0,0.06190021875,0.0
2025-04-05 18:45:00,0.0,2.496,-0.24623000000000386,0.8931602777777776,2.2497699999999963,0.15,2.2497699999999963,0.0,0.08505034722222209,0.0006839722222222329
2025-04-05 19:00:00,0.0,1.908,-0.7245900000000044,0.8730327777777775,1.1834099999999954,0.15,1.1834099999999954,0.0,0.04639062499999984,0.002012750000000012
2025-04-05 19:15:00,0.0,2.144,-0.8405899999999967,0.8496830555555555,1.3034100000000035,0.15,1.3034100000000035,0.0,0.051212847222222344,0.002334972222222213
2025-04-05 19:30:00,0.0,2.424,-1.0965900000000002,0.8192222222222221,1.3274099999999998,0.15,1.3274099999999998,0.0,0.05282395833333332,0.003046083333333334
2025-04-05 19:45:00,0.0,0.44,-0.44,0.8069999999999998,0.0,0.15,0.0,0.0,0.0012222222222222222,0.0012222222222222222
2025-04-05 20:00:00,0.0,0.46,-0.46,0.794222222222222,0.0,0.15,0.0,0.0,0.0012777777777777776,0.0012777777777777776
2025-04-05 20:15:00,0.0,1.508,-0.996,0.7665555555555554,0.512,0.15,0.512,0.0,0.021966666666666666,0.002766666666666667
2025-04-05 20:30:00,0.0,0.772,-0.616,0.7494444444444442,0.15600000000000003,0.15,0.15600000000000003,0.0,0.007561111111111112,0.0017111111111111112
2025-04-05 20:45:00,0.0,0.624,-0.58,0.7333333333333332,0.04400000000000004,0.15,0.04400000000000004,0.0,0.003261111111111112,0.001611111111111111
2025-04-05 21:00:00,0.0,0.652,-0.54,0.718333333333333,0.11199999999999999,0.15,0.11199999999999999,0.0,0.0057,0.0015
2025-04-05 21:15:00,0.0,0.668,-0.552,0.7029999999999997,0.11599999999999999,0.15,0.11599999999999999,0.0,0.005883333333333333,0.0015333333333333336
2025-04-05 21:30:00,0.0,0.528,-0.528,0.6883333333333331,0.0,0.15,0.0,0.0,0.0014666666666666667,0.0014666666666666667
2025-04-05 21:45:00,0.0,0.54,-0.54,0.6733333333333331,0.0,0.15,0.0,0.0,0.0015,0.0015
2025-04-05 22:00:00,0.0,0.608,-0.608,0.6564444444444442,0.0,0.15,0.0,0.0,0.001688888888888889,0.001688888888888889
2025-04-05 22:15:00,0.0,0.612,-0.612,0.6394444444444443,0.0,0.15,0.0,0.0,0.0017,0.0017
2025-04-05 22:30:00,0.0,0.612,-0.612,0.6224444444444442,0.0,0.15,0.0,0.0,0.0017,0.0017
2025-04-05 22:45:00,0.0,0.848,-0.848,0.5988888888888886,0.0,0.15,0.0,0.0,0.0023555555555555556,0.0023555555555555556
2025-04-05 23:00:00,0.0,0.9,-0.9,0.5738888888888887,0.0,0.15,0.0,0.0,0.0025,0.0025
2025-04-05 23:15:00,0.0,0.964,-0.872,0.5496666666666664,0.09199999999999997,0.15,0.09199999999999997,0.0,0.005872222222222221,0.0024222222222222223
2025-04-05 23:30:00,0.0,0.944,-0.86,0.5257777777777776,0.08399999999999996,0.15,0.08399999999999996,0.0,0.0055388888888888875,0.0023888888888888887
2025-04-05 23:45:00,0.0,1.192,-0.824,0.5028888888888886,0.368,0.15,0.368,0.0,0.01608888888888889,0.0022888888888888885
2025-04-06 00:00:00,0.0,0.712,-0.712,0.4831111111111109,0.0,0.15,0.0,0.0,0.001977777777777778,0.001977777777777778
2025-04-06 00:15:00,0.0,0.816,-0.508,0.46899999999999975,0.30799999999999994,0.15,0.30799999999999994,0.0,0.012961111111111109,0.001411111111111111
2025-04-06 00:30:00,0.0,0.616,-0.488,0.4554444444444442,0.128,0.15,0.128,0.0,0.006155555555555555,0.0013555555555555554
2025-04-06 00:45:00,0.0,0.512,-0.48,0.44211111111111084,0.03200000000000003,0.15,0.03200000000000003,0.0,0.0025333333333333345,0.0013333333333333333
2025-04-06 01:00:00,0.0,0.516,-0.472,0.4289999999999997,0.04400000000000004,0.15,0.04400000000000004,0.0,0.0029611111111111123,0.001311111111111111
2025-04-06 01:15:00,0.0,0.472,-0.428,0.4171111111111109,0.043999999999999984,0.15,0.043999999999999984,0.0,0.002838888888888888,0.0011888888888888889
2025-04-06 01:30:00,0.0,0.452,-0.4,0.4059999999999998,0.05199999999999999,0.15,0.05199999999999999,0.0,0.003061111111111111,0.0011111111111111111
2025-04-06 01:45:00,0.0,0.436,-0.436,0.3938888888888887,0.0,0.15,0.0,0.0,0.0012111111111111112,0.0012111111111111112
2025-04-06 02:00:00,0.0,0.38,-0.38,0.38333333333333314,0.0,0.15,0.0,0.0,0.0010555555555555557,0.0010555555555555557
2025-04-06 02:15:00,0.0,0.392,-0.392,0.37244444444444424,0.0,0.15,0.0,0.0,0.001088888888888889,0.001088888888888889
2025-04-06 02:30:00,0.0,0.396,-0.396,0.36144444444444424,0.0,0.15,0.0,0.0,0.0011,0.0011
2025-04-06 02:45:00,0.0,0.384,-0.384,0.3507777777777776,0.0,0.15,0.0,0.0,0.0010666666666666667,0.0010666666666666667
2025-04-06 03:00:00,0.0,0.38,-0.284,0.3428888888888887,0.09600000000000003,0.15,0.09600000000000003,0.0,0.00438888888888889,0.0007888888888888889
2025-04-06 03:15:00,0.0,0.324,-0.312,0.3342222222222221,0.01200000000000001,0.15,0.01200000000000001,0.0,0.0013166666666666672,0.0008666666666666667
2025-04-06 03:30:00,0.0,0.304,-0.284,0.3263333333333332,0.020000000000000018,0.15,0.020000000000000018,0.0,0.0015388888888888896,0.0007888888888888889
2025-04-06 03:45:00,0.0,0.3,-0.3,0.31799999999999984,0.0,0.15,0.0,0.0,0.0008333333333333333,0.0008333333333333333
2025-04-06 04:00:00,0.0,0.292,-0.292,0.30988888888888877,0.0,0.15,0.0,0.0,0.0008111111111111111,0.0008111111111111111
2025-04-06 04:15:00,0.0,0.276,-0.276,0.30222222222222206,0.0,0.15,0.0,0.0,0.0007666666666666668,0.0007666666666666668
2025-04-06 04:30:00,0.0,0.3,-0.3,0.29388888888888876,0.0,0.15,0.0,0.0,0.0008333333333333333,0.0008333333333333333
2025-04-06 04:45:00,0.0,0.212,-0.212,0.28799999999999987,0.0,0.15,0.0,0.0,0.0005888888888888889,0.0005888888888888889
2025-04-06 05:00:00,0.0,0.212,-0.212,0.282111111111111,0.0,0.15,0.0,0.0,0.0005888888888888889,0.0005888888888888889
2025-04-06 05:15:00,0.0,0.204,-0.204,0.2764444444444443,0.0,0.15,0.0,0.0,0.0005666666666666666,0.0005666666666666666
2025-04-06 05:30:00,0.0,0.216,-0.216,0.2704444444444443,0.0,0.15,0.0,0.0,0.0006,0.0006
2025-04-06 05:45:00,0.005129999999999999,0.216,-0.16,0.2659999999999999,0.05087,0.15,0.05087,0.0,0.0023520694444444444,0.00044444444444444447
2025-04-06 06:00:00,0.005129999999999999,0.212,-0.2,0.26044444444444437,0.006869999999999987,0.15,0.006869999999999987,0.0,0.0008131805555555551,0.0005555555555555556
2025-04-06 06:15:00,0.005129999999999999,0.212,-0.168,0.25577777777777766,0.03886999999999999,0.15,0.03886999999999999,0.0,0.0019242916666666662,0.0004666666666666667
2025-04-06 06:30:00,0.005129999999999999,0.256,-0.184,0.25066666666666654,0.06686999999999999,0.15,0.06686999999999999,0.0,0.0030187361111111105,0.0005111111111111111
2025-04-06 06:45:00,0.282435,0.536,-0.172,0.24588888888888877,0.08156500000000005,0.15,0.08156500000000005,0.0,0.00353646527777778,0.00047777777777777776
2025-04-06 07:00:00,0.282435,0.516,0.0,0.24588888888888877,0.23356500000000002,0.15,0.23356500000000002,0.0,0.0087586875,0.0
2025-04-06 07:15:00,0.282435,0.288,0.0,0.24588888888888877,0.005564999999999987,0.15,0.005564999999999987,0.0,0.00020868749999999948,0.0
2025-04-06 07:30:00,0.282435,0.444,0.0,0.24588888888888877,0.16156500000000001,0.15,0.16156500000000001,0.0,0.006058687500000001,0.0
2025-04-06 07:45:00,0.8939024999999999,0.508,0.0,0.24588888888888877,-0.3859024999999999,0.15,0.0,0.3859024999999999,-0.004341403124999999,0.0
2025-04-06 08:00:00,0.8939024999999999,0.508,0.0,0.24588888888888877,-0.3859024999999999,0.15,0.0,0.3859024999999999,-0.004341403124999999,0.0
2025-04-06 08:15:00,0.8939024999999999,0.492,0.4985324382716224,0.2571058687500003,0.09662993827162247,0.15,0.09662993827162247,0.0,0.004745320671296993,0.0011216979861111505
2025-04-06 08:30:00,0.8939024999999999,0.432,1.2074725,0.2842740000000003,0.7455700000000001,0.15,0.7455700000000001,0.0,0.030675688125000003,0.002716813125
2025-04-06 08:45:00,1.4305575,0.44,1.5050124999999999,0.31813678125000033,0.5144549999999999,0.15,0.5144549999999999,0.0,0.022678340624999994,0.0033862781249999994
2025-04-06 09:00:00,1.4305575,0.48,1.4890124999999999,0.3516395625000003,0.5384549999999999,0.15,0.5384549999999999,0.0,0.023542340624999998,0.003350278125
2025-04-06 09:15:00,1.4305575,0.468,1.4690124999999998,0.3846923437500003,0.5064549999999999,0.15,0.5064549999999999,0.0,0.02229734062499999,0.0033052781249999995
2025-04-06 09:30:00,1.4305575,0.46,1.4770124999999998,0.4179251250000003,0.5064549999999999,0.15,0.5064549999999999,0.0,0.022315340624999992,0.0033232781249999998
2025-04-06 09:45:00,1.6103925,0.504,1.624275,0.4544713125000003,0.5178825,0.15,0.5178825,0.0,0.0230752125,0.00365461875
2025-04-06 10:00:00,1.6103925,0.588,1.652275,0.4916475000000003,0.6298824999999999,0.15,0.6298824999999999,0.0,0.027338212499999993,0.0037176187500000003
2025-04-06 10:15:00,1.6103925,0.604,1.5202749999999998,0.5258536875000003,0.5138824999999998,0.15,0.5138824999999998,0.0,0.02269121249999999,0.00342061875
2025-04-06 10:30:00,1.6103925,0.696,1.4442749999999998,0.5583498750000002,0.5298824999999998,0.15,0.5298824999999998,0.0,0.02312021249999999,0.0032496187499999997
2025-04-06 10:45:00,1.6944674999999998,1.432,1.449325,0.5909596875000002,1.1868575000000001,0.15,1.1868575000000001,0.0,0.04776813750000001,0.0032609812500000003
2025-04-06 11:00:00,1.6944674999999998,1.452,1.481325,0.6242895000000002,1.2388575000000002,0.15,1.2388575000000002,0.0,0.049790137500000005,0.00333298125
2025-04-06 11:15:00,1.6944674999999998,0.612,1.517325,0.6584293125000003,0.4348575000000001,0.15,0.4348575000000001,0.0,0.019721137500000003,0.00341398125
2025-04-06 11:30:00,1.6944674999999998,1.1,1.457325,0.6912191250000002,0.8628575000000003,0.15,0.8628575000000003,0.0,0.03563613750000001,0.00327898125
2025-04-06 11:45:00,1.6864875,0.612,1.0103899999999997,0.7139529000000002,-0.06409750000000036,0.15,0.0,0.06409750000000036,0.0015522806249999954,0.0022733774999999993
2025-04-06 12:00:00,1.6864875,0.64,0.45838999999999963,0.7242666750000002,-0.5880975000000004,0.15,0.0,0.5880975000000004,-0.005584719375000005,0.0010313774999999993
2025-04-06 12:15:00,1.6864875,0.78,0.7143899999999997,0.7403404500000003,-0.19209750000000014,0.15,0.0,0.19209750000000014,-0.000553719375000002,0.0016073774999999996
2025-04-06 12:30:00,1.6864875,0.808,0.9383899999999997,0.7614542250000003,0.05990249999999986,0.15,0.05990249999999986,0.0,0.004357721249999994,0.0021113774999999995
2025-04-06 12:45:00,1.6901925,0.76,0.6532549999999999,0.7761524625000003,-0.27693750000000006,0.15,0.0,0.27693750000000006,-0.0016457231250000008,0.00146982375
2025-04-06 13:00:00,1.6901925,2.44,0.6292549999999999,0.7903107000000003,1.3790624999999999,0.15,1.3790624999999999,0.0,0.0531306675,0.00141582375
2025-04-06 13:15:00,1.6901925,2.964,0.709255,0.8062689375000002,1.9830625,0.15,1.9830625,0.0,0.0759606675,0.00159582375
2025-04-06 13:30:00,1.6901925,1.98,0.41725499999999993,0.8156571750000001,0.7070624999999999,0.15,0.7070624999999999,0.0,0.027453667499999997,0.0009388237499999999
2025-04-06 13:45:00,1.6482975,2.292,0.7767974999999999,0.8331351187500001,1.4204999999999997,0.15,1.4204999999999997,0.0,0.05501654437499998,0.001747794375
2025-04-06 14:00:00,1.6482975,3.232,0.6447974999999999,0.8476430625000001,2.2285000000000004,0.15,2.2285000000000004,0.0,0.085019544375,0.0014507943749999998
2025-04-06 14:15:00,1.6482975,3.048,0.6287975,0.86179100625,2.0285,0.15,2.0285,0.0,0.077483544375,0.001414794375
2025-04-06 14:30:00,1.6482975,1.0,0.8287975,0.8804389499999999,0.1805,0.15,0.1805,0.0,0.008633544375,0.001864794375
2025-04-06 14:45:00,1.56921,2.844,0.6586899999999998,0.8952594749999999,1.9334799999999996,0.15,1.9334799999999996,0.0,0.07398755249999998,0.0014820524999999995
2025-04-06 15:00:00,1.56921,2.828,0.21069000000000276,0.9,1.4694800000000026,0.15,1.4694800000000026,0.0,0.0555795525000001,0.0004740525000000062
2025-04-06 15:15:00,1.56921,3.064,0.0,0.9,1.49479,0.15,1.49479,0.0,0.056054625000000004,0.0
2025-04-06 15:30:00,1.56921,2.228,-0.6587900000000002,0.8817002777777777,0.0,0.15,0.0,0.0,0.0018299722222222229,0.0018299722222222229
2025-04-06 15:45:00,1.3565999999999998,2.476,0.0,0.8817002777777777,1.1194000000000002,0.15,1.1194000000000002,0.0,0.04197750000000001,0.0
2025-04-06 16:00:00,1.3565999999999998,1.392,0.0,0.8817002777777777,0.0354000000000001,0.15,0.0354000000000001,0.0,0.0013275000000000036,0.0
2025-04-06 16:15:00,1.3565999999999998,1.532,0.0,0.8817002777777777,0.17540000000000022,0.15,0.17540000000000022,0.0,0.006577500000000008,0.0
2025-04-06 16:30:00,1.3565999999999998,1.532,0.13277749999999988,0.8846877715277778,0.3081775000000001,0.15,0.3081775000000001,0.0,0.011855405625000003,0.00029874937499999976
2025-04-06 16:45:00,0.8658299999999999,1.444,0.0,0.8846877715277778,0.5781700000000001,0.15,0.5781700000000001,0.0,0.021681375000000003,0.0
2025-04-06 17:00:00,0.8658299999999999,0.572,0.0,0.8846877715277778,-0.2938299999999999,0.15,0.0,0.2938299999999999,-0.003305587499999999,0.0
2025-04-06 17:15:00,0.8658299999999999,1.752,0.0,0.8846877715277778,0.8861700000000001,0.15,0.8861700000000001,0.0,0.033231375,0.0
2025-04-06 17:30:00,0.8658299999999999,0.98,0.0,0.8846877715277778,0.1141700000000001,0.15,0.1141700000000001,0.0,0.004281375000000004,0.0
2025-04-06 17:45:00,0.19764749999999998,1.012,0.0,0.8846877715277778,0.8143525,0.15,0.8143525,0.0,0.03053821875,0.0
2025-04-06 18:00:00,0.19764749999999998,1.028,0.0,0.8846877715277778,0.8303525,0.15,0.8303525,0.0,0.031138218750000002,0.0
2025-04-06 18:15:00,0.19764749999999998,0.62,0.0,0.8846877715277778,0.4223525,0.15,0.4223525,0.0,0.01583821875,0.0
2025-04-06 18:30:00,0.19764749999999998,1.232,0.0,0.8846877715277778,1.0343525,0.15,1.0343525,0.0,0.03878821875,0.0
2025-04-06 18:45:00,0.0,1.4,0.0,0.8846877715277778,1.4,0.15,1.4,0.0,0.0525,0.0
2025-04-06 19:00:00,0.0,0.636,-0.636,0.8670211048611112,0.0,0.15,0.0,0.0,0.0017666666666666666,0.0017666666666666666
2025-04-06 19:15:00,0.0,0.468,-0.468,0.854021104861111,0.0,0.15,0.0,0.0,0.0013000000000000002,0.0013000000000000002
2025-04-06 19:30:00,0.0,0.628,-0.628,0.8365766604166666,0.0,0.15,0.0,0.0,0.0017444444444444443,0.0017444444444444443
2025-04-06 19:45:00,0.0,0.416,-0.416,0.825021104861111,0.0,0.15,0.0,0.0,0.0011555555555555555,0.0011555555555555555
2025-04-06 20:00:00,0.0,1.772,-0.46,0.8122433270833331,1.312,0.15,1.312,0.0,0.05047777777777778,0.0012777777777777776
2025-04-06 20:15:00,0.0,1.572,-1.508,0.7703544381944443,0.06400000000000006,0.15,0.06400000000000006,0.0,0.006588888888888891,0.004188888888888889
2025-04-06 20:30:00,0.0,1.544,-0.772,0.7489099937499999,0.772,0.15,0.772,0.0,0.031094444444444445,0.0021444444444444445
2025-04-06 20:45:00,0.0,1.408,-0.624,0.7315766604166665,0.7839999999999999,0.15,0.7839999999999999,0.0,0.03113333333333333,0.0017333333333333335
2025-04-06 21:00:00,0.0,1.46,-0.652,0.7134655493055554,0.8079999999999999,0.15,0.8079999999999999,0.0,0.03211111111111111,0.0018111111111111112
2025-04-06 21:15:00,0.0,0.888,-0.668,0.6949099937499998,0.21999999999999997,0.15,0.21999999999999997,0.0,0.010105555555555555,0.0018555555555555556
2025-04-06 21:30:00,0.0,0.772,-0.528,0.6802433270833332,0.244,0.15,0.244,0.0,0.010616666666666667,0.0014666666666666667
2025-04-06 21:45:00,0.0,0.748,-0.54,0.6652433270833332,0.20799999999999996,0.15,0.20799999999999996,0.0,0.009299999999999998,0.0015
2025-04-06 22:00:00,0.0,0.604,-0.604,0.6484655493055554,0.0,0.15,0.0,0.0,0.0016777777777777778,0.0016777777777777778
2025-04-06 22:15:00,0.0,0.608,-0.608,0.6315766604166666,0.0,0.15,0.0,0.0,0.001688888888888889,0.001688888888888889
2025-04-06 22:30:00,0.0,0.592,-0.592,0.6151322159722221,0.0,0.15,0.0,0.0,0.0016444444444444443,0.0016444444444444443
2025-04-06 22:45:00,0.0,0.568,-0.568,0.5993544381944444,0.0,0.15,0.0,0.0,0.0015777777777777778,0.0015777777777777778
2025-04-06 23:00:00,0.0,0.68,-0.68,0.5804655493055555,0.0,0.15,0.0,0.0,0.001888888888888889,0.001888888888888889
2025-04-06 23:15:00,0.0,0.616,-0.616,0.5633544381944444,0.0,0.15,0.0,0.0,0.0017111111111111112,0.0017111111111111112
2025-04-06 23:30:00,0.0,0.584,-0.584,0.5471322159722222,0.0,0.15,0.0,0.0,0.0016222222222222222,0.0016222222222222222
2025-04-06 23:45:00,0.0,0.552,-0.552,0.5317988826388889,0.0,0.15,0.0,0.0,0.0015333333333333336,0.0015333333333333336
2025-04-07 00:00:00,0.0,0.508,-0.508,0.5176877715277778,0.0,0.15,0.0,0.0,0.001411111111111111,0.001411111111111111
2025-04-07 00:15:00,0.0,0.46,-0.46,0.5049099937499999,0.0,0.15,0.0,0.0,0.0012777777777777776,0.0012777777777777776
2025-04-07 00:30:00,0.0,0.584,-0.584,0.48868777152777776,0.0,0.15,0.0,0.0,0.0016222222222222222,0.0016222222222222222
2025-04-07 00:45:00,0.0,0.54,-0.512,0.4744655493055555,0.028000000000000025,0.15,0.028000000000000025,0.0,0.002472222222222223,0.0014222222222222223
2025-04-07 01:00:00,0.0,0.532,-0.516,0.4601322159722222,0.016000000000000014,0.15,0.016000000000000014,0.0,0.002033333333333334,0.0014333333333333333
2025-04-07 01:15:00,0.0,0.484,-0.472,0.4470211048611111,0.01200000000000001,0.15,0.01200000000000001,0.0,0.0017611111111111113,0.001311111111111111
2025-04-07 01:30:00,0.0,0.476,-0.452,0.4344655493055555,0.023999999999999966,0.15,0.023999999999999966,0.0,0.0021555555555555542,0.0012555555555555555
2025-04-07 01:45:00,0.0,0.388,-0.388,0.4236877715277777,0.0,0.15,0.0,0.0,0.0010777777777777778,0.0010777777777777778
2025-04-07 02:00:00,0.0,0.34,-0.34,0.41424332708333333,0.0,0.15,0.0,0.0,0.0009444444444444445,0.0009444444444444445
2025-04-07 02:15:00,0.0,0.332,-0.332,0.4050211048611111,0.0,0.15,0.0,0.0,0.0009222222222222222,0.0009222222222222222
2025-04-07 02:30:00,0.0,0.252,-0.252,0.3980211048611111,0.0,0.15,0.0,0.0,0.0007,0.0007
2025-04-07 02:45:00,0.0,0.192,-0.192,0.3926877715277778,0.0,0.15,0.0,0.0,0.0005333333333333334,0.0005333333333333334
2025-04-07 03:00:00,0.0,0.22,-0.22,0.38657666041666666,0.0,0.15,0.0,0.0,0.0006111111111111111,0.0006111111111111111
2025-04-07 03:15:00,0.0,0.18,-0.18,0.3815766604166667,0.0,0.15,0.0,0.0,0.0005,0.0005
2025-04-07 03:30:00,0.0,0.208,-0.208,0.3757988826388889,0.0,0.15,0.0,0.0,0.0005777777777777778,0.0005777777777777778
2025-04-07 03:45:00,0.0,0.208,-0.208,0.3700211048611111,0.0,0.15,0.0,0.0,0.0005777777777777778,0.0005777777777777778
2025-04-07 04:00:00,0.0,0.208,-0.208,0.3642433270833333,0.0,0.15,0.0,0.0,0.0005777777777777778,0.0005777777777777778
2025-04-07 04:15:00,0.0,0.212,-0.212,0.35835443819444446,0.0,0.15,0.0,0.0,0.0005888888888888889,0.0005888888888888889
2025-04-07 04:30:00,0.0,0.208,-0.208,0.35257666041666663,0.0,0.15,0.0,0.0,0.0005777777777777778,0.0005777777777777778
2025-04-07 04:45:00,0.0,0.212,-0.212,0.34668777152777774,0.0,0.15,0.0,0.0,0.0005888888888888889,0.0005888888888888889
2025-04-07 05:00:00,0.0,0.212,-0.212,0.3407988826388889,0.0,0.15,0.0,0.0,0.0005888888888888889,0.0005888888888888889
2025-04-07 05:15:00,0.0,0.212,-0.204,0.3351322159722222,0.008000000000000007,0.15,0.008000000000000007,0.0,0.0008666666666666668,0.0005666666666666666
2025-04-07 05:30:00,0.0,0.228,-0.216,0.3291322159722222,0.01200000000000001,0.15,0.01200000000000001,0.0,0.0010500000000000004,0.0006
2025-04-07 05:45:00,0.033345,0.224,-0.19065500000000002,0.32383624375000003,0.0,0.15,0.0,0.0,0.0005295972222222223,0.0005295972222222223
2025-04-07 06:00:00,0.033345,0.2,-0.166655,0.31920693819444446,0.0,0.15,0.0,0.0,0.0004629305555555555,0.0004629305555555555
2025-04-07 06:15:00,0.033345,0.204,-0.170655,0.3144665215277778,0.0,0.15,0.0,0.0,0.00047404166666666667,0.00047404166666666667
2025-04-07 06:30:00,0.033345,0.188,-0.154655,0.3101705493055556,0.0,0.15,0.0,0.0,0.0004295972222222222,0.0004295972222222222
2025-04-07 06:45:00,0.54321,0.184,0.0,0.3101705493055556,-0.35921,0.15,0.0,0.35921,-0.004041112499999999,0.0
2025-04-07 07:00:00,0.54321,0.204,0.0,0.3101705493055556,-0.33921,0.15,0.0,0.33921,-0.0038161125,0.0
2025-04-07 07:15:00,0.54321,0.188,0.0,0.3101705493055556,-0.35520999999999997,0.15,0.0,0.35520999999999997,-0.003996112499999999,0.0
2025-04-07 07:30:00,0.54321,0.196,0.0,0.3101705493055556,-0.34720999999999996,0.15,0.0,0.34720999999999996,-0.0039061124999999995,0.0
2025-04-07 07:45:00,1.1099324999999998,1.308,0.3859024999999999,0.3188533555555556,0.5839700000000002,0.15,0.5839700000000002,0.0,0.022767155625000007,0.0008682806249999998
2025-04-07 08:00:00,1.1099324999999998,0.292,0.3859024999999999,0.32753616180555556,-0.4320299999999998,0.15,0.0,0.4320299999999998,-0.003992056874999998,0.0008682806249999998
2025-04-07 08:15:00,1.1099324999999998,0.236,0.40190249999999994,0.3365789680555556,-0.47202999999999984,0.15,0.0,0.47202999999999984,-0.004406056874999998,0.0009042806249999999
2025-04-07 08:30:00,1.1099324999999998,0.192,0.46190249999999994,0.3469717743055556,-0.4560299999999999,0.15,0.0,0.4560299999999999,-0.004091056874999999,0.001039280625
2025-04-07 08:45:00,1.4889824999999999,0.164,0.9905575,0.36925931805555556,-0.334425,0.15,0.0,0.334425,-0.0015335268749999994,0.002228754375
2025-04-07 09:00:00,1.4889824999999999,0.224,0.9505574999999999,0.3906468618055556,-0.31442499999999995,0.15,0.0,0.31442499999999995,-0.0013985268749999993,0.002138754375
2025-04-07 09:15:00,1.4889824999999999,0.24,0.9625575,0.4123044055555556,-0.28642499999999993,0.15,0.0,0.28642499999999993,-0.001056526874999999,0.002165754375
2025-04-07 09:30:00,1.4889824999999999,0.224,0.9705575,0.43414194930555555,-0.29442499999999994,0.15,0.0,0.29442499999999994,-0.0011285268749999995,0.002183754375
2025-04-07 09:45:00,1.6420274999999998,0.18,1.1063925,0.45903578055555555,-0.3556349999999999,0.15,0.0,0.3556349999999999,-0.001511510624999999,0.002489383125
2025-04-07 10:00:00,1.6420274999999998,0.164,1.0223925,0.48203961180555555,-0.4556349999999998,0.15,0.0,0.4556349999999998,-0.0028255106249999973,0.002300383125
2025-04-07 10:15:00,1.6420274999999998,0.348,1.0063925,0.5046834430555556,-0.28763499999999986,0.15,0.0,0.28763499999999986,-0.000971510624999998,0.0022643831250000004
2025-04-07 10:30:00,1.6420274999999998,0.416,0.9143924999999999,0.5252572743055556,-0.3116349999999999,0.15,0.0,0.3116349999999999,-0.0014485106249999989,0.002057383125
2025-04-07 10:45:00,1.6899075,0.428,0.26246749999999985,0.5311627930555556,-0.9994400000000001,0.15,0.0,0.9994400000000001,-0.010653148125000001,0.0005905518749999997
2025-04-07 11:00:00,1.6899075,0.404,0.24246749999999984,0.5366183118055556,-1.0434400000000001,0.15,0.0,1.0434400000000001,-0.011193148125000002,0.0005455518749999997
2025-04-07 11:15:00,1.6899075,0.396,1.0824675,0.5609738305555556,-0.21144000000000007,0.15,0.0,0.21144000000000007,5.685187499999966e-05,0.002435551875
2025-04-07 11:30:00,1.6899075,0.448,0.5944674999999997,0.5743493493055556,-0.6474400000000002,0.15,0.0,0.6474400000000002,-0.0059461481250000035,0.0013375518749999993
2025-04-07 11:45:00,1.7074349999999998,0.52,1.0744875,0.5985253180555556,-0.11294749999999976,0.15,0.0,0.11294749999999976,0.001146937500000003,0.002417596875
2025-04-07 12:00:00,1.7074349999999998,0.488,1.0464875,0.6220712868055556,-0.1729474999999998,0.15,0.0,0.1729474999999998,0.0004089375000000022,0.002354596875
2025-04-07 12:15:00,1.7074349999999998,0.584,0.9064874999999999,0.6424672555555556,-0.21694749999999985,0.15,0.0,0.21694749999999985,-0.0004010624999999982,0.002039596875
2025-04-07 12:30:00,1.7074349999999998,2.124,0.8784874999999999,0.6622332243055556,1.2950525000000002,0.15,1.2950525000000002,0.0,0.050541065625000006,0.0019765968749999997
2025-04-07 12:45:00,1.7058674999999999,0.684,0.9301925,0.6831625555555556,-0.09167499999999995,0.15,0.0,0.09167499999999995,0.0010615893750000004,0.002092933125
2025-04-07 13:00:00,1.7058674999999999,0.448,0.0,0.6831625555555556,-1.2578675,0.15,0.0,1.2578675,-0.014151009374999999,0.0
2025-04-07 13:15:00,1.7058674999999999,0.36,0.0,0.6831625555555556,-1.3458674999999998,0.15,0.0,1.3458674999999998,-0.015141009374999997,0.0
2025-04-07 13:30:00,1.7058674999999999,0.704,0.0,0.6831625555555556,-1.0018675,0.15,0.0,1.0018675,-0.011271009374999998,0.0
2025-04-07 13:45:00,1.6685324999999998,0.66,0.0,0.6831625555555556,-1.0085324999999998,0.15,0.0,1.0085324999999998,-0.011345990624999998,0.0
2025-04-07 14:00:00,1.6685324999999998,0.564,0.0,0.6831625555555556,-1.1045325,0.15,0.0,1.1045325,-0.012425990625,0.0
2025-04-07 14:15:00,1.6685324999999998,0.532,0.0,0.6831625555555556,-1.1365324999999997,0.15,0.0,1.1365324999999997,-0.012785990624999997,0.0
2025-04-07 14:30:00,1.6685324999999998,0.496,0.6482975,0.6977492493055556,-0.5242349999999998,0.15,0.0,0.5242349999999998,-0.004438974374999997,0.001458669375
2025-04-07 14:45:00,1.5817499999999998,0.58,0.0,0.6977492493055556,-1.00175,0.15,0.0,1.00175,-0.011269687499999998,0.0
2025-04-07 15:00:00,1.5817499999999998,0.6,0.0,0.6977492493055556,-0.9817499999999998,0.15,0.0,0.9817499999999998,-0.011044687499999997,0.0
2025-04-07 15:15:00,1.5817499999999998,0.668,0.0,0.6977492493055556,-0.9137499999999997,0.15,0.0,0.9137499999999997,-0.010279687499999997,0.0
2025-04-07 15:30:00,1.5817499999999998,1.8,0.0,0.6977492493055556,0.21825000000000028,0.15,0.21825000000000028,0.0,0.00818437500000001,0.0
2025-04-07 15:45:00,1.34406,1.1,0.0,0.6977492493055556,-0.24405999999999994,0.15,0.0,0.24405999999999994,-0.002745674999999999,0.0
2025-04-07 16:00:00,1.34406,1.304,0.0,0.6977492493055556,-0.040059999999999985,0.15,0.0,0.040059999999999985,-0.00045067499999999983,0.0
2025-04-07 16:15:00,1.34406,1.424,0.0,0.6977492493055556,0.0799399999999999,0.15,0.0799399999999999,0.0,0.002997749999999996,0.0
2025-04-07 16:30:00,1.34406,1.264,0.0,0.6977492493055556,-0.08006000000000002,0.15,0.0,0.08006000000000002,-0.0009006750000000002,0.0
2025-04-07 16:45:00,0.9263925,1.46,0.0,0.6977492493055556,0.5336075,0.15,0.5336075,0.0,0.02001028125,0.0
2025-04-07 17:00:00,0.9263925,1.392,0.2938299999999999,0.7043604243055557,0.7594374999999999,0.15,0.7594374999999999,0.0,0.029140023749999994,0.0006611174999999999
2025-04-07 17:15:00,0.9263925,1.176,0.0,0.7043604243055557,0.24960749999999998,0.15,0.24960749999999998,0.0,0.00936028125,0.0
2025-04-07 17:30:00,0.9263925,1.16,0.0,0.7043604243055557,0.23360749999999997,0.15,0.23360749999999997,0.0,0.008760281249999998,0.0
2025-04-07 17:45:00,0.24552749999999998,0.936,0.0,0.7043604243055557,0.6904725,0.15,0.6904725,0.0,0.02589271875,0.0
2025-04-07 18:00:00,0.24552749999999998,0.976,0.0,0.7043604243055557,0.7304725,0.15,0.7304725,0.0,0.02739271875,0.0
2025-04-07 18:15:00,0.24552749999999998,0.656,0.0,0.7043604243055557,0.4104725,0.15,0.4104725,0.0,0.01539271875,0.0
2025-04-07 18:30:00,0.24552749999999998,0.932,0.0,0.7043604243055557,0.6864725,0.15,0.6864725,0.0,0.02574271875,0.0
2025-04-07 18:45:00,0.001995,0.696,0.0,0.7043604243055557,0.694005,0.15,0.694005,0.0,0.026025187499999998,0.0
2025-04-07 19:00:00,0.001995,0.88,0.0,0.7043604243055557,0.878005,0.15,0.878005,0.0,0.0329251875,0.0
2025-04-07 19:15:00,0.001995,0.752,0.0,0.7043604243055557,0.750005,0.15,0.750005,0.0,0.0281251875,0.0
2025-04-07 19:30:00,0.001995,0.968,0.0,0.7043604243055557,0.966005,0.15,0.966005,0.0,0.0362251875,0.0
2025-04-07 19:45:00,0.0,0.948,0.0,0.7043604243055557,0.948,0.15,0.948,0.0,0.03555,0.0
2025-04-07 20:00:00,0.0,1.428,-0.16497527500000633,0.6997777777777776,1.2630247249999935,0.15,1.2630247249999935,0.0,0.047821691840277555,0.0004582646527777954
2025-04-07 20:15:00,0.0,1.016,-1.016,0.6715555555555555,0.0,0.15,0.0,0.0,0.002822222222222222,0.002822222222222222
2025-04-07 20:30:00,0.0,1.108,-1.108,0.6407777777777777,0.0,0.15,0.0,0.0,0.0030777777777777782,0.0030777777777777782
2025-04-07 20:45:00,0.0,1.44,-1.408,0.6016666666666666,0.03200000000000003,0.15,0.03200000000000003,0.0,0.005111111111111111,0.003911111111111111
2025-04-07 21:00:00,0.0,1.908,-1.46,0.561111111111111,0.44799999999999995,0.15,0.44799999999999995,0.0,0.020855555555555554,0.004055555555555555
2025-04-07 21:15:00,0.0,1.664,-0.888,0.5364444444444443,0.7759999999999999,0.15,0.7759999999999999,0.0,0.03156666666666666,0.002466666666666667
2025-04-07 21:30:00,0.0,1.196,-0.772,0.5149999999999999,0.42399999999999993,0.15,0.42399999999999993,0.0,0.018044444444444443,0.0021444444444444445
2025-04-07 21:45:00,0.0,0.896,-0.748,0.4942222222222221,0.14800000000000002,0.15,0.14800000000000002,0.0,0.0076277777777777785,0.0020777777777777778
2025-04-07 22:00:00,0.0,1.164,-0.604,0.4774444444444444,0.5599999999999999,0.15,0.5599999999999999,0.0,0.022677777777777776,0.0016777777777777778
2025-04-07 22:15:00,0.0,1.292,-0.608,0.4605555555555555,0.684,0.15,0.684,0.0,0.027338888888888892,0.001688888888888889
2025-04-07 22:30:00,0.0,0.696,-0.592,0.44411111111111107,0.10399999999999998,0.15,0.10399999999999998,0.0,0.005544444444444443,0.0016444444444444443
2025-04-07 22:45:00,0.0,1.112,-0.568,0.42833333333333334,0.5440000000000002,0.15,0.5440000000000002,0.0,0.021977777777777784,0.0015777777777777778
2025-04-07 23:00:00,0.0,1.536,-0.68,0.4094444444444444,0.856,0.15,0.856,0.0,0.03398888888888889,0.001888888888888889
2025-04-07 23:15:00,0.0,1.66,-0.616,0.3923333333333333,1.044,0.15,1.044,0.0,0.04086111111111111,0.0017111111111111112
2025-04-07 23:30:00,0.0,2.364,-0.584,0.37611111111111106,1.7799999999999998,0.15,1.7799999999999998,0.0,0.06837222222222221,0.0016222222222222222
2025-04-07 23:45:00,0.0,1.312,-0.552,0.36077777777777775,0.76,0.15,0.76,0.0,0.030033333333333332,0.0015333333333333336
2025-04-08 00:00:00,0.0,0.696,-0.508,0.3466666666666666,0.18799999999999994,0.15,0.18799999999999994,0.0,0.008461111111111108,0.001411111111111111
2025-04-08 00:15:00,0.0,0.568,-0.46,0.33388888888888885,0.10799999999999993,0.15,0.10799999999999993,0.0,0.005327777777777775,0.0012777777777777776
2025-04-08 00:30:00,0.0,2.204,-0.584,0.31766666666666665,1.62,0.15,1.62,0.0,0.06237222222222222,0.0016222222222222222
2025-04-08 00:45:00,0.0,1.088,-0.54,0.30266666666666664,0.548,0.15,0.548,0.0,0.022050000000000004,0.0015
2025-04-08 01:00:00,0.0,0.768,-0.532,0.28788888888888886,0.236,0.15,0.236,0.0,0.010327777777777776,0.001477777777777778
2025-04-08 01:15:00,0.0,0.592,-0.484,0.2744444444444444,0.10799999999999998,0.15,0.10799999999999998,0.0,0.005394444444444443,0.0013444444444444445
2025-04-08 01:30:00,0.0,0.66,-0.476,0.2612222222222222,0.18400000000000005,0.15,0.18400000000000005,0.0,0.008222222222222225,0.0013222222222222222
2025-04-08 01:45:00,0.0,0.864,-0.388,0.2504444444444444,0.476,0.15,0.476,0.0,0.018927777777777776,0.0010777777777777778
2025-04-08 02:00:00,0.0,1.38,-0.34,0.24099999999999996,1.0399999999999998,0.15,1.0399999999999998,0.0,0.039944444444444435,0.0009444444444444445
2025-04-08 02:15:00,0.0,1.664,-0.332,0.23177777777777772,1.3319999999999999,0.15,1.3319999999999999,0.0,0.050872222222222215,0.0009222222222222222
2025-04-08 02:30:00,0.0,0.584,-0.252,0.22477777777777774,0.33199999999999996,0.15,0.33199999999999996,0.0,0.013149999999999997,0.0007
2025-04-08 02:45:00,0.0,0.792,-0.192,0.21944444444444441,0.6000000000000001,0.15,0.6000000000000001,0.0,0.023033333333333336,0.0005333333333333334
2025-04-08 03:00:00,0.0,0.704,-0.22,0.21333333333333332,0.484,0.15,0.484,0.0,0.01876111111111111,0.0006111111111111111
2025-04-08 03:15:00,0.0,0.48,-0.18,0.20833333333333334,0.3,0.15,0.3,0.0,0.01175,0.0005
2025-04-08 03:30:00,0.0,0.492,-0.208,0.20255555555555554,0.28400000000000003,0.15,0.28400000000000003,0.0,0.01122777777777778,0.0005777777777777778
2025-04-08 03:45:00,0.0,0.764,-0.208,0.19677777777777777,0.556,0.15,0.556,0.0,0.021427777777777778,0.0005777777777777778
2025-04-08 04:00:00,0.0,0.724,-0.208,0.191,0.516,0.15,0.516,0.0,0.019927777777777777,0.0005777777777777778
2025-04-08 04:15:00,0.0,0.452,-0.212,0.18511111111111112,0.24000000000000002,0.15,0.24000000000000002,0.0,0.00958888888888889,0.0005888888888888889
2025-04-08 04:30:00,0.0,0.512,-0.208,0.17933333333333334,0.30400000000000005,0.15,0.30400000000000005,0.0,0.01197777777777778,0.0005777777777777778
2025-04-08 04:45:00,0.0,0.744,-0.212,0.17344444444444446,0.532,0.15,0.532,0.0,0.020538888888888888,0.0005888888888888889
2025-04-08 05:00:00,0.0,0.692,-0.212,0.16755555555555554,0.48,0.15,0.48,0.0,0.018588888888888887,0.0005888888888888889
2025-04-08 05:15:00,0.0,0.444,-0.212,0.16166666666666665,0.232,0.15,0.232,0.0,0.009288888888888888,0.0005888888888888889
2025-04-08 05:30:00,0.0,0.568,-0.228,0.15533333333333332,0.33999999999999997,0.15,0.33999999999999997,0.0,0.013383333333333332,0.0006333333333333334
2025-04-08 05:45:00,0.058852499999999995,0.768,-0.224,0.1491111111111111,0.48514750000000006,0.15,0.48514750000000006,0.0,0.018815253472222224,0.0006222222222222223
2025-04-08 06:00:00,0.058852499999999995,0.584,-0.2,0.14355555555555555,0.3251475,0.15,0.3251475,0.0,0.012748586805555554,0.0005555555555555556
2025-04-08 06:15:00,0.058852499999999995,0.528,-0.204,0.1378888888888889,0.2651475000000001,0.15,0.2651475000000001,0.0,0.01050969791666667,0.0005666666666666666
2025-04-08 06:30:00,0.058852499999999995,0.664,-0.188,0.13266666666666665,0.41714750000000006,0.15,0.41714750000000006,0.0,0.016165253472222224,0.0005222222222222222
2025-04-08 06:45:00,0.8223674999999999,0.736,0.0,0.13266666666666665,-0.08636749999999993,0.15,0.0,0.08636749999999993,-0.0009716343749999992,0.0
2025-04-08 07:00:00,0.8223674999999999,0.54,0.33921,0.14029889166666668,0.05684250000000013,0.15,0.05684250000000013,0.0,0.0028948162500000048,0.0007632225000000001
2025-04-08 07:15:00,0.8223674999999999,0.48,0.35520999999999997,0.14829111666666667,0.012842500000000034,0.15,0.012842500000000034,0.0,0.0012808162500000013,0.0007992225
2025-04-08 07:30:00,0.8223674999999999,1.636,0.34720999999999996,0.15610334166666667,1.1608425,0.15,1.1608425,0.0,0.04431281625,0.0007812224999999999
2025-04-08 07:45:00,1.4299875,1.316,0.0,0.15610334166666667,-0.11398749999999991,0.15,0.0,0.11398749999999991,-0.001282359374999999,0.0
2025-04-08 08:00:00,1.4299875,1.728,0.6596614814814833,0.17094572500000008,0.9576739814814833,0.15,0.9576739814814833,0.0,0.03739701263888896,0.0014842383333333376
2025-04-08 08:15:00,1.4299875,0.556,0.8739324999999998,0.19060920625000005,-5.500000000013827e-05,0.15,0.0,5.500000000013827e-05,0.001965729374999998,0.0019663481249999996
2025-04-08 08:30:00,1.4299875,0.792,0.9179324999999998,0.21126268750000005,0.2799449999999999,0.15,0.2799449999999999,0.0,0.012563285624999995,0.0020653481249999998
2025-04-08 08:45:00,1.7156999999999998,1.12,1.3249825,0.24107479375000004,0.7292825000000003,0.15,0.7292825000000003,0.0,0.03032930437500001,0.002981210625
2025-04-08 09:00:00,1.7156999999999998,0.86,1.2649825,0.2695369,0.4092825000000001,0.15,0.4092825000000001,0.0,0.018194304375000005,0.0028462106249999997
2025-04-08 09:15:00,1.7156999999999998,0.456,1.2489824999999999,0.29763900625,-0.010717499999999935,0.15,0.0,0.010717499999999935,0.0026896387500000003,0.0028102106249999997
2025-04-08 09:30:00,1.7156999999999998,0.64,1.2503069444444537,0.32577091250000023,0.1746069444444538,0.15,0.1746069444444538,0.0,0.009360951041667039,0.002813190625000021
2025-04-08 09:45:00,1.8016275,0.792,1.4620274999999998,0.3586665312500002,0.4523999999999999,0.15,0.4523999999999999,0.0,0.020254561874999997,0.0032895618749999994
2025-04-08 10:00:00,1.8016275,0.532,1.4780274999999998,0.3919221500000002,0.20839999999999992,0.15,0.20839999999999992,0.0,0.011140561874999996,0.003325561875
2025-04-08 10:15:00,1.8016275,0.536,1.2940274999999999,0.4210377687500002,0.02839999999999998,0.15,0.02839999999999998,0.0,0.0039765618749999995,0.002911561875
2025-04-08 10:30:00,1.8016275,0.736,1.2260274999999998,0.4486233875000002,0.16039999999999988,0.15,0.16039999999999988,0.0,0.008773561874999995,0.0027585618749999996
2025-04-08 10:45:00,1.8268499999999999,0.756,1.2619075,0.4770163062500002,0.1910575000000001,0.15,0.1910575000000001,0.0,0.010003948125000004,0.0028392918750000003
2025-04-08 11:00:00,1.8268499999999999,0.764,1.2859075,0.5059492250000002,0.22305750000000013,0.15,0.22305750000000013,0.0,0.011257948125000005,0.0028932918750000005
2025-04-08 11:15:00,1.8268499999999999,1.38,1.2939075,0.5350621437500002,0.8470575,0.15,0.8470575,0.0,0.034675948125,0.002911291875
2025-04-08 11:30:00,1.8268499999999999,1.168,1.2419075,0.5630050625000002,0.5830575,0.15,0.5830575,0.0,0.024658948125,0.002794291875
2025-04-08 11:45:00,1.8173024999999998,1.34,1.1874349999999998,0.5897223500000002,0.7101325,0.15,0.7101325,0.0,0.0293016975,0.00267172875
2025-04-08 12:00:00,1.8173024999999998,0.992,1.2194349999999998,0.6171596375000001,0.3941325,0.15,0.3941325,0.0,0.017523697499999998,0.0027437287499999996
2025-04-08 12:15:00,1.8173024999999998,1.256,1.1234349999999997,0.6424369250000002,0.5621324999999999,0.15,0.5621324999999999,0.0,0.023607697499999997,0.0025277287499999995
2025-04-08 12:30:00,1.8173024999999998,0.868,0.0,0.6424369250000002,-0.9493024999999998,0.15,0.0,0.9493024999999998,-0.010679653124999997,0.0
2025-04-08 12:45:00,1.7940749999999999,1.056,0.5222652777777742,0.6541878937500001,-0.2158097222222256,0.15,0.0,0.2158097222222256,-0.001252762500000046,0.001175096874999992
2025-04-08 13:00:00,1.7940749999999999,1.26,1.2431919444444444,0.6821597125000001,0.7091169444444445,0.15,0.7091169444444445,0.0,0.029389067291666668,0.002797181875
2025-04-08 13:15:00,1.7940749999999999,0.48,1.3458674999999998,0.7124417312500001,0.03179249999999989,0.15,0.03179249999999989,0.0,0.004220420624999995,0.0030282018749999994
2025-04-08 13:30:00,1.7940749999999999,0.608,1.0018675,0.7349837500000002,-0.18420749999999986,0.15,0.0,0.18420749999999986,0.00018186750000000152,0.002254201875
2025-04-08 13:45:00,1.7691374999999998,0.392,1.0085324999999998,0.7576757312500002,-0.36860500000000007,0.15,0.0,0.36860500000000007,-0.0018776081250000015,0.0022691981249999995
2025-04-08 14:00:00,1.7691374999999998,0.612,1.1045325,0.7825277125000001,-0.05260499999999979,0.15,0.0,0.05260499999999979,0.0018933918750000025,0.002485198125
2025-04-08 14:15:00,1.7691374999999998,0.428,1.1365324999999997,0.8080996937500002,-0.20460500000000015,0.15,0.0,0.20460500000000015,0.0002553918749999976,0.002557198124999999
2025-04-08 14:30:00,1.7691374999999998,0.404,1.1725324999999998,0.8344816750000001,-0.19260500000000014,0.15,0.0,0.19260500000000014,0.0004713918749999985,0.002638198125
2025-04-08 14:45:00,1.7298074999999997,0.336,1.00175,0.8570210500000002,-0.3920574999999997,0.15,0.0,0.3920574999999997,-0.002156709374999997,0.0022539375
2025-04-08 15:00:00,1.7298074999999997,0.328,0.9817499999999998,0.8791104250000001,-0.42005749999999986,0.15,0.0,0.42005749999999986,-0.002516709374999999,0.0022089374999999995
2025-04-08 15:15:00,1.7298074999999997,0.452,0.9137499999999997,0.8996698000000002,-0.36405750000000003,0.15,0.0,0.36405750000000003,-0.0020397093750000005,0.0020559374999999996
2025-04-08 15:30:00,1.7298074999999997,0.488,0.0,0.8996698000000002,-1.2418074999999997,0.15,0.0,1.2418074999999997,-0.013970334374999997,0.0
2025-04-08 15:45:00,1.5888749999999998,0.488,0.0,0.8996698000000002,-1.1008749999999998,0.15,0.0,1.1008749999999998,-0.012384843749999997,0.0
2025-04-08 16:00:00,1.5888749999999998,0.524,0.0146755555555463,0.9,-1.0501994444444536,0.15,0.0,1.0501994444444536,-0.011781723750000124,3.3019999999979175e-05
2025-04-08 16:15:00,1.5888749999999998,0.548,0.0,0.9,-1.0408749999999998,0.15,0.0,1.0408749999999998,-0.011709843749999997,0.0
2025-04-08 16:30:00,1.5888749999999998,0.484,0.0,0.9,-1.1048749999999998,0.15,0.0,1.1048749999999998,-0.012429843749999997,0.0
2025-04-08 16:45:00,1.2156675,0.372,0.0,0.9,-0.8436674999999999,0.15,0.0,0.8436674999999999,-0.009491259374999998,0.0
2025-04-08 17:00:00,1.2156675,0.364,0.0,0.9,-0.8516674999999999,0.15,0.0,0.8516674999999999,-0.009581259374999998,0.0
2025-04-08 17:15:00,1.2156675,0.3,0.0,0.9,-0.9156674999999999,0.15,0.0,0.9156674999999999,-0.010301259374999998,0.0
2025-04-08 17:30:00,1.2156675,0.432,0.0,0.9,-0.7836675,0.15,0.0,0.7836675,-0.008816259375,0.0
2025-04-08 17:45:00,0.41068499999999997,0.42,0.0,0.9,0.009315000000000018,0.15,0.009315000000000018,0.0,0.00034931250000000066,0.0
2025-04-08 18:00:00,0.41068499999999997,0.396,0.0,0.9,-0.014684999999999948,0.15,0.0,0.014684999999999948,-0.0001652062499999994,0.0
2025-04-08 18:15:00,0.41068499999999997,0.384,0.0,0.9,-0.02668499999999996,0.15,0.0,0.02668499999999996,-0.0003002062499999995,0.0
2025-04-08 18:30:00,0.41068499999999997,0.316,0.0,0.9,-0.09468499999999996,0.15,0.0,0.09468499999999996,-0.0010652062499999996,0.0
2025-04-08 18:45:00,0.00399,0.228,0.0,0.9,0.22401000000000001,0.15,0.22401000000000001,0.0,0.008400375,0.0
2025-04-08 19:00:00,0.00399,0.236,0.0,0.9,0.23201,0.15,0.23201,0.0,0.008700375,0.0
2025-04-08 19:15:00,0.00399,0.78,0.0,0.9,0.77601,0.15,0.77601,0.0,0.029100374999999998,0.0
2025-04-08 19:30:00,0.00399,0.732,0.0,0.9,0.7280099999999999,0.15,0.7280099999999999,0.0,0.027300374999999998,0.0
2025-04-08 19:45:00,0.0,0.74,0.0,0.9,0.74,0.15,0.74,0.0,0.02775,0.0
2025-04-08 20:00:00,0.0,0.808,0.0,0.9,0.808,0.15,0.808,0.0,0.0303,0.0
2025-04-08 20:15:00,0.0,0.884,0.0,0.9,0.884,0.15,0.884,0.0,0.03315,0.0
2025-04-08 20:30:00,0.0,0.772,0.0,0.9,0.772,0.15,0.772,0.0,0.02895,0.0
2025-04-08 20:45:00,0.0,0.72,0.0,0.9,0.72,0.15,0.72,0.0,0.027,0.0
2025-04-08 21:00:00,0.0,1.316,0.0,0.9,1.316,0.15,1.316,0.0,0.04935,0.0
2025-04-08 21:15:00,0.0,2.484,0.0,0.9,2.484,0.15,2.484,0.0,0.09315,0.0
2025-04-08 21:30:00,0.0,2.096,0.0,0.9,2.096,0.15,2.096,0.0,0.0786,0.0
2025-04-08 21:45:00,0.0,2.016,0.0,0.9,2.016,0.15,2.016,0.0,0.0756,0.0
2025-04-08 22:00:00,0.0,2.16,0.0,0.9,2.16,0.15,2.16,0.0,0.081,0.0
2025-04-08 22:15:00,0.0,1.464,0.0,0.9,1.464,0.15,1.464,0.0,0.0549,0.0
2025-04-08 22:30:00,0.0,1.292,0.0,0.9,1.292,0.15,1.292,0.0,0.04845,0.0
2025-04-08 22:45:00,0.0,1.1,-0.21200000000000635,0.8941111111111109,0.8879999999999937,0.15,0.8879999999999937,0.0,0.03388888888888867,0.0005888888888889065
2025-04-08 23:00:00,0.0,1.312,-1.312,0.8576666666666665,0.0,0.15,0.0,0.0,0.0036444444444444445,0.0036444444444444445
2025-04-08 23:15:00,0.0,1.152,-1.152,0.8256666666666664,0.0,0.15,0.0,0.0,0.0031999999999999997,0.0031999999999999997
2025-04-08 23:30:00,0.0,1.144,-1.144,0.7938888888888886,0.0,0.15,0.0,0.0,0.0031777777777777776,0.0031777777777777776
2025-04-08 23:45:00,0.0,1.208,-1.208,0.7603333333333331,0.0,0.15,0.0,0.0,0.0033555555555555556,0.0033555555555555556
2025-04-09 00:00:00,0.0,0.572,-0.572,0.7444444444444442,0.0,0.15,0.0,0.0,0.0015888888888888888,0.0015888888888888888
2025-04-09 00:15:00,0.0,0.496,-0.496,0.7306666666666664,0.0,0.15,0.0,0.0,0.001377777777777778,0.001377777777777778
2025-04-09 00:30:00,0.0,0.696,-0.696,0.711333333333333,0.0,0.15,0.0,0.0,0.0019333333333333331,0.0019333333333333331
2025-04-09 00:45:00,0.0,2.112,-1.088,0.6811111111111108,1.024,0.15,1.024,0.0,0.04142222222222222,0.003022222222222222
2025-04-09 01:00:00,0.0,0.888,-0.768,0.6597777777777776,0.12,0.15,0.12,0.0,0.006633333333333333,0.0021333333333333334
2025-04-09 01:15:00,0.0,1.74,-0.592,0.6433333333333331,1.1480000000000001,0.15,1.1480000000000001,0.0,0.044694444444444446,0.0016444444444444443
2025-04-09 01:30:00,0.0,0.452,-0.452,0.6307777777777775,0.0,0.15,0.0,0.0,0.0012555555555555555,0.0012555555555555555
2025-04-09 01:45:00,0.0,0.404,-0.404,0.6195555555555553,0.0,0.15,0.0,0.0,0.0011222222222222222,0.0011222222222222222
2025-04-09 02:00:00,0.0,0.464,-0.464,0.6066666666666665,0.0,0.15,0.0,0.0,0.001288888888888889,0.001288888888888889
2025-04-09 02:15:00,0.0,0.384,-0.384,0.5959999999999999,0.0,0.15,0.0,0.0,0.0010666666666666667,0.0010666666666666667
2025-04-09 02:30:00,0.0,0.344,-0.344,0.5864444444444443,0.0,0.15,0.0,0.0,0.0009555555555555555,0.0009555555555555555
2025-04-09 02:45:00,0.0,0.372,-0.372,0.5761111111111109,0.0,0.15,0.0,0.0,0.0010333333333333334,0.0010333333333333334
2025-04-09 03:00:00,0.0,0.348,-0.348,0.5664444444444443,0.0,0.15,0.0,0.0,0.0009666666666666666,0.0009666666666666666
2025-04-09 03:15:00,0.0,0.324,-0.324,0.5574444444444443,0.0,0.15,0.0,0.0,0.0009,0.0009
2025-04-09 03:30:00,0.0,0.296,-0.296,0.5492222222222221,0.0,0.15,0.0,0.0,0.0008222222222222221,0.0008222222222222221
2025-04-09 03:45:00,0.0,0.472,-0.472,0.5361111111111109,0.0,0.15,0.0,0.0,0.001311111111111111,0.001311111111111111
2025-04-09 04:00:00,0.0,0.228,-0.228,0.5297777777777776,0.0,0.15,0.0,0.0,0.0006333333333333334,0.0006333333333333334
2025-04-09 04:15:00,0.0,0.208,-0.208,0.5239999999999998,0.0,0.15,0.0,0.0,0.0005777777777777778,0.0005777777777777778
2025-04-09 04:30:00,0.0,0.168,-0.168,0.5193333333333331,0.0,0.15,0.0,0.0,0.0004666666666666667,0.0004666666666666667
2025-04-09 04:45:00,0.0,0.212,-0.212,0.5134444444444441,0.0,0.15,0.0,0.0,0.0005888888888888889,0.0005888888888888889
2025-04-09 05:00:00,0.0,0.408,-0.408,0.5021111111111108,0.0,0.15,0.0,0.0,0.0011333333333333332,0.0011333333333333332
2025-04-09 05:15:00,0.0,0.24,-0.24,0.4954444444444442,0.0,0.15,0.0,0.0,0.0006666666666666666,0.0006666666666666666
2025-04-09 05:30:00,0.0,0.188,-0.188,0.49022222222222195,0.0,0.15,0.0,0.0,0.0005222222222222222,0.0005222222222222222
2025-04-09 05:45:00,0.0009975,0.192,-0.1910025,0.4849165972222219,0.0,0.15,0.0,0.0,0.0005305625,0.0005305625
2025-04-09 06:00:00,0.0009975,0.292,-0.2910025,0.47683319444444416,0.0,0.15,0.0,0.0,0.0008083402777777777,0.0008083402777777777
2025-04-09 06:15:00,0.0009975,0.38,-0.3790025,0.46630534722222194,0.0,0.15,0.0,0.0,0.0010527847222222223,0.0010527847222222223
2025-04-09 06:30:00,0.0009975,0.436,-0.4350025,0.45422194444444414,0.0,0.15,0.0,0.0,0.0012083402777777778,0.0012083402777777778
2025-04-09 06:45:00,0.0659775,0.264,-0.19802250000000002,0.44872131944444416,0.0,0.15,0.0,0.0,0.0005500625000000001,0.0005500625000000001
2025-04-09 07:00:00,0.0659775,0.284,0.0,0.44872131944444416,0.21802249999999998,0.15,0.21802249999999998,0.0,0.008175843749999998,0.0
2025-04-09 07:15:00,0.0659775,0.304,0.0,0.44872131944444416,0.2380225,0.15,0.2380225,0.0,0.008925843749999999,0.0
2025-04-09 07:30:00,0.0659775,0.488,-0.42202249999999997,0.43699847222222193,0.0,0.15,0.0,0.0,0.0011722847222222221,0.0011722847222222221
2025-04-09 07:45:00,0.15518249999999997,0.428,0.0,0.43699847222222193,0.27281750000000005,0.15,0.27281750000000005,0.0,0.010230656250000001,0.0
2025-04-09 08:00:00,0.15518249999999997,0.272,-0.11681750000000005,0.43375354166666635,0.0,0.15,0.0,0.0,0.0003244930555555557,0.0003244930555555557
2025-04-09 08:15:00,0.15518249999999997,0.4,0.0,0.43375354166666635,0.24481750000000005,0.15,0.24481750000000005,0.0,0.009180656250000002,0.0
2025-04-09 08:30:00,0.15518249999999997,0.284,0.0,0.43375354166666635,0.1288175,0.15,0.1288175,0.0,0.00483065625,0.0
2025-04-09 08:45:00,0.37990499999999994,0.368,0.0,0.43375354166666635,-0.011904999999999943,0.15,0.0,0.011904999999999943,-0.00013393124999999936,0.0
2025-04-09 09:00:00,0.37990499999999994,0.28,0.0,0.43375354166666635,-0.09990499999999991,0.15,0.0,0.09990499999999991,-0.0011239312499999989,0.0
2025-04-09 09:15:00,0.37990499999999994,0.284,0.0,0.43375354166666635,-0.09590499999999996,0.15,0.0,0.09590499999999996,-0.0010789312499999996,0.0
2025-04-09 09:30:00,0.37990499999999994,0.412,0.0,0.43375354166666635,0.03209500000000004,0.15,0.03209500000000004,0.0,0.0012035625000000015,0.0
2025-04-09 09:45:00,1.4274224999999998,0.344,0.0,0.43375354166666635,-1.0834224999999997,0.15,0.0,1.0834224999999997,-0.012188503124999996,0.0
2025-04-09 10:00:00,1.4274224999999998,0.52,0.0,0.43375354166666635,-0.9074224999999998,0.15,0.0,0.9074224999999998,-0.010208503124999997,0.0
2025-04-09 10:15:00,1.4274224999999998,0.404,0.0,0.43375354166666635,-1.0234224999999997,0.15,0.0,1.0234224999999997,-0.011513503124999996,0.0
2025-04-09 10:30:00,1.4274224999999998,0.416,0.0,0.43375354166666635,-1.0114225,0.15,0.0,1.0114225,-0.011378503124999998,0.0
2025-04-09 10:45:00,1.8589124999999997,0.652,0.0,0.43375354166666635,-1.2069124999999996,0.15,0.0,1.2069124999999996,-0.013577765624999995,0.0
2025-04-09 11:00:00,1.8589124999999997,0.584,0.0,0.43375354166666635,-1.2749124999999997,0.15,0.0,1.2749124999999997,-0.014342765624999997,0.0
2025-04-09 11:15:00,1.8589124999999997,0.688,0.0,0.43375354166666635,-1.1709124999999998,0.15,0.0,1.1709124999999998,-0.013172765624999997,0.0
2025-04-09 11:30:00,1.8589124999999997,0.492,0.0,0.43375354166666635,-1.3669124999999998,0.15,0.0,1.3669124999999998,-0.015377765624999996,0.0
2025-04-09 11:45:00,1.8825675,0.52,0.0,0.43375354166666635,-1.3625675,0.15,0.0,1.3625675,-0.015328884374999999,0.0
2025-04-09 12:00:00,1.8825675,0.688,0.0,0.43375354166666635,-1.1945675,0.15,0.0,1.1945675,-0.013438884375,0.0
2025-04-09 12:15:00,1.8825675,0.752,0.0,0.43375354166666635,-1.1305675,0.15,0.0,1.1305675,-0.012718884375,0.0
2025-04-09 12:30:00,1.8825675,0.528,0.0,0.43375354166666635,-1.3545675,0.15,0.0,1.3545675,-0.015238884375,0.0
2025-04-09 12:45:00,1.864185,0.62,0.0,0.43375354166666635,-1.2441849999999999,0.15,0.0,1.2441849999999999,-0.013997081249999998,0.0
2025-04-09 13:00:00,1.864185,0.348,0.0,0.43375354166666635,-1.5161850000000001,0.15,0.0,1.5161850000000001,-0.01705708125,0.0
2025-04-09 13:15:00,1.864185,0.472,1.1494848148148362,0.4596169500000002,-0.24270018518516379,0.15,0.0,0.24270018518516379,-0.0001440362499997112,0.0025863408333333814
2025-04-09 13:30:00,1.864185,0.712,1.1860749999999998,0.48630363750000016,0.033889999999999754,0.15,0.033889999999999754,0.0,0.00393954374999999,0.0026686687499999995
2025-04-09 13:45:00,1.8507899999999997,0.96,1.3771375,0.5172892312500001,0.48634750000000015,0.15,0.48634750000000015,0.0,0.021336590625000006,0.003098559375
2025-04-09 14:00:00,1.8507899999999997,0.548,1.1571374999999997,0.5433248250000002,-0.14565249999999996,0.15,0.0,0.14565249999999996,0.0009649687500000003,0.002603559375
2025-04-09 14:15:00,1.8507899999999997,1.196,1.3411374999999999,0.5735004187500002,0.6863475000000001,0.15,0.6863475000000001,0.0,0.028755590625000004,0.0030175593749999998
2025-04-09 14:30:00,1.8507899999999997,0.532,1.3651375,0.6042160125000002,0.04634750000000021,0.15,0.04634750000000021,0.0,0.004809590625000007,0.003071559375
2025-04-09 14:45:00,1.2143849999999998,0.464,1.3938074999999996,0.6355766812500002,0.6434224999999998,0.15,0.6434224999999998,0.0,0.027264410624999992,0.0031360668749999994
2025-04-09 15:00:00,1.2143849999999998,0.66,1.4018074999999997,0.6671173500000003,0.8474224999999999,0.15,0.8474224999999999,0.0,0.03493241062499999,0.0031540668749999996
2025-04-09 15:15:00,1.2143849999999998,0.568,1.2778074999999998,0.6958680187500003,0.6314224999999999,0.15,0.6314224999999999,0.0,0.026553410624999992,0.002875066875
2025-04-09 15:30:00,1.2143849999999998,0.572,1.2418074999999997,0.7238086875000003,0.5994224999999999,0.15,0.5994224999999999,0.0,0.025272410624999995,0.002794066875
2025-04-09 15:45:00,1.3072949999999999,1.66,1.1008749999999998,0.7485783750000002,1.4535799999999999,0.15,1.4535799999999999,0.0,0.05698621875,0.0024769687499999996
2025-04-09 16:00:00,1.3072949999999999,1.472,1.0648749999999998,0.7725380625000002,1.22958,0.15,1.22958,0.0,0.048505218749999995,0.0023959687499999997
2025-04-09 16:15:00,1.3072949999999999,1.5,1.0408749999999998,0.7959577500000002,1.23358,0.15,1.23358,0.0,0.048601218749999994,0.0023419687499999994
2025-04-09 16:30:00,1.3072949999999999,1.372,1.1048749999999998,0.8208174375000002,1.16958,0.15,1.16958,0.0,0.04634521875,0.00248596875
2025-04-09 16:45:00,1.2317699999999998,0.904,0.8436674999999999,0.8397999562500003,0.5158975000000001,0.15,0.5158975000000001,0.0,0.021244408125000003,0.0018982518749999999
2025-04-09 17:00:00,1.2317699999999998,1.044,0.8516674999999999,0.8589624750000002,0.6638975000000001,0.15,0.6638975000000001,0.0,0.026812408125000006,0.0019162518749999999
2025-04-09 17:15:00,1.2317699999999998,0.784,0.9156674999999999,0.8795649937500002,0.4678975000000001,0.15,0.4678975000000001,0.0,0.019606408125000002,0.002060251875
2025-04-09 17:30:00,1.2317699999999998,0.492,0.7836675,0.8971975125000002,0.043897500000000145,0.15,0.043897500000000145,0.0,0.0034094081250000056,0.0017632518750000002
2025-04-09 17:45:00,0.5171325,0.508,0.0,0.8971975125000002,-0.009132499999999988,0.15,0.0,0.009132499999999988,-0.00010274062499999986,0.0
2025-04-09 18:00:00,0.5171325,0.592,0.003184999999990472,0.8972691749999999,0.07805249999999045,0.15,0.07805249999999045,0.0,0.00293413499999962,7.166249999978563e-06
2025-04-09 18:15:00,0.5171325,0.544,0.02668499999999996,0.8978695875,0.0535525,0.15,0.0535525,0.0,0.0020682599999999997,6.004124999999991e-05
2025-04-09 18:30:00,0.5171325,0.504,0.09468500000000053,0.9,0.08155250000000054,0.15,0.08155250000000054,0.0,0.0032712600000000215,0.00021304125000000122
2025-04-09 18:45:00,0.0058425,0.828,0.0,0.9,0.8221575,0.15,0.8221575,0.0,0.030830906249999998,0.0
2025-04-09 19:00:00,0.0058425,0.688,0.0,0.9,0.6821575,0.15,0.6821575,0.0,0.025580906249999997,0.0
2025-04-09 19:15:00,0.0058425,0.596,0.0,0.9,0.5901575,0.15,0.5901575,0.0,0.02213090625,0.0
2025-04-09 19:30:00,0.0058425,0.536,0.0,0.9,0.5301575000000001,0.15,0.5301575000000001,0.0,0.01988090625,0.0
2025-04-09 19:45:00,0.0,0.52,0.0,0.9,0.52,0.15,0.52,0.0,0.0195,0.0
2025-04-09 20:00:00,0.0,1.376,0.0,0.9,1.376,0.15,1.376,0.0,0.05159999999999999,0.0
2025-04-09 20:15:00,0.0,3.64,0.0,0.9,3.64,0.15,3.64,0.0,0.1365,0.0
2025-04-09 20:30:00,0.0,2.388,0.0,0.9,2.388,0.15,2.388,0.0,0.08954999999999999,0.0
2025-04-09 20:45:00,0.0,1.412,0.0,0.9,1.412,0.15,1.412,0.0,0.05295,0.0
2025-04-09 21:00:00,0.0,0.812,0.0,0.9,0.812,0.15,0.812,0.0,0.03045,0.0
2025-04-09 21:15:00,0.0,0.804,-0.804,0.8776666666666667,0.0,0.15,0.0,0.0,0.0022333333333333333,0.0022333333333333333
2025-04-09 21:30:00,0.0,0.976,0.0,0.8776666666666667,0.976,0.15,0.976,0.0,0.0366,0.0
2025-04-09 21:45:00,0.0,0.764,-0.764,0.8564444444444446,0.0,0.15,0.0,0.0,0.0021222222222222224,0.0021222222222222224
2025-04-09 22:00:00,0.0,0.64,-0.64,0.8386666666666669,0.0,0.15,0.0,0.0,0.0017777777777777779,0.0017777777777777779
2025-04-09 22:15:00,0.0,0.668,-0.668,0.8201111111111112,0.0,0.15,0.0,0.0,0.0018555555555555556,0.0018555555555555556
2025-04-09 22:30:00,0.0,0.76,-0.76,0.7990000000000002,0.0,0.15,0.0,0.0,0.0021111111111111113,0.0021111111111111113
2025-04-09 22:45:00,0.0,0.768,-0.768,0.7776666666666668,0.0,0.15,0.0,0.0,0.0021333333333333334,0.0021333333333333334
2025-04-09 23:00:00,0.0,0.824,-0.824,0.7547777777777779,0.0,0.15,0.0,0.0,0.0022888888888888885,0.0022888888888888885
2025-04-09 23:15:00,0.0,0.696,-0.696,0.7354444444444446,0.0,0.15,0.0,0.0,0.0019333333333333331,0.0019333333333333331
2025-04-09 23:30:00,0.0,0.712,-0.712,0.7156666666666668,0.0,0.15,0.0,0.0,0.001977777777777778,0.001977777777777778
2025-04-09 23:45:00,0.0,0.552,-0.552,0.7003333333333335,0.0,0.15,0.0,0.0,0.0015333333333333336,0.0015333333333333336
