timestamp,solar_power,load_power,battery_power,battery_soc,grid_power,electricity_price,grid_import,grid_export,cost,degradation_cost
2025-04-24 00:00:00,0.0,0.908,-0.8727272727272725,0.47575757575757577,0.035272727272727566,0.15,0.035272727272727566,0.0,0.003746969696969707,0.0024242424242424234
2025-04-24 00:15:00,0.0,0.428,-0.3977761289475544,0.46470823884236595,0.030223871052445617,0.15,0.030223871052445617,0.0,0.002238328855987695,0.0011049336915209844
2025-04-24 00:30:00,0.0,0.408,-0.31799902116746864,0.4558749326988251,0.09000097883253133,0.15,0.09000097883253133,0.0,0.004258367320574004,0.0008833306143540795
2025-04-24 00:45:00,0.0,0.784,-0.6541722837966918,0.43770348037113926,0.12982771620330824,0.15,0.12982771620330824,0.0,0.006685684590392647,0.0018171452327685883
2025-04-24 01:00:00,0.0,1.252,-1.1636363636363662,0.4053802480479069,0.08836363636363376,0.15,0.08836363636363376,0.0,0.0065459595959595045,0.0032323232323232393
2025-04-24 01:15:00,0.0,1.356,-1.190343020852557,0.3723151641353359,0.16565697914744315,0.15,0.16565697914744315,0.0,0.009518645109286222,0.0033065083912571028
2025-04-24 01:30:00,0.0,1.344,-1.1636363636363631,0.3399919318121036,0.18036363636363695,0.15,0.18036363636363695,0.0,0.009995959595959617,0.003232323232323231
2025-04-24 01:45:00,0.0,1.188,-1.1020334973180306,0.30937989021993606,0.08596650268196937,0.15,0.08596650268196937,0.0,0.006284948009790603,0.003061204159216752
2025-04-24 02:00:00,0.0,1.108,-0.8727272727272724,0.28513746597751183,0.23527272727272774,0.15,0.23527272727272774,0.0,0.011246969696969714,0.0024242424242424234
2025-04-24 02:15:00,0.0,1.184,-1.0860780757620145,0.2549686305396781,0.0979219242379854,0.15,0.0979219242379854,0.0,0.006688955702707826,0.0030168835437833735
2025-04-24 02:30:00,0.0,1.288,-1.1636363636363627,0.2226453982164458,0.12436363636363734,0.15,0.12436363636363734,0.0,0.00789595959595963,0.0032323232323232297
2025-04-24 02:45:00,0.0,1.28,-1.1636363636363642,0.19032216589321346,0.11636363636363578,0.15,0.11636363636363578,0.0,0.0075959595959595744,0.0032323232323232336
2025-04-24 03:00:00,0.0,1.22,-1.1636363636363631,0.15799893356998115,0.05636363636363684,0.15,0.05636363636363684,0.0,0.005345959595959612,0.003232323232323231
2025-04-24 03:15:00,0.0,2.564,-0.975923217038642,0.13088995531890776,1.588076782961358,0.15,1.588076782961358,0.0,0.06226377718615826,0.002710897825107339
2025-04-24 03:30:00,0.0,1.788,0.0,0.13088995531890776,1.788,0.15,1.788,0.0,0.06705,0.0
2025-04-24 03:45:00,0.0,2.068,0.0,0.13088995531890776,2.068,0.15,2.068,0.0,0.07755,0.0
2025-04-24 04:00:00,0.0,1.816,0.0,0.13088995531890776,1.816,0.15,1.816,0.0,0.0681,0.0
2025-04-24 04:15:00,0.0,1.108,-0.5620762904577195,0.11527672502841557,0.5459237095422806,0.15,0.5459237095422806,0.0,0.022033462136884743,0.0015613230290492206
2025-04-24 04:30:00,0.0,1.056,-0.5387176534593661,0.1003123457656554,0.517282346540634,0.15,0.517282346540634,0.0,0.020894525921549792,0.001496437926276017
2025-04-24 04:45:00,0.0,1.088,-0.011244447563594107,0.1,1.0767555524364059,0.15,1.0767555524364059,0.0,0.040409567792930756,3.123457656553919e-05
2025-04-24 05:00:00,0.0,1.08,0.0,0.1,1.08,0.15,1.08,0.0,0.0405,0.0
2025-04-24 05:15:00,0.0,0.992,0.0,0.1,0.992,0.15,0.992,0.0,0.0372,0.0
2025-04-24 05:30:00,0.0,1.1,0.0,0.1,1.1,0.15,1.1,0.0,0.04125,0.0
2025-04-24 05:45:00,0.10003499999999999,1.148,0.0,0.1,1.047965,0.15,1.047965,0.0,0.0392986875,0.0
2025-04-24 06:00:00,0.10003499999999999,1.064,0.0,0.1,0.9639650000000001,0.15,0.9639650000000001,0.0,0.0361486875,0.0
2025-04-24 06:15:00,0.10003499999999999,1.024,0.0,0.1,0.923965,0.15,0.923965,0.0,0.0346486875,0.0
2025-04-24 06:30:00,0.10003499999999999,1.016,0.0,0.1,0.915965,0.15,0.915965,0.0,0.0343486875,0.0
2025-04-24 06:45:00,1.1603775,0.98,0.35914702581369234,0.10808080808080808,0.17876952581369226,0.15,0.17876952581369226,0.0,0.0075119380260942675,0.0008080808080808078
2025-04-24 07:00:00,1.1603775,0.964,0.35914702581369234,0.11616161616161617,0.16276952581369225,0.15,0.16276952581369225,0.0,0.006911938026094268,0.0008080808080808078
2025-04-24 07:15:00,1.1603775,0.988,0.19127871137420713,0.12046538716753583,0.018901211374207055,0.15,0.018901211374207055,0.0,0.0011391725271247305,0.0004303771005919661
2025-04-24 07:30:00,1.1603775,2.464,-0.7367539380312895,0.1,0.5668685619687104,0.15,0.5668685619687104,0.0,0.02330410979058022,0.002046538716753582
2025-04-24 07:45:00,1.5938625,1.176,0.35914702581369234,0.10808080808080808,-0.05871547418630768,0.15,0.0,0.05871547418630768,0.0008080808080808078,0.0008080808080808078
2025-04-24 08:00:00,1.5938625,1.104,0.35914702581369234,0.11616161616161617,-0.13071547418630752,0.15,0.0,0.13071547418630752,0.0008080808080808078,0.0008080808080808078
2025-04-24 08:15:00,1.5938625,1.452,0.041007202490918125,0.11708427821766183,-0.10085529750908187,0.15,0.0,0.10085529750908187,9.226620560456579e-05,9.226620560456579e-05
2025-04-24 08:30:00,1.5938625,1.28,0.3591470258136929,0.12516508629846992,0.045284525813692966,0.15,0.045284525813692966,0.0,0.002506250526094295,0.000808080808080809
2025-04-24 08:45:00,1.7762624999999999,1.36,0.35914702581369295,0.133245894379278,-0.0571154741863068,0.15,0.0,0.0571154741863068,0.0008080808080808092,0.0008080808080808092
2025-04-24 09:00:00,1.7762624999999999,0.328,0.7182940516273847,0.14940751054089416,-0.7299684483726151,0.15,0.0,0.7299684483726151,0.0016161616161616155,0.0016161616161616155
2025-04-24 09:15:00,1.7762624999999999,0.42,0.7182940516273847,0.1655691267025103,-0.6379684483726152,0.15,0.0,0.6379684483726152,0.0016161616161616155,0.0016161616161616155
2025-04-24 09:30:00,1.7762624999999999,0.448,0.7182940516273847,0.18173074286412647,-0.6099684483726152,0.15,0.0,0.6099684483726152,0.0016161616161616155,0.0016161616161616155
2025-04-24 09:45:00,1.8517874999999997,0.388,0.7182940516273847,0.19789235902574262,-0.7454934483726149,0.15,0.0,0.7454934483726149,0.0016161616161616155,0.0016161616161616155
2025-04-24 10:00:00,1.8517874999999997,0.424,0.7182940516273859,0.21405397518735883,-0.7094934483726139,0.15,0.0,0.7094934483726139,0.0016161616161616183,0.0016161616161616183
2025-04-24 10:15:00,1.8517874999999997,0.44,0.7182940516273848,0.230215591348975,-0.693493448372615,0.15,0.0,0.693493448372615,0.0016161616161616157,0.0016161616161616157
2025-04-24 10:30:00,1.8517874999999997,0.444,0.7182940516273845,0.24637720751059114,-0.6894934483726153,0.15,0.0,0.6894934483726153,0.0016161616161616153,0.0016161616161616153
2025-04-24 10:45:00,1.7081475,0.448,0.7182940516273861,0.2625388236722073,-0.5418534483726138,0.15,0.0,0.5418534483726138,0.0016161616161616188,0.0016161616161616188
2025-04-24 11:00:00,1.7081475,0.408,0.7182940516273848,0.2787004398338235,-0.5818534483726152,0.15,0.0,0.5818534483726152,0.0016161616161616157,0.0016161616161616157
2025-04-24 11:15:00,1.7081475,0.384,0.7182940516273848,0.2948620559954397,-0.6058534483726152,0.15,0.0,0.6058534483726152,0.0016161616161616157,0.0016161616161616157
2025-04-24 11:30:00,1.7081475,0.428,0.7182940516273847,0.31102367215705584,-0.5618534483726153,0.15,0.0,0.5618534483726153,0.0016161616161616155,0.0016161616161616155
2025-04-24 11:45:00,1.2081149999999998,0.528,0.718294051627385,0.327185288318672,0.03817905162738522,0.15,0.03817905162738522,0.0,0.003047876052188562,0.0016161616161616164
2025-04-24 12:00:00,1.2081149999999998,0.436,0.8103747410273033,0.3454187199917863,0.03825974102730345,0.15,0.03825974102730345,0.0,0.003258083455835312,0.0018233431673114326
2025-04-24 12:15:00,1.2081149999999998,0.588,0.7182940516273847,0.36158033615340246,0.09817905162738483,0.15,0.09817905162738483,0.0,0.005297876052188546,0.0016161616161616155
2025-04-24 12:30:00,1.2081149999999998,0.468,0.7182940516273847,0.3777419523150186,-0.021820948372615168,0.15,0.0,0.021820948372615168,0.0016161616161616155,0.0016161616161616155
2025-04-24 12:45:00,1.0680375,0.444,0.7182940516273847,0.3939035684766348,0.09425655162738467,0.15,0.09425655162738467,0.0,0.00515078230218854,0.0016161616161616155
2025-04-24 13:00:00,1.0680375,0.628,0.6116429363289284,0.4076655345440357,0.17160543632892844,0.15,0.17160543632892844,0.0,0.007811400469074905,0.001376196606740089
2025-04-24 13:15:00,1.0680375,0.428,0.7182940516273846,0.42382715070565186,0.07825655162738454,0.15,0.07825655162738454,0.0,0.004550782302188536,0.0016161616161616155
2025-04-24 13:30:00,1.0680375,0.372,0.7182940516273894,0.4399887668672681,0.022256551627389376,0.15,0.022256551627389376,0.0,0.0024507823021887275,0.0016161616161616261
2025-04-24 13:45:00,0.9557474999999999,0.352,0.7182940516273847,0.45615038302888433,0.11454655162738481,0.15,0.11454655162738481,0.0,0.005911657302188546,0.0016161616161616155
2025-04-24 14:00:00,0.9557474999999999,0.316,0.7182940516273847,0.4723119991905005,0.07854655162738478,0.15,0.07854655162738478,0.0,0.004561657302188544,0.0016161616161616155
2025-04-24 14:15:00,0.9557474999999999,0.356,0.7182940516273848,0.48847361535211664,0.11854655162738492,0.15,0.11854655162738492,0.0,0.00606165730218855,0.0016161616161616157
2025-04-24 14:30:00,0.9557474999999999,0.388,0.7182940516273848,0.5046352315137328,0.15054655162738495,0.15,0.15054655162738495,0.0,0.0072616573021885514,0.0016161616161616157
2025-04-24 14:45:00,1.026855,0.44,0.7182940516273848,0.5207968476753491,0.13143905162738467,0.15,0.13143905162738467,0.0,0.00654512605218854,0.0016161616161616157
2025-04-24 15:00:00,1.026855,0.364,0.7182940516273846,0.5369584638369652,0.055439051627384495,0.15,0.055439051627384495,0.0,0.003695126052188534,0.0016161616161616155
2025-04-24 15:15:00,1.026855,0.356,0.7182940516273851,0.5531200799985814,0.04743905162738504,0.15,0.04743905162738504,0.0,0.0033951260521885556,0.0016161616161616166
2025-04-24 15:30:00,1.026855,0.38,0.7182940516273847,0.5692816961601975,0.07143905162738462,0.15,0.07143905162738462,0.0,0.004295126052188539,0.0016161616161616155
2025-04-24 15:45:00,1.7439149999999999,0.468,1.077441077441079,0.5935241204026218,-0.19847392255892093,0.15,0.0,0.19847392255892093,0.0024242424242424277,0.0024242424242424277
2025-04-24 16:00:00,1.7439149999999999,0.44,1.0774410774410748,0.6177665446450461,-0.22647392255892518,0.15,0.0,0.22647392255892518,0.002424242424242418,0.002424242424242418
2025-04-24 16:15:00,1.7439149999999999,0.424,1.077441077441079,0.6420089688874704,-0.24247392255892097,0.15,0.0,0.24247392255892097,0.0024242424242424277,0.0024242424242424277
2025-04-24 16:30:00,1.7439149999999999,0.392,1.1515780968063238,0.6679194760656126,-0.20033690319367614,0.15,0.0,0.20033690319367614,0.0025910507178142288,0.0025910507178142288
2025-04-24 16:45:00,1.4534999999999998,0.476,0.7370568239257711,0.6845032546039425,-0.24044317607422871,0.15,0.0,0.24044317607422871,0.001658377853832985,0.001658377853832985
2025-04-24 17:00:00,1.4534999999999998,0.348,1.0155453462455828,0.707353024894468,-0.08995465375441691,0.15,0.0,0.08995465375441691,0.0022849770290525617,0.0022849770290525617
2025-04-24 17:15:00,1.4534999999999998,0.324,1.0774410774410754,0.7315954491368923,-0.0520589225589243,0.15,0.0,0.0520589225589243,0.00242424242424242,0.00242424242424242
2025-04-24 17:30:00,1.4534999999999998,0.308,1.0774410774410794,0.7558378733793166,-0.06805892255892032,0.15,0.0,0.06805892255892032,0.002424242424242429,0.002424242424242429
2025-04-24 17:45:00,0.732165,0.352,0.3168000421583683,0.7629658743278799,-0.06336495784163165,0.15,0.0,0.06336495784163165,0.0007128000948563287,0.0007128000948563287
2025-04-24 18:00:00,0.732165,0.36,0.35914702581369007,0.7710466824086879,-0.0130179741863099,0.15,0.0,0.0130179741863099,0.0008080808080808028,0.0008080808080808028
2025-04-24 18:15:00,0.732165,0.404,0.35914702581369456,0.779127490489496,0.030982025813694636,0.15,0.030982025813694636,0.0,0.0019699067760943615,0.0008080808080808127
2025-04-24 18:30:00,0.732165,0.384,0.35914702581369,0.787208298570304,0.010982025813690066,0.15,0.010982025813690066,0.0,0.00121990677609418,0.0008080808080808027
2025-04-24 18:45:00,0.020377499999999996,0.34,-0.29090909090908895,0.779127490489496,0.02871340909091108,0.15,0.02871340909091108,0.0,0.0018848336489899681,0.0008080808080808027
2025-04-24 19:00:00,0.020377499999999996,0.352,-0.2909090909090926,0.7710466824086879,0.04071340909090737,0.15,0.04071340909090737,0.0,0.002334833648989839,0.0008080808080808129
2025-04-24 19:15:00,0.020377499999999996,0.384,-0.29090909090908895,0.7629658743278799,0.07271340909091106,0.15,0.07271340909091106,0.0,0.003534833648989967,0.0008080808080808027
2025-04-24 19:30:00,0.020377499999999996,0.376,-0.2909090909090926,0.7548850662470717,0.06471340909090739,0.15,0.06471340909090739,0.0,0.00323483364898984,0.0008080808080808129
2025-04-24 19:45:00,0.0,0.364,-0.2909090909090928,0.7468042581662636,0.07309090909090721,0.15,0.07309090909090721,0.0,0.0035489898989898333,0.0008080808080808133
2025-04-24 20:00:00,0.0,0.356,-0.29090909090908895,0.7387234500854556,0.06509090909091103,0.15,0.06509090909091103,0.0,0.0032489898989899665,0.0008080808080808027
2025-04-24 20:15:00,0.0,0.4,-0.2909090909090926,0.7306426420046475,0.1090909090909074,0.15,0.1090909090909074,0.0,0.00489898989898984,0.0008080808080808129
2025-04-24 20:30:00,0.0,0.892,-0.8727272727272705,0.7064002177622232,0.01927272727272955,0.15,0.01927272727272955,0.0,0.0031469696969697765,0.002424242424242418
2025-04-24 20:45:00,0.0,1.156,-1.0986513290641977,0.6758821252882177,0.057348670935802204,0.15,0.057348670935802204,0.0,0.005202384407493132,0.003051809247400549
2025-04-24 21:00:00,0.0,0.892,-0.8727272727272734,0.6516397010457935,0.019272727272726664,0.15,0.019272727272726664,0.0,0.003146969696969676,0.002424242424242426
2025-04-24 21:15:00,0.0,0.592,-0.5818181818181816,0.6354780848841772,0.010181818181818403,0.15,0.010181818181818403,0.0,0.0019979797979798055,0.0016161616161616155
2025-04-24 21:30:00,0.0,0.584,-0.5624805920083317,0.619853623995057,0.021519407991668293,0.15,0.021519407991668293,0.0,0.0023694238885995935,0.0015624460889120324
2025-04-24 21:45:00,0.0,0.584,-0.5624805920083331,0.6042291631059367,0.02151940799166685,0.15,0.02151940799166685,0.0,0.002369423888599543,0.0015624460889120365
2025-04-24 22:00:00,0.0,0.92,-0.8727272727272704,0.5799867388635125,0.04727272727272969,0.15,0.04727272727272969,0.0,0.0041969696969697805,0.0024242424242424177
2025-04-24 22:15:00,0.0,0.916,-0.8727272727272728,0.5557443146210883,0.04327272727272724,0.15,0.04327272727272724,0.0,0.004046969696969696,0.0024242424242424242
2025-04-24 22:30:00,0.0,0.752,-0.5818181818181831,0.539582698459472,0.17018181818181688,0.15,0.17018181818181688,0.0,0.007997979797979752,0.0016161616161616196
2025-04-24 22:45:00,0.0,0.852,-0.758766563534189,0.5185058494724113,0.09323343646581095,0.15,0.09323343646581095,0.0,0.005603938766173992,0.0021076848987060808
2025-04-24 23:00:00,0.0,0.592,-0.5818181818181816,0.5023442333107951,0.010181818181818403,0.15,0.010181818181818403,0.0,0.0019979797979798055,0.0016161616161616155
2025-04-24 23:15:00,0.0,0.568,-0.49865890578426464,0.48849259703901,0.06934109421573531,0.15,0.06934109421573531,0.0,0.003985454660268587,0.001385163627178513
2025-04-24 23:30:00,0.0,2.152,-1.1636363636363631,0.4561693647157776,0.988363636363637,0.15,0.988363636363637,0.0,0.04029595959595962,0.003232323232323231
2025-04-24 23:45:00,0.0,1.68,-1.163636363636367,0.4238461323925452,0.516363636363633,0.15,0.516363636363633,0.0,0.022595959595959482,0.0032323232323232414
2025-04-25 00:00:00,0.0,2.28,-1.7454545454545447,0.37536128390769674,0.5345454545454551,0.15,0.5345454545454551,0.0,0.024893939393939413,0.004848484848484847
2025-04-25 00:15:00,0.0,3.06,-1.7454545454545447,0.3268764354228483,1.3145454545454553,0.15,1.3145454545454553,0.0,0.05414393939393942,0.004848484848484847
2025-04-25 00:30:00,0.0,1.36,-1.1636363636363634,0.29455320309961597,0.19636363636363674,0.15,0.19636363636363674,0.0,0.01059595959595961,0.0032323232323232315
2025-04-25 00:45:00,0.0,1.344,-1.1636363636363631,0.26222997077638366,0.18036363636363695,0.15,0.18036363636363695,0.0,0.009995959595959617,0.003232323232323231
2025-04-25 01:00:00,0.0,2.14,-1.7454545454545458,0.2137451222915352,0.3945454545454543,0.15,0.3945454545454543,0.0,0.019643939393939384,0.004848484848484849
2025-04-25 01:15:00,0.0,1.572,-1.454545454545455,0.17334108188749478,0.11745454545454503,0.15,0.11745454545454503,0.0,0.008444949494949481,0.004040404040404041
2025-04-25 01:30:00,0.0,2.296,-1.1857334934043569,0.14040404040404042,1.110266506595643,0.15,1.110266506595643,0.0,0.044928698145682046,0.0032937041483454355
2025-04-25 01:45:00,0.0,1.404,-1.0834074100403943,0.11030939012514059,0.3205925899596056,0.15,0.3205925899596056,0.0,0.015031687151375194,0.0030094650278899844
2025-04-25 02:00:00,0.0,1.044,-0.06322077069714976,0.10855325760577532,0.9807792293028503,0.15,0.9807792293028503,0.0,0.036954834350793414,0.00017561325193652712
2025-04-25 02:15:00,0.0,1.048,-0.014335367191245302,0.10815505296157406,1.0336646328087546,0.15,1.0336646328087546,0.0,0.03880224419474842,3.982046442012584e-05
2025-04-25 02:30:00,0.0,1.024,-0.001373214183566311,0.10811690812314165,1.0226267858164337,0.15,1.0226267858164337,0.0,0.03835231895195951,3.8144838432397527e-06
2025-04-25 02:45:00,0.0,0.996,-0.0001687445361827543,0.10811222077491436,0.9958312554638172,0.15,0.9958312554638172,0.0,0.03734414081471587,4.6873482272987305e-07
2025-04-25 03:00:00,0.0,1.028,-0.0006430249395241291,0.1080943589710387,1.0273569750604759,0.15,1.0273569750604759,0.0,0.038527672745155415,1.7861803875670253e-06
2025-04-25 03:15:00,0.0,1.02,-0.00022387776592053637,0.10808814014420758,1.0197761222340795,0.15,1.0197761222340795,0.0,0.038242226466461096,6.21882683112601e-07
2025-04-25 03:30:00,0.0,1.004,-6.322676735059118e-05,0.10808638384511451,1.0039367732326494,0.15,1.0039367732326494,0.0,0.03764780462613366,1.7562990930719773e-07
2025-04-25 03:45:00,0.0,1.008,-5.909088322129854e-05,0.10808474243169171,1.0079409091167788,0.15,1.0079409091167788,0.0,0.03779794823322149,1.6414134228138483e-07
2025-04-25 04:00:00,0.0,1.016,-5.723211900085417e-05,0.10808315265060835,1.0159427678809991,0.15,1.0159427678809991,0.0,0.0380980127736458,1.5897810833570603e-07
2025-04-25 04:15:00,0.0,1.016,-3.4105930503809875e-05,0.10808220526364991,1.0159658940694962,0.15,1.0159658940694962,0.0,0.038098815766301954,9.473869584391632e-08
2025-04-25 04:30:00,0.0,0.98,-4.503924054553527e-06,0.1080820801546484,0.9799954960759454,0.15,0.9799954960759454,0.0,0.0367498436137481,1.2510900151537576e-08
2025-04-25 04:45:00,0.0,1.012,-1.599288385752386e-05,0.10808163590787459,1.0119840071161426,0.15,1.0119840071161426,0.0,0.037949444691532726,4.442467738201073e-08
2025-04-25 05:00:00,0.0,1.012,-1.0407683665158945e-05,0.10808134680555055,1.011989592316335,0.15,1.011989592316335,0.0,0.03794963862209496,2.8910232403219288e-08
2025-04-25 05:15:00,0.0,0.984,-6.729166857472552e-07,0.10808132811342039,0.9839993270833143,0.15,0.9839993270833143,0.0,0.036899976634837295,1.869213015964598e-09
2025-04-25 05:30:00,0.0,0.996,-2.4308188104761654e-06,0.10808126059067566,0.9959975691811895,0.15,0.9959975691811895,0.0,0.03734991559656908,6.752274473544904e-09
2025-04-25 05:45:00,0.153045,1.008,-0.2339165157746036,0.10158357959693667,0.6210384842253964,0.15,0.6210384842253964,0.0,0.023938711257826265,0.0006497680993738989
2025-04-25 06:00:00,0.153045,0.992,-0.05700886548972006,0.1,0.7819461345102799,0.15,0.7819461345102799,0.0,0.029481338003829162,0.00015835795969366685
2025-04-25 06:15:00,0.153045,0.988,0.0,0.1,0.834955,0.15,0.834955,0.0,0.0313108125,0.0
2025-04-25 06:30:00,0.153045,1.0,0.0,0.1,0.846955,0.15,0.846955,0.0,0.0317608125,0.0
2025-04-25 06:45:00,1.15995,0.984,0.35914702581369234,0.10808080808080808,0.1831970258136923,0.15,0.1831970258136923,0.0,0.007677969276094269,0.0008080808080808078
2025-04-25 07:00:00,1.15995,0.984,0.35914702581369234,0.11616161616161617,0.1831970258136923,0.15,0.1831970258136923,0.0,0.007677969276094269,0.0008080808080808078
2025-04-25 07:15:00,1.15995,1.012,0.359147025813693,0.12424242424242427,0.21119702581369298,0.15,0.21119702581369298,0.0,0.008727969276094297,0.0008080808080808093
2025-04-25 07:30:00,1.15995,0.996,0.359147025813693,0.13232323232323234,0.19519702581369297,0.15,0.19519702581369297,0.0,0.008127969276094296,0.0008080808080808093
2025-04-25 07:45:00,1.5402824999999998,0.992,0.7182940516273847,0.1484848484848485,0.1700115516273849,0.15,0.1700115516273849,0.0,0.00799159480218855,0.0016161616161616155
2025-04-25 08:00:00,1.5402824999999998,1.004,0.7182940516273847,0.16464646464646465,0.18201155162738492,0.15,0.18201155162738492,0.0,0.00844159480218855,0.0016161616161616155
2025-04-25 08:15:00,1.5402824999999998,0.996,0.7182940516273847,0.1808080808080808,0.1740115516273849,0.15,0.1740115516273849,0.0,0.00814159480218855,0.0016161616161616155
2025-04-25 08:30:00,1.5402824999999998,0.976,0.7182940516273847,0.19696969696969696,0.1540115516273849,0.15,0.1540115516273849,0.0,0.007391594802188549,0.0016161616161616155
2025-04-25 08:45:00,1.743345,1.02,0.7182940516273859,0.21313131313131314,-0.005050948372613995,0.15,0.0,0.005050948372613995,0.0016161616161616183,0.0016161616161616183
2025-04-25 09:00:00,1.743345,1.088,0.35914702581369234,0.22121212121212125,-0.2961979741863075,0.15,0.0,0.2961979741863075,0.0008080808080808078,0.0008080808080808078
2025-04-25 09:15:00,1.743345,0.972,0.35914702581369234,0.22929292929292933,-0.4121979741863076,0.15,0.0,0.4121979741863076,0.0008080808080808078,0.0008080808080808078
2025-04-25 09:30:00,1.743345,0.996,0.35914702581369234,0.2373737373737374,-0.3881979741863076,0.15,0.0,0.3881979741863076,0.0008080808080808078,0.0008080808080808078
2025-04-25 09:45:00,1.8036225,0.984,0.35914702581369234,0.2454545454545455,-0.4604754741863076,0.15,0.0,0.4604754741863076,0.0008080808080808078,0.0008080808080808078
2025-04-25 10:00:00,1.8036225,0.928,0.359147025813691,0.25353535353535356,-0.5164754741863089,0.15,0.0,0.5164754741863089,0.0008080808080808048,0.0008080808080808048
2025-04-25 10:15:00,1.8036225,0.244,0.35914702581369473,0.2616161616161617,-1.2004754741863053,0.15,0.0,1.2004754741863053,0.0008080808080808132,0.0008080808080808132
2025-04-25 10:30:00,1.8036225,0.44,0.3591470258136923,0.26969696969696977,-1.0044754741863078,0.15,0.0,1.0044754741863078,0.0008080808080808078,0.0008080808080808078
2025-04-25 10:45:00,1.8021975,0.296,0.3591470258136923,0.27777777777777785,-1.1470504741863077,0.15,0.0,1.1470504741863077,0.0008080808080808078,0.0008080808080808078
2025-04-25 11:00:00,1.8021975,0.456,0.3591470258136923,0.2858585858585859,-0.9870504741863076,0.15,0.0,0.9870504741863076,0.0008080808080808078,0.0008080808080808078
2025-04-25 11:15:00,1.8021975,0.336,0.3591470258136923,0.29393939393939406,-1.1070504741863076,0.15,0.0,1.1070504741863076,0.0008080808080808078,0.0008080808080808078
2025-04-25 11:30:00,1.8021975,0.272,0.35914702581369234,0.30202020202020213,-1.1710504741863075,0.15,0.0,1.1710504741863075,0.0008080808080808078,0.0008080808080808078
2025-04-25 11:45:00,1.4775824999999998,0.252,0.35914702581369234,0.3101010101010102,-0.8664354741863074,0.15,0.0,0.8664354741863074,0.0008080808080808078,0.0008080808080808078
2025-04-25 12:00:00,1.4775824999999998,0.252,1.4365881032547692,0.3424242424242425,0.21100560325476936,0.15,0.21100560325476936,0.0,0.011145033354377082,0.003232323232323231
2025-04-25 12:15:00,1.4775824999999998,0.596,1.0774410774410794,0.3666666666666668,0.1958585774410796,0.15,0.1958585774410796,0.0,0.009768939078282914,0.002424242424242429
2025-04-25 12:30:00,1.4775824999999998,0.432,1.0774410774410745,0.390909090909091,0.031858577441074676,0.15,0.031858577441074676,0.0,0.003618939078282718,0.0024242424242424177
2025-04-25 12:45:00,0.6506549999999999,0.364,0.35914702581369473,0.3989898989898991,0.07249202581369485,0.15,0.07249202581369485,0.0,0.00352653177609437,0.0008080808080808132
2025-04-25 13:00:00,0.6506549999999999,0.368,0.35914702581368985,0.4070707070707071,0.07649202581368997,0.15,0.07649202581368997,0.0,0.003676531776094176,0.0008080808080808022
2025-04-25 13:15:00,0.6506549999999999,0.456,0.35914702581369473,0.4151515151515152,0.16449202581369488,0.15,0.16449202581369488,0.0,0.006976531776094371,0.0008080808080808132
2025-04-25 13:30:00,0.6506549999999999,0.44,0.3591470258136899,0.4232323232323233,0.14849202581369003,0.15,0.14849202581369003,0.0,0.006376531776094178,0.0008080808080808023
2025-04-25 13:45:00,1.3015949999999998,0.392,1.0774410774410794,0.4474747474747476,0.1678460774410796,0.15,0.1678460774410796,0.0,0.008718470328282914,0.002424242424242429
2025-04-25 14:00:00,1.3015949999999998,1.196,0.1563746583416426,0.4509931772874346,0.05077965834164272,0.15,0.05077965834164272,0.0,0.0022560801690802977,0.00035184298126869585
2025-04-25 14:15:00,1.3015949999999998,2.004,-0.29090909090909056,0.4429123692066265,0.4114959090909096,0.15,0.4114959090909096,0.0,0.016239177398989918,0.0008080808080808071
2025-04-25 14:30:00,1.3015949999999998,0.408,1.0774410774410765,0.46715479344905075,0.18384607744107662,0.15,0.18384607744107662,0.0,0.009318470328282796,0.0024242424242424225
2025-04-25 14:45:00,1.6044075,1.852,-0.11851402581083281,0.4638627371765276,0.1290784741891673,0.15,0.1290784741891673,0.0,0.005169648409346086,0.00032920562725231335
2025-04-25 15:00:00,1.6044075,0.276,1.4365881032547694,0.49618596949975996,0.10818060325476941,0.15,0.10818060325476941,0.0,0.007289095854377084,0.003232323232323231
2025-04-25 15:15:00,1.6044075,0.324,1.4365881032547692,0.5285092018229923,0.15618060325476923,0.15,0.15618060325476923,0.0,0.009089095854377078,0.003232323232323231
2025-04-25 15:30:00,1.6044075,0.344,1.4365881032547738,0.5608324341462247,0.17618060325477392,0.15,0.17618060325477392,0.0,0.009839095854377262,0.003232323232323241
2025-04-25 15:45:00,0.50388,0.324,0.35914702581369,0.5689132422270328,0.17926702581369003,0.15,0.17926702581369003,0.0,0.007530594276094179,0.0008080808080808027
2025-04-25 16:00:00,0.50388,0.24,0.35914702581369456,0.5769940503078409,0.09526702581369456,0.15,0.09526702581369456,0.0,0.004380594276094358,0.0008080808080808127
2025-04-25 16:15:00,0.50388,0.18,0.35914702581368996,0.5850748583886489,0.035267025813689956,0.15,0.035267025813689956,0.0,0.0021305942760941757,0.0008080808080808024
2025-04-25 16:30:00,0.50388,0.164,0.35914702581369456,0.593155666469457,0.019267025813694605,0.15,0.019267025813694605,0.0,0.0015305942760943604,0.0008080808080808127
2025-04-25 16:45:00,1.166505,0.212,1.077441077441075,0.6173980907118813,0.12293607744107504,0.15,0.12293607744107504,0.0,0.007034345328282732,0.0024242424242424186
2025-04-25 17:00:00,1.166505,0.208,1.0774410774410792,0.6416405149543056,0.11893607744107926,0.15,0.11893607744107926,0.0,0.006884345328282901,0.002424242424242428
2025-04-25 17:15:00,1.166505,0.204,1.0774410774410748,0.6658829391967298,0.11493607744107481,0.15,0.11493607744107481,0.0,0.006734345328282723,0.002424242424242418
2025-04-25 17:30:00,1.166505,0.196,1.0774410774410792,0.6901253634391542,0.10693607744107925,0.15,0.10693607744107925,0.0,0.0064343453282829,0.002424242424242428
2025-04-25 17:45:00,0.7177724999999999,0.22,0.35914702581368996,0.6982061715199622,-0.13862547418631,0.15,0.0,0.13862547418631,0.0008080808080808024,0.0008080808080808024
2025-04-25 18:00:00,0.7177724999999999,0.284,0.4556493475294187,0.7084582818393741,0.021876847529418764,0.15,0.021876847529418764,0.0,0.0018455928142943959,0.0010252110319411921
2025-04-25 18:15:00,0.7177724999999999,0.2,0.7182940516273848,0.7246198980009904,0.20052155162738483,0.15,0.20052155162738483,0.0,0.009135719802188547,0.0016161616161616157
2025-04-25 18:30:00,0.7177724999999999,0.172,0.7182940516273846,0.7407815141626065,0.17252155162738458,0.15,0.17252155162738458,0.0,0.008085719802188538,0.0016161616161616155
2025-04-25 18:45:00,0.049589999999999995,0.196,0.0,0.7407815141626065,0.14641,0.15,0.14641,0.0,0.0054903750000000005,0.0
2025-04-25 19:00:00,0.049589999999999995,0.288,0.0,0.7407815141626065,0.23840999999999998,0.15,0.23840999999999998,0.0,0.008940374999999999,0.0
2025-04-25 19:15:00,0.049589999999999995,0.416,-0.29090909090909156,0.7327007060817984,0.07550090909090845,0.15,0.07550090909090845,0.0,0.003639364898989877,0.0008080808080808098
2025-04-25 19:30:00,0.049589999999999995,0.776,-0.5818181818181817,0.7165390899201822,0.14459181818181832,0.15,0.14459181818181832,0.0,0.007038354797979802,0.0016161616161616157
2025-04-25 19:45:00,0.0,0.832,-0.6071802136522373,0.6996729728742868,0.22481978634776267,0.15,0.22481978634776267,0.0,0.010117353692630648,0.001686611704589548
2025-04-25 20:00:00,0.0,0.42,-0.2909090909090896,0.6915921647934786,0.12909090909091037,0.15,0.12909090909091037,0.0,0.005648989898989943,0.0008080808080808046
2025-04-25 20:15:00,0.0,0.372,-0.2909090909090919,0.6835113567126705,0.0810909090909081,0.15,0.0810909090909081,0.0,0.0038489898989898645,0.0008080808080808108
2025-04-25 20:30:00,0.0,0.388,-0.2909090909090896,0.6754305486318625,0.0970909090909104,0.15,0.0970909090909104,0.0,0.004448989898989944,0.0008080808080808046
2025-04-25 20:45:00,0.0,0.316,-0.29090909090909195,0.6673497405510543,0.025090909090908053,0.15,0.025090909090908053,0.0,0.0017489898989898629,0.0008080808080808109
2025-04-25 21:00:00,0.0,0.484,-0.2909090909090896,0.6592689324702463,0.19309090909091037,0.15,0.19309090909091037,0.0,0.008048989898989943,0.0008080808080808046
2025-04-25 21:15:00,0.0,0.568,-0.42684966368239796,0.6474119973679575,0.141150336317602,0.15,0.141150336317602,0.0,0.006478831122138958,0.0011856935102288833
2025-04-25 21:30:00,0.0,0.592,-0.5225821930184984,0.6328958253396659,0.06941780698150157,0.15,0.06941780698150157,0.0,0.004054784964635471,0.0014516172028291622
2025-04-25 21:45:00,0.0,0.596,-0.5385376145745153,0.6179364471570405,0.05746238542548465,0.15,0.05746238542548465,0.0,0.003650777271718217,0.0014959378182625425
2025-04-25 22:00:00,0.0,0.488,-0.2909090909090928,0.6098556390762324,0.1970909090909072,0.15,0.1970909090909072,0.0,0.008198989898989834,0.0008080808080808133
2025-04-25 22:15:00,0.0,0.372,-0.2909090909090892,0.6017748309954244,0.08109090909091082,0.15,0.08109090909091082,0.0,0.003848989898989959,0.0008080808080808033
2025-04-25 22:30:00,0.0,0.336,-0.2909090909090888,0.5936940229146164,0.045090909090911235,0.15,0.045090909090911235,0.0,0.0024989898989899737,0.0008080808080808022
2025-04-25 22:45:00,0.0,0.4,-0.2909090909090924,0.5856132148338082,0.10909090909090763,0.15,0.10909090909090763,0.0,0.004898989898989848,0.0008080808080808122
2025-04-25 23:00:00,0.0,0.396,-0.2909090909090892,0.5775324067530001,0.10509090909091084,0.15,0.10509090909091084,0.0,0.004748989898989959,0.0008080808080808033
2025-04-25 23:15:00,0.0,0.376,-0.29090909090909245,0.569451598672192,0.08509090909090755,0.15,0.08509090909090755,0.0,0.003998989898989845,0.0008080808080808123
2025-04-25 23:30:00,0.0,0.352,-0.2909090909090891,0.561370790591384,0.06109090909091086,0.15,0.06109090909091086,0.0,0.0030989898989899605,0.0008080808080808032
2025-04-25 23:45:00,0.0,0.356,-0.2909090909090924,0.5532899825105758,0.06509090909090759,0.15,0.06509090909090759,0.0,0.003248989898989847,0.0008080808080808122
2025-04-26 00:00:00,0.0,0.404,-0.2909090909090928,0.5452091744297677,0.11309090909090724,0.15,0.11309090909090724,0.0,0.005048989898989835,0.0008080808080808133
2025-04-26 00:15:00,0.0,0.364,-0.2909090909090892,0.5371283663489597,0.07309090909091082,0.15,0.07309090909091082,0.0,0.0035489898989899587,0.0008080808080808033
2025-04-26 00:30:00,0.0,0.332,-0.2909090909090924,0.5290475582681515,0.041090909090907624,0.15,0.041090909090907624,0.0,0.002348989898989848,0.0008080808080808122
2025-04-26 00:45:00,0.0,0.952,-0.8727272727272708,0.5048051340257274,0.07927272727272916,0.15,0.07927272727272916,0.0,0.005396969696969762,0.0024242424242424186
2025-04-26 01:00:00,0.0,0.456,-0.2909090909090924,0.49672432594491917,0.16509090909090762,0.15,0.16509090909090762,0.0,0.0069989898989898484,0.0008080808080808122
2025-04-26 01:15:00,0.0,0.38,-0.2909090909090892,0.48864351786411114,0.08909090909091083,0.15,0.08909090909091083,0.0,0.004148989898989959,0.0008080808080808033
2025-04-26 01:30:00,0.0,0.404,-0.2909090909090924,0.480562709783303,0.11309090909090763,0.15,0.11309090909090763,0.0,0.005048989898989848,0.0008080808080808122
2025-04-26 01:45:00,0.0,0.48,-0.2909090909090892,0.47248190170249493,0.1890909090909108,0.15,0.1890909090909108,0.0,0.007898989898989957,0.0008080808080808033
2025-04-26 02:00:00,0.0,0.4,-0.2909090909090924,0.4644010936216868,0.10909090909090763,0.15,0.10909090909090763,0.0,0.004898989898989848,0.0008080808080808122
2025-04-26 02:15:00,0.0,0.4,-0.2909090909090892,0.4563202855408788,0.10909090909091085,0.15,0.10909090909091085,0.0,0.00489898989898996,0.0008080808080808033
2025-04-26 02:30:00,0.0,0.424,-0.29090909090909245,0.44823947746007065,0.13309090909090754,0.15,0.13309090909090754,0.0,0.005798989898989845,0.0008080808080808123
2025-04-26 02:45:00,0.0,0.424,-0.29090909090908923,0.4401586693792626,0.13309090909091076,0.15,0.13309090909091076,0.0,0.005798989898989957,0.0008080808080808034
2025-04-26 03:00:00,0.0,0.38,-0.29090909090909245,0.4320778612984545,0.08909090909090756,0.15,0.08909090909090756,0.0,0.004148989898989846,0.0008080808080808123
2025-04-26 03:15:00,0.0,0.38,-0.2909090909090928,0.42399705321764636,0.08909090909090722,0.15,0.08909090909090722,0.0,0.0041489898989898345,0.0008080808080808133
2025-04-26 03:30:00,0.0,0.512,-0.2909090909090892,0.4159162451368383,0.22109090909091084,0.15,0.22109090909091084,0.0,0.009098989898989959,0.0008080808080808033
2025-04-26 03:45:00,0.0,0.484,-0.2909090909090924,0.40783543705603015,0.1930909090909076,0.15,0.1930909090909076,0.0,0.008048989898989846,0.0008080808080808122
2025-04-26 04:00:00,0.0,0.356,-0.2909090909090892,0.3997546289752221,0.06509090909091081,0.15,0.06509090909091081,0.0,0.0032489898989899587,0.0008080808080808033
2025-04-26 04:15:00,0.0,0.32,-0.2909090909090924,0.391673820894414,0.029090909090907613,0.15,0.029090909090907613,0.0,0.0018989898989898476,0.0008080808080808122
2025-04-26 04:30:00,0.0,0.304,-0.23444183771289723,0.3851615476246113,0.06955816228710276,0.15,0.06955816228710276,0.0,0.0032596584127466237,0.00065122732698027
2025-04-26 04:45:00,0.0,0.256,-0.042976779040696404,0.3839677482068142,0.2130232209593036,0.15,0.2130232209593036,0.0,0.008107750727753597,0.00011937994177971224
2025-04-26 05:00:00,0.0,0.26,-0.05893220059671346,0.38233074263468325,0.20106779940328656,0.15,0.20106779940328656,0.0,0.0077037430348363386,0.00016370055721309296
2025-04-26 05:15:00,0.0,0.264,-0.07488762215273048,0.38025053090821853,0.18911237784726953,0.15,0.18911237784726953,0.0,0.007299735341919081,0.00020802117264647355
2025-04-26 05:30:00,0.0,0.328,-0.29090909090909156,0.37216972282741045,0.03709090909090845,0.15,0.03709090909090845,0.0,0.0021989898989898766,0.0008080808080808098
2025-04-26 05:45:00,0.1514775,0.344,0.0,0.37216972282741045,0.19252249999999999,0.15,0.19252249999999999,0.0,0.0072195937499999994,0.0
2025-04-26 06:00:00,0.1514775,1.476,-1.1636363636363634,0.33984649050417814,0.1608861363636367,0.15,0.1608861363636367,0.0,0.009265553345959607,0.0032323232323232315
2025-04-26 06:15:00,0.1514775,0.816,-0.5818181818181822,0.32368487434256193,0.08270431818181767,0.15,0.08270431818181767,0.0,0.0047175735479797806,0.0016161616161616175
2025-04-26 06:30:00,0.1514775,1.328,-1.163636363636363,0.2913616420193296,0.012886136363637224,0.15,0.012886136363637224,0.0,0.0037155533459596263,0.0032323232323232306
2025-04-26 06:45:00,1.0751624999999998,0.464,0.35914702581369234,0.2994424501001377,-0.2520154741863075,0.15,0.0,0.2520154741863075,0.0008080808080808078,0.0008080808080808078
2025-04-26 07:00:00,1.0751624999999998,0.52,0.35914702581369234,0.30752325818094584,-0.19601547418630744,0.15,0.0,0.19601547418630744,0.0008080808080808078,0.0008080808080808078
2025-04-26 07:15:00,1.0751624999999998,0.528,0.35914702581369234,0.3156040662617539,-0.18801547418630743,0.15,0.0,0.18801547418630743,0.0008080808080808078,0.0008080808080808078
2025-04-26 07:30:00,1.0751624999999998,0.42,0.35914702581369234,0.323684874342562,-0.2960154741863075,0.15,0.0,0.2960154741863075,0.0008080808080808078,0.0008080808080808078
2025-04-26 07:45:00,1.4687474999999999,0.936,0.359147025813694,0.3317656824233701,-0.1736004741863058,0.15,0.0,0.1736004741863058,0.0008080808080808115,0.0008080808080808115
2025-04-26 08:00:00,1.4687474999999999,1.432,0.0,0.3317656824233701,-0.03674749999999993,0.15,0.0,0.03674749999999993,0.0,0.0
2025-04-26 08:15:00,1.4687474999999999,0.468,0.3591470258136914,0.33984649050417814,-0.6416004741863085,0.15,0.0,0.6416004741863085,0.0008080808080808057,0.0008080808080808057
2025-04-26 08:30:00,1.4687474999999999,0.352,0.3591470258136932,0.3479272985849863,-0.7576004741863066,0.15,0.0,0.7576004741863066,0.0008080808080808097,0.0008080808080808097
2025-04-26 08:45:00,1.6904774999999999,0.544,0.3591470258136914,0.3560081066657943,-0.7873304741863084,0.15,0.0,0.7873304741863084,0.0008080808080808057,0.0008080808080808057
2025-04-26 09:00:00,1.6904774999999999,0.5,0.3591470258136932,0.3640889147466024,-0.8313304741863067,0.15,0.0,0.8313304741863067,0.0008080808080808097,0.0008080808080808097
2025-04-26 09:15:00,1.6904774999999999,0.204,0.3591470258136914,0.37216972282741045,-1.1273304741863086,0.15,0.0,1.1273304741863086,0.0008080808080808057,0.0008080808080808057
2025-04-26 09:30:00,1.6904774999999999,0.34,0.3591470258136932,0.38025053090821853,-0.9913304741863066,0.15,0.0,0.9913304741863066,0.0008080808080808097,0.0008080808080808097
2025-04-26 09:45:00,1.7451974999999997,0.452,0.3591470258136914,0.38833133898902655,-0.9340504741863084,0.15,0.0,0.9340504741863084,0.0008080808080808057,0.0008080808080808057
2025-04-26 10:00:00,1.7451974999999997,0.396,0.3591470258136932,0.39641214706983463,-0.9900504741863067,0.15,0.0,0.9900504741863067,0.0008080808080808097,0.0008080808080808097
2025-04-26 10:15:00,1.7451974999999997,0.756,0.3591470258136914,0.4044929551506427,-0.6300504741863083,0.15,0.0,0.6300504741863083,0.0008080808080808057,0.0008080808080808057
2025-04-26 10:30:00,1.7451974999999997,0.632,0.3591470258136932,0.41257376323145084,-0.7540504741863064,0.15,0.0,0.7540504741863064,0.0008080808080808097,0.0008080808080808097
2025-04-26 10:45:00,1.7604449999999998,0.224,0.11456675200285865,0.41515151515151516,-1.4218782479971412,0.15,0.0,1.4218782479971412,0.000257775192006432,0.000257775192006432
2025-04-26 11:00:00,1.7604449999999998,0.304,0.0,0.41515151515151516,-1.4564449999999998,0.15,0.0,1.4564449999999998,0.0,0.0
2025-04-26 11:15:00,1.7604449999999998,0.184,0.0,0.41515151515151516,-1.5764449999999999,0.15,0.0,1.5764449999999999,0.0,0.0
2025-04-26 11:30:00,1.7604449999999998,0.24,0.0,0.41515151515151516,-1.5204449999999998,0.15,0.0,1.5204449999999998,0.0,0.0
2025-04-26 11:45:00,1.7402099999999998,0.432,0.0,0.41515151515151516,-1.3082099999999999,0.15,0.0,1.3082099999999999,0.0,0.0
2025-04-26 12:00:00,1.7402099999999998,0.248,1.7259632669594038,0.4539856886581017,0.23375326695940402,0.15,0.23375326695940402,0.0,0.012649164861636308,0.003883417350658659
2025-04-26 12:15:00,1.7402099999999998,0.196,1.6228909080941276,0.49050073409021955,0.07868090809412775,0.15,0.07868090809412775,0.0,0.006602038596741577,0.003651504543211787
2025-04-26 12:30:00,1.7402099999999998,0.204,1.583494805486679,0.5261293672136699,0.04728480548667924,0.15,0.04728480548667924,0.0,0.005336043518095499,0.003562863312345028
2025-04-26 12:45:00,1.7141324999999998,0.224,1.4365881032547727,0.5584525995369022,-0.05354439674522715,0.15,0.0,0.05354439674522715,0.003232323232323239,0.003232323232323239
2025-04-26 13:00:00,1.7141324999999998,0.184,1.5535660787870829,0.5934078363096116,0.023433578787082965,0.15,0.023433578787082965,0.0,0.004374282881786548,0.0034955236772709363
2025-04-26 13:15:00,1.7141324999999998,0.16,1.4365881032547694,0.6257310686328438,-0.11754439674523054,0.15,0.0,0.11754439674523054,0.003232323232323231,0.003232323232323231
2025-04-26 13:30:00,1.7141324999999998,0.196,1.4365881032547694,0.6580543009560762,-0.08154439674523051,0.15,0.0,0.08154439674523051,0.003232323232323231,0.003232323232323231
2025-04-26 13:45:00,1.6072574999999998,0.54,1.0774410774410748,0.6822967251985004,0.010183577441075009,0.15,0.010183577441075009,0.0,0.002806126578282731,0.002424242424242418
2025-04-26 14:00:00,1.6072574999999998,0.912,0.7182940516273846,0.6984583413601165,0.023036551627384827,0.15,0.023036551627384827,0.0,0.0024800323021885464,0.0016161616161616155
2025-04-26 14:15:00,1.6072574999999998,0.36,1.077441077441079,0.7227007656025408,-0.16981642255892093,0.15,0.0,0.16981642255892093,0.0024242424242424277,0.0024242424242424277
2025-04-26 14:30:00,1.6072574999999998,0.404,1.077441077441075,0.7469431898449651,-0.1258164225589249,0.15,0.0,0.1258164225589249,0.0024242424242424186,0.0024242424242424186
2025-04-26 14:45:00,1.359735,0.448,0.7182940516273892,0.7631048060065814,-0.19344094837261072,0.15,0.0,0.19344094837261072,0.0016161616161616257,0.0016161616161616257
2025-04-26 15:00:00,1.359735,0.392,0.7182940516273847,0.7792664221681975,-0.2494409483726152,0.15,0.0,0.2494409483726152,0.0016161616161616155,0.0016161616161616155
2025-04-26 15:15:00,1.359735,0.452,0.7182940516273847,0.7954280383298137,-0.18944094837261527,0.15,0.0,0.18944094837261527,0.0016161616161616155,0.0016161616161616155
2025-04-26 15:30:00,1.359735,1.44,0.0,0.7954280383298137,0.08026500000000003,0.15,0.08026500000000003,0.0,0.003009937500000001,0.0
2025-04-26 15:45:00,1.20441,0.916,0.10759903686781745,0.7978490166593396,-0.18081096313218248,0.15,0.0,0.18081096313218248,0.00024209783295258926,0.00024209783295258926
2025-04-26 16:00:00,1.20441,0.572,0.36504334573335656,0.80606249193834,-0.26736665426664347,0.15,0.0,0.26736665426664347,0.0008213475279000524,0.0008213475279000524
2025-04-26 16:15:00,1.20441,0.544,0.5029297048594288,0.8173784102976771,-0.15748029514057116,0.15,0.0,0.15748029514057116,0.0011315918359337148,0.0011315918359337148
2025-04-26 16:30:00,1.20441,0.512,0.6605141152892249,0.8322399778916847,-0.03189588471077509,0.15,0.0,0.03189588471077509,0.001486156759400756,0.001486156759400756
2025-04-26 16:45:00,0.68229,0.6,0.0,0.8322399778916847,-0.08228999999999997,0.15,0.0,0.08228999999999997,0.0,0.0
2025-04-26 17:00:00,0.68229,0.644,0.0,0.8322399778916847,-0.038289999999999935,0.15,0.0,0.038289999999999935,0.0,0.0
2025-04-26 17:15:00,0.68229,1.276,0.0,0.8322399778916847,0.5937100000000001,0.15,0.5937100000000001,0.0,0.022264125000000003,0.0
2025-04-26 17:30:00,0.68229,1.42,0.0,0.8322399778916847,0.73771,0.15,0.73771,0.0,0.027664124999999998,0.0
2025-04-26 17:45:00,0.29868,0.5,0.0,0.8322399778916847,0.20132,0.15,0.20132,0.0,0.0075495,0.0
2025-04-26 18:00:00,0.29868,0.252,0.0,0.8322399778916847,-0.04668,0.15,0.0,0.04668,0.0,0.0
2025-04-26 18:15:00,0.29868,0.264,0.0,0.8322399778916847,-0.03467999999999999,0.15,0.0,0.03467999999999999,0.0,0.0
2025-04-26 18:30:00,0.29868,0.252,0.0,0.8322399778916847,-0.04668,0.15,0.0,0.04668,0.0,0.0
2025-04-26 18:45:00,0.043035,0.224,0.0,0.8322399778916847,0.18096500000000001,0.15,0.18096500000000001,0.0,0.0067861875000000006,0.0
2025-04-26 19:00:00,0.043035,0.204,0.0,0.8322399778916847,0.160965,0.15,0.160965,0.0,0.0060361875,0.0
2025-04-26 19:15:00,0.043035,0.26,0.0,0.8322399778916847,0.21696500000000002,0.15,0.21696500000000002,0.0,0.008136187500000001,0.0
2025-04-26 19:30:00,0.043035,0.252,0.0,0.8322399778916847,0.208965,0.15,0.208965,0.0,0.0078361875,0.0
2025-04-26 19:45:00,0.0,0.228,-0.02677179994550418,0.8314963167820872,0.20122820005449582,0.15,0.20122820005449582,0.0,0.007620423613003326,7.436611095973383e-05
2025-04-26 20:00:00,0.0,0.188,0.0,0.8314963167820872,0.188,0.15,0.188,0.0,0.00705,0.0
2025-04-26 20:15:00,0.0,0.612,-0.5818181818181816,0.8153347006204712,0.03018181818181842,0.15,0.03018181818181842,0.0,0.002747979797979806,0.0016161616161616155
2025-04-26 20:30:00,0.0,1.612,-1.4545454545454537,0.7749306602164308,0.1574545454545464,0.15,0.1574545454545464,0.0,0.009944949494949527,0.004040404040404038
2025-04-26 20:45:00,0.0,1.424,-1.3065337542854571,0.7386380559307236,0.11746624571454278,0.15,0.11746624571454278,0.0,0.008034244642866069,0.003629260428570714
2025-04-26 21:00:00,0.0,0.568,-0.5102553594796652,0.7244642959451774,0.05774464052033479,0.15,0.05774464052033479,0.0,0.00358280001806718,0.0014173759985546255
2025-04-26 21:15:00,0.0,0.568,-0.5102553594796648,0.7102905359596312,0.05774464052033512,0.15,0.05774464052033512,0.0,0.0035828000180671915,0.0014173759985546244
2025-04-26 21:30:00,0.0,1.224,-1.1636363636363631,0.6779673036363988,0.06036363636363684,0.15,0.06036363636363684,0.0,0.005495959595959612,0.003232323232323231
2025-04-26 21:45:00,0.0,1.504,-1.454545454545454,0.6375632632323585,0.049454545454546084,0.15,0.049454545454546084,0.0,0.005894949494949517,0.004040404040404039
2025-04-26 22:00:00,0.0,1.408,-1.2427120680613892,0.6030434835639864,0.1652879319386107,0.15,0.1652879319386107,0.0,0.009650275414535094,0.0034519779668371925
2025-04-26 22:15:00,0.0,0.72,-0.5818181818181806,0.5868818674023704,0.1381818181818194,0.15,0.1381818181818194,0.0,0.00679797979797984,0.0016161616161616127
2025-04-26 22:30:00,0.0,1.464,-1.4545454545454561,0.5464778269983299,0.009454545454543828,0.15,0.009454545454543828,0.0,0.004394949494949439,0.004040404040404045
2025-04-26 22:45:00,0.0,0.616,-0.5818181818181816,0.5303162108367137,0.034181818181818424,0.15,0.034181818181818424,0.0,0.0028979797979798065,0.0016161616161616155
2025-04-26 23:00:00,0.0,0.584,-0.574077045703732,0.5143696262338323,0.009922954296267994,0.15,0.009922954296267994,0.0,0.001966769246398194,0.0015946584602881445
2025-04-26 23:15:00,0.0,0.6,-0.5818181818181816,0.4982080100722161,0.01818181818181841,0.15,0.01818181818181841,0.0,0.002297979797979806,0.0016161616161616155
2025-04-26 23:30:00,0.0,0.6,-0.5818181818181816,0.48204639391059995,0.01818181818181841,0.15,0.01818181818181841,0.0,0.002297979797979806,0.0016161616161616155
2025-04-26 23:45:00,0.0,0.408,-0.2909090909090899,0.47396558582979187,0.11709090909091008,0.15,0.11709090909091008,0.0,0.005198989898989933,0.0008080808080808053
2025-04-27 00:00:00,0.0,0.58,-0.38657304747149257,0.4632274456222504,0.1934269525285074,0.15,0.1934269525285074,0.0,0.008327324740573173,0.001073814020754146
2025-04-27 00:15:00,0.0,0.528,-0.290909090909089,0.45514663754144236,0.23709090909091102,0.15,0.23709090909091102,0.0,0.009698989898989966,0.0008080808080808028
2025-04-27 00:30:00,0.0,0.48,-0.29090909090909256,0.4470658294606342,0.18909090909090742,0.15,0.18909090909090742,0.0,0.007898989898989841,0.0008080808080808126
2025-04-27 00:45:00,0.0,0.496,-0.290909090909089,0.4389850213798262,0.205090909090911,0.15,0.205090909090911,0.0,0.008498989898989964,0.0008080808080808028
2025-04-27 01:00:00,0.0,0.5,-0.2909090909090928,0.43090421329901807,0.20909090909090722,0.15,0.20909090909090722,0.0,0.008648989898989833,0.0008080808080808133
2025-04-27 01:15:00,0.0,0.476,-0.2909090909090926,0.42282340521820994,0.18509090909090736,0.15,0.18509090909090736,0.0,0.007748989898989839,0.0008080808080808129
2025-04-27 01:30:00,0.0,0.488,-0.290909090909089,0.41474259713740186,0.19709090909091098,0.15,0.19709090909091098,0.0,0.008198989898989964,0.0008080808080808028
2025-04-27 01:45:00,0.0,0.424,-0.29090909090909256,0.4066617890565937,0.13309090909090743,0.15,0.13309090909090743,0.0,0.005798989898989841,0.0008080808080808126
2025-04-27 02:00:00,0.0,0.432,-0.290909090909089,0.3985809809757857,0.141090909090911,0.15,0.141090909090911,0.0,0.006098989898989965,0.0008080808080808028
2025-04-27 02:15:00,0.0,0.476,-0.29090909090909256,0.39050017289497757,0.18509090909090742,0.15,0.18509090909090742,0.0,0.00774898989898984,0.0008080808080808126
2025-04-27 02:30:00,0.0,0.476,-0.29090909090908895,0.3824193648141695,0.18509090909091103,0.15,0.18509090909091103,0.0,0.007748989898989966,0.0008080808080808027
2025-04-27 02:45:00,0.0,1.792,-1.7301566880355101,0.33435945681318313,0.06184331196448989,0.15,0.06184331196448989,0.0,0.00712511499876701,0.004805990800098639
2025-04-27 03:00:00,0.0,0.388,-0.2909090909090928,0.326278648732375,0.09709090909090723,0.15,0.09709090909090723,0.0,0.004448989898989834,0.0008080808080808133
2025-04-27 03:15:00,0.0,1.116,-0.8727272727272724,0.30203622448995077,0.24327272727272775,0.15,0.24327272727272775,0.0,0.011546969696969715,0.0024242424242424234
2025-04-27 03:30:00,0.0,0.372,-0.2909090909090908,0.2939554164091427,0.08109090909090921,0.15,0.08109090909090921,0.0,0.003848989898989903,0.0008080808080808078
2025-04-27 03:45:00,0.0,0.352,-0.2909090909090908,0.2858746083283346,0.061090909090909196,0.15,0.061090909090909196,0.0,0.0030989898989899024,0.0008080808080808078
2025-04-27 04:00:00,0.0,0.324,-0.2381533406136856,0.27925923775573225,0.08584665938631442,0.15,0.08584665938631442,0.0,0.003880786784247028,0.0006615370572602378
2025-04-27 04:15:00,0.0,1.036,-0.872727272727274,0.25501681351330796,0.16327272727272601,0.15,0.16327272727272601,0.0,0.008546969696969654,0.0024242424242424277
2025-04-27 04:30:00,0.0,1.04,-0.8727272727272717,0.23077438927088373,0.16727272727272835,0.15,0.16727272727272835,0.0,0.008696969696969734,0.002424242424242421
2025-04-27 04:45:00,0.0,0.3,-0.1424208112775844,0.2268182556242842,0.15757918872241558,0.15,0.15757918872241558,0.0,0.00630483294175054,0.0003956133646599567
2025-04-27 05:00:00,0.0,0.292,-0.11050996816555064,0.22374853428635225,0.18149003183444934,0.15,0.18149003183444934,0.0,0.0071128483275850465,0.0003069721337931962
2025-04-27 05:15:00,0.0,0.272,-0.030732860385466493,0.22289484372008928,0.24126713961453353,0.15,0.24126713961453353,0.0,0.009132886792171302,8.53690566262958e-05
2025-04-27 05:30:00,0.0,0.252,0.0,0.22289484372008928,0.252,0.15,0.252,0.0,0.00945,0.0
2025-04-27 05:45:00,0.14107499999999998,0.3,0.0,0.22289484372008928,0.158925,0.15,0.158925,0.0,0.005959687500000001,0.0
2025-04-27 06:00:00,0.14107499999999998,0.32,0.0,0.22289484372008928,0.17892500000000003,0.15,0.17892500000000003,0.0,0.006709687500000001,0.0
2025-04-27 06:15:00,0.14107499999999998,0.308,0.0,0.22289484372008928,0.16692500000000002,0.15,0.16692500000000002,0.0,0.0062596875000000005,0.0
2025-04-27 06:30:00,0.14107499999999998,0.252,0.0,0.22289484372008928,0.11092500000000002,0.15,0.11092500000000002,0.0,0.004159687500000001,0.0
2025-04-27 06:45:00,1.1153475,0.268,0.7182940516273847,0.2390564598817054,-0.12905344837261523,0.15,0.0,0.12905344837261523,0.0016161616161616155,0.0016161616161616155
2025-04-27 07:00:00,1.1153475,0.308,0.7182940516273839,0.25521807604332153,-0.08905344837261597,0.15,0.0,0.08905344837261597,0.0016161616161616138,0.0016161616161616138
2025-04-27 07:15:00,1.1153475,0.204,0.7182940516273866,0.27137969220493774,-0.1930534483726134,0.15,0.0,0.1930534483726134,0.0016161616161616198,0.0016161616161616198
2025-04-27 07:30:00,1.1153475,0.164,0.7182940516273848,0.28754130836655395,-0.2330534483726151,0.15,0.0,0.2330534483726151,0.0016161616161616157,0.0016161616161616157
2025-04-27 07:45:00,1.5149175,0.188,0.7182940516273847,0.3037029245281701,-0.6086234483726153,0.15,0.0,0.6086234483726153,0.0016161616161616155,0.0016161616161616155
2025-04-27 08:00:00,1.5149175,0.208,0.7182940516273847,0.3198645406897863,-0.5886234483726153,0.15,0.0,0.5886234483726153,0.0016161616161616155,0.0016161616161616155
2025-04-27 08:15:00,1.5149175,0.204,0.7182940516273866,0.33602615685140247,-0.5926234483726134,0.15,0.0,0.5926234483726134,0.0016161616161616198,0.0016161616161616198
2025-04-27 08:30:00,1.5149175,0.212,0.7182940516273847,0.3521877730130186,-0.5846234483726153,0.15,0.0,0.5846234483726153,0.0016161616161616155,0.0016161616161616155
2025-04-27 08:45:00,1.7315174999999998,0.268,0.7182940516273847,0.36834938917463483,-0.7452234483726151,0.15,0.0,0.7452234483726151,0.0016161616161616155,0.0016161616161616155
2025-04-27 09:00:00,1.7315174999999998,0.5,0.7182940516273847,0.384511005336251,-0.5132234483726151,0.15,0.0,0.5132234483726151,0.0016161616161616155,0.0016161616161616155
2025-04-27 09:15:00,1.7315174999999998,1.276,0.5120225512663849,0.39603151273974463,0.056505051266385053,0.15,0.056505051266385053,0.0,0.0032709901628388055,0.001152050740349366
2025-04-27 09:30:00,1.7315174999999998,1.54,0.3591470258136916,0.4041123208205527,0.16762952581369184,0.15,0.16762952581369184,0.0,0.00709418802609425,0.0008080808080808062
2025-04-27 09:45:00,1.7886599999999997,1.216,0.7182940516273848,0.4202739369821689,0.14563405162738507,0.15,0.14563405162738507,0.0,0.007077438552188555,0.0016161616161616157
2025-04-27 10:00:00,1.7886599999999997,1.004,0.7182940516273878,0.4364355531437852,-0.0663659483726119,0.15,0.0,0.0663659483726119,0.0016161616161616227,0.0016161616161616227
2025-04-27 10:15:00,1.7886599999999997,1.348,0.4388566019551124,0.44630982668777525,-0.0018033980448872167,0.15,0.0,0.0018033980448872167,0.000987427354399003,0.000987427354399003
2025-04-27 10:30:00,1.7886599999999997,1.072,0.7182940516273847,0.4624714428493914,0.001634051627385058,0.15,0.001634051627385058,0.0,0.0016774385521885551,0.0016161616161616155
2025-04-27 10:45:00,1.795215,0.452,0.7182940516273847,0.4786330590110076,-0.6249209483726154,0.15,0.0,0.6249209483726154,0.0016161616161616155,0.0016161616161616155
2025-04-27 11:00:00,1.795215,1.136,0.7182940516273848,0.49479467517262377,0.05907905162738469,0.15,0.05907905162738469,0.0,0.0038316260521885416,0.0016161616161616157
2025-04-27 11:15:00,1.795215,0.412,0.7182940516273848,0.5109562913342399,-0.6649209483726153,0.15,0.0,0.6649209483726153,0.0016161616161616157,0.0016161616161616157
2025-04-27 11:30:00,1.795215,0.404,0.7182940516273848,0.5271179074958561,-0.6729209483726151,0.15,0.0,0.6729209483726151,0.0016161616161616157,0.0016161616161616157
2025-04-27 11:45:00,1.7950724999999998,0.288,0.7182940516273848,0.5432795236574723,-0.788778448372615,0.15,0.0,0.788778448372615,0.0016161616161616157,0.0016161616161616157
2025-04-27 12:00:00,1.7950724999999998,0.296,0.3591470258136941,0.5513603317382805,-1.1399254741863056,0.15,0.0,1.1399254741863056,0.0008080808080808118,0.0008080808080808118
2025-04-27 12:15:00,1.7950724999999998,0.272,0.35914702581369473,0.5594411398190886,-1.1639254741863052,0.15,0.0,1.1639254741863052,0.0008080808080808132,0.0008080808080808132
2025-04-27 12:30:00,1.7950724999999998,0.22,0.3591470258136905,0.5675219478998966,-1.2159254741863093,0.15,0.0,1.2159254741863093,0.0008080808080808037,0.0008080808080808037
2025-04-27 12:45:00,1.7128499999999998,0.312,0.3591470258136941,0.5756027559807048,-1.0417029741863055,0.15,0.0,1.0417029741863055,0.0008080808080808118,0.0008080808080808118
2025-04-27 13:00:00,1.7128499999999998,2.82,-0.8727272727272744,0.5513603317382805,0.23442272727272573,0.15,0.23442272727272573,0.0,0.011215094696969644,0.002424242424242429
2025-04-27 13:15:00,1.7128499999999998,2.196,-0.2909090909090922,0.5432795236574723,0.19224090909090819,0.15,0.19224090909090819,0.0,0.00801711489898987,0.0008080808080808118
2025-04-27 13:30:00,1.7128499999999998,1.152,0.3591470258136941,0.5513603317382805,-0.20170297418630573,0.15,0.0,0.20170297418630573,0.0008080808080808118,0.0008080808080808118
2025-04-27 13:45:00,1.278225,0.572,0.35914702581369473,0.5594411398190886,-0.34707797418630526,0.15,0.0,0.34707797418630526,0.0008080808080808132,0.0008080808080808132
2025-04-27 14:00:00,1.278225,0.588,0.3591470258136905,0.5675219478998966,-0.33107797418630946,0.15,0.0,0.33107797418630946,0.0008080808080808037,0.0008080808080808037
2025-04-27 14:15:00,1.278225,0.62,0.3591470258136941,0.5756027559807048,-0.29907797418630583,0.15,0.0,0.29907797418630583,0.0008080808080808118,0.0008080808080808118
2025-04-27 14:30:00,1.278225,1.256,0.0,0.5756027559807048,-0.02222499999999994,0.15,0.0,0.02222499999999994,0.0,0.0
2025-04-27 14:45:00,1.5618,1.548,0.0,0.5756027559807048,-0.013800000000000034,0.15,0.0,0.013800000000000034,0.0,0.0
2025-04-27 15:00:00,1.5618,1.34,0.35914702581369057,0.5836835640615128,0.13734702581369057,0.15,0.13734702581369057,0.0,0.0059585942760942,0.0008080808080808039
2025-04-27 15:15:00,1.5618,0.712,0.3591470258136941,0.5917643721423209,-0.490652974186306,0.15,0.0,0.490652974186306,0.0008080808080808118,0.0008080808080808118
2025-04-27 15:30:00,1.5618,0.796,0.3591470258136905,0.5998451802231289,-0.4066529741863095,0.15,0.0,0.4066529741863095,0.0008080808080808037,0.0008080808080808037
2025-04-27 15:45:00,1.6206524999999998,0.512,0.35914702581368985,0.607925988303937,-0.74950547418631,0.15,0.0,0.74950547418631,0.0008080808080808022,0.0008080808080808022
2025-04-27 16:00:00,1.6206524999999998,0.488,0.3591470258136941,0.6160067963847451,-0.7735054741863057,0.15,0.0,0.7735054741863057,0.0008080808080808118,0.0008080808080808118
2025-04-27 16:15:00,1.6206524999999998,0.612,0.35914702581369473,0.6240876044655532,-0.649505474186305,0.15,0.0,0.649505474186305,0.0008080808080808132,0.0008080808080808132
2025-04-27 16:30:00,1.6206524999999998,0.584,0.3591470258136905,0.6321684125463614,-0.6775054741863092,0.15,0.0,0.6775054741863092,0.0008080808080808037,0.0008080808080808037
2025-04-27 16:45:00,0.9678599999999999,0.624,0.35914702581369407,0.6402492206271695,0.015287025813694122,0.15,0.015287025813694122,0.0,0.0013813442760943412,0.0008080808080808117
2025-04-27 17:00:00,0.9678599999999999,0.62,0.3591470258136905,0.6483300287079775,0.011287025813690565,0.15,0.011287025813690565,0.0,0.0012313442760942,0.0008080808080808037
2025-04-27 17:15:00,0.9678599999999999,0.664,0.35914702581369407,0.6564108367887856,0.05528702581369416,0.15,0.05528702581369416,0.0,0.0028813442760943424,0.0008080808080808117
2025-04-27 17:30:00,0.9678599999999999,0.54,0.3591470258136905,0.6644916448695937,-0.0687129741863094,0.15,0.0,0.0687129741863094,0.0008080808080808037,0.0008080808080808037
2025-04-27 17:45:00,0.0893475,0.456,-0.2909090909090894,0.6564108367887856,0.07574340909091065,0.15,0.07574340909091065,0.0,0.003648458648989953,0.0008080808080808039
2025-04-27 18:00:00,0.0893475,0.428,-0.29090909090909217,0.6483300287079775,0.04774340909090785,0.15,0.04774340909090785,0.0,0.002598458648989856,0.0008080808080808117
2025-04-27 18:15:00,0.0893475,0.576,-0.2909090909090894,0.6402492206271695,0.19574340909091054,0.15,0.19574340909091054,0.0,0.00814845864898995,0.0008080808080808039
2025-04-27 18:30:00,0.0893475,0.492,-0.29090909090909217,0.6321684125463614,0.1117434090909078,0.15,0.1117434090909078,0.0,0.004998458648989854,0.0008080808080808117
2025-04-27 18:45:00,0.000855,0.484,-0.29090909090908934,0.6240876044655532,0.19223590909091065,0.15,0.19223590909091065,0.0,0.008016927398989952,0.0008080808080808037
2025-04-27 19:00:00,0.000855,0.428,-0.29090909090909284,0.6160067963847451,0.13623590909090716,0.15,0.13623590909090716,0.0,0.005916927398989831,0.0008080808080808134
2025-04-27 19:15:00,0.000855,0.432,-0.2909090909090922,0.607925988303937,0.14023590909090777,0.15,0.14023590909090777,0.0,0.006066927398989853,0.0008080808080808118
2025-04-27 19:30:00,0.000855,0.408,-0.2909090909090888,0.5998451802231289,0.1162359090909112,0.15,0.1162359090909112,0.0,0.005166927398989971,0.0008080808080808022
2025-04-27 19:45:00,0.0,0.436,-0.29090909090908934,0.5917643721423209,0.14509090909091066,0.15,0.14509090909091066,0.0,0.006248989898989954,0.0008080808080808037
2025-04-27 20:00:00,0.0,0.448,-0.2909090909090922,0.5836835640615128,0.15709090909090778,0.15,0.15709090909090778,0.0,0.006698989898989853,0.0008080808080808118
2025-04-27 20:15:00,0.0,0.608,-0.4112349081460962,0.5722603721685656,0.19676509185390378,0.15,0.19676509185390378,0.0,0.008521010133816103,0.0011423191892947118
2025-04-27 20:30:00,0.0,1.376,-1.163636363636365,0.5399371398453333,0.21236363636363498,0.15,0.21236363636363498,0.0,0.011195959595959547,0.003232323232323236
2025-04-27 20:45:00,0.0,0.608,-0.4112349081460972,0.5285139479523862,0.19676509185390278,0.15,0.19676509185390278,0.0,0.008521010133816068,0.0011423191892947144
2025-04-27 21:00:00,0.0,0.692,-0.5818181818181816,0.51235233179077,0.11018181818181838,0.15,0.11018181818181838,0.0,0.005747979797979804,0.0016161616161616155
2025-04-27 21:15:00,0.0,0.732,-0.5818181818181817,0.4961907156291538,0.1501818181818183,0.15,0.1501818181818183,0.0,0.007247979797979802,0.0016161616161616157
2025-04-27 21:30:00,0.0,0.608,-0.411234908146096,0.4847675237362067,0.196765091853904,0.15,0.196765091853904,0.0,0.00852101013381611,0.001142319189294711
2025-04-27 21:45:00,0.0,0.644,-0.5548337021502487,0.46935547645425535,0.08916629784975127,0.15,0.08916629784975127,0.0,0.004884940897560809,0.0015412047281951355
2025-04-27 22:00:00,0.0,0.584,-0.3155023788099967,0.460591521487311,0.26849762119000325,0.15,0.26849762119000325,0.0,0.010945056291319557,0.0008763954966944352
2025-04-27 22:15:00,0.0,0.704,-0.5818181818181816,0.4444299053256948,0.12218181818181839,0.15,0.12218181818181839,0.0,0.006197979797979805,0.0016161616161616155
2025-04-27 22:30:00,0.0,0.812,-0.5818181818181831,0.42826828916407866,0.23018181818181693,0.15,0.23018181818181693,0.0,0.010247979797979754,0.0016161616161616196
2025-04-27 22:45:00,0.0,0.732,-0.5818181818181816,0.41210667300246245,0.15018181818181842,0.15,0.15018181818181842,0.0,0.007247979797979805,0.0016161616161616155
2025-04-27 23:00:00,0.0,0.688,-0.5818181818181816,0.3959450568408463,0.10618181818181838,0.15,0.10618181818181838,0.0,0.005597979797979804,0.0016161616161616155
2025-04-27 23:15:00,0.0,0.648,-0.5707891237062656,0.3800898034045611,0.07721087629373447,0.15,0.07721087629373447,0.0,0.004480933204643558,0.0015855253436285156
2025-04-27 23:30:00,0.0,0.66,-0.5818181818181816,0.363928187242945,0.07818181818181846,0.15,0.07818181818181846,0.0,0.004547979797979808,0.0016161616161616155
2025-04-27 23:45:00,0.0,0.832,-0.5818181818181816,0.3477665710813288,0.2501818181818184,0.15,0.2501818181818184,0.0,0.010997979797979805,0.0016161616161616155
2025-04-28 00:00:00,0.0,0.848,-0.6807417954654865,0.3288570767628431,0.16725820453451345,0.15,0.16725820453451345,0.0,0.008163132101892828,0.0018909494318485737
2025-04-28 00:15:00,0.0,0.796,-0.5818181818181821,0.31269546060122694,0.21418181818181792,0.15,0.21418181818181792,0.0,0.009647979797979787,0.0016161616161616168
2025-04-28 00:30:00,0.0,0.852,-0.6966972170215029,0.29334276012840743,0.1553027829784971,0.15,0.1553027829784971,0.0,0.007759124408975593,0.0019352700472819522
2025-04-28 00:45:00,0.0,0.804,-0.5818181818181816,0.2771811439667912,0.22218181818181848,0.15,0.22218181818181848,0.0,0.009947979797979808,0.0016161616161616155
2025-04-28 01:00:00,0.0,0.612,-0.5818181818181818,0.26101952780517507,0.0301818181818182,0.15,0.0301818181818182,0.0,0.0027479797979797988,0.0016161616161616162
2025-04-28 01:15:00,0.0,2.172,-1.454545454545455,0.22061548740113465,0.7174545454545451,0.15,0.7174545454545451,0.0,0.030944949494949484,0.004040404040404041
2025-04-28 01:30:00,0.0,0.956,-0.8727272727272732,0.1963730631587104,0.08327272727272672,0.15,0.08327272727272672,0.0,0.005546969696969677,0.0024242424242424255
2025-04-28 01:45:00,0.0,1.636,-1.4545454545454537,0.15596902275467,0.1814545454545462,0.15,0.1814545454545462,0.0,0.01084494949494952,0.004040404040404038
2025-04-28 02:00:00,0.0,0.7,-0.5818181818181816,0.13980740659305385,0.11818181818181839,0.15,0.11818181818181839,0.0,0.006047979797979805,0.0016161616161616155
2025-04-28 02:15:00,0.0,0.256,-0.06479395062953604,0.1380075746311223,0.19120604937046398,0.15,0.19120604937046398,0.0,0.007350210047585555,0.00017998319619315568
2025-04-28 02:30:00,0.0,0.18,0.0,0.1380075746311223,0.18,0.15,0.18,0.0,0.00675,0.0
2025-04-28 02:45:00,0.0,0.18,0.0,0.1380075746311223,0.18,0.15,0.18,0.0,0.00675,0.0
2025-04-28 03:00:00,0.0,0.172,0.0,0.1380075746311223,0.172,0.15,0.172,0.0,0.006449999999999999,0.0
2025-04-28 03:15:00,0.0,0.228,0.0,0.1380075746311223,0.228,0.15,0.228,0.0,0.00855,0.0
2025-04-28 03:30:00,0.0,0.244,-0.016927685961485427,0.13753736113219214,0.22707231403851458,0.15,0.22707231403851458,0.0,0.008562233126337311,4.702134989301507e-05
2025-04-28 03:45:00,0.0,0.232,0.0,0.13753736113219214,0.232,0.15,0.232,0.0,0.0087,0.0
2025-04-28 04:00:00,0.0,0.216,0.0,0.13753736113219214,0.216,0.15,0.216,0.0,0.0081,0.0
2025-04-28 04:15:00,0.0,0.36,-0.290909090909091,0.12945655305138407,0.06909090909090898,0.15,0.06909090909090898,0.0,0.0033989898989898954,0.0008080808080808083
2025-04-28 04:30:00,0.0,0.364,-0.2909090909090913,0.12137574497057597,0.0730909090909087,0.15,0.0730909090909087,0.0,0.003548989898989886,0.0008080808080808092
2025-04-28 04:45:00,0.0,0.26,-0.080749372185553,0.11913270685431061,0.179250627814447,0.15,0.179250627814447,0.0,0.0069462023546682985,0.00022430381162653613
2025-04-28 05:00:00,0.0,0.24,-0.0009722644054685312,0.11910569950971425,0.23902773559453147,0.15,0.23902773559453147,0.0,0.008966240819254566,2.700734459634809e-06
2025-04-28 05:15:00,0.0,0.236,0.0,0.11910569950971425,0.236,0.15,0.236,0.0,0.008849999999999998,0.0
2025-04-28 05:30:00,0.0,0.18,0.0,0.11910569950971425,0.18,0.15,0.18,0.0,0.00675,0.0
2025-04-28 05:45:00,0.16073999999999997,0.196,0.0,0.11910569950971425,0.03526000000000004,0.15,0.03526000000000004,0.0,0.0013222500000000016,0.0
2025-04-28 06:00:00,0.16073999999999997,0.18,0.0,0.11910569950971425,0.019260000000000027,0.15,0.019260000000000027,0.0,0.000722250000000001,0.0
2025-04-28 06:15:00,0.16073999999999997,0.188,0.0,0.11910569950971425,0.027260000000000034,0.15,0.027260000000000034,0.0,0.0010222500000000012,0.0
2025-04-28 06:30:00,0.16073999999999997,0.176,0.0,0.11910569950971425,0.015260000000000024,0.15,0.015260000000000024,0.0,0.0005722500000000008,0.0
2025-04-28 06:45:00,0.9080099999999999,0.188,0.7182940516273857,0.13526731567133043,-0.001715948372614129,0.15,0.0,0.001715948372614129,0.001616161616161618,0.001616161616161618
2025-04-28 07:00:00,0.9080099999999999,0.18,0.7182940516273848,0.1514289318329466,-0.009715948372615024,0.15,0.0,0.009715948372615024,0.0016161616161616157,0.0016161616161616157
2025-04-28 07:15:00,0.9080099999999999,0.192,0.7182940516273848,0.16759054799456274,0.0022840516273849865,0.15,0.0022840516273849865,0.0,0.0017018135521885526,0.0016161616161616157
2025-04-28 07:30:00,0.9080099999999999,0.204,0.7182940516273848,0.1837521641561789,0.014284051627384886,0.15,0.014284051627384886,0.0,0.002151813552188549,0.0016161616161616157
2025-04-28 07:45:00,1.4620499999999998,0.504,0.7182940516273848,0.19991378031779505,-0.23975594837261505,0.15,0.0,0.23975594837261505,0.0016161616161616157,0.0016161616161616157
2025-04-28 08:00:00,1.4620499999999998,0.792,0.7182940516273859,0.21607539647941124,0.0482440516273861,0.15,0.0482440516273861,0.0,0.003425313552188597,0.0016161616161616183
2025-04-28 08:15:00,1.4620499999999998,0.38,0.7182940516273848,0.23223701264102742,-0.36375594837261493,0.15,0.0,0.36375594837261493,0.0016161616161616157,0.0016161616161616157
2025-04-28 08:30:00,1.4620499999999998,0.232,0.7182940516273841,0.24839862880264355,-0.5117559483726157,0.15,0.0,0.5117559483726157,0.0016161616161616144,0.0016161616161616144
2025-04-28 08:45:00,1.7092874999999998,0.24,0.7182940516273864,0.2645602449642597,-0.7509934483726135,0.15,0.0,0.7509934483726135,0.0016161616161616194,0.0016161616161616194
2025-04-28 09:00:00,1.7092874999999998,0.4,0.7182940516273848,0.2807218611258759,-0.5909934483726151,0.15,0.0,0.5909934483726151,0.0016161616161616157,0.0016161616161616157
2025-04-28 09:15:00,1.7092874999999998,0.532,0.3591470258136924,0.28880266920668396,-0.8181404741863074,0.15,0.0,0.8181404741863074,0.0008080808080808079,0.0008080808080808079
2025-04-28 09:30:00,1.7092874999999998,0.988,0.3591470258136924,0.2968834772874921,-0.36214047418630746,0.15,0.0,0.36214047418630746,0.0008080808080808079,0.0008080808080808079
2025-04-28 09:45:00,1.7392124999999998,0.404,0.35914702581369234,0.30496428536830017,-0.9760654741863075,0.15,0.0,0.9760654741863075,0.0008080808080808078,0.0008080808080808078
2025-04-28 10:00:00,1.7392124999999998,0.548,0.35914702581369234,0.31304509344910825,-0.8320654741863074,0.15,0.0,0.8320654741863074,0.0008080808080808078,0.0008080808080808078
2025-04-28 10:15:00,1.7392124999999998,0.672,0.35914702581369234,0.3211259015299163,-0.7080654741863073,0.15,0.0,0.7080654741863073,0.0008080808080808078,0.0008080808080808078
2025-04-28 10:30:00,1.7392124999999998,0.656,0.35914702581369323,0.3292067096107244,-0.7240654741863064,0.15,0.0,0.7240654741863064,0.0008080808080808098,0.0008080808080808098
2025-04-28 10:45:00,1.7547449999999998,0.616,0.35914702581369295,0.33728751769153253,-0.7795979741863067,0.15,0.0,0.7795979741863067,0.0008080808080808092,0.0008080808080808092
2025-04-28 11:00:00,1.7547449999999998,0.552,0.3591470258136917,0.34536832577234056,-0.843597974186308,0.15,0.0,0.843597974186308,0.0008080808080808063,0.0008080808080808063
2025-04-28 11:15:00,1.7547449999999998,0.608,0.35914702581369295,0.35344913385314863,-0.7875979741863067,0.15,0.0,0.7875979741863067,0.0008080808080808092,0.0008080808080808092
2025-04-28 11:30:00,1.7547449999999998,0.684,0.3591470258136916,0.3615299419339567,-0.711597974186308,0.15,0.0,0.711597974186308,0.0008080808080808062,0.0008080808080808062
2025-04-28 11:45:00,1.5747674999999999,0.18,0.35914702581369295,0.3696107500147648,-1.0356204741863069,0.15,0.0,1.0356204741863069,0.0008080808080808092,0.0008080808080808092
2025-04-28 12:00:00,1.5747674999999999,0.0,1.4365881032547694,0.4019339823379971,-0.1381793967452305,0.15,0.0,0.1381793967452305,0.003232323232323231,0.003232323232323231
2025-04-28 12:15:00,1.5747674999999999,0.0,1.4365881032547712,0.43425721466122946,-0.13817939674522872,0.15,0.0,0.13817939674522872,0.0032323232323232354,0.0032323232323232354
2025-04-28 12:30:00,1.5747674999999999,0.0,1.4365881032547692,0.46658044698446177,-0.13817939674523072,0.15,0.0,0.13817939674523072,0.003232323232323231,0.003232323232323231
2025-04-28 12:45:00,1.60398,0.0,1.4365881032547692,0.49890367930769414,-0.1673918967452308,0.15,0.0,0.1673918967452308,0.003232323232323231,0.003232323232323231
2025-04-28 13:00:00,1.60398,0.0,1.4365881032547692,0.5312269116309265,-0.1673918967452308,0.15,0.0,0.1673918967452308,0.003232323232323231,0.003232323232323231
2025-04-28 13:15:00,1.60398,0.0,1.4365881032547723,0.5635501439541588,-0.1673918967452277,0.15,0.0,0.1673918967452277,0.0032323232323232375,0.0032323232323232375
2025-04-28 13:30:00,1.60398,0.0,1.4365881032547696,0.5958733762773912,-0.16739189674523036,0.15,0.0,0.16739189674523036,0.0032323232323232315,0.0032323232323232315
2025-04-28 13:45:00,0.6560699999999999,0.0,0.7182940516273816,0.6120349924390073,0.06222405162738165,0.15,0.06222405162738165,0.0,0.0039495635521884205,0.0016161616161616086
2025-04-28 14:00:00,0.6560699999999999,0.0,0.7182940516273877,0.6281966086006235,0.062224051627387755,0.15,0.062224051627387755,0.0,0.003949563552188663,0.0016161616161616224
2025-04-28 14:15:00,0.6560699999999999,0.0,0.7182940516273847,0.6443582247622397,0.06222405162738476,0.15,0.06222405162738476,0.0,0.003949563552188544,0.0016161616161616155
2025-04-28 14:30:00,0.6560699999999999,0.0,0.7182940516273847,0.660519840923856,0.06222405162738476,0.15,0.06222405162738476,0.0,0.003949563552188544,0.0016161616161616155
2025-04-28 14:45:00,0.17940749999999997,0.0,0.3591470258136917,0.668600649004664,0.1797395258136917,0.15,0.1797395258136917,0.0,0.007548313026094245,0.0008080808080808063
2025-04-28 15:00:00,0.17940749999999997,0.0,0.35914702581369295,0.6766814570854721,0.17973952581369299,0.15,0.17973952581369299,0.0,0.007548313026094296,0.0008080808080808092
2025-04-28 15:15:00,0.17940749999999997,0.0,0.3591470258136917,0.6847622651662801,0.1797395258136917,0.15,0.1797395258136917,0.0,0.007548313026094245,0.0008080808080808063
2025-04-28 15:30:00,0.17940749999999997,0.0,0.23120152488210755,0.6899642994761275,0.051794024882107575,0.15,0.051794024882107575,0.0,0.0024624793640637757,0.0005202034309847419
2025-04-28 15:45:00,0.284715,0.0,0.35914702581368996,0.6980451075569356,0.07443202581368996,0.15,0.07443202581368996,0.0,0.003599281776094176,0.0008080808080808024
2025-04-28 16:00:00,0.284715,0.0,0.35914702581369473,0.7061259156377437,0.07443202581369474,0.15,0.07443202581369474,0.0,0.0035992817760943656,0.0008080808080808132
2025-04-28 16:15:00,0.284715,0.0,0.3591470258136899,0.7142067237185518,0.0744320258136899,0.15,0.0744320258136899,0.0,0.003599281776094174,0.0008080808080808023
2025-04-28 16:30:00,0.284715,0.0,0.35914702581369473,0.7222875317993599,0.07443202581369474,0.15,0.07443202581369474,0.0,0.0035992817760943656,0.0008080808080808132
2025-04-28 16:45:00,0.17940749999999997,0.0,0.007967077562967018,0.7224667910445266,-0.17144042243703295,0.15,0.0,0.17144042243703295,1.7925924516675793e-05,1.7925924516675793e-05
2025-04-28 17:00:00,0.17940749999999997,0.0,0.007967077562967021,0.7226460502896933,-0.17144042243703295,0.15,0.0,0.17144042243703295,1.79259245166758e-05,1.79259245166758e-05
2025-04-28 17:15:00,0.17940749999999997,0.0,0.007967077562967025,0.72282530953486,-0.17144042243703295,0.15,0.0,0.17144042243703295,1.7925924516675806e-05,1.7925924516675806e-05
2025-04-28 17:30:00,0.17940749999999997,0.0,0.007967077562967027,0.7230045687800268,-0.17144042243703295,0.15,0.0,0.17144042243703295,1.7925924516675813e-05,1.7925924516675813e-05
2025-04-28 17:45:00,0.1745625,0.0,0.0,0.7230045687800268,-0.1745625,0.15,0.0,0.1745625,0.0,0.0
2025-04-28 18:00:00,0.1745625,0.0,0.35914702581369035,0.7310853768608349,0.18458452581369034,0.15,0.18458452581369034,0.0,0.0077300005260941915,0.0008080808080808033
2025-04-28 18:15:00,0.1745625,0.0,0.3591470258136943,0.739166184941643,0.18458452581369428,0.15,0.18458452581369428,0.0,0.007730000526094348,0.0008080808080808122
2025-04-28 18:30:00,0.1745625,0.0,0.35914702581369035,0.747246993022451,0.18458452581369034,0.15,0.18458452581369034,0.0,0.0077300005260941915,0.0008080808080808033
2025-04-28 18:45:00,0.0,0.0,0.0,0.747246993022451,0.0,0.15,0.0,0.0,0.0,0.0
2025-04-28 19:00:00,0.0,0.0,0.0,0.747246993022451,0.0,0.15,0.0,0.0,0.0,0.0
2025-04-28 19:15:00,0.0,0.0,0.0,0.747246993022451,0.0,0.15,0.0,0.0,0.0,0.0
2025-04-28 19:30:00,0.0,0.0,0.0,0.747246993022451,0.0,0.15,0.0,0.0,0.0,0.0
2025-04-28 19:45:00,0.0,0.0,0.0,0.747246993022451,0.0,0.15,0.0,0.0,0.0,0.0
2025-04-28 20:00:00,0.0,0.0,0.0,0.747246993022451,0.0,0.15,0.0,0.0,0.0,0.0
2025-04-28 20:15:00,0.0,0.0,0.0,0.747246993022451,0.0,0.15,0.0,0.0,0.0,0.0
2025-04-28 20:30:00,0.0,0.0,0.0,0.747246993022451,0.0,0.15,0.0,0.0,0.0,0.0
2025-04-28 20:45:00,0.0,0.0,0.0,0.747246993022451,0.0,0.15,0.0,0.0,0.0,0.0
2025-04-28 21:00:00,0.0,0.512,-0.2909090909090891,0.739166184941643,0.2210909090909109,0.15,0.2210909090909109,0.0,0.00909898989898996,0.0008080808080808032
2025-04-28 21:15:00,0.0,0.748,-0.5818181818181816,0.7230045687800268,0.16618181818181843,0.15,0.16618181818181843,0.0,0.007847979797979807,0.0016161616161616155
2025-04-28 21:30:00,0.0,0.888,-0.7773368068363795,0.7014118797012385,0.1106631931636205,0.15,0.1106631931636205,0.0,0.006309138651514601,0.002159268907878832
2025-04-28 21:45:00,0.0,1.5,-1.1636363636363631,0.6690886473780061,0.33636363636363686,0.15,0.33636363636363686,0.0,0.015845959595959615,0.003232323232323231
2025-04-28 22:00:00,0.0,1.592,-1.1636363636363631,0.6367654150547738,0.42836363636363695,0.15,0.42836363636363695,0.0,0.019295959595959616,0.003232323232323231
2025-04-28 22:15:00,0.0,0.804,-0.5818181818181816,0.6206037988931576,0.22218181818181848,0.15,0.22218181818181848,0.0,0.009947979797979808,0.0016161616161616155
2025-04-28 22:30:00,0.0,0.804,-0.5818181818181833,0.6044421827315414,0.2221818181818167,0.15,0.2221818181818167,0.0,0.009947979797979747,0.0016161616161616205
2025-04-28 22:45:00,0.0,0.972,-0.8727272727272702,0.5801997584891173,0.09927272727272973,0.15,0.09927272727272973,0.0,0.006146969696969783,0.0024242424242424173
2025-04-28 23:00:00,0.0,1.032,-0.8727272727272727,0.555957334246693,0.15927272727272734,0.15,0.15927272727272734,0.0,0.0083969696969697,0.0024242424242424242
2025-04-28 23:15:00,0.0,0.784,-0.5818181818181832,0.5397957180850769,0.2021818181818168,0.15,0.2021818181818168,0.0,0.00919797979797975,0.0016161616161616203
2025-04-28 23:30:00,0.0,0.796,-0.5818181818181815,0.5236341019234607,0.21418181818181858,0.15,0.21418181818181858,0.0,0.009647979797979812,0.0016161616161616153
2025-04-28 23:45:00,0.0,0.788,-0.5818181818181816,0.5074724857618446,0.20618181818181847,0.15,0.20618181818181847,0.0,0.009347979797979808,0.0016161616161616155
2025-04-29 00:00:00,0.0,0.796,-0.5818181818181816,0.49131086960022835,0.21418181818181847,0.15,0.21418181818181847,0.0,0.009647979797979808,0.0016161616161616155
2025-04-29 00:15:00,0.0,0.756,-0.5818181818181816,0.4751492534386122,0.17418181818181844,0.15,0.17418181818181844,0.0,0.008147979797979807,0.0016161616161616155
2025-04-29 00:30:00,0.0,0.748,-0.5818181818181816,0.458987637276996,0.16618181818181843,0.15,0.16618181818181843,0.0,0.007847979797979807,0.0016161616161616155
2025-04-29 00:45:00,0.0,0.66,-0.5818181818181816,0.44282602111537983,0.07818181818181846,0.15,0.07818181818181846,0.0,0.004547979797979808,0.0016161616161616155
2025-04-29 01:00:00,0.0,0.508,-0.29090909090909106,0.4347452130345718,0.21709090909090895,0.15,0.21709090909090895,0.0,0.008948989898989894,0.0008080808080808084
2025-04-29 01:15:00,0.0,0.436,-0.29090909090909284,0.4266644049537637,0.14509090909090716,0.15,0.14509090909090716,0.0,0.006248989898989831,0.0008080808080808134
2025-04-29 01:30:00,0.0,0.332,-0.2909090909090905,0.4185835968729556,0.04109090909090951,0.15,0.04109090909090951,0.0,0.0023489898989899134,0.0008080808080808069
2025-04-29 01:45:00,0.0,0.316,-0.29090909090909106,0.4105027887921476,0.02509090909090894,0.15,0.02509090909090894,0.0,0.0017489898989898937,0.0008080808080808084
2025-04-29 02:00:00,0.0,0.3,-0.29090909090909045,0.4024219807113395,0.009090909090909538,0.15,0.009090909090909538,0.0,0.0011489898989899144,0.0008080808080808068
2025-04-29 02:15:00,0.0,0.296,-0.29090909090909106,0.3943411726305314,0.005090909090908924,0.15,0.005090909090908924,0.0,0.000998989898989893,0.0008080808080808084
2025-04-29 02:30:00,0.0,0.32,-0.29090909090909045,0.38626036454972335,0.029090909090909556,0.15,0.029090909090909556,0.0,0.001898989898989915,0.0008080808080808068
2025-04-29 02:45:00,0.0,0.348,-0.290909090909091,0.37817955646891527,0.05709090909090897,0.15,0.05709090909090897,0.0,0.0029489898989898946,0.0008080808080808083
2025-04-29 03:00:00,0.0,0.28,-0.23606023745973292,0.37162232765058933,0.0439397625402671,0.15,0.0439397625402671,0.0,0.0023034639770926077,0.0006557228818325915
2025-04-29 03:15:00,0.0,0.284,-0.2520156590157494,0.36462189267792966,0.03198434098425057,0.15,0.03198434098425057,0.0,0.0018994562841753667,0.0007000434972659705
2025-04-29 03:30:00,0.0,0.292,-0.28392650212778453,0.35673504539660233,0.008073497872215452,0.15,0.008073497872215452,0.0,0.0010914408983408142,0.0007886847281327349
2025-04-29 03:45:00,0.0,0.208,0.0,0.35673504539660233,0.208,0.15,0.208,0.0,0.0078,0.0
2025-04-29 04:00:00,0.0,0.26,-0.15628312967964825,0.3523938473499454,0.10371687032035176,0.15,0.10371687032035176,0.0,0.00432350244167888,0.0004341198046656896
2025-04-29 04:15:00,0.0,0.268,-0.1881939727916832,0.34716623699462085,0.07980602720831681,0.15,0.07980602720831681,0.0,0.003515487055844334,0.0005227610355324533
2025-04-29 04:30:00,0.0,0.276,-0.22010481590371656,0.3410522143306287,0.05589518409628347,0.15,0.05589518409628347,0.0,0.0027074716700098427,0.0006114022663992126
2025-04-29 04:45:00,0.0,0.236,-0.0605506003435473,0.3393702532099746,0.17544939965645268,0.15,0.17544939965645268,0.0,0.006747548599182384,0.00016819611206540916
2025-04-29 05:00:00,0.0,0.312,-0.29090909090909034,0.3312894451291666,0.02109090909090966,0.15,0.02109090909090966,0.0,0.0015989898989899186,0.0008080808080808065
2025-04-29 05:15:00,0.0,0.22,0.0,0.3312894451291666,0.22,0.15,0.22,0.0,0.00825,0.0
2025-04-29 05:30:00,0.0,0.232,-0.04459517878753101,0.33005069016284627,0.18740482121246899,0.15,0.18740482121246899,0.0,0.007151556292099617,0.00012387549663203057
2025-04-29 05:45:00,0.0138225,0.252,-0.06923633295310458,0.3281274586919267,0.16894116704689544,0.15,0.16894116704689544,0.0,0.006527616911350536,0.00019232314709195718
2025-04-29 06:00:00,0.0138225,0.268,-0.2541775,0.3210669725808156,0.0,0.15,0.0,0.0,0.0007060486111111112,0.0007060486111111112
2025-04-29 06:15:00,0.0138225,0.256,-0.24217750000000002,0.3143398198030378,0.0,0.15,0.0,0.0,0.0006727152777777778,0.0006727152777777778
2025-04-29 06:30:00,0.0138225,0.172,-0.1581775,0.3099460003585934,0.0,0.15,0.0,0.0,0.0004393819444444445,0.0004393819444444445
2025-04-29 06:45:00,0.48335999999999996,0.172,0.35914702581369234,0.31802680843940145,0.047787025813692374,0.15,0.047787025813692374,0.0,0.002600094276094272,0.0008080808080808078
2025-04-29 07:00:00,0.48335999999999996,0.168,0.3591470258136924,0.3261076165202096,0.043787025813692426,0.15,0.043787025813692426,0.0,0.002450094276094274,0.0008080808080808079
2025-04-29 07:15:00,0.48335999999999996,0.204,0.3591470258136947,0.3341884246010177,0.07978702581369473,0.15,0.07978702581369473,0.0,0.0038000942760943656,0.0008080808080808131
2025-04-29 07:30:00,0.48335999999999996,1.108,-0.5818181818181836,0.31802680843940145,0.04282181818181652,0.15,0.04282181818181652,0.0,0.0032219797979797403,0.0016161616161616211
2025-04-29 07:45:00,0.8810774999999998,0.436,0.35914702581369234,0.3261076165202096,-0.0859304741863075,0.15,0.0,0.0859304741863075,0.0008080808080808078,0.0008080808080808078
2025-04-29 08:00:00,0.8810774999999998,0.272,0.35914702581369473,0.3341884246010177,-0.2499304741863051,0.15,0.0,0.2499304741863051,0.0008080808080808132,0.0008080808080808132
2025-04-29 08:15:00,0.8810774999999998,0.408,0.3591470258136899,0.34226923268182574,-0.11393047418630997,0.15,0.0,0.11393047418630997,0.0008080808080808023,0.0008080808080808023
2025-04-29 08:30:00,0.8810774999999998,0.336,0.3591470258136947,0.3503500407626339,-0.1859304741863052,0.15,0.0,0.1859304741863052,0.0008080808080808131,0.0008080808080808131
2025-04-29 08:45:00,0.4775175,0.296,0.0,0.3503500407626339,-0.1815175,0.15,0.0,0.1815175,0.0,0.0
2025-04-29 09:00:00,0.4775175,0.432,0.0,0.3503500407626339,-0.04551749999999999,0.15,0.0,0.04551749999999999,0.0,0.0
2025-04-29 09:15:00,0.4775175,0.392,0.0,0.3503500407626339,-0.08551749999999997,0.15,0.0,0.08551749999999997,0.0,0.0
2025-04-29 09:30:00,0.4775175,0.392,0.0,0.3503500407626339,-0.08551749999999997,0.15,0.0,0.08551749999999997,0.0,0.0
2025-04-29 09:45:00,0.691695,0.384,0.3591470258136899,0.3584308488434419,0.05145202581368996,0.15,0.05145202581368996,0.0,0.002737531776094176,0.0008080808080808023
2025-04-29 10:00:00,0.691695,0.428,0.31032820516439896,0.3654132334596409,0.046633205164399005,0.15,0.046633205164399005,0.0,0.0024469836552848605,0.0006982384616198977
2025-04-29 10:15:00,0.691695,0.444,0.2315359999494977,0.3706227934585046,-0.016159000050502248,0.15,0.0,0.016159000050502248,0.0005209559998863698,0.0005209559998863698
2025-04-29 10:30:00,0.691695,0.404,0.3591470258136923,0.3787036015393127,0.07145202581369237,0.15,0.07145202581369237,0.0,0.003487531776094271,0.0008080808080808078
2025-04-29 10:45:00,1.1559599999999999,0.352,0.35914702581369234,0.3867844096201208,-0.44481297418630755,0.15,0.0,0.44481297418630755,0.0008080808080808078,0.0008080808080808078
2025-04-29 11:00:00,1.1559599999999999,0.352,0.3591470258136923,0.39486521770092886,-0.4448129741863076,0.15,0.0,0.4448129741863076,0.0008080808080808078,0.0008080808080808078
2025-04-29 11:15:00,1.1559599999999999,0.36,0.35914702581369234,0.40294602578173694,-0.43681297418630755,0.15,0.0,0.43681297418630755,0.0008080808080808078,0.0008080808080808078
2025-04-29 11:30:00,1.1559599999999999,0.388,0.3591470258136923,0.411026833862545,-0.4088129741863076,0.15,0.0,0.4088129741863076,0.0008080808080808078,0.0008080808080808078
2025-04-29 11:45:00,1.4787225,0.376,0.35914702581369234,0.41910764194335304,-0.7435754741863077,0.15,0.0,0.7435754741863077,0.0008080808080808078,0.0008080808080808078
2025-04-29 12:00:00,1.4787225,0.364,1.0774410774410796,0.4433500661857773,-0.03728142255892042,0.15,0.0,0.03728142255892042,0.0024242424242424294,0.0024242424242424294
2025-04-29 12:15:00,1.4787225,0.324,1.077441077441077,0.46759249042820156,-0.0772814225589229,0.15,0.0,0.0772814225589229,0.0024242424242424234,0.0024242424242424234
2025-04-29 12:30:00,1.4787225,0.4,1.077441077441077,0.4918349146706258,-0.001281422558923051,0.15,0.0,0.001281422558923051,0.0024242424242424234,0.0024242424242424234
2025-04-29 12:45:00,1.243455,0.432,0.7182940516273847,0.5079965308322419,-0.09316094837261535,0.15,0.0,0.09316094837261535,0.0016161616161616155,0.0016161616161616155
2025-04-29 13:00:00,1.243455,0.4,0.7182940516273847,0.5241581469938581,-0.12516094837261527,0.15,0.0,0.12516094837261527,0.0016161616161616155,0.0016161616161616155
2025-04-29 13:15:00,1.243455,0.36,0.7182940516273848,0.5403197631554744,-0.1651609483726152,0.15,0.0,0.1651609483726152,0.0016161616161616157,0.0016161616161616157
2025-04-29 13:30:00,1.243455,2.104,0.0,0.5403197631554744,0.8605450000000001,0.15,0.8605450000000001,0.0,0.032270437500000006,0.0
2025-04-29 13:45:00,0.831915,0.972,0.0,0.5403197631554744,0.14008500000000002,0.15,0.14008500000000002,0.0,0.0052531875,0.0
2025-04-29 14:00:00,0.831915,0.392,0.3591470258136923,0.5484005712362824,-0.08076797418630766,0.15,0.0,0.08076797418630766,0.0008080808080808078,0.0008080808080808078
2025-04-29 14:15:00,0.831915,0.472,0.35914702581369473,0.5564813793170905,-0.0007679741863052536,0.15,0.0,0.0007679741863052536,0.0008080808080808132,0.0008080808080808132
2025-04-29 14:30:00,0.831915,0.42,0.35914702581369234,0.5645621873978985,-0.05276797418630763,0.15,0.0,0.05276797418630763,0.0008080808080808078,0.0008080808080808078
2025-04-29 14:45:00,0.5670075,0.4,0.0,0.5645621873978985,-0.16700749999999998,0.15,0.0,0.16700749999999998,0.0,0.0
2025-04-29 15:00:00,0.5670075,0.38,0.0,0.5645621873978985,-0.1870075,0.15,0.0,0.1870075,0.0,0.0
2025-04-29 15:15:00,0.5670075,0.472,0.0,0.5645621873978985,-0.09500750000000002,0.15,0.0,0.09500750000000002,0.0,0.0
2025-04-29 15:30:00,0.5670075,0.448,0.0,0.5645621873978985,-0.11900749999999999,0.15,0.0,0.11900749999999999,0.0,0.0
2025-04-29 15:45:00,0.21788249999999998,0.432,0.0,0.5645621873978985,0.21411750000000002,0.15,0.21411750000000002,0.0,0.008029406250000001,0.0
2025-04-29 16:00:00,0.21788249999999998,0.372,0.0,0.5645621873978985,0.15411750000000002,0.15,0.15411750000000002,0.0,0.005779406250000001,0.0
2025-04-29 16:15:00,0.21788249999999998,0.42,0.0,0.5645621873978985,0.2021175,0.15,0.2021175,0.0,0.00757940625,0.0
2025-04-29 16:30:00,0.21788249999999998,0.464,0.0,0.5645621873978985,0.24611750000000004,0.15,0.24611750000000004,0.0,0.00922940625,0.0
2025-04-29 16:45:00,0.12112499999999998,0.404,0.0,0.5645621873978985,0.28287500000000004,0.15,0.28287500000000004,0.0,0.010607812500000001,0.0
2025-04-29 17:00:00,0.12112499999999998,0.372,0.0,0.5645621873978985,0.250875,0.15,0.250875,0.0,0.0094078125,0.0
2025-04-29 17:15:00,0.12112499999999998,0.376,0.0,0.5645621873978985,0.254875,0.15,0.254875,0.0,0.0095578125,0.0
2025-04-29 17:30:00,0.12112499999999998,0.492,0.0,0.5645621873978985,0.370875,0.15,0.370875,0.0,0.0139078125,0.0
2025-04-29 17:45:00,0.026789999999999998,0.54,0.0,0.5645621873978985,0.51321,0.15,0.51321,0.0,0.019245375000000002,0.0
2025-04-29 18:00:00,0.026789999999999998,0.412,-0.2909090909090908,0.5564813793170905,0.09430090909090921,0.15,0.09430090909090921,0.0,0.004344364898989903,0.0008080808080808078
2025-04-29 18:15:00,0.026789999999999998,0.344,-0.19828725267860975,0.550973400076018,0.11892274732139024,0.15,0.11892274732139024,0.0,0.005010400948659384,0.0005507979241072493
2025-04-29 18:30:00,0.026789999999999998,0.404,-0.290909090909092,0.5428925919952099,0.08630090909090804,0.15,0.08630090909090804,0.0,0.0040443648989898625,0.0008080808080808111
2025-04-29 18:45:00,0.0,0.404,-0.29090909090908956,0.5348117839144019,0.11309090909091046,0.15,0.11309090909091046,0.0,0.005048989898989947,0.0008080808080808043
2025-04-29 19:00:00,0.0,0.464,-0.290909090909092,0.5267309758335937,0.17309090909090802,0.15,0.17309090909090802,0.0,0.007298989898989862,0.0008080808080808111
2025-04-29 19:15:00,0.0,0.54,-0.29090909090908956,0.5186501677527857,0.24909090909091047,0.15,0.24909090909091047,0.0,0.010148989898989947,0.0008080808080808043
2025-04-29 19:30:00,0.0,0.904,-0.7934531609378475,0.4966098021711788,0.11054683906215257,0.15,0.11054683906215257,0.0,0.006349543022991408,0.0022040365581606873
2025-04-29 19:45:00,0.0,1.828,-0.8727272727272707,0.47236737792875455,0.9552727272727294,0.15,0.9552727272727294,0.0,0.03824696969696977,0.0024242424242424186
2025-04-29 20:00:00,0.0,2.372,-0.872727272727274,0.4481249536863302,1.499272727272726,0.15,1.499272727272726,0.0,0.05864696969696965,0.0024242424242424277
2025-04-29 20:15:00,0.0,1.356,-0.8727272727272744,0.4238825294439059,0.48327272727272574,0.15,0.48327272727272574,0.0,0.020546969696969643,0.002424242424242429
2025-04-29 20:30:00,0.0,0.844,-0.5818181818181816,0.40772091328228977,0.2621818181818184,0.15,0.2621818181818184,0.0,0.011447979797979806,0.0016161616161616155
2025-04-29 20:45:00,0.0,0.932,-0.8727272727272708,0.3834784890398656,0.05927272727272925,0.15,0.05927272727272925,0.0,0.004646969696969766,0.0024242424242424186
2025-04-29 21:00:00,0.0,0.892,-0.7455868962697968,0.3627677419212601,0.14641310373020322,0.15,0.14641310373020322,0.0,0.0075615661017431664,0.0020710747118605466
2025-04-29 21:15:00,0.0,0.9,-0.7774977393818296,0.3411705824939871,0.12250226061817038,0.15,0.12250226061817038,0.0,0.006753550715908694,0.0021597159427273046
2025-04-29 21:30:00,0.0,1.024,-0.8727272727272726,0.31692815825156284,0.15127272727272745,0.15,0.15127272727272745,0.0,0.008096969696969703,0.002424242424242424
2025-04-29 21:45:00,0.0,0.888,-0.7296314747137789,0.2966606172872912,0.15836852528622114,0.15,0.15836852528622114,0.0,0.007965573794660456,0.0020267540964271635
2025-04-29 22:00:00,0.0,0.896,-0.7615423178258128,0.275506664014352,0.1344576821741872,0.15,0.1344576821741872,0.0,0.007157558408825944,0.0021153953272939246
2025-04-29 22:15:00,0.0,0.848,-0.5818181818181821,0.2593450478527358,0.26618181818181785,0.15,0.26618181818181785,0.0,0.011597979797979786,0.0016161616161616168
2025-04-29 22:30:00,0.0,0.848,-0.5818181818181819,0.2431834316911196,0.2661818181818181,0.15,0.2661818181818181,0.0,0.011597979797979793,0.0016161616161616164
2025-04-29 22:45:00,0.0,0.748,-0.5818181818181816,0.22702181552950346,0.16618181818181843,0.15,0.16618181818181843,0.0,0.007847979797979807,0.0016161616161616155
2025-04-29 23:00:00,0.0,0.816,-0.5818181818181818,0.21086019936788727,0.23418181818181816,0.15,0.23418181818181816,0.0,0.010397979797979797,0.0016161616161616162
2025-04-29 23:15:00,0.0,0.68,-0.5818181818181822,0.1946985832062711,0.09818181818181781,0.15,0.09818181818181781,0.0,0.005297979797979786,0.0016161616161616175
2025-04-29 23:30:00,0.0,0.604,-0.46952381696385437,0.18165625495727514,0.1344761830361456,0.15,0.1344761830361456,0.0,0.006347089688755056,0.0013042328248995955
2025-04-29 23:45:00,0.0,0.508,-0.2909090909090908,0.17357544687646706,0.21709090909090922,0.15,0.21709090909090922,0.0,0.008948989898989904,0.0008080808080808078
2025-04-30 00:00:00,0.0,0.508,-0.2909090909090908,0.16549463879565898,0.21709090909090922,0.15,0.21709090909090922,0.0,0.008948989898989904,0.0008080808080808078
2025-04-30 00:15:00,0.0,0.516,-0.2909090909090908,0.15741383071485088,0.22509090909090923,0.15,0.22509090909090923,0.0,0.009248989898989904,0.0008080808080808078
2025-04-30 00:30:00,0.0,0.5,-0.2909090909090908,0.1493330226340428,0.20909090909090922,0.15,0.20909090909090922,0.0,0.008648989898989903,0.0008080808080808078
2025-04-30 00:45:00,0.0,0.508,-0.2909090909090908,0.14125221455323472,0.21709090909090922,0.15,0.21709090909090922,0.0,0.008948989898989904,0.0008080808080808078
2025-04-30 01:00:00,0.0,0.516,-0.2909090909090908,0.13317140647242662,0.22509090909090923,0.15,0.22509090909090923,0.0,0.009248989898989904,0.0008080808080808078
2025-04-30 01:15:00,0.0,0.48,-0.29090909090909123,0.12509059839161854,0.18909090909090875,0.15,0.18909090909090875,0.0,0.007898989898989888,0.000808080808080809
2025-04-30 01:30:00,0.0,0.572,-0.2909090909090913,0.11700979031081045,0.28109090909090867,0.15,0.28109090909090867,0.0,0.011348989898989885,0.0008080808080808092
2025-04-30 01:45:00,0.0,0.44,-0.26715904402788593,0.10958870575448028,0.17284095597211407,0.15,0.17284095597211407,0.0,0.007223644304587294,0.0007421084556330165
2025-04-30 02:00:00,0.0,1.32,0.0,0.10958870575448028,1.32,0.15,1.32,0.0,0.0495,0.0
2025-04-30 02:15:00,0.0,0.964,-0.05428431625219904,0.10808080808080808,0.9097156837478009,0.15,0.9097156837478009,0.0,0.03426512790790975,0.00015078976736721957
2025-04-30 02:30:00,0.0,1.272,0.0,0.10808080808080808,1.272,0.15,1.272,0.0,0.0477,0.0
2025-04-30 02:45:00,0.0,0.36,-0.28924497597978926,0.10004622541470283,0.07075502402021072,0.15,0.07075502402021072,0.0,0.003456771667368428,0.0008034582666105257
2025-04-30 03:00:00,0.0,0.308,-0.0004680684420595227,0.1000332235135345,0.30753193155794045,0.15,0.30753193155794045,0.0,0.011533747623539597,1.3001901168320076e-06
2025-04-30 03:15:00,0.0,0.336,-0.0007956089695321964,0.10001112326438082,0.33520439103046784,0.15,0.33520439103046784,0.0,0.012572374688557911,2.2100249153672124e-06
2025-04-30 03:30:00,0.0,0.268,0.0,0.10001112326438082,0.268,0.15,0.268,0.0,0.01005,0.0
2025-04-30 03:45:00,0.0,0.328,-0.00022244524835513598,0.1000049442297043,0.3277775547516449,0.15,0.3277775547516449,0.0,0.012292276206654336,6.179034676531555e-07
2025-04-30 04:00:00,0.0,1.536,-2.122157596079321e-05,0.10000435474148317,1.5359787784240393,0.15,1.5359787784240393,0.0,0.057599263139723585,5.8948822113314476e-08
2025-04-30 04:15:00,0.0,0.212,0.0,0.10000435474148317,0.212,0.15,0.212,0.0,0.007949999999999999,0.0
2025-04-30 04:30:00,0.0,0.244,0.0,0.10000435474148317,0.244,0.15,0.244,0.0,0.00915,0.0
2025-04-30 04:45:00,0.0,0.284,0.0,0.10000435474148317,0.284,0.15,0.284,0.0,0.010649999999999998,0.0
2025-04-30 05:00:00,0.0,0.232,0.0,0.10000435474148317,0.232,0.15,0.232,0.0,0.0087,0.0
2025-04-30 05:15:00,0.0,0.212,0.0,0.10000435474148317,0.212,0.15,0.212,0.0,0.007949999999999999,0.0
2025-04-30 05:30:00,0.0,0.22,0.0,0.10000435474148317,0.22,0.15,0.22,0.0,0.00825,0.0
2025-04-30 05:45:00,0.0340575,0.22,0.0,0.10000435474148317,0.1859425,0.15,0.1859425,0.0,0.00697284375,0.0
2025-04-30 06:00:00,0.0340575,0.216,0.0,0.10000435474148317,0.1819425,0.15,0.1819425,0.0,0.00682284375,0.0
2025-04-30 06:15:00,0.0340575,0.204,0.0,0.10000435474148317,0.1699425,0.15,0.1699425,0.0,0.00637284375,0.0
2025-04-30 06:30:00,0.0340575,0.184,0.0,0.10000435474148317,0.1499425,0.15,0.1499425,0.0,0.00562284375,0.0
2025-04-30 06:45:00,0.14378249999999998,0.212,0.0,0.10000435474148317,0.06821750000000001,0.15,0.06821750000000001,0.0,0.0025581562500000005,0.0
2025-04-30 07:00:00,0.14378249999999998,0.636,-0.00015677069339392613,0.1,0.4920607293066061,0.15,0.4920607293066061,0.0,0.018452712823146047,4.354741483164615e-07
2025-04-30 07:15:00,0.14378249999999998,0.756,0.0,0.1,0.6122175000000001,0.15,0.6122175000000001,0.0,0.022958156250000004,0.0
2025-04-30 07:30:00,0.14378249999999998,0.232,0.0,0.1,0.08821750000000003,0.15,0.08821750000000003,0.0,0.003308156250000001,0.0
2025-04-30 07:45:00,0.33230999999999994,0.304,0.0,0.1,-0.028309999999999946,0.15,0.0,0.028309999999999946,0.0,0.0
2025-04-30 08:00:00,0.33230999999999994,0.3,0.0,0.1,-0.03230999999999995,0.15,0.0,0.03230999999999995,0.0,0.0
2025-04-30 08:15:00,0.33230999999999994,0.288,0.0,0.1,-0.04430999999999996,0.15,0.0,0.04430999999999996,0.0,0.0
2025-04-30 08:30:00,0.33230999999999994,0.244,0.06953439821515515,0.10156452395984099,-0.01877560178484479,0.15,0.0,0.01877560178484479,0.0001564523959840991,0.0001564523959840991
2025-04-30 08:45:00,0.5158499999999999,0.168,0.35914702581369234,0.10964533204064905,0.011297025813692463,0.15,0.011297025813692463,0.0,0.001231719276094275,0.0008080808080808078
2025-04-30 09:00:00,0.5158499999999999,0.216,0.3591470258136925,0.11772614012145714,0.05929702581369256,0.15,0.05929702581369256,0.0,0.003031719276094279,0.0008080808080808082
2025-04-30 09:15:00,0.5158499999999999,0.476,0.0,0.11772614012145714,-0.03984999999999994,0.15,0.0,0.03984999999999994,0.0,0.0
2025-04-30 09:30:00,0.5158499999999999,0.676,0.0,0.11772614012145714,0.16015000000000013,0.15,0.16015000000000013,0.0,0.006005625000000005,0.0
2025-04-30 09:45:00,0.6242925,0.296,0.35914702581369295,0.12580694820226523,0.030854525813692912,0.15,0.030854525813692912,0.0,0.0019651255260942934,0.0008080808080808092
2025-04-30 10:00:00,0.6242925,0.364,0.35914702581369284,0.1338877562830733,0.0988545258136928,0.15,0.0988545258136928,0.0,0.004515125526094289,0.000808080808080809
2025-04-30 10:15:00,0.6242925,0.616,0.0,0.1338877562830733,-0.008292500000000036,0.15,0.0,0.008292500000000036,0.0,0.0
2025-04-30 10:30:00,0.6242925,0.368,0.3591470258136923,0.14196856436388142,0.10285452581369225,0.15,0.10285452581369225,0.0,0.004665125526094267,0.0008080808080808078
2025-04-30 10:45:00,0.6240074999999999,0.392,0.3591470258136924,0.1500493724446895,0.12713952581369248,0.15,0.12713952581369248,0.0,0.005575813026094276,0.0008080808080808079
2025-04-30 11:00:00,0.6240074999999999,0.36,0.3591470258136923,0.1581301805254976,0.09513952581369234,0.15,0.09513952581369234,0.0,0.00437581302609427,0.0008080808080808078
2025-04-30 11:15:00,0.6240074999999999,0.492,0.28472329742628066,0.1645364547175889,0.15271579742628072,0.15,0.15271579742628072,0.0,0.006367469822694658,0.0006406274192091316
2025-04-30 11:30:00,0.6240074999999999,0.48,0.3438174513374543,0.17227234737268163,0.19980995133745433,0.15,0.19980995133745433,0.0,0.00826646244066381,0.0007735892655092722
2025-04-30 11:45:00,0.5536125,0.472,0.03655247356348157,0.17309477802785994,-0.04506002643651841,0.15,0.0,0.04506002643651841,8.224306551783354e-05,8.224306551783354e-05
2025-04-30 12:00:00,0.5536125,0.408,0.3591470258136923,0.18117558610866805,0.2135345258136923,0.15,0.2135345258136923,0.0,0.00881562552609427,0.0008080808080808078
2025-04-30 12:15:00,0.5536125,0.432,0.35914702581369234,0.18925639418947612,0.2375345258136924,0.15,0.2375345258136924,0.0,0.009715625526094273,0.0008080808080808078
2025-04-30 12:30:00,0.5536125,0.492,0.35914702581369234,0.19733720227028423,0.2975345258136924,0.15,0.2975345258136924,0.0,0.011965625526094273,0.0008080808080808078
2025-04-30 12:45:00,0.84987,0.468,0.3591470258136924,0.2054180103510923,-0.022722974186307587,0.15,0.0,0.022722974186307587,0.0008080808080808079,0.0008080808080808079
2025-04-30 13:00:00,0.84987,0.796,0.3591470258136935,0.21349881843190038,0.30527702581369354,0.15,0.30527702581369354,0.0,0.012255969276094318,0.0008080808080808104
2025-04-30 13:15:00,0.84987,2.888,0.35914702581369234,0.2215796265127085,2.397277025813692,0.15,2.397277025813692,0.0,0.09070596927609426,0.0008080808080808078
2025-04-30 13:30:00,0.84987,1.24,0.35914702581369234,0.22966043459351657,0.7492770258136923,0.15,0.7492770258136923,0.0,0.028905969276094266,0.0008080808080808078
2025-04-30 13:45:00,1.42215,1.292,0.35914702581369234,0.23774124267432467,0.22899702581369236,0.15,0.22899702581369236,0.0,0.00939546927609427,0.0008080808080808078
2025-04-30 14:00:00,1.42215,0.708,0.7182940516273835,0.25390285883594077,0.004144051627383405,0.15,0.004144051627383405,0.0,0.0017715635521884905,0.001616161616161613
2025-04-30 14:15:00,1.42215,0.624,0.7505975644997254,0.27079130403718465,-0.04755243550027466,0.15,0.0,0.04755243550027466,0.001688844520124382,0.001688844520124382
2025-04-30 14:30:00,1.42215,0.44,1.0774410774410772,0.29503372827960883,0.09529107744107712,0.15,0.09529107744107712,0.0,0.005997657828282816,0.002424242424242424
2025-04-30 14:45:00,0.22899749999999996,0.604,0.35914702581369234,0.30311453636041696,0.7341495258136923,0.15,0.7341495258136923,0.0,0.028338688026094266,0.0008080808080808078
2025-04-30 15:00:00,0.22899749999999996,0.728,0.3591470258136924,0.31119534444122504,0.8581495258136924,0.15,0.8581495258136924,0.0,0.03298868802609427,0.0008080808080808079
2025-04-30 15:15:00,0.22899749999999996,0.712,0.3591470258136924,0.3192761525220331,0.8421495258136924,0.15,0.8421495258136924,0.0,0.03238868802609427,0.0008080808080808079
2025-04-30 15:30:00,0.22899749999999996,0.792,0.35914702581369273,0.3273569606028412,0.9221495258136928,0.15,0.9221495258136928,0.0,0.03538868802609429,0.0008080808080808087
2025-04-30 15:45:00,0.24239249999999998,0.716,0.35914702581369407,0.33543776868364933,0.832754525813694,0.15,0.832754525813694,0.0,0.032036375526094334,0.0008080808080808117
2025-04-30 16:00:00,0.24239249999999998,0.572,0.3591470258136905,0.3435185767644574,0.6887545258136905,0.15,0.6887545258136905,0.0,0.026636375526094193,0.0008080808080808037
2025-04-30 16:15:00,0.24239249999999998,0.72,0.3591470258136941,0.35159938484526554,0.8367545258136941,0.15,0.8367545258136941,0.0,0.032186375526094345,0.0008080808080808118
2025-04-30 16:30:00,0.24239249999999998,1.112,0.3591470258136905,0.35968019292607356,1.2287545258136907,0.15,1.2287545258136907,0.0,0.046886375526094204,0.0008080808080808037
2025-04-30 16:45:00,0.13879499999999997,1.228,0.3591470258136941,0.3677610010068817,1.4483520258136942,0.15,1.4483520258136942,0.0,0.05512128177609434,0.0008080808080808118
2025-04-30 17:00:00,0.13879499999999997,0.84,0.3591470258136905,0.3758418090876897,1.0603520258136905,0.15,1.0603520258136905,0.0,0.0405712817760942,0.0008080808080808037
2025-04-30 17:15:00,0.13879499999999997,0.356,0.3591470258136941,0.38392261716849785,0.5763520258136942,0.15,0.5763520258136942,0.0,0.022421281776094343,0.0008080808080808118
2025-04-30 17:30:00,0.13879499999999997,0.544,0.3591470258136905,0.3920034252493059,0.7643520258136905,0.15,0.7643520258136905,0.0,0.029471281776094198,0.0008080808080808037
2025-04-30 17:45:00,0.2070525,0.56,0.3591470258136941,0.400084233330114,0.7120945258136941,0.15,0.7120945258136941,0.0,0.027511625526094343,0.0008080808080808118
2025-04-30 18:00:00,0.2070525,0.588,-0.2909090909090922,0.39200342524930587,0.09003840909090777,0.15,0.09003840909090777,0.0,0.004184521148989853,0.0008080808080808118
2025-04-30 18:15:00,0.2070525,0.524,-0.27499460383223695,0.3843646862539659,0.0419528961677631,0.15,0.0419528961677631,0.0,0.0023371075058251077,0.0007638738995339915
2025-04-30 18:30:00,0.2070525,0.804,-0.5191468400261461,0.3699439406976841,0.07780065997385399,0.15,0.07780065997385399,0.0,0.0043595993046477086,0.0014420745556281837
2025-04-30 18:45:00,0.001995,0.828,-0.5818181818181816,0.35378232453606795,0.24418681818181842,0.15,0.24418681818181842,0.0,0.010773167297979806,0.0016161616161616155
2025-04-30 19:00:00,0.001995,0.832,-0.5818181818181816,0.3376207083744518,0.24818681818181842,0.15,0.24818681818181842,0.0,0.010923167297979807,0.0016161616161616155
2025-04-30 19:15:00,0.001995,0.804,-0.5818181818181827,0.32145909221283564,0.2201868181818174,0.15,0.2201868181818174,0.0,0.00987316729797977,0.0016161616161616185
2025-04-30 19:30:00,0.001995,0.64,-0.5818181818181816,0.30529747605121943,0.056186818181818476,0.15,0.056186818181818476,0.0,0.0037231672979798087,0.0016161616161616155
2025-04-30 19:45:00,0.0,0.784,-0.5818181818181816,0.2891358598896033,0.20218181818181846,0.15,0.20218181818181846,0.0,0.009197979797979807,0.0016161616161616155
2025-04-30 20:00:00,0.0,0.632,-0.5818181818181816,0.27297424372798706,0.05018181818181844,0.15,0.05018181818181844,0.0,0.003497979797979807,0.0016161616161616155
2025-04-30 20:15:00,0.0,0.64,-0.5818181818181828,0.2568126275663709,0.058181818181817224,0.15,0.058181818181817224,0.0,0.0037979797979797647,0.0016161616161616188
2025-04-30 20:30:00,0.0,0.636,-0.5818181818181813,0.24065101140475478,0.054181818181818664,0.15,0.054181818181818664,0.0,0.0036479797979798146,0.0016161616161616149
2025-04-30 20:45:00,0.0,0.744,-0.5818181818181816,0.22448939524313866,0.16218181818181843,0.15,0.16218181818181843,0.0,0.007697979797979806,0.0016161616161616155
2025-04-30 21:00:00,0.0,0.784,-0.5818181818181821,0.20832777908152247,0.2021818181818179,0.15,0.2021818181818179,0.0,0.009197979797979788,0.0016161616161616168
2025-04-30 21:15:00,0.0,0.74,-0.5818181818181819,0.19216616291990632,0.1581818181818181,0.15,0.1581818181818181,0.0,0.007547979797979794,0.0016161616161616164
2025-04-30 21:30:00,0.0,0.58,-0.4515457133209965,0.17962322643876752,0.12845428667900344,0.15,0.12845428667900344,0.0,0.006071329398576508,0.0012542936481138793
2025-04-30 21:45:00,0.0,0.628,-0.5818181818181816,0.16346161027715136,0.046181818181818435,0.15,0.046181818181818435,0.0,0.003347979797979807,0.0016161616161616155
2025-04-30 22:00:00,0.0,0.644,-0.5818181818181816,0.1472999941155352,0.06218181818181845,0.15,0.06218181818181845,0.0,0.003947979797979807,0.0016161616161616155
2025-04-30 22:15:00,0.0,0.548,-0.3239023408728622,0.13830270686906682,0.22409765912713786,0.15,0.22409765912713786,0.0,0.00930339094191451,0.0008997287246468394
2025-04-30 22:30:00,0.0,0.576,-0.43559029176498004,0.1262029765422618,0.14040970823501991,0.15,0.14040970823501991,0.0,0.006475337091493747,0.0012099730326805
2025-04-30 22:45:00,0.0,0.6,-0.5313228211010814,0.111444009289454,0.06867717889891856,0.15,0.06867717889891856,0.0,0.004051290933990228,0.0014758967252807818
2025-04-30 23:00:00,0.0,0.588,-0.2909090909090908,0.10336320120864592,0.2970909090909092,0.15,0.2970909090909092,0.0,0.011948989898989902,0.0008080808080808078
2025-04-30 23:15:00,0.0,0.592,-0.12107524351125298,0.1,0.470924756488747,0.15,0.470924756488747,0.0,0.017995998489192602,0.00033632012086459164
2025-04-30 23:30:00,0.0,0.524,0.0,0.1,0.524,0.15,0.524,0.0,0.01965,0.0
2025-04-30 23:45:00,0.0,0.588,0.0,0.1,0.588,0.15,0.588,0.0,0.022049999999999997,0.0
2025-05-01 00:00:00,0.0,0.596,0.0,0.1,0.596,0.15,0.596,0.0,0.02235,0.0
2025-05-01 00:15:00,0.0,0.576,0.0,0.1,0.576,0.15,0.576,0.0,0.021599999999999998,0.0
2025-05-01 00:30:00,0.0,0.568,0.0,0.1,0.568,0.15,0.568,0.0,0.021299999999999996,0.0
2025-05-01 00:45:00,0.0,0.588,0.0,0.1,0.588,0.15,0.588,0.0,0.022049999999999997,0.0
2025-05-01 01:00:00,0.0,0.484,0.0,0.1,0.484,0.15,0.484,0.0,0.01815,0.0
2025-05-01 01:15:00,0.0,0.388,0.0,0.1,0.388,0.15,0.388,0.0,0.01455,0.0
2025-05-01 01:30:00,0.0,0.392,0.0,0.1,0.392,0.15,0.392,0.0,0.0147,0.0
2025-05-01 01:45:00,0.0,0.516,0.0,0.1,0.516,0.15,0.516,0.0,0.01935,0.0
2025-05-01 02:00:00,0.0,0.504,0.0,0.1,0.504,0.15,0.504,0.0,0.0189,0.0
2025-05-01 02:15:00,0.0,0.384,0.0,0.1,0.384,0.15,0.384,0.0,0.0144,0.0
2025-05-01 02:30:00,0.0,1.552,0.0,0.1,1.552,0.15,1.552,0.0,0.0582,0.0
2025-05-01 02:45:00,0.0,1.056,0.0,0.1,1.056,0.15,1.056,0.0,0.0396,0.0
2025-05-01 03:00:00,0.0,1.268,0.0,0.1,1.268,0.15,1.268,0.0,0.04755,0.0
2025-05-01 03:15:00,0.0,0.852,0.0,0.1,0.852,0.15,0.852,0.0,0.03195,0.0
2025-05-01 03:30:00,0.0,0.308,0.0,0.1,0.308,0.15,0.308,0.0,0.01155,0.0
2025-05-01 03:45:00,0.0,0.296,0.0,0.1,0.296,0.15,0.296,0.0,0.011099999999999999,0.0
2025-05-01 04:00:00,0.0,0.288,0.0,0.1,0.288,0.15,0.288,0.0,0.010799999999999999,0.0
2025-05-01 04:15:00,0.0,0.284,0.0,0.1,0.284,0.15,0.284,0.0,0.010649999999999998,0.0
2025-05-01 04:30:00,0.0,0.284,0.0,0.1,0.284,0.15,0.284,0.0,0.010649999999999998,0.0
2025-05-01 04:45:00,0.0,0.284,0.0,0.1,0.284,0.15,0.284,0.0,0.010649999999999998,0.0
2025-05-01 05:00:00,0.0,0.284,0.0,0.1,0.284,0.15,0.284,0.0,0.010649999999999998,0.0
2025-05-01 05:15:00,0.0,0.288,0.0,0.1,0.288,0.15,0.288,0.0,0.010799999999999999,0.0
2025-05-01 05:30:00,0.0,0.312,0.0,0.1,0.312,0.15,0.312,0.0,0.0117,0.0
2025-05-01 05:45:00,0.06939749999999999,0.32,0.0,0.1,0.2506025,0.15,0.2506025,0.0,0.00939759375,0.0
2025-05-01 06:00:00,0.06939749999999999,0.312,0.0,0.1,0.2426025,0.15,0.2426025,0.0,0.009097593749999999,0.0
2025-05-01 06:15:00,0.06939749999999999,0.2,0.0,0.1,0.1306025,0.15,0.1306025,0.0,0.00489759375,0.0
2025-05-01 06:30:00,0.06939749999999999,0.192,0.0,0.1,0.12260250000000002,0.15,0.12260250000000002,0.0,0.00459759375,0.0
2025-05-01 06:45:00,0.883215,0.204,0.7182940516273847,0.11616161616161616,0.039079051627384676,0.15,0.039079051627384676,0.0,0.003081626052188541,0.0016161616161616155
2025-05-01 07:00:00,0.883215,0.2,0.7182940516273859,0.13232323232323234,0.035079051627386004,0.15,0.035079051627386004,0.0,0.0029316260521885934,0.0016161616161616183
2025-05-01 07:15:00,0.883215,0.192,0.7182940516273847,0.1484848484848485,0.027079051627384776,0.15,0.027079051627384776,0.0,0.0026316260521885445,0.0016161616161616155
2025-05-01 07:30:00,0.883215,0.168,0.7182940516273847,0.16464646464646465,0.0030790516273847546,0.15,0.0030790516273847546,0.0,0.0017316260521885438,0.0016161616161616155
2025-05-01 07:45:00,0.9962174999999999,0.204,0.7182940516273847,0.1808080808080808,-0.07392344837261522,0.15,0.0,0.07392344837261522,0.0016161616161616155,0.0016161616161616155
2025-05-01 08:00:00,0.9962174999999999,0.204,0.7182940516273847,0.19696969696969696,-0.07392344837261522,0.15,0.0,0.07392344837261522,0.0016161616161616155,0.0016161616161616155
2025-05-01 08:15:00,0.9962174999999999,0.204,0.7182940516273859,0.21313131313131314,-0.073923448372614,0.15,0.0,0.073923448372614,0.0016161616161616183,0.0016161616161616183
2025-05-01 08:30:00,0.9962174999999999,0.18,0.7182940516273847,0.22929292929292933,-0.09792344837261513,0.15,0.0,0.09792344837261513,0.0016161616161616155,0.0016161616161616155
2025-05-01 08:45:00,1.20384,0.196,0.7182940516273847,0.2454545454545455,-0.2895459483726154,0.15,0.0,0.2895459483726154,0.0016161616161616155,0.0016161616161616155
2025-05-01 09:00:00,1.20384,0.196,0.7182940516273858,0.2616161616161617,-0.28954594837261427,0.15,0.0,0.28954594837261427,0.001616161616161618,0.001616161616161618
2025-05-01 09:15:00,1.20384,0.192,0.7182940516273846,0.27777777777777785,-0.2935459483726155,0.15,0.0,0.2935459483726155,0.0016161616161616155,0.0016161616161616155
2025-05-01 09:30:00,1.20384,0.164,0.7182940516273846,0.29393939393939406,-0.3215459483726155,0.15,0.0,0.3215459483726155,0.0016161616161616155,0.0016161616161616155
2025-05-01 09:45:00,0.875805,0.332,0.35914702581369234,0.30202020202020213,-0.18465797418630753,0.15,0.0,0.18465797418630753,0.0008080808080808078,0.0008080808080808078
2025-05-01 10:00:00,0.875805,0.592,0.3591470258136923,0.3101010101010102,0.07534202581369231,0.15,0.07534202581369231,0.0,0.003633406776094269,0.0008080808080808078
2025-05-01 10:15:00,0.875805,0.504,0.35914702581369234,0.3181818181818183,-0.012657974186307597,0.15,0.0,0.012657974186307597,0.0008080808080808078,0.0008080808080808078
2025-05-01 10:30:00,0.875805,0.508,0.35914702581369234,0.32626262626262637,-0.008657974186307593,0.15,0.0,0.008657974186307593,0.0008080808080808078,0.0008080808080808078
2025-05-01 10:45:00,1.347195,0.5,0.7182940516273847,0.3424242424242426,-0.12890094837261523,0.15,0.0,0.12890094837261523,0.0016161616161616155,0.0016161616161616155
2025-05-01 11:00:00,1.347195,0.484,0.7182940516273846,0.35858585858585873,-0.14490094837261536,0.15,0.0,0.14490094837261536,0.0016161616161616155,0.0016161616161616155
2025-05-01 11:15:00,1.347195,0.448,0.7182940516273773,0.3747474747474747,-0.18090094837262272,0.15,0.0,0.18090094837262272,0.0016161616161615988,0.0016161616161615988
2025-05-01 11:30:00,1.347195,0.404,0.3591470258136948,0.38282828282828285,-0.5840479741863052,0.15,0.0,0.5840479741863052,0.0008080808080808133,0.0008080808080808133
2025-05-01 11:45:00,1.6807874999999999,0.436,0.35914702581368985,0.39090909090909093,-0.8856404741863101,0.15,0.0,0.8856404741863101,0.0008080808080808022,0.0008080808080808022
2025-05-01 12:00:00,1.6807874999999999,0.44,1.3226233493700497,0.420668116269917,0.08183584937004973,0.15,0.08183584937004973,0.0,0.006044746887459477,0.0029759025360826118
2025-05-01 12:15:00,1.6807874999999999,0.572,1.0774410774410794,0.44491054051234136,-0.03134642255892062,0.15,0.0,0.03134642255892062,0.002424242424242429,0.002424242424242429
2025-05-01 12:30:00,1.6807874999999999,0.548,1.0774410774410779,0.46915296475476553,-0.05534642255892197,0.15,0.0,0.05534642255892197,0.002424242424242425,0.002424242424242425
2025-05-01 12:45:00,0.8283524999999999,0.684,0.23297943883455852,0.47439500212854313,0.08862693883455863,0.15,0.08862693883455863,0.0,0.003847713943673705,0.0005242037373777567
2025-05-01 13:00:00,0.8283524999999999,1.268,0.0,0.47439500212854313,0.4396475000000001,0.15,0.4396475000000001,0.0,0.016486781250000002,0.0
2025-05-01 13:15:00,0.8283524999999999,2.456,0.0,0.47439500212854313,1.6276475000000001,0.15,1.6276475000000001,0.0,0.061036781250000005,0.0
2025-05-01 13:30:00,0.8283524999999999,0.32,0.5889140042187205,0.4876455672234643,0.08056150421872055,0.15,0.08056150421872055,0.0,0.004346112917694142,0.0013250565094921213
2025-05-01 13:45:00,0.550905,0.452,0.00917264217805449,0.48785195167247053,-0.08973235782194547,0.15,0.0,0.08973235782194547,2.0638444900622603e-05,2.0638444900622603e-05
2025-05-01 14:00:00,0.550905,0.608,0.0,0.48785195167247053,0.05709500000000001,0.15,0.05709500000000001,0.0,0.0021410625,0.0
2025-05-01 14:15:00,0.550905,0.456,0.0,0.48785195167247053,-0.09490499999999996,0.15,0.0,0.09490499999999996,0.0,0.0
2025-05-01 14:30:00,0.550905,0.392,0.3046434117339201,0.49470642843648377,0.14573841173392016,0.15,0.14573841173392016,0.0,0.006150638116423326,0.0006854476764013202
2025-05-01 14:45:00,0.9164174999999999,0.46,0.359147025813694,0.5027872365172918,-0.09727047418630586,0.15,0.0,0.09727047418630586,0.0008080808080808115,0.0008080808080808115
2025-05-01 15:00:00,0.9164174999999999,0.532,0.3591470258136906,0.5108680445981,-0.025270474186309233,0.15,0.0,0.025270474186309233,0.000808080808080804,0.000808080808080804
2025-05-01 15:15:00,0.9164174999999999,0.528,0.35914702581369395,0.5189488526789081,-0.029270474186305906,0.15,0.0,0.029270474186305906,0.0008080808080808115,0.0008080808080808115
2025-05-01 15:30:00,0.9164174999999999,0.596,0.3591470258136906,0.5270296607597161,0.03872952581369071,0.15,0.03872952581369071,0.0,0.002260438026094206,0.000808080808080804
2025-05-01 15:45:00,0.34142999999999996,0.48,0.0,0.5270296607597161,0.13857000000000003,0.15,0.13857000000000003,0.0,0.0051963750000000005,0.0
2025-05-01 16:00:00,0.34142999999999996,0.412,0.0,0.5270296607597161,0.07057000000000002,0.15,0.07057000000000002,0.0,0.0026463750000000007,0.0
2025-05-01 16:15:00,0.34142999999999996,0.468,0.0,0.5270296607597161,0.12657000000000007,0.15,0.12657000000000007,0.0,0.004746375000000002,0.0
2025-05-01 16:30:00,0.34142999999999996,0.464,0.0,0.5270296607597161,0.12257000000000007,0.15,0.12257000000000007,0.0,0.004596375000000002,0.0
2025-05-01 16:45:00,0.3130725,0.448,0.0,0.5270296607597161,0.13492750000000003,0.15,0.13492750000000003,0.0,0.005059781250000001,0.0
2025-05-01 17:00:00,0.3130725,0.456,0.0,0.5270296607597161,0.14292750000000004,0.15,0.14292750000000004,0.0,0.005359781250000002,0.0
2025-05-01 17:15:00,0.3130725,0.456,0.0,0.5270296607597161,0.14292750000000004,0.15,0.14292750000000004,0.0,0.005359781250000002,0.0
2025-05-01 17:30:00,0.3130725,0.432,0.0,0.5270296607597161,0.11892750000000002,0.15,0.11892750000000002,0.0,0.00445978125,0.0
2025-05-01 17:45:00,0.08521499999999999,0.368,0.0,0.5270296607597161,0.282785,0.15,0.282785,0.0,0.0106044375,0.0
2025-05-01 18:00:00,0.08521499999999999,0.444,-0.2909090909090894,0.5189488526789081,0.06787590909091062,0.15,0.06787590909091062,0.0,0.003353427398989952,0.0008080808080808039
2025-05-01 18:15:00,0.08521499999999999,0.436,-0.29090909090909217,0.5108680445981,0.05987590909090784,0.15,0.05987590909090784,0.0,0.0030534273989898555,0.0008080808080808117
2025-05-01 18:30:00,0.08521499999999999,0.388,-0.29090909090908945,0.5027872365172918,0.011875909090910575,0.15,0.011875909090910575,0.0,0.0012534273989899506,0.000808080808080804
2025-05-01 18:45:00,0.007267499999999999,0.336,-0.2909090909090921,0.49470642843648377,0.03782340909090792,0.15,0.03782340909090792,0.0,0.0022264586489898586,0.0008080808080808115
2025-05-01 19:00:00,0.007267499999999999,0.432,-0.2909090909090894,0.4866256203556757,0.13382340909091062,0.15,0.13382340909091062,0.0,0.005826458648989952,0.0008080808080808039
2025-05-01 19:15:00,0.007267499999999999,0.576,-0.5015807423567102,0.4726928219568782,0.06715175764328973,0.15,0.06715175764328973,0.0,0.003911470751503115,0.0013932798398797505
2025-05-01 19:30:00,0.007267499999999999,0.512,-0.2909090909090923,0.46461201387607004,0.21382340909090775,0.15,0.21382340909090775,0.0,0.008826458648989852,0.0008080808080808119
2025-05-01 19:45:00,0.0,0.512,-0.2909090909090893,0.456531205795262,0.22109090909091073,0.15,0.22109090909091073,0.0,0.009098989898989955,0.0008080808080808036
2025-05-01 20:00:00,0.0,0.456,-0.29090909090909234,0.4484503977144539,0.16509090909090768,0.15,0.16509090909090768,0.0,0.00699898989898985,0.0008080808080808121
2025-05-01 20:15:00,0.0,0.516,-0.29123842555604385,0.4403604414490082,0.22476157444395617,0.15,0.22476157444395617,0.0,0.009237554668192921,0.0008089956265445662
2025-05-01 20:30:00,0.0,0.572,-0.5146143273402841,0.42606559902288915,0.057385672659715836,0.15,0.057385672659715836,0.0,0.0035814469673512445,0.0014294842426119004
2025-05-01 20:45:00,0.0,0.56,-0.4667480626722308,0.4131003750597716,0.09325193732776926,0.15,0.09325193732776926,0.0,0.0047934700461031,0.0012965223963117523
2025-05-01 21:00:00,0.0,1.788,-1.1636363636363631,0.3807771427365393,0.6243636363636369,0.15,0.6243636363636369,0.0,0.026645959595959615,0.003232323232323231
2025-05-01 21:15:00,0.0,0.664,-0.5818181818181816,0.3646155265749232,0.08218181818181847,0.15,0.08218181818181847,0.0,0.004697979797979808,0.0016161616161616155
2025-05-01 21:30:00,0.0,0.9,-0.8727272727272735,0.3403731023324989,0.02727272727272656,0.15,0.02727272727272656,0.0,0.0034469696969696723,0.0024242424242424264
2025-05-01 21:45:00,0.0,0.772,-0.581818181818182,0.32421148617088275,0.190181818181818,0.15,0.190181818181818,0.0,0.008747979797979791,0.0016161616161616166
2025-05-01 22:00:00,0.0,0.6,-0.5818181818181816,0.3080498700092666,0.01818181818181841,0.15,0.01818181818181841,0.0,0.002297979797979806,0.0016161616161616155
2025-05-01 22:15:00,0.0,0.644,-0.5818181818181816,0.29188825384765044,0.06218181818181845,0.15,0.06218181818181845,0.0,0.003947979797979807,0.0016161616161616155
2025-05-01 22:30:00,0.0,0.568,-0.49865890578426425,0.2780366175758653,0.0693410942157357,0.15,0.0693410942157357,0.0,0.0039854546602686005,0.0013851636271785118
2025-05-01 22:45:00,0.0,0.532,-0.3550601117801129,0.26817383669308437,0.17693988821988715,0.15,0.17693988821988715,0.0,0.0076215238965238585,0.0009862780882780912
2025-05-01 23:00:00,0.0,0.844,-0.7268557204221565,0.24798340001469113,0.11714427957784346,0.15,0.11714427957784346,0.0,0.006411954152008453,0.0020190436678393237
2025-05-01 23:15:00,0.0,0.668,-0.5818181818181812,0.231821783853075,0.0861818181818188,0.15,0.0861818181818188,0.0,0.00484797979797982,0.0016161616161616146
2025-05-01 23:30:00,0.0,0.484,-0.2909090909090908,0.2237409757722669,0.1930909090909092,0.15,0.1930909090909092,0.0,0.008048989898989903,0.0008080808080808078
2025-05-01 23:45:00,0.0,0.472,-0.2909090909090908,0.21566016769145882,0.1810909090909092,0.15,0.1810909090909092,0.0,0.007598989898989903,0.0008080808080808078
2025-05-02 00:00:00,0.0,0.588,-0.4466832307947733,0.20325230016938178,0.14131676920522668,0.15,0.14131676920522668,0.0,0.006540165597403704,0.0012407867522077037
2025-05-02 00:15:00,0.0,0.656,-0.5818181818181816,0.18709068400776563,0.07418181818181846,0.15,0.07418181818181846,0.0,0.004397979797979808,0.0016161616161616155
2025-05-02 00:30:00,0.0,0.616,-0.5583711816868906,0.17158037340535198,0.0576288183131094,0.15,0.0576288183131094,0.0,0.003712111746982965,0.0015510310602413627
2025-05-02 00:45:00,0.0,1.808,-1.1223479880472162,0.14040404040404045,0.6856520119527838,0.15,0.6856520119527838,0.0,0.02882958374836055,0.0031176333001311563
2025-05-02 01:00:00,0.0,0.96,-0.8727272727272734,0.11616161616161617,0.08727272727272661,0.15,0.08727272727272661,0.0,0.005696969696969674,0.002424242424242426
2025-05-02 01:15:00,0.0,0.956,-0.12178162241531246,0.11277879331674638,0.8342183775846875,0.15,0.8342183775846875,0.0,0.03162147144391276,0.0003382822844869791
2025-05-02 01:30:00,0.0,0.572,-0.2610799221553929,0.10552657325687435,0.31092007784460707,0.15,0.31092007784460707,0.0,0.012384724925159967,0.0007252220059872025
2025-05-02 01:45:00,0.0,0.368,0.0,0.10552657325687435,0.368,0.15,0.368,0.0,0.0138,0.0
2025-05-02 02:00:00,0.0,0.192,0.0,0.10552657325687435,0.192,0.15,0.192,0.0,0.0072,0.0
2025-05-02 02:15:00,0.0,0.224,0.0,0.10552657325687435,0.224,0.15,0.224,0.0,0.0084,0.0
2025-05-02 02:30:00,0.0,1.296,-0.04841617901680675,0.10418167939529639,1.2475838209831933,0.15,1.2475838209831933,0.0,0.046918882673027545,0.00013448938615779653
2025-05-02 02:45:00,0.0,0.808,-0.15054045823066992,0.1,0.6574595417693301,0.15,0.6574595417693301,0.0,0.025072900755879517,0.00041816793952963865
2025-05-02 03:00:00,0.0,0.256,0.0,0.1,0.256,0.15,0.256,0.0,0.0096,0.0
2025-05-02 03:15:00,0.0,0.264,0.0,0.1,0.264,0.15,0.264,0.0,0.0099,0.0
2025-05-02 03:30:00,0.0,0.324,0.0,0.1,0.324,0.15,0.324,0.0,0.01215,0.0
2025-05-02 03:45:00,0.0,0.308,0.0,0.1,0.308,0.15,0.308,0.0,0.01155,0.0
2025-05-02 04:00:00,0.0,0.24,0.0,0.1,0.24,0.15,0.24,0.0,0.009,0.0
2025-05-02 04:15:00,0.0,0.196,0.0,0.1,0.196,0.15,0.196,0.0,0.00735,0.0
2025-05-02 04:30:00,0.0,0.208,0.0,0.1,0.208,0.15,0.208,0.0,0.0078,0.0
2025-05-02 04:45:00,0.0,0.2,0.0,0.1,0.2,0.15,0.2,0.0,0.0075,0.0
2025-05-02 05:00:00,0.0,0.184,0.0,0.1,0.184,0.15,0.184,0.0,0.0069,0.0
2025-05-02 05:15:00,0.0,0.188,0.0,0.1,0.188,0.15,0.188,0.0,0.00705,0.0
2025-05-02 05:30:00,0.0,0.204,0.0,0.1,0.204,0.15,0.204,0.0,0.007649999999999999,0.0
2025-05-02 05:45:00,0.05400749999999999,0.204,0.0,0.1,0.1499925,0.15,0.1499925,0.0,0.0056247187499999995,0.0
2025-05-02 06:00:00,0.05400749999999999,0.248,0.0,0.1,0.1939925,0.15,0.1939925,0.0,0.00727471875,0.0
2025-05-02 06:15:00,0.05400749999999999,0.208,0.0,0.1,0.1539925,0.15,0.1539925,0.0,0.00577471875,0.0
2025-05-02 06:30:00,0.05400749999999999,0.196,0.0,0.1,0.14199250000000002,0.15,0.14199250000000002,0.0,0.0053247187500000005,0.0
2025-05-02 06:45:00,0.2822925,0.184,0.35159392100385933,0.10791086322258683,0.25330142100385933,0.15,0.25330142100385933,0.0,0.010289889609903407,0.0007910863222586835
2025-05-02 07:00:00,0.2822925,0.168,0.3591470258136923,0.11599167130339491,0.2448545258136923,0.15,0.2448545258136923,0.0,0.00999012552609427,0.0008080808080808078
2025-05-02 07:15:00,0.2822925,0.356,0.0,0.11599167130339491,0.07370749999999998,0.15,0.07370749999999998,0.0,0.002764031249999999,0.0
2025-05-02 07:30:00,0.2822925,1.048,-0.5757001669222166,0.1,0.1900073330777834,0.15,0.1900073330777834,0.0,0.008724442120756367,0.0015991671303394906
2025-05-02 07:45:00,1.343205,0.72,0.7182940516273847,0.11616161616161616,0.09508905162738468,0.15,0.09508905162738468,0.0,0.005182001052188541,0.0016161616161616155
2025-05-02 08:00:00,1.343205,0.62,0.7182940516273859,0.13232323232323234,-0.004910948372614077,0.15,0.0,0.004910948372614077,0.0016161616161616183,0.0016161616161616183
2025-05-02 08:15:00,1.343205,0.748,0.7182940516273847,0.1484848484848485,0.1230890516273847,0.15,0.1230890516273847,0.0,0.006232001052188542,0.0016161616161616155
2025-05-02 08:30:00,1.343205,0.832,0.7182940516273847,0.16464646464646465,0.20708905162738467,0.15,0.20708905162738467,0.0,0.009382001052188541,0.0016161616161616155
2025-05-02 08:45:00,1.7249625,0.84,0.7182940516273847,0.1808080808080808,-0.1666684483726153,0.15,0.0,0.1666684483726153,0.0016161616161616155,0.0016161616161616155
2025-05-02 09:00:00,1.7249625,0.804,0.7182940516273847,0.19696969696969696,-0.20266844837261522,0.15,0.0,0.20266844837261522,0.0016161616161616155,0.0016161616161616155
2025-05-02 09:15:00,1.7249625,0.892,0.7182940516273859,0.21313131313131314,-0.11466844837261403,0.15,0.0,0.11466844837261403,0.0016161616161616183,0.0016161616161616183
2025-05-02 09:30:00,1.7249625,0.872,0.35914702581369234,0.22121212121212125,-0.4938154741863076,0.15,0.0,0.4938154741863076,0.0008080808080808078,0.0008080808080808078
2025-05-02 09:45:00,1.8205799999999999,0.78,0.35914702581369234,0.22929292929292933,-0.6814329741863074,0.15,0.0,0.6814329741863074,0.0008080808080808078,0.0008080808080808078
2025-05-02 10:00:00,1.8205799999999999,0.608,0.35914702581369234,0.2373737373737374,-0.8534329741863076,0.15,0.0,0.8534329741863076,0.0008080808080808078,0.0008080808080808078
2025-05-02 10:15:00,1.8205799999999999,0.684,0.35914702581369234,0.2454545454545455,-0.7774329741863075,0.15,0.0,0.7774329741863075,0.0008080808080808078,0.0008080808080808078
2025-05-02 10:30:00,1.8205799999999999,0.7,0.359147025813691,0.25353535353535356,-0.7614329741863088,0.15,0.0,0.7614329741863088,0.0008080808080808048,0.0008080808080808048
2025-05-02 10:45:00,1.5471224999999997,0.688,0.35914702581369473,0.2616161616161617,-0.49997547418630506,0.15,0.0,0.49997547418630506,0.0008080808080808132,0.0008080808080808132
2025-05-02 11:00:00,1.5471224999999997,0.496,0.3591470258136923,0.26969696969696977,-0.6919754741863074,0.15,0.0,0.6919754741863074,0.0008080808080808078,0.0008080808080808078
2025-05-02 11:15:00,1.5471224999999997,0.172,0.3591470258136923,0.27777777777777785,-1.0159754741863076,0.15,0.0,1.0159754741863076,0.0008080808080808078,0.0008080808080808078
2025-05-02 11:30:00,1.5471224999999997,0.204,0.3591470258136923,0.2858585858585859,-0.9839754741863075,0.15,0.0,0.9839754741863075,0.0008080808080808078,0.0008080808080808078
2025-05-02 11:45:00,1.7831024999999998,0.196,0.3591470258136923,0.29393939393939406,-1.2279554741863077,0.15,0.0,1.2279554741863077,0.0008080808080808078,0.0008080808080808078
2025-05-02 12:00:00,1.7831024999999998,0.308,1.4365881032547694,0.32626262626262637,-0.038514396745230384,0.15,0.0,0.038514396745230384,0.003232323232323231,0.003232323232323231
2025-05-02 12:15:00,1.7831024999999998,0.2,1.4365881032547694,0.3585858585858587,-0.14651439674523048,0.15,0.0,0.14651439674523048,0.003232323232323231,0.003232323232323231
2025-05-02 12:30:00,1.7831024999999998,0.384,1.4365881032547694,0.390909090909091,0.037485603254769684,0.15,0.037485603254769684,0.0,0.004638033354377094,0.003232323232323231
2025-05-02 12:45:00,1.6187999999999998,0.408,1.4365881032547692,0.4232323232323233,0.22578810325476928,0.15,0.22578810325476928,0.0,0.011699377104377079,0.003232323232323231
2025-05-02 13:00:00,1.6187999999999998,0.308,1.436588103254774,0.4555555555555557,0.1257881032547743,0.15,0.1257881032547743,0.0,0.007949377104377278,0.0032323232323232414
2025-05-02 13:15:00,1.6187999999999998,0.172,1.4365881032547694,0.4878787878787881,-0.010211896745230487,0.15,0.0,0.010211896745230487,0.003232323232323231,0.003232323232323231
2025-05-02 13:30:00,1.6187999999999998,0.58,1.0774410774410745,0.5121212121212123,0.03864107744107481,0.15,0.03864107744107481,0.0,0.0038732828282827233,0.0024242424242424177
2025-05-02 13:45:00,0.334875,0.448,0.0,0.5121212121212123,0.11312500000000003,0.15,0.11312500000000003,0.0,0.004242187500000001,0.0
2025-05-02 14:00:00,0.334875,0.448,0.0,0.5121212121212123,0.11312500000000003,0.15,0.11312500000000003,0.0,0.004242187500000001,0.0
2025-05-02 14:15:00,0.334875,0.476,0.0,0.5121212121212123,0.141125,0.15,0.141125,0.0,0.0052921875,0.0
2025-05-02 14:30:00,0.334875,0.696,-0.2909090909090888,0.5040404040404043,0.07021590909091119,0.15,0.07021590909091119,0.0,0.0034411773989899714,0.0008080808080808022
2025-05-02 14:45:00,0.0323475,0.468,-0.2909090909090928,0.4959595959595961,0.14474340909090722,0.15,0.14474340909090722,0.0,0.006235958648989834,0.0008080808080808133
2025-05-02 15:00:00,0.0323475,0.664,-0.2909090909090888,0.4878787878787881,0.3407434090909113,0.15,0.3407434090909113,0.0,0.013585958648989975,0.0008080808080808022
2025-05-02 15:15:00,0.0323475,0.584,-0.2909090909090928,0.47979797979797995,0.2607434090909072,0.15,0.2607434090909072,0.0,0.010585958648989834,0.0008080808080808133
2025-05-02 15:30:00,0.0323475,0.404,-0.2909090909090888,0.47171717171717187,0.08074340909091127,0.15,0.08074340909091127,0.0,0.003835958648989975,0.0008080808080808022
2025-05-02 15:45:00,0.048165,0.556,-0.2909090909090928,0.46363636363636374,0.21692590909090725,0.15,0.21692590909090725,0.0,0.008942802398989836,0.0008080808080808133
2025-05-02 16:00:00,0.048165,0.752,-0.2909090909090888,0.4555555555555557,0.4129259090909112,0.15,0.4129259090909112,0.0,0.01629280239898997,0.0008080808080808022
2025-05-02 16:15:00,0.048165,0.636,-0.2909090909090928,0.4474747474747476,0.2969259090909072,0.15,0.2969259090909072,0.0,0.011942802398989833,0.0008080808080808133
2025-05-02 16:30:00,0.048165,0.708,-0.2909090909090888,0.43939393939393956,0.36892590909091116,0.15,0.36892590909091116,0.0,0.014642802398989971,0.0008080808080808022
2025-05-02 16:45:00,0.0930525,0.568,-0.2909090909090928,0.4313131313131314,0.18403840909090718,0.15,0.18403840909090718,0.0,0.007709521148989832,0.0008080808080808133
2025-05-02 17:00:00,0.0930525,1.536,-0.2909090909090928,0.4232323232323233,1.1520384090909073,0.15,1.1520384090909073,0.0,0.04400952114898984,0.0008080808080808133
2025-05-02 17:15:00,0.0930525,1.452,-0.2909090909090888,0.4151515151515152,1.0680384090909112,0.15,1.0680384090909112,0.0,0.04085952114898997,0.0008080808080808022
2025-05-02 17:30:00,0.0930525,1.608,-0.2909090909090928,0.4070707070707071,1.2240384090909073,0.15,1.2240384090909073,0.0,0.04670952114898984,0.0008080808080808133
2025-05-02 17:45:00,0.038475,1.148,-0.2909090909090888,0.39898989898989906,0.8186159090909111,0.15,0.8186159090909111,0.0,0.03150617739898996,0.0008080808080808022
2025-05-02 18:00:00,0.038475,1.212,-1.0967467776546296,0.3685247107217149,0.07677822234537035,0.15,0.07677822234537035,0.0,0.005925702164769803,0.0030465188268184156
2025-05-02 18:15:00,0.038475,0.496,-0.2909090909090919,0.3604439026409068,0.16661590909090812,0.15,0.16661590909090812,0.0,0.007056177398989865,0.0008080808080808108
2025-05-02 18:30:00,0.038475,0.232,0.0,0.3604439026409068,0.193525,0.15,0.193525,0.0,0.0072571875,0.0
2025-05-02 18:45:00,0.0089775,0.2,0.0,0.3604439026409068,0.1910225,0.15,0.1910225,0.0,0.0071633437500000004,0.0
2025-05-02 19:00:00,0.0089775,0.176,0.0,0.3604439026409068,0.1670225,0.15,0.1670225,0.0,0.00626334375,0.0
2025-05-02 19:15:00,0.0089775,0.196,0.0,0.3604439026409068,0.1870225,0.15,0.1870225,0.0,0.0070133437500000005,0.0
2025-05-02 19:30:00,0.0089775,0.272,-0.08306579200963737,0.35813651952952796,0.17995670799036267,0.15,0.17995670799036267,0.0,0.006979114860776481,0.0002307383111378816
2025-05-02 19:45:00,0.0,0.592,-0.5225821930184982,0.3436203475012364,0.0694178069815018,0.15,0.0694178069815018,0.0,0.004054784964635479,0.0014516172028291616
2025-05-02 20:00:00,0.0,0.616,-0.5818181818181816,0.32745873133962017,0.034181818181818424,0.15,0.034181818181818424,0.0,0.0028979797979798065,0.0016161616161616155
2025-05-02 20:15:00,0.0,0.764,-0.5818181818181819,0.311297115178004,0.1821818181818181,0.15,0.1821818181818181,0.0,0.008447979797979796,0.0016161616161616164
2025-05-02 20:30:00,0.0,0.94,-0.8727272727272724,0.2870546909355798,0.0672727272727276,0.15,0.0672727272727276,0.0,0.004946969696969708,0.0024242424242424234
2025-05-02 20:45:00,0.0,1.2,-1.163636363636365,0.2547314586123474,0.036363636363635043,0.15,0.036363636363635043,0.0,0.00459595959595955,0.003232323232323236
2025-05-02 21:00:00,0.0,0.92,-0.8727272727272717,0.2304890343699232,0.047272727272728354,0.15,0.047272727272728354,0.0,0.004196969696969735,0.002424242424242421
2025-05-02 21:15:00,0.0,0.608,-0.5818181818181816,0.21432741820830703,0.026181818181818417,0.15,0.026181818181818417,0.0,0.002597979797979806,0.0016161616161616155
2025-05-02 21:30:00,0.0,0.768,-0.5818181818181826,0.19816580204669085,0.18618181818181745,0.15,0.18618181818181745,0.0,0.008597979797979773,0.0016161616161616183
2025-05-02 21:45:00,0.0,0.632,-0.5818181818181816,0.1820041858850747,0.05018181818181844,0.15,0.05018181818181844,0.0,0.003497979797979807,0.0016161616161616155
2025-05-02 22:00:00,0.0,0.684,-0.5818181818181816,0.16584256972345854,0.10218181818181848,0.15,0.10218181818181848,0.0,0.0054479797979798085,0.0016161616161616155
2025-05-02 22:15:00,0.0,0.632,-0.5818181818181816,0.14968095356184238,0.05018181818181844,0.15,0.05018181818181844,0.0,0.003497979797979807,0.0016161616161616155
2025-05-02 22:30:00,0.0,0.648,-0.5818181818181816,0.13351933740022623,0.06618181818181845,0.15,0.06618181818181845,0.0,0.004097979797979807,0.0016161616161616155
2025-05-02 22:45:00,0.0,0.64,-0.5818181818181826,0.11735772123861006,0.058181818181817446,0.15,0.058181818181817446,0.0,0.0037979797979797725,0.0016161616161616183
2025-05-02 23:00:00,0.0,0.656,-0.33396887368087114,0.10808080808080808,0.3220311263191289,0.15,0.3220311263191289,0.0,0.013003858552747532,0.0009276913157801976
2025-05-02 23:15:00,0.0,0.68,0.0,0.10808080808080808,0.68,0.15,0.68,0.0,0.025500000000000002,0.0
2025-05-02 23:30:00,0.0,0.704,0.0,0.10808080808080808,0.704,0.15,0.704,0.0,0.026399999999999996,0.0
2025-05-02 23:45:00,0.0,0.696,0.0,0.10808080808080808,0.696,0.15,0.696,0.0,0.026099999999999998,0.0
2025-05-03 00:00:00,0.0,0.648,-0.15206263698489456,0.1038568459423388,0.4959373630151055,0.15,0.4959373630151055,0.0,0.019020047326913384,0.00042239621384692927
2025-05-03 00:15:00,0.0,0.668,-0.11065355963512162,0.1007831359524743,0.5573464403648785,0.15,0.5573464403648785,0.0,0.02120786251266939,0.00030737099898644896
2025-05-03 00:30:00,0.0,1.82,0.0,0.1007831359524743,1.82,0.15,1.82,0.0,0.06825,0.0
2025-05-03 00:45:00,0.0,0.864,-0.014535116147420786,0.10037938272615705,0.8494648838525792,0.15,0.8494648838525792,0.0,0.03189530846710344,4.03753226317244e-05
2025-05-03 01:00:00,0.0,0.728,-0.013657778141653752,0.1,0.7143422218583463,0.15,0.7143422218583463,0.0,0.02682577159230369,3.793827261570487e-05
2025-05-03 01:15:00,0.0,0.66,0.0,0.1,0.66,0.15,0.66,0.0,0.02475,0.0
2025-05-03 01:30:00,0.0,0.516,0.0,0.1,0.516,0.15,0.516,0.0,0.01935,0.0
2025-05-03 01:45:00,0.0,0.452,0.0,0.1,0.452,0.15,0.452,0.0,0.01695,0.0
2025-05-03 02:00:00,0.0,0.952,0.0,0.1,0.952,0.15,0.952,0.0,0.035699999999999996,0.0
2025-05-03 02:15:00,0.0,1.336,0.0,0.1,1.336,0.15,1.336,0.0,0.0501,0.0
2025-05-03 02:30:00,0.0,0.352,0.0,0.1,0.352,0.15,0.352,0.0,0.013199999999999998,0.0
2025-05-03 02:45:00,0.0,0.36,0.0,0.1,0.36,0.15,0.36,0.0,0.0135,0.0
2025-05-03 03:00:00,0.0,0.352,0.0,0.1,0.352,0.15,0.352,0.0,0.013199999999999998,0.0
2025-05-03 03:15:00,0.0,0.248,0.0,0.1,0.248,0.15,0.248,0.0,0.0093,0.0
2025-05-03 03:30:00,0.0,0.18,0.0,0.1,0.18,0.15,0.18,0.0,0.00675,0.0
2025-05-03 03:45:00,0.0,0.168,0.0,0.1,0.168,0.15,0.168,0.0,0.0063,0.0
2025-05-03 04:00:00,0.0,0.168,0.0,0.1,0.168,0.15,0.168,0.0,0.0063,0.0
2025-05-03 04:15:00,0.0,0.216,0.0,0.1,0.216,0.15,0.216,0.0,0.0081,0.0
2025-05-03 04:30:00,0.0,0.3,0.0,0.1,0.3,0.15,0.3,0.0,0.01125,0.0
2025-05-03 04:45:00,0.0,0.352,0.0,0.1,0.352,0.15,0.352,0.0,0.013199999999999998,0.0
2025-05-03 05:00:00,0.0,0.348,0.0,0.1,0.348,0.15,0.348,0.0,0.013049999999999999,0.0
2025-05-03 05:15:00,0.0,0.344,0.0,0.1,0.344,0.15,0.344,0.0,0.012899999999999998,0.0
2025-05-03 05:30:00,0.0,0.244,0.0,0.1,0.244,0.15,0.244,0.0,0.00915,0.0
2025-05-03 05:45:00,0.0921975,0.26,0.0,0.1,0.16780250000000002,0.15,0.16780250000000002,0.0,0.0062925937500000004,0.0
2025-05-03 06:00:00,0.0921975,0.296,0.0,0.1,0.2038025,0.15,0.2038025,0.0,0.007642593749999999,0.0
2025-05-03 06:15:00,0.0921975,0.308,0.0,0.1,0.2158025,0.15,0.2158025,0.0,0.00809259375,0.0
2025-05-03 06:30:00,0.0921975,0.388,0.0,0.1,0.2958025,0.15,0.2958025,0.0,0.011092593750000001,0.0
2025-05-03 06:45:00,0.626145,0.356,0.35914702581369234,0.10808080808080808,0.08900202581369238,0.15,0.08900202581369238,0.0,0.0041456567760942715,0.0008080808080808078
2025-05-03 07:00:00,0.626145,0.272,0.35914702581369234,0.11616161616161617,0.005002025813692412,0.15,0.005002025813692412,0.0,0.0009956567760942732,0.0008080808080808078
2025-05-03 07:15:00,0.626145,0.26,0.35914702581369295,0.12424242424242427,-0.006997974186306988,0.15,0.0,0.006997974186306988,0.0008080808080808092,0.0008080808080808092
2025-05-03 07:30:00,0.626145,0.224,0.35914702581369295,0.13232323232323234,-0.04299797418630702,0.15,0.0,0.04299797418630702,0.0008080808080808092,0.0008080808080808092
2025-05-03 07:45:00,1.4704575,0.208,0.35914702581369234,0.14040404040404045,-0.9033104741863076,0.15,0.0,0.9033104741863076,0.0008080808080808078,0.0008080808080808078
2025-05-03 08:00:00,1.4704575,0.22,0.35914702581369234,0.14848484848484853,-0.8913104741863076,0.15,0.0,0.8913104741863076,0.0008080808080808078,0.0008080808080808078
2025-05-03 08:15:00,1.4704575,0.208,0.35914702581369234,0.15656565656565663,-0.9033104741863076,0.15,0.0,0.9033104741863076,0.0008080808080808078,0.0008080808080808078
2025-05-03 08:30:00,1.4704575,0.192,0.3591470258136923,0.1646464646464647,-0.9193104741863077,0.15,0.0,0.9193104741863077,0.0008080808080808078,0.0008080808080808078
2025-05-03 08:45:00,1.8145949999999997,0.168,0.3591470258136923,0.17272727272727278,-1.2874479741863074,0.15,0.0,1.2874479741863074,0.0008080808080808078,0.0008080808080808078
2025-05-03 09:00:00,1.8145949999999997,0.2,0.3591470258136923,0.1808080808080809,-1.2554479741863074,0.15,0.0,1.2554479741863074,0.0008080808080808078,0.0008080808080808078
2025-05-03 09:15:00,1.8145949999999997,0.216,0.35914702581369234,0.18888888888888897,-1.2394479741863074,0.15,0.0,1.2394479741863074,0.0008080808080808078,0.0008080808080808078
2025-05-03 09:30:00,1.8145949999999997,0.468,0.35914702581369234,0.19696969696969707,-0.9874479741863074,0.15,0.0,0.9874479741863074,0.0008080808080808078,0.0008080808080808078
2025-05-03 09:45:00,1.852785,0.88,0.35914702581369234,0.20505050505050515,-0.6136379741863076,0.15,0.0,0.6136379741863076,0.0008080808080808078,0.0008080808080808078
2025-05-03 10:00:00,1.852785,0.492,0.35914702581369357,0.21313131313131323,-1.0016379741863064,0.15,0.0,1.0016379741863064,0.0008080808080808106,0.0008080808080808106
2025-05-03 10:15:00,1.852785,0.5,0.35914702581369234,0.22121212121212133,-0.9936379741863075,0.15,0.0,0.9936379741863075,0.0008080808080808078,0.0008080808080808078
2025-05-03 10:30:00,1.852785,0.484,0.35914702581369234,0.2292929292929294,-1.0096379741863075,0.15,0.0,1.0096379741863075,0.0008080808080808078,0.0008080808080808078
2025-05-03 10:45:00,1.8643275,0.412,0.35914702581369234,0.23737373737373751,-1.0931804741863076,0.15,0.0,1.0931804741863076,0.0008080808080808078,0.0008080808080808078
2025-05-03 11:00:00,1.8643275,0.44,0.35914702581369234,0.2454545454545456,-1.0651804741863076,0.15,0.0,1.0651804741863076,0.0008080808080808078,0.0008080808080808078
2025-05-03 11:15:00,1.8643275,0.412,0.35914702581369107,0.2535353535353536,-1.093180474186309,0.15,0.0,1.093180474186309,0.0008080808080808049,0.0008080808080808049
2025-05-03 11:30:00,1.8643275,0.284,0.3591470258136948,0.26161616161616175,-1.221180474186305,0.15,0.0,1.221180474186305,0.0008080808080808133,0.0008080808080808133
2025-05-03 11:45:00,1.8517874999999997,0.232,0.35914702581369234,0.2696969696969699,-1.2606404741863073,0.15,0.0,1.2606404741863073,0.0008080808080808078,0.0008080808080808078
2025-05-03 12:00:00,1.8517874999999997,0.24,1.7957351290684613,0.31010101010101027,0.18394762906846163,0.15,0.18394762906846163,0.0,0.01093844013047135,0.004040404040404038
2025-05-03 12:15:00,1.8517874999999997,0.188,1.7957351290684636,0.3505050505050507,0.1319476290684638,0.15,0.1319476290684638,0.0,0.008988440130471436,0.004040404040404043
2025-05-03 12:30:00,1.8517874999999997,0.22,1.7957351290684591,0.390909090909091,0.1639476290684594,0.15,0.1639476290684594,0.0,0.01018844013047126,0.0040404040404040335
2025-05-03 12:45:00,1.8546375,0.352,1.7773136244518022,0.43089864745925655,0.2746761244518021,0.15,0.2746761244518021,0.0,0.014299310321959134,0.003998955655016555
2025-05-03 13:00:00,1.8546375,0.54,1.4365881032547696,0.46322187978248885,0.1219506032547697,0.15,0.1219506032547697,0.0,0.007805470854377095,0.0032323232323232315
2025-05-03 13:15:00,1.8546375,0.508,1.4365881032547694,0.4955451121057212,0.08995060325476945,0.15,0.08995060325476945,0.0,0.006605470854377085,0.003232323232323231
2025-05-03 13:30:00,1.8546375,0.472,1.4365881032547694,0.5278683444289536,0.053950603254769414,0.15,0.053950603254769414,0.0,0.005255470854377084,0.003232323232323231
2025-05-03 13:45:00,1.6347599999999998,0.568,1.0774410774410792,0.5521107686713779,0.010681077441079267,0.15,0.010681077441079267,0.0,0.0028247828282829007,0.002424242424242428
2025-05-03 14:00:00,1.6347599999999998,0.612,1.0774410774410796,0.5763531929138022,0.05468107744107975,0.15,0.05468107744107975,0.0,0.00447478282828292,0.0024242424242424294
2025-05-03 14:15:00,1.6347599999999998,0.768,1.0774410774410748,0.6005956171562264,0.210681077441075,0.15,0.210681077441075,0.0,0.010324782828282732,0.002424242424242418
2025-05-03 14:30:00,1.6347599999999998,1.24,0.3591470258136899,0.6086764252370345,-0.035612974186309876,0.15,0.0,0.035612974186309876,0.0008080808080808023,0.0008080808080808023
2025-05-03 14:45:00,1.3325175,1.508,0.3591470258136945,0.6167572333178426,0.5346295258136945,0.15,0.5346295258136945,0.0,0.020856688026094358,0.0008080808080808127
2025-05-03 15:00:00,1.3325175,0.608,0.718294051627385,0.6329188494794588,-0.006223448372615015,0.15,0.0,0.006223448372615015,0.0016161616161616164,0.0016161616161616164
2025-05-03 15:15:00,1.3325175,1.368,0.3591470258136945,0.6409996575602669,0.3946295258136946,0.15,0.3946295258136946,0.0,0.01560668802609436,0.0008080808080808127
2025-05-03 15:30:00,1.3325175,1.412,0.35914702581369007,0.6490804656410749,0.43862952581368997,0.15,0.43862952581368997,0.0,0.017256688026094175,0.0008080808080808028
2025-05-03 15:45:00,1.620795,0.992,0.7182940516273847,0.6652420818026912,0.0894990516273847,0.15,0.0894990516273847,0.0,0.004972376052188541,0.0016161616161616155
2025-05-03 16:00:00,1.620795,1.332,0.3591470258136945,0.6733228898834993,0.0703520258136946,0.15,0.0703520258136946,0.0,0.00344628177609436,0.0008080808080808127
2025-05-03 16:15:00,1.620795,0.944,0.7182940516273847,0.6894845060451155,0.04149905162738465,0.15,0.04149905162738465,0.0,0.00317237605218854,0.0016161616161616155
2025-05-03 16:30:00,1.620795,0.512,1.0774410774410748,0.7137269302875396,-0.03135392255892522,0.15,0.0,0.03135392255892522,0.002424242424242418,0.002424242424242418
2025-05-03 16:45:00,1.246305,0.484,0.7182940516273846,0.7298885464491558,-0.04401094837261543,0.15,0.0,0.04401094837261543,0.0016161616161616155,0.0016161616161616155
2025-05-03 17:00:00,1.246305,0.512,0.7182940516273846,0.7460501626107721,-0.016010948372615408,0.15,0.0,0.016010948372615408,0.0016161616161616155,0.0016161616161616155
2025-05-03 17:15:00,1.246305,0.528,0.7182940516273894,0.7622117787723883,-1.094837261061965e-05,0.15,0.0,1.094837261061965e-05,0.0016161616161616261,0.0016161616161616261
2025-05-03 17:30:00,1.246305,1.0,0.259399450145679,0.768048266400666,0.013094450145679004,0.15,0.013094450145679004,0.0,0.0010746906432907404,0.0005836487628277778
2025-05-03 17:45:00,0.5923725,1.028,0.0,0.768048266400666,0.43562750000000006,0.15,0.43562750000000006,0.0,0.01633603125,0.0
2025-05-03 18:00:00,0.5923725,0.42,0.0,0.768048266400666,-0.17237249999999998,0.15,0.0,0.17237249999999998,0.0,0.0
2025-05-03 18:15:00,0.5923725,0.332,0.0,0.768048266400666,-0.26037249999999995,0.15,0.0,0.26037249999999995,0.0,0.0
2025-05-03 18:30:00,0.5923725,0.412,0.0,0.768048266400666,-0.1803725,0.15,0.0,0.1803725,0.0,0.0
2025-05-03 18:45:00,0.057569999999999996,0.416,-0.2909090909090901,0.759967458319858,0.06752090909090985,0.15,0.06752090909090985,0.0,0.0033401148989899254,0.0008080808080808059
2025-05-03 19:00:00,0.057569999999999996,0.44,-0.2909090909090928,0.7518866502390499,0.09152090909090721,0.15,0.09152090909090721,0.0,0.004240114898989834,0.0008080808080808133
2025-05-03 19:15:00,0.057569999999999996,0.436,-0.29090909090909145,0.7438058421582417,0.08752090909090854,0.15,0.08752090909090854,0.0,0.00409011489898988,0.0008080808080808096
2025-05-03 19:30:00,0.057569999999999996,0.544,-0.2909090909090901,0.7357250340774337,0.1955209090909099,0.15,0.1955209090909099,0.0,0.008140114898989928,0.0008080808080808059
2025-05-03 19:45:00,0.0,1.34,-1.1636363636363631,0.7034018017542014,0.17636363636363694,0.15,0.17636363636363694,0.0,0.009845959595959616,0.003232323232323231
2025-05-03 20:00:00,0.0,0.984,-0.872727272727273,0.6791593775117771,0.11127272727272697,0.15,0.11127272727272697,0.0,0.006596969696969686,0.002424242424242425
2025-05-03 20:15:00,0.0,0.88,-0.8727272727272717,0.654916953269353,0.007272727272728319,0.15,0.007272727272728319,0.0,0.0026969696969697332,0.002424242424242421
2025-05-03 20:30:00,0.0,2.992,-1.7454545454545474,0.6064321047845044,1.2465454545454526,0.15,1.2465454545454526,0.0,0.051593939393939324,0.004848484848484854
2025-05-03 20:45:00,0.0,2.484,-1.745454545454542,0.557947256299656,0.738545454545458,0.15,0.738545454545458,0.0,0.032543939393939514,0.004848484848484839
2025-05-03 21:00:00,0.0,0.436,-0.2909090909090928,0.5498664482188479,0.14509090909090722,0.15,0.14509090909090722,0.0,0.006248989898989834,0.0008080808080808133
2025-05-03 21:15:00,0.0,1.204,-1.1636363636363631,0.5175432158956156,0.04036363636363682,0.15,0.04036363636363682,0.0,0.004745959595959612,0.003232323232323231
2025-05-03 21:30:00,0.0,0.428,-0.29090909090909145,0.5094624078148074,0.13709090909090854,0.15,0.13709090909090854,0.0,0.00594898989898988,0.0008080808080808096
2025-05-03 21:45:00,0.0,0.364,-0.29090909090909006,0.5013815997339994,0.07309090909090993,0.15,0.07309090909090993,0.0,0.0035489898989899283,0.0008080808080808057
2025-05-03 22:00:00,0.0,0.404,-0.29090909090909145,0.49330079165319124,0.11309090909090858,0.15,0.11309090909090858,0.0,0.005048989898989881,0.0008080808080808096
2025-05-03 22:15:00,0.0,0.476,-0.2909090909090901,0.4852199835723832,0.18509090909090986,0.15,0.18509090909090986,0.0,0.0077489898989899254,0.0008080808080808059
2025-05-03 22:30:00,0.0,2.092,-1.358828499514887,0.44747474747474747,0.7331715004851131,0.15,0.7331715004851131,0.0,0.03126845487795532,0.003774523609763575
2025-05-03 22:45:00,0.0,0.576,-0.5421662025916981,0.43241457518053367,0.033833797408301836,0.15,0.033833797408301836,0.0,0.0027747846322327026,0.0015060172294213837
2025-05-03 23:00:00,0.0,0.596,-0.5818181818181821,0.4162529590189175,0.014181818181817851,0.15,0.014181818181817851,0.0,0.0021479797979797864,0.0016161616161616168
2025-05-03 23:15:00,0.0,0.544,-0.28495512644671256,0.40833753883984214,0.2590448735532875,0.15,0.2590448735532875,0.0,0.010505724776155814,0.0007915420179075348
2025-05-03 23:30:00,0.0,0.764,-0.4448149308676034,0.3959815685379643,0.31918506913239664,0.15,0.31918506913239664,0.0,0.013205037122652662,0.0012355970301877871
2025-05-03 23:45:00,0.0,0.704,-0.20364232823598633,0.39032483719807576,0.5003576717640137,0.15,0.5003576717640137,0.0,0.019329085825139362,0.0005656731339888509
