datetime,house_consumption_kwh,house_consumption_kw,battery_action,battery_power_kw,battery_charge_kwh,battery_discharge_kwh,battery_charge_kw,battery_discharge_kw,action_success,battery_soc,battery_soc_kwh,battery_soc_pct,battery_available_charge_kwh,battery_available_discharge_kwh,grid_to_house_kwh,total_grid_import_kwh,grid_export_kwh,net_grid_power_kw,consumption_kwh,consumption_kw,grid_consumption_kwh,grid_consumption_kw,battery_efficiency_charge,battery_efficiency_discharge,cumulative_cycles,degradation_cost_eur,energy_vat_without_eur,iec_without_eur,energy_vat_with_eur,iec_with_eur,electricity_base_without_eur,electricity_base_with_eur
2025-08-19 00:00:00,0.000000,0.000000,idle,0.000000,0,0.000000,0,0.000000,True,0.500000,25.000000,50.000000,15.000000,15.000000,0.000000,0.000000,0,0.000000,0.000000,0.000000,0.000000,0.000000,0.959166,0.959166,0.000000,0.000000,0.000000,0.000000,0.000000,0.000000,0.000000,0.000000
2025-08-19 00:15:00,0.000000,0.000000,idle,0.000000,0,0.000000,0,0.000000,True,0.500000,25.000000,50.000000,15.000000,15.000000,0.000000,0.000000,0,0.000000,0.000000,0.000000,0.000000,0.000000,0.959166,0.959166,0.000000,0.000000,0.000000,0.000000,0.000000,0.000000,0.000000,0.000000
2025-08-19 00:30:00,0.000000,0.000000,idle,0.000000,0,0.000000,0,0.000000,True,0.500000,25.000000,50.000000,15.000000,15.000000,0.000000,0.000000,0,0.000000,0.000000,0.000000,0.000000,0.000000,0.959166,0.959166,0.000000,0.000000,0.000000,0.000000,0.000000,0.000000,0.000000,0.000000
2025-08-19 00:45:00,0.000000,0.000000,idle,0.000000,0,0.000000,0,0.000000,True,0.500000,25.000000,50.000000,15.000000,15.000000,0.000000,0.000000,0,0.000000,0.000000,0.000000,0.000000,0.000000,0.959166,0.959166,0.000000,0.000000,0.000000,0.000000,0.000000,0.000000,0.000000,0.000000
2025-08-19 01:00:00,0.000000,0.000000,idle,0.000000,0,0.000000,0,0.000000,True,0.500000,25.000000,50.000000,15.000000,15.000000,0.000000,0.000000,0,0.000000,0.000000,0.000000,0.000000,0.000000,0.959166,0.959166,0.000000,0.000000,0.000000,0.000000,0.000000,0.000000,0.000000,0.000000
2025-08-19 01:15:00,0.000000,0.000000,idle,0.000000,0,0.000000,0,0.000000,True,0.500000,25.000000,50.000000,15.000000,15.000000,0.000000,0.000000,0,0.000000,0.000000,0.000000,0.000000,0.000000,0.959166,0.959166,0.000000,0.000000,0.000000,0.000000,0.000000,0.000000,0.000000,0.000000
2025-08-19 01:30:00,0.000000,0.000000,idle,0.000000,0,0.000000,0,0.000000,True,0.500000,25.000000,50.000000,15.000000,15.000000,0.000000,0.000000,0,0.000000,0.000000,0.000000,0.000000,0.000000,0.959166,0.959166,0.000000,0.000000,0.000000,0.000000,0.000000,0.000000,0.000000,0.000000
2025-08-19 01:45:00,0.000000,0.000000,idle,0.000000,0,0.000000,0,0.000000,True,0.500000,25.000000,50.000000,15.000000,15.000000,0.000000,0.000000,0,0.000000,0.000000,0.000000,0.000000,0.000000,0.959166,0.959166,0.000000,0.000000,0.000000,0.000000,0.000000,0.000000,0.000000,0.000000
2025-08-19 02:00:00,0.000000,0.000000,idle,0.000000,0,0.000000,0,0.000000,True,0.500000,25.000000,50.000000,15.000000,15.000000,0.000000,0.000000,0,0.000000,0.000000,0.000000,0.000000,0.000000,0.959166,0.959166,0.000000,0.000000,0.000000,0.000000,0.000000,0.000000,0.000000,0.000000
2025-08-19 02:15:00,0.000000,0.000000,idle,0.000000,0,0.000000,0,0.000000,True,0.500000,25.000000,50.000000,15.000000,15.000000,0.000000,0.000000,0,0.000000,0.000000,0.000000,0.000000,0.000000,0.959166,0.959166,0.000000,0.000000,0.000000,0.000000,0.000000,0.000000,0.000000,0.000000
2025-08-19 02:30:00,0.000000,0.000000,idle,0.000000,0,0.000000,0,0.000000,True,0.500000,25.000000,50.000000,15.000000,15.000000,0.000000,0.000000,0,0.000000,0.000000,0.000000,0.000000,0.000000,0.959166,0.959166,0.000000,0.000000,0.000000,0.000000,0.000000,0.000000,0.000000,0.000000
2025-08-19 02:45:00,0.000000,0.000000,idle,0.000000,0,0.000000,0,0.000000,True,0.500000,25.000000,50.000000,15.000000,15.000000,0.000000,0.000000,0,0.000000,0.000000,0.000000,0.000000,0.000000,0.959166,0.959166,0.000000,0.000000,0.000000,0.000000,0.000000,0.000000,0.000000,0.000000
2025-08-19 03:00:00,0.000000,0.000000,idle,0.000000,0,0.000000,0,0.000000,True,0.500000,25.000000,50.000000,15.000000,15.000000,0.000000,0.000000,0,0.000000,0.000000,0.000000,0.000000,0.000000,0.959166,0.959166,0.000000,0.000000,0.000000,0.000000,0.000000,0.000000,0.000000,0.000000
2025-08-19 03:15:00,0.000000,0.000000,idle,0.000000,0,0.000000,0,0.000000,True,0.500000,25.000000,50.000000,15.000000,15.000000,0.000000,0.000000,0,0.000000,0.000000,0.000000,0.000000,0.000000,0.959166,0.959166,0.000000,0.000000,0.000000,0.000000,0.000000,0.000000,0.000000,0.000000
2025-08-19 03:30:00,0.000000,0.000000,idle,0.000000,0,0.000000,0,0.000000,True,0.500000,25.000000,50.000000,15.000000,15.000000,0.000000,0.000000,0,0.000000,0.000000,0.000000,0.000000,0.000000,0.959166,0.959166,0.000000,0.000000,0.000000,0.000000,0.000000,0.000000,0.000000,0.000000
2025-08-19 03:45:00,0.000000,0.000000,idle,0.000000,0,0.000000,0,0.000000,True,0.500000,25.000000,50.000000,15.000000,15.000000,0.000000,0.000000,0,0.000000,0.000000,0.000000,0.000000,0.000000,0.959166,0.959166,0.000000,0.000000,0.000000,0.000000,0.000000,0.000000,0.000000,0.000000
2025-08-19 04:00:00,0.000000,0.000000,idle,0.000000,0,0.000000,0,0.000000,True,0.500000,25.000000,50.000000,15.000000,15.000000,0.000000,0.000000,0,0.000000,0.000000,0.000000,0.000000,0.000000,0.959166,0.959166,0.000000,0.000000,0.000000,0.000000,0.000000,0.000000,0.000000,0.000000
2025-08-19 04:15:00,0.000000,0.000000,idle,0.000000,0,0.000000,0,0.000000,True,0.500000,25.000000,50.000000,15.000000,15.000000,0.000000,0.000000,0,0.000000,0.000000,0.000000,0.000000,0.000000,0.959166,0.959166,0.000000,0.000000,0.000000,0.000000,0.000000,0.000000,0.000000,0.000000
2025-08-19 04:30:00,0.000000,0.000000,idle,0.000000,0,0.000000,0,0.000000,True,0.500000,25.000000,50.000000,15.000000,15.000000,0.000000,0.000000,0,0.000000,0.000000,0.000000,0.000000,0.000000,0.959166,0.959166,0.000000,0.000000,0.000000,0.000000,0.000000,0.000000,0.000000,0.000000
2025-08-19 04:45:00,0.000000,0.000000,idle,0.000000,0,0.000000,0,0.000000,True,0.500000,25.000000,50.000000,15.000000,15.000000,0.000000,0.000000,0,0.000000,0.000000,0.000000,0.000000,0.000000,0.959166,0.959166,0.000000,0.000000,0.000000,0.000000,0.000000,0.000000,0.000000,0.000000
2025-08-19 05:00:00,0.000000,0.000000,idle,0.000000,0,0.000000,0,0.000000,True,0.500000,25.000000,50.000000,15.000000,15.000000,0.000000,0.000000,0,0.000000,0.000000,0.000000,0.000000,0.000000,0.959166,0.959166,0.000000,0.000000,0.000000,0.000000,0.000000,0.000000,0.000000,0.000000
2025-08-19 05:15:00,0.000000,0.000000,idle,0.000000,0,0.000000,0,0.000000,True,0.500000,25.000000,50.000000,15.000000,15.000000,0.000000,0.000000,0,0.000000,0.000000,0.000000,0.000000,0.000000,0.959166,0.959166,0.000000,0.000000,0.000000,0.000000,0.000000,0.000000,0.000000,0.000000
2025-08-19 05:30:00,0.000000,0.000000,idle,0.000000,0,0.000000,0,0.000000,True,0.500000,25.000000,50.000000,15.000000,15.000000,0.000000,0.000000,0,0.000000,0.000000,0.000000,0.000000,0.000000,0.959166,0.959166,0.000000,0.000000,0.000000,0.000000,0.000000,0.000000,0.000000,0.000000
2025-08-19 05:45:00,0.000000,0.000000,idle,0.000000,0,0.000000,0,0.000000,True,0.500000,25.000000,50.000000,15.000000,15.000000,0.000000,0.000000,0,0.000000,0.000000,0.000000,0.000000,0.000000,0.959166,0.959166,0.000000,0.000000,0.000000,0.000000,0.000000,0.000000,0.000000,0.000000
2025-08-19 06:00:00,0.000000,0.000000,idle,0.000000,0,0.000000,0,0.000000,True,0.500000,25.000000,50.000000,15.000000,15.000000,0.000000,0.000000,0,0.000000,0.000000,0.000000,0.000000,0.000000,0.959166,0.959166,0.000000,0.000000,0.000000,0.000000,0.000000,0.000000,0.000000,0.000000
2025-08-19 06:15:00,0.000000,0.000000,idle,0.000000,0,0.000000,0,0.000000,True,0.500000,25.000000,50.000000,15.000000,15.000000,0.000000,0.000000,0,0.000000,0.000000,0.000000,0.000000,0.000000,0.959166,0.959166,0.000000,0.000000,0.000000,0.000000,0.000000,0.000000,0.000000,0.000000
2025-08-19 06:30:00,0.000000,0.000000,idle,0.000000,0,0.000000,0,0.000000,True,0.500000,25.000000,50.000000,15.000000,15.000000,0.000000,0.000000,0,0.000000,0.000000,0.000000,0.000000,0.000000,0.959166,0.959166,0.000000,0.000000,0.000000,0.000000,0.000000,0.000000,0.000000,0.000000
2025-08-19 06:45:00,0.000000,0.000000,idle,0.000000,0,0.000000,0,0.000000,True,0.500000,25.000000,50.000000,15.000000,15.000000,0.000000,0.000000,0,0.000000,0.000000,0.000000,0.000000,0.000000,0.959166,0.959166,0.000000,0.000000,0.000000,0.000000,0.000000,0.000000,0.000000,0.000000
2025-08-19 07:00:00,0.000000,0.000000,idle,0.000000,0,0.000000,0,0.000000,True,0.500000,25.000000,50.000000,15.000000,15.000000,0.000000,0.000000,0,0.000000,0.000000,0.000000,0.000000,0.000000,0.959166,0.959166,0.000000,0.000000,0.000000,0.000000,0.000000,0.000000,0.000000,0.000000
2025-08-19 07:15:00,0.000000,0.000000,idle,0.000000,0,0.000000,0,0.000000,True,0.500000,25.000000,50.000000,15.000000,15.000000,0.000000,0.000000,0,0.000000,0.000000,0.000000,0.000000,0.000000,0.959166,0.959166,0.000000,0.000000,0.000000,0.000000,0.000000,0.000000,0.000000,0.000000
2025-08-19 07:30:00,0.000000,0.000000,idle,0.000000,0,0.000000,0,0.000000,True,0.500000,25.000000,50.000000,15.000000,15.000000,0.000000,0.000000,0,0.000000,0.000000,0.000000,0.000000,0.000000,0.959166,0.959166,0.000000,0.000000,0.000000,0.000000,0.000000,0.000000,0.000000,0.000000
2025-08-19 07:45:00,0.000000,0.000000,idle,0.000000,0,0.000000,0,0.000000,True,0.500000,25.000000,50.000000,15.000000,15.000000,0.000000,0.000000,0,0.000000,0.000000,0.000000,0.000000,0.000000,0.959166,0.959166,0.000000,0.000000,0.000000,0.000000,0.000000,0.000000,0.000000,0.000000
2025-08-19 08:00:00,0.000000,0.000000,idle,0.000000,0,0.000000,0,0.000000,True,0.500000,25.000000,50.000000,15.000000,15.000000,0.000000,0.000000,0,0.000000,0.000000,0.000000,0.000000,0.000000,0.959166,0.959166,0.000000,0.000000,0.000000,0.000000,0.000000,0.000000,0.000000,0.000000
2025-08-19 08:15:00,0.000000,0.000000,idle,0.000000,0,0.000000,0,0.000000,True,0.500000,25.000000,50.000000,15.000000,15.000000,0.000000,0.000000,0,0.000000,0.000000,0.000000,0.000000,0.000000,0.959166,0.959166,0.000000,0.000000,0.000000,0.000000,0.000000,0.000000,0.000000,0.000000
2025-08-19 08:30:00,0.000000,0.000000,idle,0.000000,0,0.000000,0,0.000000,True,0.500000,25.000000,50.000000,15.000000,15.000000,0.000000,0.000000,0,0.000000,0.000000,0.000000,0.000000,0.000000,0.959166,0.959166,0.000000,0.000000,0.000000,0.000000,0.000000,0.000000,0.000000,0.000000
2025-08-19 08:45:00,0.000000,0.000000,idle,0.000000,0,0.000000,0,0.000000,True,0.500000,25.000000,50.000000,15.000000,15.000000,0.000000,0.000000,0,0.000000,0.000000,0.000000,0.000000,0.000000,0.959166,0.959166,0.000000,0.000000,0.000000,0.000000,0.000000,0.000000,0.000000,0.000000
2025-08-19 09:00:00,0.000000,0.000000,idle,0.000000,0,0.000000,0,0.000000,True,0.500000,25.000000,50.000000,15.000000,15.000000,0.000000,0.000000,0,0.000000,0.000000,0.000000,0.000000,0.000000,0.959166,0.959166,0.000000,0.000000,0.000000,0.000000,0.000000,0.000000,0.000000,0.000000
2025-08-19 09:15:00,0.000000,0.000000,idle,0.000000,0,0.000000,0,0.000000,True,0.500000,25.000000,50.000000,15.000000,15.000000,0.000000,0.000000,0,0.000000,0.000000,0.000000,0.000000,0.000000,0.959166,0.959166,0.000000,0.000000,0.000000,0.000000,0.000000,0.000000,0.000000,0.000000
2025-08-19 09:30:00,0.000000,0.000000,idle,0.000000,0,0.000000,0,0.000000,True,0.500000,25.000000,50.000000,15.000000,15.000000,0.000000,0.000000,0,0.000000,0.000000,0.000000,0.000000,0.000000,0.959166,0.959166,0.000000,0.000000,0.000000,0.000000,0.000000,0.000000,0.000000,0.000000
2025-08-19 09:45:00,0.000000,0.000000,idle,0.000000,0,0.000000,0,0.000000,True,0.500000,25.000000,50.000000,15.000000,15.000000,0.000000,0.000000,0,0.000000,0.000000,0.000000,0.000000,0.000000,0.959166,0.959166,0.000000,0.000000,0.000000,0.000000,0.000000,0.000000,0.000000,0.000000
2025-08-19 10:00:00,0.000000,0.000000,idle,0.000000,0,0.000000,0,0.000000,True,0.500000,25.000000,50.000000,15.000000,15.000000,0.000000,0.000000,0,0.000000,0.000000,0.000000,0.000000,0.000000,0.959166,0.959166,0.000000,0.000000,0.000000,0.000000,0.000000,0.000000,0.000000,0.000000
2025-08-19 10:15:00,0.000000,0.000000,idle,0.000000,0,0.000000,0,0.000000,True,0.500000,25.000000,50.000000,15.000000,15.000000,0.000000,0.000000,0,0.000000,0.000000,0.000000,0.000000,0.000000,0.959166,0.959166,0.000000,0.000000,0.000000,0.000000,0.000000,0.000000,0.000000,0.000000
2025-08-19 10:30:00,0.000000,0.000000,idle,0.000000,0,0.000000,0,0.000000,True,0.500000,25.000000,50.000000,15.000000,15.000000,0.000000,0.000000,0,0.000000,0.000000,0.000000,0.000000,0.000000,0.959166,0.959166,0.000000,0.000000,0.000000,0.000000,0.000000,0.000000,0.000000,0.000000
2025-08-19 10:45:00,0.000000,0.000000,idle,0.000000,0,0.000000,0,0.000000,True,0.500000,25.000000,50.000000,15.000000,15.000000,0.000000,0.000000,0,0.000000,0.000000,0.000000,0.000000,0.000000,0.959166,0.959166,0.000000,0.000000,0.000000,0.000000,0.000000,0.000000,0.000000,0.000000
2025-08-19 11:00:00,0.000000,0.000000,idle,0.000000,0,0.000000,0,0.000000,True,0.500000,25.000000,50.000000,15.000000,15.000000,0.000000,0.000000,0,0.000000,0.000000,0.000000,0.000000,0.000000,0.959166,0.959166,0.000000,0.000000,0.000000,0.000000,0.000000,0.000000,0.000000,0.000000
2025-08-19 11:15:00,0.000000,0.000000,idle,0.000000,0,0.000000,0,0.000000,True,0.500000,25.000000,50.000000,15.000000,15.000000,0.000000,0.000000,0,0.000000,0.000000,0.000000,0.000000,0.000000,0.959166,0.959166,0.000000,0.000000,0.000000,0.000000,0.000000,0.000000,0.000000,0.000000
2025-08-19 11:30:00,0.000000,0.000000,idle,0.000000,0,0.000000,0,0.000000,True,0.500000,25.000000,50.000000,15.000000,15.000000,0.000000,0.000000,0,0.000000,0.000000,0.000000,0.000000,0.000000,0.959166,0.959166,0.000000,0.000000,0.000000,0.000000,0.000000,0.000000,0.000000,0.000000
2025-08-19 11:45:00,0.000000,0.000000,idle,0.000000,0,0.000000,0,0.000000,True,0.500000,25.000000,50.000000,15.000000,15.000000,0.000000,0.000000,0,0.000000,0.000000,0.000000,0.000000,0.000000,0.959166,0.959166,0.000000,0.000000,0.000000,0.000000,0.000000,0.000000,0.000000,0.000000
2025-08-19 12:00:00,0.000000,0.000000,idle,0.000000,0,0.000000,0,0.000000,True,0.500000,25.000000,50.000000,15.000000,15.000000,0.000000,0.000000,0,0.000000,0.000000,0.000000,0.000000,0.000000,0.959166,0.959166,0.000000,0.000000,0.000000,0.000000,0.000000,0.000000,0.000000,0.000000
2025-08-19 12:15:00,0.000000,0.000000,idle,0.000000,0,0.000000,0,0.000000,True,0.500000,25.000000,50.000000,15.000000,15.000000,0.000000,0.000000,0,0.000000,0.000000,0.000000,0.000000,0.000000,0.959166,0.959166,0.000000,0.000000,0.000000,0.000000,0.000000,0.000000,0.000000,0.000000
2025-08-19 12:30:00,0.000000,0.000000,idle,0.000000,0,0.000000,0,0.000000,True,0.500000,25.000000,50.000000,15.000000,15.000000,0.000000,0.000000,0,0.000000,0.000000,0.000000,0.000000,0.000000,0.959166,0.959166,0.000000,0.000000,0.000000,0.000000,0.000000,0.000000,0.000000,0.000000
2025-08-19 12:45:00,0.000000,0.000000,idle,0.000000,0,0.000000,0,0.000000,True,0.500000,25.000000,50.000000,15.000000,15.000000,0.000000,0.000000,0,0.000000,0.000000,0.000000,0.000000,0.000000,0.959166,0.959166,0.000000,0.000000,0.000000,0.000000,0.000000,0.000000,0.000000,0.000000
2025-08-19 13:00:00,0.000000,0.000000,idle,0.000000,0,0.000000,0,0.000000,True,0.500000,25.000000,50.000000,15.000000,15.000000,0.000000,0.000000,0,0.000000,0.000000,0.000000,0.000000,0.000000,0.959166,0.959166,0.000000,0.000000,0.000000,0.000000,0.000000,0.000000,0.000000,0.000000
2025-08-19 13:15:00,0.000000,0.000000,idle,0.000000,0,0.000000,0,0.000000,True,0.500000,25.000000,50.000000,15.000000,15.000000,0.000000,0.000000,0,0.000000,0.000000,0.000000,0.000000,0.000000,0.959166,0.959166,0.000000,0.000000,0.000000,0.000000,0.000000,0.000000,0.000000,0.000000
2025-08-19 13:30:00,0.000000,0.000000,idle,0.000000,0,0.000000,0,0.000000,True,0.500000,25.000000,50.000000,15.000000,15.000000,0.000000,0.000000,0,0.000000,0.000000,0.000000,0.000000,0.000000,0.959166,0.959166,0.000000,0.000000,0.000000,0.000000,0.000000,0.000000,0.000000,0.000000
2025-08-19 13:45:00,0.000000,0.000000,idle,0.000000,0,0.000000,0,0.000000,True,0.500000,25.000000,50.000000,15.000000,15.000000,0.000000,0.000000,0,0.000000,0.000000,0.000000,0.000000,0.000000,0.959166,0.959166,0.000000,0.000000,0.000000,0.000000,0.000000,0.000000,0.000000,0.000000
2025-08-19 14:00:00,0.000000,0.000000,idle,0.000000,0,0.000000,0,0.000000,True,0.500000,25.000000,50.000000,15.000000,15.000000,0.000000,0.000000,0,0.000000,0.000000,0.000000,0.000000,0.000000,0.959166,0.959166,0.000000,0.000000,0.000000,0.000000,0.000000,0.000000,0.000000,0.000000
2025-08-19 14:15:00,0.000000,0.000000,idle,0.000000,0,0.000000,0,0.000000,True,0.500000,25.000000,50.000000,15.000000,15.000000,0.000000,0.000000,0,0.000000,0.000000,0.000000,0.000000,0.000000,0.959166,0.959166,0.000000,0.000000,0.000000,0.000000,0.000000,0.000000,0.000000,0.000000
2025-08-19 14:30:00,0.000000,0.000000,idle,0.000000,0,0.000000,0,0.000000,True,0.500000,25.000000,50.000000,15.000000,15.000000,0.000000,0.000000,0,0.000000,0.000000,0.000000,0.000000,0.000000,0.959166,0.959166,0.000000,0.000000,0.000000,0.000000,0.000000,0.000000,0.000000,0.000000
2025-08-19 14:45:00,0.000000,0.000000,idle,0.000000,0,0.000000,0,0.000000,True,0.500000,25.000000,50.000000,15.000000,15.000000,0.000000,0.000000,0,0.000000,0.000000,0.000000,0.000000,0.000000,0.959166,0.959166,0.000000,0.000000,0.000000,0.000000,0.000000,0.000000,0.000000,0.000000
2025-08-19 15:00:00,0.000000,0.000000,idle,0.000000,0,0.000000,0,0.000000,True,0.500000,25.000000,50.000000,15.000000,15.000000,0.000000,0.000000,0,0.000000,0.000000,0.000000,0.000000,0.000000,0.959166,0.959166,0.000000,0.000000,0.000000,0.000000,0.000000,0.000000,0.000000,0.000000
2025-08-19 15:15:00,0.000000,0.000000,idle,0.000000,0,0.000000,0,0.000000,True,0.500000,25.000000,50.000000,15.000000,15.000000,0.000000,0.000000,0,0.000000,0.000000,0.000000,0.000000,0.000000,0.959166,0.959166,0.000000,0.000000,0.000000,0.000000,0.000000,0.000000,0.000000,0.000000
2025-08-19 15:30:00,0.000000,0.000000,idle,0.000000,0,0.000000,0,0.000000,True,0.500000,25.000000,50.000000,15.000000,15.000000,0.000000,0.000000,0,0.000000,0.000000,0.000000,0.000000,0.000000,0.959166,0.959166,0.000000,0.000000,0.000000,0.000000,0.000000,0.000000,0.000000,0.000000
2025-08-19 15:45:00,0.000000,0.000000,idle,0.000000,0,0.000000,0,0.000000,True,0.500000,25.000000,50.000000,15.000000,15.000000,0.000000,0.000000,0,0.000000,0.000000,0.000000,0.000000,0.000000,0.959166,0.959166,0.000000,0.000000,0.000000,0.000000,0.000000,0.000000,0.000000,0.000000
2025-08-19 16:00:00,0.000000,0.000000,idle,0.000000,0,0.000000,0,0.000000,True,0.500000,25.000000,50.000000,15.000000,15.000000,0.000000,0.000000,0,0.000000,0.000000,0.000000,0.000000,0.000000,0.959166,0.959166,0.000000,0.000000,0.000000,0.000000,0.000000,0.000000,0.000000,0.000000
2025-08-19 16:15:00,0.000000,0.000000,idle,0.000000,0,0.000000,0,0.000000,True,0.500000,25.000000,50.000000,15.000000,15.000000,0.000000,0.000000,0,0.000000,0.000000,0.000000,0.000000,0.000000,0.959166,0.959166,0.000000,0.000000,0.000000,0.000000,0.000000,0.000000,0.000000,0.000000
2025-08-19 16:30:00,0.000000,0.000000,idle,0.000000,0,0.000000,0,0.000000,True,0.500000,25.000000,50.000000,15.000000,15.000000,0.000000,0.000000,0,0.000000,0.000000,0.000000,0.000000,0.000000,0.959166,0.959166,0.000000,0.000000,0.000000,0.000000,0.000000,0.000000,0.000000,0.000000
2025-08-19 16:45:00,0.000000,0.000000,idle,0.000000,0,0.000000,0,0.000000,True,0.500000,25.000000,50.000000,15.000000,15.000000,0.000000,0.000000,0,0.000000,0.000000,0.000000,0.000000,0.000000,0.959166,0.959166,0.000000,0.000000,0.000000,0.000000,0.000000,0.000000,0.000000,0.000000
2025-08-19 17:00:00,0.000000,0.000000,idle,0.000000,0,0.000000,0,0.000000,True,0.500000,25.000000,50.000000,15.000000,15.000000,0.000000,0.000000,0,0.000000,0.000000,0.000000,0.000000,0.000000,0.959166,0.959166,0.000000,0.000000,0.000000,0.000000,0.000000,0.000000,0.000000,0.000000
2025-08-19 17:15:00,0.000000,0.000000,idle,0.000000,0,0.000000,0,0.000000,True,0.500000,25.000000,50.000000,15.000000,15.000000,0.000000,0.000000,0,0.000000,0.000000,0.000000,0.000000,0.000000,0.959166,0.959166,0.000000,0.000000,0.000000,0.000000,0.000000,0.000000,0.000000,0.000000
2025-08-19 17:30:00,0.000000,0.000000,idle,0.000000,0,0.000000,0,0.000000,True,0.500000,25.000000,50.000000,15.000000,15.000000,0.000000,0.000000,0,0.000000,0.000000,0.000000,0.000000,0.000000,0.959166,0.959166,0.000000,0.000000,0.000000,0.000000,0.000000,0.000000,0.000000,0.000000
2025-08-19 17:45:00,0.000000,0.000000,idle,0.000000,0,0.000000,0,0.000000,True,0.500000,25.000000,50.000000,15.000000,15.000000,0.000000,0.000000,0,0.000000,0.000000,0.000000,0.000000,0.000000,0.959166,0.959166,0.000000,0.000000,0.000000,0.000000,0.000000,0.000000,0.000000,0.000000
2025-08-19 18:00:00,0.000000,0.000000,idle,0.000000,0,0.000000,0,0.000000,True,0.500000,25.000000,50.000000,15.000000,15.000000,0.000000,0.000000,0,0.000000,0.000000,0.000000,0.000000,0.000000,0.959166,0.959166,0.000000,0.000000,0.000000,0.000000,0.000000,0.000000,0.000000,0.000000
2025-08-19 18:15:00,0.004000,0.016000,discharge,0.016000,0,0.004000,0,0.016000,True,0.499917,24.995830,49.991659,15.004170,14.995830,0.000000,0.000000,0,0.000000,0.004000,0.016000,0.000000,0.000000,0.959166,0.959166,0.000042,0.000000,0.000032,0.000004,0.000000,0.000000,0.000536,0.000000
2025-08-19 18:30:00,0.064000,0.256000,discharge,0.256000,0,0.064000,0,0.256000,True,0.498582,24.929105,49.858210,15.070895,14.929105,0.000000,0.000000,0,0.000000,0.064000,0.256000,0.000000,0.000000,0.959166,0.959166,0.000709,0.000000,0.000515,0.000064,0.000000,0.000000,0.008576,0.000000
2025-08-19 18:45:00,0.066000,0.264000,discharge,0.264000,0,0.066000,0,0.264000,True,0.497206,24.860295,49.720591,15.139705,14.860295,0.000000,0.000000,0,0.000000,0.066000,0.264000,0.000000,0.000000,0.959166,0.959166,0.001397,0.000000,0.000531,0.000066,0.000000,0.000000,0.008844,0.000000
2025-08-19 19:00:00,0.066000,0.264000,discharge,0.264000,0,0.066000,0,0.264000,True,0.495830,24.791486,49.582971,15.208514,14.791486,0.000000,0.000000,0,0.000000,0.066000,0.264000,0.000000,0.000000,0.959166,0.959166,0.002085,0.000000,0.000531,0.000066,0.000000,0.000000,0.008844,0.000000
2025-08-19 19:15:00,0.066000,0.264000,discharge,0.264000,0,0.066000,0,0.264000,True,0.494454,24.722676,49.445352,15.277324,14.722676,0.000000,0.000000,0,0.000000,0.066000,0.264000,0.000000,0.000000,0.959166,0.959166,0.002773,0.000000,0.000531,0.000066,0.000000,0.000000,0.008844,0.000000
2025-08-19 19:30:00,0.067000,0.268000,discharge,0.268000,0,0.067000,0,0.268000,True,0.493056,24.652824,49.305647,15.347176,14.652824,0.000000,0.000000,0,0.000000,0.067000,0.268000,0.000000,0.000000,0.959166,0.959166,0.003472,0.000000,0.000539,0.000067,0.000000,0.000000,0.008978,0.000000
2025-08-19 19:45:00,0.067000,0.268000,discharge,0.268000,0,0.067000,0,0.268000,True,0.491659,24.582971,49.165942,15.417029,14.582971,0.000000,0.000000,0,0.000000,0.067000,0.268000,0.000000,0.000000,0.959166,0.959166,0.004170,0.000000,0.000539,0.000067,0.000000,0.000000,0.008978,0.000000
2025-08-19 20:00:00,0.068000,0.272000,discharge,0.272000,0,0.068000,0,0.272000,True,0.490242,24.512076,49.024153,15.487924,14.512076,0.000000,0.000000,0,0.000000,0.068000,0.272000,0.000000,0.000000,0.959166,0.959166,0.004879,0.000000,0.000547,0.000068,0.000000,0.000000,0.009112,0.000000
2025-08-19 20:15:00,0.068000,0.272000,discharge,0.272000,0,0.068000,0,0.272000,True,0.488824,24.441181,48.882363,15.558819,14.441181,0.000000,0.000000,0,0.000000,0.068000,0.272000,0.000000,0.000000,0.959166,0.959166,0.005588,0.000000,0.000547,0.000068,0.000000,0.000000,0.009112,0.000000
2025-08-19 20:30:00,0.068000,0.272000,discharge,0.272000,0,0.068000,0,0.272000,True,0.487406,24.370286,48.740573,15.629714,14.370286,0.000000,0.000000,0,0.000000,0.068000,0.272000,0.000000,0.000000,0.959166,0.959166,0.006297,0.000000,0.000547,0.000068,0.000000,0.000000,0.009112,0.000000
2025-08-19 20:45:00,0.068000,0.272000,discharge,0.272000,0,0.068000,0,0.272000,True,0.485988,24.299392,48.598783,15.700608,14.299392,0.000000,0.000000,0,0.000000,0.068000,0.272000,0.000000,0.000000,0.959166,0.959166,0.007006,0.000000,0.000547,0.000068,0.000000,0.000000,0.009112,0.000000
2025-08-19 21:00:00,0.069000,0.276000,discharge,0.276000,0,0.069000,0,0.276000,True,0.484549,24.227454,48.454908,15.772546,14.227454,0.000000,0.000000,0,0.000000,0.069000,0.276000,0.000000,0.000000,0.959166,0.959166,0.007725,0.000000,0.000555,0.000069,0.000000,0.000000,0.009246,0.000000
2025-08-19 21:15:00,0.069000,0.276000,discharge,0.276000,0,0.069000,0,0.276000,True,0.483110,24.155517,48.311033,15.844483,14.155517,0.000000,0.000000,0,0.000000,0.069000,0.276000,0.000000,0.000000,0.959166,0.959166,0.008445,0.000000,0.000555,0.000069,0.000000,0.000000,0.009246,0.000000
2025-08-19 21:30:00,0.069000,0.276000,discharge,0.276000,0,0.069000,0,0.276000,True,0.481672,24.083579,48.167158,15.916421,14.083579,0.000000,0.000000,0,0.000000,0.069000,0.276000,0.000000,0.000000,0.959166,0.959166,0.009164,0.000000,0.000555,0.000069,0.000000,0.000000,0.009246,0.000000
2025-08-19 21:45:00,0.070000,0.280000,discharge,0.280000,0,0.070000,0,0.280000,True,0.480212,24.010599,48.021198,15.989401,14.010599,0.000000,0.000000,0,0.000000,0.070000,0.280000,0.000000,0.000000,0.959166,0.959166,0.009894,0.000000,0.000563,0.000070,0.000000,0.000000,0.009380,0.000000
2025-08-19 22:00:00,0.069000,0.276000,discharge,0.276000,0,0.069000,0,0.276000,True,0.478773,23.938662,47.877323,16.061338,13.938662,0.000000,0.000000,0,0.000000,0.069000,0.276000,0.000000,0.000000,0.959166,0.959166,0.010613,0.000000,0.000555,0.000069,0.000000,0.000000,0.009246,0.000000
2025-08-19 22:15:00,0.069000,0.276000,discharge,0.276000,0,0.069000,0,0.276000,True,0.477334,23.866724,47.733448,16.133276,13.866724,0.000000,0.000000,0,0.000000,0.069000,0.276000,0.000000,0.000000,0.959166,0.959166,0.011333,0.000000,0.000555,0.000069,0.000000,0.000000,0.009246,0.000000
2025-08-19 22:30:00,0.070000,0.280000,discharge,0.280000,0,0.070000,0,0.280000,True,0.475875,23.793744,47.587488,16.206256,13.793744,0.000000,0.000000,0,0.000000,0.070000,0.280000,0.000000,0.000000,0.959166,0.959166,0.012063,0.000000,0.000563,0.000070,0.000000,0.000000,0.009380,0.000000
2025-08-19 22:45:00,0.069000,0.276000,discharge,0.276000,0,0.069000,0,0.276000,True,0.474436,23.721807,47.443613,16.278193,13.721807,0.000000,0.000000,0,0.000000,0.069000,0.276000,0.000000,0.000000,0.959166,0.959166,0.012782,0.000000,0.000555,0.000069,0.000000,0.000000,0.009246,0.000000
2025-08-19 23:00:00,0.070000,0.280000,discharge,0.280000,0,0.070000,0,0.280000,True,0.472977,23.648827,47.297653,16.351173,13.648827,0.000000,0.000000,0,0.000000,0.070000,0.280000,0.000000,0.000000,0.959166,0.959166,0.013512,0.000000,0.000563,0.000070,0.000000,0.000000,0.009380,0.000000
2025-08-19 23:15:00,0.070000,0.280000,discharge,0.280000,0,0.070000,0,0.280000,True,0.471517,23.575847,47.151693,16.424153,13.575847,0.000000,0.000000,0,0.000000,0.070000,0.280000,0.000000,0.000000,0.959166,0.959166,0.014242,0.000000,0.000563,0.000070,0.000000,0.000000,0.009380,0.000000
2025-08-19 23:30:00,0.071000,0.284000,discharge,0.284000,0,0.071000,0,0.284000,True,0.470036,23.501824,47.003648,16.498176,13.501824,0.000000,0.000000,0,0.000000,0.071000,0.284000,0.000000,0.000000,0.959166,0.959166,0.014982,0.000000,0.000571,0.000071,0.000000,0.000000,0.009514,0.000000
2025-08-19 23:45:00,0.070000,0.280000,discharge,0.280000,0,0.070000,0,0.280000,True,0.468577,23.428844,46.857688,16.571156,13.428844,0.000000,0.000000,0,0.000000,0.070000,0.280000,0.000000,0.000000,0.959166,0.959166,0.015712,0.000000,0.000563,0.000070,0.000000,0.000000,0.009380,0.000000
2025-08-20 00:00:00,0.070000,0.280000,discharge,0.280000,0,0.070000,0,0.280000,True,0.467117,23.355864,46.711728,16.644136,13.355864,0.000000,0.000000,0,0.000000,0.070000,0.280000,0.000000,0.000000,0.959166,0.959166,0.016441,0.000000,0.000563,0.000070,0.000000,0.000000,0.009380,0.000000
2025-08-20 00:15:00,0.070000,0.280000,discharge,0.280000,0,0.070000,0,0.280000,True,0.465658,23.282884,46.565768,16.717116,13.282884,0.000000,0.000000,0,0.000000,0.070000,0.280000,0.000000,0.000000,0.959166,0.959166,0.017171,0.000000,0.000563,0.000070,0.000000,0.000000,0.009380,0.000000
2025-08-20 00:30:00,0.071000,0.284000,discharge,0.284000,0,0.071000,0,0.284000,True,0.464177,23.208861,46.417722,16.791139,13.208861,0.000000,0.000000,0,0.000000,0.071000,0.284000,0.000000,0.000000,0.959166,0.959166,0.017911,0.000000,0.000571,0.000071,0.000000,0.000000,0.009514,0.000000
2025-08-20 00:45:00,0.070000,0.280000,discharge,0.280000,0,0.070000,0,0.280000,True,0.462718,23.135881,46.271762,16.864119,13.135881,0.000000,0.000000,0,0.000000,0.070000,0.280000,0.000000,0.000000,0.959166,0.959166,0.018641,0.000000,0.000563,0.000070,0.000000,0.000000,0.009380,0.000000
2025-08-20 01:00:00,0.071000,0.284000,discharge,0.284000,0,0.071000,0,0.284000,True,0.461237,23.061859,46.123717,16.938141,13.061859,0.000000,0.000000,0,0.000000,0.071000,0.284000,0.000000,0.000000,0.959166,0.959166,0.019381,0.000000,0.000571,0.000071,0.000000,0.000000,0.009514,0.000000
2025-08-20 01:15:00,0.070000,0.280000,discharge,0.280000,0,0.070000,0,0.280000,True,0.459778,22.988878,45.977757,17.011122,12.988878,0.000000,0.000000,0,0.000000,0.070000,0.280000,0.000000,0.000000,0.959166,0.959166,0.020111,0.000000,0.000563,0.000070,0.000000,0.000000,0.009380,0.000000
2025-08-20 01:30:00,0.071000,0.284000,discharge,0.284000,0,0.071000,0,0.284000,True,0.458297,22.914856,45.829712,17.085144,12.914856,0.000000,0.000000,0,0.000000,0.071000,0.284000,0.000000,0.000000,0.959166,0.959166,0.020851,0.000000,0.000571,0.000071,0.000000,0.000000,0.009514,0.000000
2025-08-20 01:45:00,0.071000,0.284000,discharge,0.284000,0,0.071000,0,0.284000,True,0.456817,22.840833,45.681666,17.159167,12.840833,0.000000,0.000000,0,0.000000,0.071000,0.284000,0.000000,0.000000,0.959166,0.959166,0.021592,0.000000,0.000571,0.000071,0.000000,0.000000,0.009514,0.000000
2025-08-20 02:00:00,0.071000,0.284000,discharge,0.284000,0,0.071000,0,0.284000,True,0.455336,22.766811,45.533621,17.233189,12.766811,0.000000,0.000000,0,0.000000,0.071000,0.284000,0.000000,0.000000,0.959166,0.959166,0.022332,0.000000,0.000571,0.000071,0.000000,0.000000,0.009514,0.000000
2025-08-20 02:15:00,0.071000,0.284000,discharge,0.284000,0,0.071000,0,0.284000,True,0.453856,22.692788,45.385576,17.307212,12.692788,0.000000,0.000000,0,0.000000,0.071000,0.284000,0.000000,0.000000,0.959166,0.959166,0.023072,0.000000,0.000571,0.000071,0.000000,0.000000,0.009514,0.000000
2025-08-20 02:30:00,0.070000,0.280000,discharge,0.280000,0,0.070000,0,0.280000,True,0.452396,22.619808,45.239616,17.380192,12.619808,0.000000,0.000000,0,0.000000,0.070000,0.280000,0.000000,0.000000,0.959166,0.959166,0.023802,0.000000,0.000563,0.000070,0.000000,0.000000,0.009380,0.000000
2025-08-20 02:45:00,0.071000,0.284000,discharge,0.284000,0,0.071000,0,0.284000,True,0.450916,22.545785,45.091571,17.454215,12.545785,0.000000,0.000000,0,0.000000,0.071000,0.284000,0.000000,0.000000,0.959166,0.959166,0.024542,0.000000,0.000571,0.000071,0.000000,0.000000,0.009514,0.000000
2025-08-20 03:00:00,0.070000,0.280000,discharge,0.280000,0,0.070000,0,0.280000,True,0.449456,22.472805,44.945611,17.527195,12.472805,0.000000,0.000000,0,0.000000,0.070000,0.280000,0.000000,0.000000,0.959166,0.959166,0.025272,0.000000,0.000563,0.000070,0.000000,0.000000,0.009380,0.000000
2025-08-20 03:15:00,0.071000,0.284000,discharge,0.284000,0,0.071000,0,0.284000,True,0.447976,22.398783,44.797565,17.601217,12.398783,0.000000,0.000000,0,0.000000,0.071000,0.284000,0.000000,0.000000,0.959166,0.959166,0.026012,0.000000,0.000571,0.000071,0.000000,0.000000,0.009514,0.000000
2025-08-20 03:30:00,0.071000,0.284000,discharge,0.284000,0,0.071000,0,0.284000,True,0.446495,22.324760,44.649520,17.675240,12.324760,0.000000,0.000000,0,0.000000,0.071000,0.284000,0.000000,0.000000,0.959166,0.959166,0.026752,0.000000,0.000571,0.000071,0.000000,0.000000,0.009514,0.000000
2025-08-20 03:45:00,0.071000,0.284000,discharge,0.284000,0,0.071000,0,0.284000,True,0.445015,22.250737,44.501475,17.749263,12.250737,0.000000,0.000000,0,0.000000,0.071000,0.284000,0.000000,0.000000,0.959166,0.959166,0.027493,0.000000,0.000571,0.000071,0.000000,0.000000,0.009514,0.000000
2025-08-20 04:00:00,0.071000,0.284000,discharge,0.284000,0,0.071000,0,0.284000,True,0.443534,22.176715,44.353430,17.823285,12.176715,0.000000,0.000000,0,0.000000,0.071000,0.284000,0.000000,0.000000,0.959166,0.959166,0.028233,0.000000,0.000571,0.000071,0.000000,0.000000,0.009514,0.000000
2025-08-20 04:15:00,0.071000,0.284000,discharge,0.284000,0,0.071000,0,0.284000,True,0.442054,22.102692,44.205384,17.897308,12.102692,0.000000,0.000000,0,0.000000,0.071000,0.284000,0.000000,0.000000,0.959166,0.959166,0.028973,0.000000,0.000571,0.000071,0.000000,0.000000,0.009514,0.000000
2025-08-20 04:30:00,0.071000,0.284000,discharge,0.284000,0,0.071000,0,0.284000,True,0.440573,22.028670,44.057339,17.971330,12.028670,0.000000,0.000000,0,0.000000,0.071000,0.284000,0.000000,0.000000,0.959166,0.959166,0.029713,0.000000,0.000571,0.000071,0.000000,0.000000,0.009514,0.000000
2025-08-20 04:45:00,0.071000,0.284000,discharge,0.284000,0,0.071000,0,0.284000,True,0.439093,21.954647,43.909294,18.045353,11.954647,0.000000,0.000000,0,0.000000,0.071000,0.284000,0.000000,0.000000,0.959166,0.959166,0.030454,0.000000,0.000571,0.000071,0.000000,0.000000,0.009514,0.000000
2025-08-20 05:00:00,0.070000,0.280000,discharge,0.280000,0,0.070000,0,0.280000,True,0.437633,21.881667,43.763334,18.118333,11.881667,0.000000,0.000000,0,0.000000,0.070000,0.280000,0.000000,0.000000,0.959166,0.959166,0.031183,0.000000,0.000563,0.000070,0.000000,0.000000,0.009380,0.000000
2025-08-20 05:15:00,0.071000,0.284000,discharge,0.284000,0,0.071000,0,0.284000,True,0.436153,21.807644,43.615289,18.192356,11.807644,0.000000,0.000000,0,0.000000,0.071000,0.284000,0.000000,0.000000,0.959166,0.959166,0.031924,0.000000,0.000571,0.000071,0.000000,0.000000,0.009514,0.000000
2025-08-20 05:30:00,0.071000,0.284000,discharge,0.284000,0,0.071000,0,0.284000,True,0.434672,21.733622,43.467243,18.266378,11.733622,0.000000,0.000000,0,0.000000,0.071000,0.284000,0.000000,0.000000,0.959166,0.959166,0.032664,0.000000,0.000571,0.000071,0.000000,0.000000,0.009514,0.000000
2025-08-20 05:45:00,0.071000,0.284000,discharge,0.284000,0,0.071000,0,0.284000,True,0.433192,21.659599,43.319198,18.340401,11.659599,0.000000,0.000000,0,0.000000,0.071000,0.284000,0.000000,0.000000,0.959166,0.959166,0.033404,0.000000,0.000571,0.000071,0.000000,0.000000,0.009514,0.000000
2025-08-20 06:00:00,0.071000,0.284000,discharge,0.284000,0,0.071000,0,0.284000,True,0.431712,21.585576,43.171153,18.414424,11.585576,0.000000,0.000000,0,0.000000,0.071000,0.284000,0.000000,0.000000,0.959166,0.959166,0.034144,0.000000,0.000571,0.000071,0.000000,0.000000,0.009514,0.000000
2025-08-20 06:15:00,0.070000,0.280000,discharge,0.280000,0,0.070000,0,0.280000,True,0.430252,21.512596,43.025193,18.487404,11.512596,0.000000,0.000000,0,0.000000,0.070000,0.280000,0.000000,0.000000,0.959166,0.959166,0.034874,0.000000,0.000563,0.000070,0.000000,0.000000,0.009380,0.000000
2025-08-20 06:30:00,0.070000,0.280000,discharge,0.280000,0,0.070000,0,0.280000,True,0.428792,21.439616,42.879233,18.560384,11.439616,0.000000,0.000000,0,0.000000,0.070000,0.280000,0.000000,0.000000,0.959166,0.959166,0.035604,0.000000,0.000563,0.000070,0.000000,0.000000,0.009380,0.000000
2025-08-20 06:45:00,0.071000,0.284000,discharge,0.284000,0,0.071000,0,0.284000,True,0.427312,21.365594,42.731188,18.634406,11.365594,0.000000,0.000000,0,0.000000,0.071000,0.284000,0.000000,0.000000,0.959166,0.959166,0.036344,0.000000,0.000571,0.000071,0.000000,0.000000,0.009514,0.000000
2025-08-20 07:00:00,0.070000,0.280000,discharge,0.280000,0,0.070000,0,0.280000,True,0.425852,21.292614,42.585227,18.707386,11.292614,0.000000,0.000000,0,0.000000,0.070000,0.280000,0.000000,0.000000,0.959166,0.959166,0.037074,0.000000,0.000563,0.000070,0.000000,0.000000,0.009380,0.000000
2025-08-20 07:15:00,0.070000,0.280000,discharge,0.280000,0,0.070000,0,0.280000,True,0.424393,21.219634,42.439267,18.780366,11.219634,0.000000,0.000000,0,0.000000,0.070000,0.280000,0.000000,0.000000,0.959166,0.959166,0.037804,0.000000,0.000563,0.000070,0.000000,0.000000,0.009380,0.000000
2025-08-20 07:30:00,0.070000,0.280000,discharge,0.280000,0,0.070000,0,0.280000,True,0.422933,21.146654,42.293307,18.853346,11.146654,0.000000,0.000000,0,0.000000,0.070000,0.280000,0.000000,0.000000,0.959166,0.959166,0.038533,0.000000,0.000563,0.000070,0.000000,0.000000,0.009380,0.000000
2025-08-20 07:45:00,0.071000,0.284000,discharge,0.284000,0,0.071000,0,0.284000,True,0.421453,21.072631,42.145262,18.927369,11.072631,0.000000,0.000000,0,0.000000,0.071000,0.284000,0.000000,0.000000,0.959166,0.959166,0.039274,0.000000,0.000571,0.000071,0.000000,0.000000,0.009514,0.000000
2025-08-20 08:00:00,0.069000,0.276000,discharge,0.276000,0,0.069000,0,0.276000,True,0.420014,21.000694,42.001387,18.999306,11.000694,0.000000,0.000000,0,0.000000,0.069000,0.276000,0.000000,0.000000,0.959166,0.959166,0.039993,0.000000,0.000555,0.000069,0.000000,0.000000,0.009246,0.000000
2025-08-20 08:15:00,0.070000,0.280000,discharge,0.280000,0,0.070000,0,0.280000,True,0.418554,20.927713,41.855427,19.072287,10.927713,0.000000,0.000000,0,0.000000,0.070000,0.280000,0.000000,0.000000,0.959166,0.959166,0.040723,0.000000,0.000563,0.000070,0.000000,0.000000,0.009380,0.000000
2025-08-20 08:30:00,0.070000,0.280000,discharge,0.280000,0,0.070000,0,0.280000,True,0.417095,20.854733,41.709467,19.145267,10.854733,0.000000,0.000000,0,0.000000,0.070000,0.280000,0.000000,0.000000,0.959166,0.959166,0.041453,0.000000,0.000563,0.000070,0.000000,0.000000,0.009380,0.000000
2025-08-20 08:45:00,0.070000,0.280000,discharge,0.280000,0,0.070000,0,0.280000,True,0.415635,20.781753,41.563507,19.218247,10.781753,0.000000,0.000000,0,0.000000,0.070000,0.280000,0.000000,0.000000,0.959166,0.959166,0.042182,0.000000,0.000563,0.000070,0.000000,0.000000,0.009380,0.000000
2025-08-20 09:00:00,0.070000,0.280000,discharge,0.280000,0,0.070000,0,0.280000,True,0.414175,20.708773,41.417547,19.291227,10.708773,0.000000,0.000000,0,0.000000,0.070000,0.280000,0.000000,0.000000,0.959166,0.959166,0.042912,0.000000,0.000563,0.000070,0.000000,0.000000,0.009380,0.000000
2025-08-20 09:15:00,0.070000,0.280000,discharge,0.280000,0,0.070000,0,0.280000,True,0.412716,20.635793,41.271587,19.364207,10.635793,0.000000,0.000000,0,0.000000,0.070000,0.280000,0.000000,0.000000,0.959166,0.959166,0.043642,0.000000,0.000563,0.000070,0.000000,0.000000,0.009380,0.000000
2025-08-20 09:30:00,0.070000,0.280000,discharge,0.280000,0,0.070000,0,0.280000,True,0.411256,20.562813,41.125627,19.437187,10.562813,0.000000,0.000000,0,0.000000,0.070000,0.280000,0.000000,0.000000,0.959166,0.959166,0.044372,0.000000,0.000563,0.000070,0.000000,0.000000,0.009380,0.000000
2025-08-20 09:45:00,0.070000,0.280000,discharge,0.280000,0,0.070000,0,0.280000,True,0.409797,20.489833,40.979666,19.510167,10.489833,0.000000,0.000000,0,0.000000,0.070000,0.280000,0.000000,0.000000,0.959166,0.959166,0.045102,0.000000,0.000563,0.000070,0.000000,0.000000,0.009380,0.000000
2025-08-20 10:00:00,0.070000,0.280000,discharge,0.280000,0,0.070000,0,0.280000,True,0.408337,20.416853,40.833706,19.583147,10.416853,0.000000,0.000000,0,0.000000,0.070000,0.280000,0.000000,0.000000,0.959166,0.959166,0.045831,0.000000,0.000563,0.000070,0.000000,0.000000,0.009380,0.000000
2025-08-20 10:15:00,0.069000,0.276000,discharge,0.276000,0,0.069000,0,0.276000,True,0.406898,20.344916,40.689831,19.655084,10.344916,0.000000,0.000000,0,0.000000,0.069000,0.276000,0.000000,0.000000,0.959166,0.959166,0.046551,0.000000,0.000555,0.000069,0.000000,0.000000,0.009246,0.000000
2025-08-20 10:30:00,0.070000,0.280000,discharge,0.280000,0,0.070000,0,0.280000,True,0.405439,20.271936,40.543871,19.728064,10.271936,0.000000,0.000000,0,0.000000,0.070000,0.280000,0.000000,0.000000,0.959166,0.959166,0.047281,0.000000,0.000563,0.000070,0.000000,0.000000,0.009380,0.000000
2025-08-20 10:45:00,0.070000,0.280000,discharge,0.280000,0,0.070000,0,0.280000,True,0.403979,20.198956,40.397911,19.801044,10.198956,0.000000,0.000000,0,0.000000,0.070000,0.280000,0.000000,0.000000,0.959166,0.959166,0.048010,0.000000,0.000563,0.000070,0.000000,0.000000,0.009380,0.000000
2025-08-20 11:00:00,0.069000,0.276000,discharge,0.276000,0,0.069000,0,0.276000,True,0.402540,20.127018,40.254036,19.872982,10.127018,0.000000,0.000000,0,0.000000,0.069000,0.276000,0.000000,0.000000,0.959166,0.959166,0.048730,0.000000,0.000555,0.000069,0.000000,0.000000,0.009246,0.000000
2025-08-20 11:15:00,0.070000,0.280000,discharge,0.280000,0,0.070000,0,0.280000,True,0.401081,20.054038,40.108076,19.945962,10.054038,0.000000,0.000000,0,0.000000,0.070000,0.280000,0.000000,0.000000,0.959166,0.959166,0.049460,0.000000,0.000563,0.000070,0.000000,0.000000,0.009380,0.000000
2025-08-20 11:30:00,0.069000,0.276000,discharge,0.276000,0,0.069000,0,0.276000,True,0.399642,19.982101,39.964201,20.017899,9.982101,0.000000,0.000000,0,0.000000,0.069000,0.276000,0.000000,0.000000,0.959166,0.959166,0.050179,0.000000,0.000555,0.000069,0.000000,0.000000,0.009246,0.000000
2025-08-20 11:45:00,0.070000,0.280000,discharge,0.280000,0,0.070000,0,0.280000,True,0.398182,19.909121,39.818241,20.090879,9.909121,0.000000,0.000000,0,0.000000,0.070000,0.280000,0.000000,0.000000,0.959166,0.959166,0.050909,0.000000,0.000563,0.000070,0.000000,0.000000,0.009380,0.000000
2025-08-20 12:00:00,0.069000,0.276000,discharge,0.276000,0,0.069000,0,0.276000,True,0.396744,19.837183,39.674366,20.162817,9.837183,0.000000,0.000000,0,0.000000,0.069000,0.276000,0.000000,0.000000,0.959166,0.959166,0.051628,0.000000,0.000555,0.000069,0.000000,0.000000,0.009246,0.000000
2025-08-20 12:15:00,0.070000,0.280000,discharge,0.280000,0,0.070000,0,0.280000,True,0.395284,19.764203,39.528406,20.235797,9.764203,0.000000,0.000000,0,0.000000,0.070000,0.280000,0.000000,0.000000,0.959166,0.959166,0.052358,0.000000,0.000563,0.000070,0.000000,0.000000,0.009380,0.000000
2025-08-20 12:30:00,0.069000,0.276000,discharge,0.276000,0,0.069000,0,0.276000,True,0.393845,19.692266,39.384531,20.307734,9.692266,0.000000,0.000000,0,0.000000,0.069000,0.276000,0.000000,0.000000,0.959166,0.959166,0.053077,0.000000,0.000555,0.000069,0.000000,0.000000,0.009246,0.000000
2025-08-20 12:45:00,0.070000,0.280000,discharge,0.280000,0,0.070000,0,0.280000,True,0.392386,19.619286,39.238571,20.380714,9.619286,0.000000,0.000000,0,0.000000,0.070000,0.280000,0.000000,0.000000,0.959166,0.959166,0.053807,0.000000,0.000563,0.000070,0.000000,0.000000,0.009380,0.000000
2025-08-20 13:00:00,0.070000,0.280000,discharge,0.280000,0,0.070000,0,0.280000,True,0.390926,19.546306,39.092611,20.453694,9.546306,0.000000,0.000000,0,0.000000,0.070000,0.280000,0.000000,0.000000,0.959166,0.959166,0.054537,0.000000,0.000563,0.000070,0.000000,0.000000,0.009380,0.000000
2025-08-20 13:15:00,0.069000,0.276000,discharge,0.276000,0,0.069000,0,0.276000,True,0.389487,19.474368,38.948736,20.525632,9.474368,0.000000,0.000000,0,0.000000,0.069000,0.276000,0.000000,0.000000,0.959166,0.959166,0.055256,0.000000,0.000555,0.000069,0.000000,0.000000,0.009246,0.000000
2025-08-20 13:30:00,0.070000,0.280000,discharge,0.280000,0,0.070000,0,0.280000,True,0.388028,19.401388,38.802776,20.598612,9.401388,0.000000,0.000000,0,0.000000,0.070000,0.280000,0.000000,0.000000,0.959166,0.959166,0.055986,0.000000,0.000563,0.000070,0.000000,0.000000,0.009380,0.000000
2025-08-20 13:45:00,0.070000,0.280000,discharge,0.280000,0,0.070000,0,0.280000,True,0.386568,19.328408,38.656816,20.671592,9.328408,0.000000,0.000000,0,0.000000,0.070000,0.280000,0.000000,0.000000,0.959166,0.959166,0.056716,0.000000,0.000563,0.000070,0.000000,0.000000,0.009380,0.000000
2025-08-20 14:00:00,0.069000,0.276000,discharge,0.276000,0,0.069000,0,0.276000,True,0.385129,19.256470,38.512941,20.743530,9.256470,0.000000,0.000000,0,0.000000,0.069000,0.276000,0.000000,0.000000,0.959166,0.959166,0.057435,0.000000,0.000555,0.000069,0.000000,0.000000,0.009246,0.000000
2025-08-20 14:15:00,0.070000,0.280000,discharge,0.280000,0,0.070000,0,0.280000,True,0.383670,19.183490,38.366981,20.816510,9.183490,0.000000,0.000000,0,0.000000,0.070000,0.280000,0.000000,0.000000,0.959166,0.959166,0.058165,0.000000,0.000563,0.000070,0.000000,0.000000,0.009380,0.000000
2025-08-20 14:30:00,0.070000,0.280000,discharge,0.280000,0,0.070000,0,0.280000,True,0.382210,19.110510,38.221021,20.889490,9.110510,0.000000,0.000000,0,0.000000,0.070000,0.280000,0.000000,0.000000,0.959166,0.959166,0.058895,0.000000,0.000563,0.000070,0.000000,0.000000,0.009380,0.000000
2025-08-20 14:45:00,0.070000,0.280000,discharge,0.280000,0,0.070000,0,0.280000,True,0.380751,19.037530,38.075061,20.962470,9.037530,0.000000,0.000000,0,0.000000,0.070000,0.280000,0.000000,0.000000,0.959166,0.959166,0.059625,0.000000,0.000563,0.000070,0.000000,0.000000,0.009380,0.000000
2025-08-20 15:00:00,0.070000,0.280000,discharge,0.280000,0,0.070000,0,0.280000,True,0.379291,18.964550,37.929101,21.035450,8.964550,0.000000,0.000000,0,0.000000,0.070000,0.280000,0.000000,0.000000,0.959166,0.959166,0.060354,0.000000,0.000563,0.000070,0.000000,0.000000,0.009380,0.000000
2025-08-20 15:15:00,0.070000,0.280000,discharge,0.280000,0,0.070000,0,0.280000,True,0.377831,18.891570,37.783140,21.108430,8.891570,0.000000,0.000000,0,0.000000,0.070000,0.280000,0.000000,0.000000,0.959166,0.959166,0.061084,0.000000,0.000563,0.000070,0.000000,0.000000,0.009380,0.000000
2025-08-20 15:30:00,0.070000,0.280000,discharge,0.280000,0,0.070000,0,0.280000,True,0.376372,18.818590,37.637180,21.181410,8.818590,0.000000,0.000000,0,0.000000,0.070000,0.280000,0.000000,0.000000,0.959166,0.959166,0.061814,0.000000,0.000563,0.000070,0.000000,0.000000,0.009380,0.000000
2025-08-20 15:45:00,0.070000,0.280000,discharge,0.280000,0,0.070000,0,0.280000,True,0.374912,18.745610,37.491220,21.254390,8.745610,0.000000,0.000000,0,0.000000,0.070000,0.280000,0.000000,0.000000,0.959166,0.959166,0.062544,0.000000,0.000563,0.000070,0.000000,0.000000,0.009380,0.000000
2025-08-20 16:00:00,0.071000,0.284000,discharge,0.284000,0,0.071000,0,0.284000,True,0.373432,18.671588,37.343175,21.328412,8.671588,0.000000,0.000000,0,0.000000,0.071000,0.284000,0.000000,0.000000,0.959166,0.959166,0.063284,0.000000,0.000571,0.000071,0.000000,0.000000,0.009514,0.000000
2025-08-20 16:15:00,0.071000,0.284000,discharge,0.284000,0,0.071000,0,0.284000,True,0.371951,18.597565,37.195130,21.402435,8.597565,0.000000,0.000000,0,0.000000,0.071000,0.284000,0.000000,0.000000,0.959166,0.959166,0.064024,0.000000,0.000571,0.000071,0.000000,0.000000,0.009514,0.000000
2025-08-20 16:30:00,0.071000,0.284000,discharge,0.284000,0,0.071000,0,0.284000,True,0.370471,18.523542,37.047085,21.476458,8.523542,0.000000,0.000000,0,0.000000,0.071000,0.284000,0.000000,0.000000,0.959166,0.959166,0.064765,0.000000,0.000571,0.000071,0.000000,0.000000,0.009514,0.000000
2025-08-20 16:45:00,0.071000,0.284000,discharge,0.284000,0,0.071000,0,0.284000,True,0.368990,18.449520,36.899039,21.550480,8.449520,0.000000,0.000000,0,0.000000,0.071000,0.284000,0.000000,0.000000,0.959166,0.959166,0.065505,0.000000,0.000571,0.000071,0.000000,0.000000,0.009514,0.000000
2025-08-20 17:00:00,0.071000,0.284000,discharge,0.284000,0,0.071000,0,0.284000,True,0.367510,18.375497,36.750994,21.624503,8.375497,0.000000,0.000000,0,0.000000,0.071000,0.284000,0.000000,0.000000,0.959166,0.959166,0.066245,0.000000,0.000571,0.000071,0.000000,0.000000,0.009514,0.000000
2025-08-20 17:15:00,0.071000,0.284000,discharge,0.284000,0,0.071000,0,0.284000,True,0.366029,18.301474,36.602949,21.698526,8.301474,0.000000,0.000000,0,0.000000,0.071000,0.284000,0.000000,0.000000,0.959166,0.959166,0.066985,0.000000,0.000571,0.000071,0.000000,0.000000,0.009514,0.000000
2025-08-20 17:30:00,0.072000,0.288000,discharge,0.288000,0,0.072000,0,0.288000,True,0.364528,18.226409,36.452819,21.773591,8.226409,0.000000,0.000000,0,0.000000,0.072000,0.288000,0.000000,0.000000,0.959166,0.959166,0.067736,0.000000,0.000579,0.000072,0.000000,0.000000,0.009648,0.000000
2025-08-20 17:45:00,0.071000,0.284000,discharge,0.284000,0,0.071000,0,0.284000,True,0.363048,18.152387,36.304773,21.847613,8.152387,0.000000,0.000000,0,0.000000,0.071000,0.284000,0.000000,0.000000,0.959166,0.959166,0.068476,0.000000,0.000571,0.000071,0.000000,0.000000,0.009514,0.000000
2025-08-20 18:00:00,0.071000,0.284000,discharge,0.284000,0,0.071000,0,0.284000,True,0.361567,18.078364,36.156728,21.921636,8.078364,0.000000,0.000000,0,0.000000,0.071000,0.284000,0.000000,0.000000,0.959166,0.959166,0.069216,0.000000,0.000571,0.000071,0.000000,0.000000,0.009514,0.000000
2025-08-20 18:15:00,0.072000,0.288000,discharge,0.288000,0,0.072000,0,0.288000,True,0.360066,18.003299,36.006598,21.996701,8.003299,0.000000,0.000000,0,0.000000,0.072000,0.288000,0.000000,0.000000,0.959166,0.959166,0.069967,0.000000,0.000579,0.000072,0.000000,0.000000,0.009648,0.000000
2025-08-20 18:30:00,0.071000,0.284000,discharge,0.284000,0,0.071000,0,0.284000,True,0.358586,17.929276,35.858552,22.070724,7.929276,0.000000,0.000000,0,0.000000,0.071000,0.284000,0.000000,0.000000,0.959166,0.959166,0.070707,0.000000,0.000571,0.000071,0.000000,0.000000,0.009514,0.000000
2025-08-20 18:45:00,0.071000,0.284000,discharge,0.284000,0,0.071000,0,0.284000,True,0.357105,17.855254,35.710507,22.144746,7.855254,0.000000,0.000000,0,0.000000,0.071000,0.284000,0.000000,0.000000,0.959166,0.959166,0.071447,0.000000,0.000571,0.000071,0.000000,0.000000,0.009514,0.000000
2025-08-20 19:00:00,0.071000,0.284000,discharge,0.284000,0,0.071000,0,0.284000,True,0.355625,17.781231,35.562462,22.218769,7.781231,0.000000,0.000000,0,0.000000,0.071000,0.284000,0.000000,0.000000,0.959166,0.959166,0.072188,0.000000,0.000571,0.000071,0.000000,0.000000,0.009514,0.000000
2025-08-20 19:15:00,0.070000,0.280000,discharge,0.280000,0,0.070000,0,0.280000,True,0.354165,17.708251,35.416502,22.291749,7.708251,0.000000,0.000000,0,0.000000,0.070000,0.280000,0.000000,0.000000,0.959166,0.959166,0.072917,0.000000,0.000563,0.000070,0.000000,0.000000,0.009380,0.000000
2025-08-20 19:30:00,0.070000,0.280000,discharge,0.280000,0,0.070000,0,0.280000,True,0.352705,17.635271,35.270542,22.364729,7.635271,0.000000,0.000000,0,0.000000,0.070000,0.280000,0.000000,0.000000,0.959166,0.959166,0.073647,0.000000,0.000563,0.000070,0.000000,0.000000,0.009380,0.000000
2025-08-20 19:45:00,0.071000,0.284000,discharge,0.284000,0,0.071000,0,0.284000,True,0.351225,17.561248,35.122497,22.438752,7.561248,0.000000,0.000000,0,0.000000,0.071000,0.284000,0.000000,0.000000,0.959166,0.959166,0.074388,0.000000,0.000571,0.000071,0.000000,0.000000,0.009514,0.000000
2025-08-20 20:00:00,0.071000,0.284000,discharge,0.284000,0,0.071000,0,0.284000,True,0.349745,17.487226,34.974451,22.512774,7.487226,0.000000,0.000000,0,0.000000,0.071000,0.284000,0.000000,0.000000,0.959166,0.959166,0.075128,0.000000,0.000571,0.000071,0.000000,0.000000,0.009514,0.000000
2025-08-20 20:15:00,0.071000,0.284000,discharge,0.284000,0,0.071000,0,0.284000,True,0.348264,17.413203,34.826406,22.586797,7.413203,0.000000,0.000000,0,0.000000,0.071000,0.284000,0.000000,0.000000,0.959166,0.959166,0.075868,0.000000,0.000571,0.000071,0.000000,0.000000,0.009514,0.000000
2025-08-20 20:30:00,0.070000,0.280000,discharge,0.280000,0,0.070000,0,0.280000,True,0.346804,17.340223,34.680446,22.659777,7.340223,0.000000,0.000000,0,0.000000,0.070000,0.280000,0.000000,0.000000,0.959166,0.959166,0.076598,0.000000,0.000563,0.000070,0.000000,0.000000,0.009380,0.000000
2025-08-20 20:45:00,0.071000,0.284000,discharge,0.284000,0,0.071000,0,0.284000,True,0.345324,17.266200,34.532401,22.733800,7.266200,0.000000,0.000000,0,0.000000,0.071000,0.284000,0.000000,0.000000,0.959166,0.959166,0.077338,0.000000,0.000571,0.000071,0.000000,0.000000,0.009514,0.000000
2025-08-20 21:00:00,0.070000,0.280000,discharge,0.280000,0,0.070000,0,0.280000,True,0.343864,17.193220,34.386441,22.806780,7.193220,0.000000,0.000000,0,0.000000,0.070000,0.280000,0.000000,0.000000,0.959166,0.959166,0.078068,0.000000,0.000563,0.000070,0.000000,0.000000,0.009380,0.000000
2025-08-20 21:15:00,0.071000,0.284000,discharge,0.284000,0,0.071000,0,0.284000,True,0.342384,17.119198,34.238395,22.880802,7.119198,0.000000,0.000000,0,0.000000,0.071000,0.284000,0.000000,0.000000,0.959166,0.959166,0.078808,0.000000,0.000571,0.000071,0.000000,0.000000,0.009514,0.000000
2025-08-20 21:30:00,0.070000,0.280000,discharge,0.280000,0,0.070000,0,0.280000,True,0.340924,17.046218,34.092435,22.953782,7.046218,0.000000,0.000000,0,0.000000,0.070000,0.280000,0.000000,0.000000,0.959166,0.959166,0.079538,0.000000,0.000563,0.000070,0.000000,0.000000,0.009380,0.000000
2025-08-20 21:45:00,0.071000,0.284000,discharge,0.284000,0,0.071000,0,0.284000,True,0.339444,16.972195,33.944390,23.027805,6.972195,0.000000,0.000000,0,0.000000,0.071000,0.284000,0.000000,0.000000,0.959166,0.959166,0.080278,0.000000,0.000571,0.000071,0.000000,0.000000,0.009514,0.000000
2025-08-20 22:00:00,0.071000,0.284000,discharge,0.284000,0,0.071000,0,0.284000,True,0.337963,16.898172,33.796345,23.101828,6.898172,0.000000,0.000000,0,0.000000,0.071000,0.284000,0.000000,0.000000,0.959166,0.959166,0.081018,0.000000,0.000571,0.000071,0.000000,0.000000,0.009514,0.000000
2025-08-20 22:15:00,0.071000,0.284000,discharge,0.284000,0,0.071000,0,0.284000,True,0.336483,16.824150,33.648300,23.175850,6.824150,0.000000,0.000000,0,0.000000,0.071000,0.284000,0.000000,0.000000,0.959166,0.959166,0.081759,0.000000,0.000571,0.000071,0.000000,0.000000,0.009514,0.000000
2025-08-20 22:30:00,0.071000,0.284000,discharge,0.284000,0,0.071000,0,0.284000,True,0.335003,16.750127,33.500254,23.249873,6.750127,0.000000,0.000000,0,0.000000,0.071000,0.284000,0.000000,0.000000,0.959166,0.959166,0.082499,0.000000,0.000571,0.000071,0.000000,0.000000,0.009514,0.000000
2025-08-20 22:45:00,0.070000,0.280000,discharge,0.280000,0,0.070000,0,0.280000,True,0.333543,16.677147,33.354294,23.322853,6.677147,0.000000,0.000000,0,0.000000,0.070000,0.280000,0.000000,0.000000,0.959166,0.959166,0.083229,0.000000,0.000563,0.000070,0.000000,0.000000,0.009380,0.000000
2025-08-20 23:00:00,0.070000,0.280000,discharge,0.280000,0,0.070000,0,0.280000,True,0.332083,16.604167,33.208334,23.395833,6.604167,0.000000,0.000000,0,0.000000,0.070000,0.280000,0.000000,0.000000,0.959166,0.959166,0.083958,0.000000,0.000563,0.000070,0.000000,0.000000,0.009380,0.000000
2025-08-20 23:15:00,0.071000,0.284000,discharge,0.284000,0,0.071000,0,0.284000,True,0.330603,16.530145,33.060289,23.469855,6.530145,0.000000,0.000000,0,0.000000,0.071000,0.284000,0.000000,0.000000,0.959166,0.959166,0.084699,0.000000,0.000571,0.000071,0.000000,0.000000,0.009514,0.000000
2025-08-20 23:30:00,0.070000,0.280000,discharge,0.280000,0,0.070000,0,0.280000,True,0.329143,16.457164,32.914329,23.542836,6.457164,0.000000,0.000000,0,0.000000,0.070000,0.280000,0.000000,0.000000,0.959166,0.959166,0.085428,0.000000,0.000563,0.000070,0.000000,0.000000,0.009380,0.000000
2025-08-20 23:45:00,0.050000,0.200000,discharge,0.200000,0,0.050000,0,0.200000,True,0.328101,16.405036,32.810072,23.594964,6.405036,0.000000,0.000000,0,0.000000,0.050000,0.200000,0.000000,0.000000,0.959166,0.959166,0.085950,0.000000,0.000402,0.000050,0.000000,0.000000,0.006700,0.000000
2025-08-21 00:00:00,0.039000,0.156000,discharge,0.156000,0,0.039000,0,0.156000,True,0.327288,16.364376,32.728751,23.635624,6.364376,0.000000,0.000000,0,0.000000,0.039000,0.156000,0.000000,0.000000,0.959166,0.959166,0.086356,0.000000,0.000314,0.000039,0.000000,0.000000,0.005226,0.000000
2025-08-21 00:15:00,0.019000,0.076000,discharge,0.076000,0,0.019000,0,0.076000,True,0.326891,16.344567,32.689133,23.655433,6.344567,0.000000,0.000000,0,0.000000,0.019000,0.076000,0.000000,0.000000,0.959166,0.959166,0.086554,0.000000,0.000153,0.000019,0.000000,0.000000,0.002546,0.000000
2025-08-21 00:30:00,0.013000,0.052000,discharge,0.052000,0,0.013000,0,0.052000,True,0.326620,16.331013,32.662026,23.668987,6.331013,0.000000,0.000000,0,0.000000,0.013000,0.052000,0.000000,0.000000,0.959166,0.959166,0.086690,0.000000,0.000105,0.000013,0.000000,0.000000,0.001742,0.000000
2025-08-21 00:45:00,0.012000,0.048000,discharge,0.048000,0,0.012000,0,0.048000,True,0.326370,16.318502,32.637005,23.681498,6.318502,0.000000,0.000000,0,0.000000,0.012000,0.048000,0.000000,0.000000,0.959166,0.959166,0.086815,0.000000,0.000096,0.000012,0.000000,0.000000,0.001608,0.000000
2025-08-21 01:00:00,0.013000,0.052000,discharge,0.052000,0,0.013000,0,0.052000,True,0.326099,16.304949,32.609898,23.695051,6.304949,0.000000,0.000000,0,0.000000,0.013000,0.052000,0.000000,0.000000,0.959166,0.959166,0.086951,0.000000,0.000105,0.000013,0.000000,0.000000,0.001742,0.000000
2025-08-21 01:15:00,0.013000,0.052000,discharge,0.052000,0,0.013000,0,0.052000,True,0.325828,16.291395,32.582791,23.708605,6.291395,0.000000,0.000000,0,0.000000,0.013000,0.052000,0.000000,0.000000,0.959166,0.959166,0.087086,0.000000,0.000105,0.000013,0.000000,0.000000,0.001742,0.000000
2025-08-21 01:30:00,0.012000,0.048000,discharge,0.048000,0,0.012000,0,0.048000,True,0.325578,16.278885,32.557769,23.721115,6.278885,0.000000,0.000000,0,0.000000,0.012000,0.048000,0.000000,0.000000,0.959166,0.959166,0.087211,0.000000,0.000096,0.000012,0.000000,0.000000,0.001608,0.000000
2025-08-21 01:45:00,0.013000,0.052000,discharge,0.052000,0,0.013000,0,0.052000,True,0.325307,16.265331,32.530662,23.734669,6.265331,0.000000,0.000000,0,0.000000,0.013000,0.052000,0.000000,0.000000,0.959166,0.959166,0.087347,0.000000,0.000105,0.000013,0.000000,0.000000,0.001742,0.000000
2025-08-21 02:00:00,0.012000,0.048000,discharge,0.048000,0,0.012000,0,0.048000,True,0.325056,16.252820,32.505641,23.747180,6.252820,0.000000,0.000000,0,0.000000,0.012000,0.048000,0.000000,0.000000,0.959166,0.959166,0.087472,0.000000,0.000096,0.000012,0.000000,0.000000,0.001608,0.000000
2025-08-21 02:15:00,0.013000,0.052000,discharge,0.052000,0,0.013000,0,0.052000,True,0.324785,16.239267,32.478534,23.760733,6.239267,0.000000,0.000000,0,0.000000,0.013000,0.052000,0.000000,0.000000,0.959166,0.959166,0.087607,0.000000,0.000105,0.000013,0.000000,0.000000,0.001742,0.000000
2025-08-21 02:30:00,0.040000,0.160000,discharge,0.160000,0,0.040000,0,0.160000,True,0.323951,16.197564,32.395128,23.802436,6.197564,0.000000,0.000000,0,0.000000,0.040000,0.160000,0.000000,0.000000,0.959166,0.959166,0.088024,0.000000,0.000322,0.000040,0.000000,0.000000,0.005360,0.000000
2025-08-21 02:45:00,0.030000,0.120000,discharge,0.120000,0,0.030000,0,0.120000,True,0.323326,16.166287,32.332574,23.833713,6.166287,0.000000,0.000000,0,0.000000,0.030000,0.120000,0.000000,0.000000,0.959166,0.959166,0.088337,0.000000,0.000241,0.000030,0.000000,0.000000,0.004020,0.000000
2025-08-21 03:00:00,0.006000,0.024000,discharge,0.024000,0,0.006000,0,0.024000,True,0.323201,16.160031,32.320063,23.839969,6.160031,0.000000,0.000000,0,0.000000,0.006000,0.024000,0.000000,0.000000,0.959166,0.959166,0.088400,0.000000,0.000048,0.000006,0.000000,0.000000,0.000804,0.000000
2025-08-21 03:15:00,0.000000,0.000000,idle,0.000000,0,0.000000,0,0.000000,True,0.323201,16.160031,32.320063,23.839969,6.160031,0.000000,0.000000,0,0.000000,0.000000,0.000000,0.000000,0.000000,0.959166,0.959166,0.088400,0.000000,0.000000,0.000000,0.000000,0.000000,0.000000,0.000000
2025-08-21 03:30:00,0.000000,0.000000,idle,0.000000,0,0.000000,0,0.000000,True,0.323201,16.160031,32.320063,23.839969,6.160031,0.000000,0.000000,0,0.000000,0.000000,0.000000,0.000000,0.000000,0.959166,0.959166,0.088400,0.000000,0.000000,0.000000,0.000000,0.000000,0.000000,0.000000
2025-08-21 03:45:00,0.000000,0.000000,idle,0.000000,0,0.000000,0,0.000000,True,0.323201,16.160031,32.320063,23.839969,6.160031,0.000000,0.000000,0,0.000000,0.000000,0.000000,0.000000,0.000000,0.959166,0.959166,0.088400,0.000000,0.000000,0.000000,0.000000,0.000000,0.000000,0.000000
2025-08-21 04:00:00,0.000000,0.000000,idle,0.000000,0,0.000000,0,0.000000,True,0.323201,16.160031,32.320063,23.839969,6.160031,0.000000,0.000000,0,0.000000,0.000000,0.000000,0.000000,0.000000,0.959166,0.959166,0.088400,0.000000,0.000000,0.000000,0.000000,0.000000,0.000000,0.000000
2025-08-21 04:15:00,0.000000,0.000000,idle,0.000000,0,0.000000,0,0.000000,True,0.323201,16.160031,32.320063,23.839969,6.160031,0.000000,0.000000,0,0.000000,0.000000,0.000000,0.000000,0.000000,0.959166,0.959166,0.088400,0.000000,0.000000,0.000000,0.000000,0.000000,0.000000,0.000000
2025-08-21 04:30:00,0.000000,0.000000,idle,0.000000,0,0.000000,0,0.000000,True,0.323201,16.160031,32.320063,23.839969,6.160031,0.000000,0.000000,0,0.000000,0.000000,0.000000,0.000000,0.000000,0.959166,0.959166,0.088400,0.000000,0.000000,0.000000,0.000000,0.000000,0.000000,0.000000
2025-08-21 04:45:00,0.029000,0.116000,discharge,0.116000,0,0.029000,0,0.116000,True,0.322596,16.129797,32.259594,23.870203,6.129797,0.000000,0.000000,0,0.000000,0.029000,0.116000,0.000000,0.000000,0.959166,0.959166,0.088702,0.000000,0.000233,0.000029,0.000000,0.000000,0.003886,0.000000
2025-08-21 05:00:00,0.038000,0.152000,discharge,0.152000,0,0.038000,0,0.152000,True,0.321804,16.090179,32.180358,23.909821,6.090179,0.000000,0.000000,0,0.000000,0.038000,0.152000,0.000000,0.000000,0.959166,0.959166,0.089098,0.000000,0.000306,0.000038,0.000000,0.000000,0.005092,0.000000
2025-08-21 05:15:00,0.019000,0.076000,discharge,0.076000,0,0.019000,0,0.076000,True,0.321407,16.070370,32.140740,23.929630,6.070370,0.000000,0.000000,0,0.000000,0.019000,0.076000,0.000000,0.000000,0.959166,0.959166,0.089296,0.000000,0.000153,0.000019,0.000000,0.000000,0.002546,0.000000
2025-08-21 05:30:00,0.020000,0.080000,discharge,0.080000,0,0.020000,0,0.080000,True,0.320990,16.049519,32.099038,23.950481,6.049519,0.000000,0.000000,0,0.000000,0.020000,0.080000,0.000000,0.000000,0.959166,0.959166,0.089505,0.000000,0.000161,0.000020,0.000000,0.000000,0.002680,0.000000
2025-08-21 05:45:00,0.028000,0.112000,discharge,0.112000,0,0.028000,0,0.112000,True,0.320407,16.020327,32.040654,23.979673,6.020327,0.000000,0.000000,0,0.000000,0.028000,0.112000,0.000000,0.000000,0.959166,0.959166,0.089797,0.000000,0.000225,0.000028,0.000000,0.000000,0.003752,0.000000
2025-08-21 06:00:00,0.012000,0.048000,discharge,0.048000,0,0.012000,0,0.048000,True,0.320156,16.007816,32.015632,23.992184,6.007816,0.000000,0.000000,0,0.000000,0.012000,0.048000,0.000000,0.000000,0.959166,0.959166,0.089922,0.000000,0.000096,0.000012,0.000000,0.000000,0.001608,0.000000
2025-08-21 06:15:00,0.032000,0.128000,discharge,0.128000,0,0.032000,0,0.128000,True,0.319489,15.974454,31.948907,24.025546,5.974454,0.000000,0.000000,0,0.000000,0.032000,0.128000,0.000000,0.000000,0.959166,0.959166,0.090255,0.000000,0.000257,0.000032,0.000000,0.000000,0.004288,0.000000
2025-08-21 06:30:00,0.016000,0.064000,discharge,0.064000,0,0.016000,0,0.064000,True,0.319155,15.957772,31.915545,24.042228,5.957772,0.000000,0.000000,0,0.000000,0.016000,0.064000,0.000000,0.000000,0.959166,0.959166,0.090422,0.000000,0.000129,0.000016,0.000000,0.000000,0.002144,0.000000
2025-08-21 06:45:00,0.015000,0.060000,discharge,0.060000,0,0.015000,0,0.060000,True,0.318843,15.942134,31.884268,24.057866,5.942134,0.000000,0.000000,0,0.000000,0.015000,0.060000,0.000000,0.000000,0.959166,0.959166,0.090579,0.000000,0.000121,0.000015,0.000000,0.000000,0.002010,0.000000
2025-08-21 07:00:00,0.033000,0.132000,discharge,0.132000,0,0.033000,0,0.132000,True,0.318155,15.907729,31.815458,24.092271,5.907729,0.000000,0.000000,0,0.000000,0.033000,0.132000,0.000000,0.000000,0.959166,0.959166,0.090923,0.000000,0.000265,0.000033,0.000000,0.000000,0.004422,0.000000
2025-08-21 07:15:00,0.013000,0.052000,discharge,0.052000,0,0.013000,0,0.052000,True,0.317884,15.894176,31.788351,24.105824,5.894176,0.000000,0.000000,0,0.000000,0.013000,0.052000,0.000000,0.000000,0.959166,0.959166,0.091058,0.000000,0.000105,0.000013,0.000000,0.000000,0.001742,0.000000
2025-08-21 07:30:00,0.021000,0.084000,discharge,0.084000,0,0.021000,0,0.084000,True,0.317446,15.872282,31.744563,24.127718,5.872282,0.000000,0.000000,0,0.000000,0.021000,0.084000,0.000000,0.000000,0.959166,0.959166,0.091277,0.000000,0.000169,0.000021,0.000000,0.000000,0.002814,0.000000
2025-08-21 07:45:00,0.028000,0.112000,discharge,0.112000,0,0.028000,0,0.112000,True,0.316862,15.843090,31.686179,24.156910,5.843090,0.000000,0.000000,0,0.000000,0.028000,0.112000,0.000000,0.000000,0.959166,0.959166,0.091569,0.000000,0.000225,0.000028,0.000000,0.000000,0.003752,0.000000
2025-08-21 08:00:00,0.012000,0.048000,discharge,0.048000,0,0.012000,0,0.048000,True,0.316612,15.830579,31.661157,24.169421,5.830579,0.000000,0.000000,0,0.000000,0.012000,0.048000,0.000000,0.000000,0.959166,0.959166,0.091694,0.000000,0.000096,0.000012,0.000000,0.000000,0.001608,0.000000
2025-08-21 08:15:00,0.024000,0.096000,discharge,0.096000,0,0.024000,0,0.096000,True,0.316111,15.805557,31.611114,24.194443,5.805557,0.000000,0.000000,0,0.000000,0.024000,0.096000,0.000000,0.000000,0.959166,0.959166,0.091944,0.000000,0.000193,0.000024,0.000000,0.000000,0.003216,0.000000
2025-08-21 08:30:00,0.024000,0.096000,discharge,0.096000,0,0.024000,0,0.096000,True,0.315611,15.780535,31.561070,24.219465,5.780535,0.000000,0.000000,0,0.000000,0.024000,0.096000,0.000000,0.000000,0.959166,0.959166,0.092195,0.000000,0.000193,0.000024,0.000000,0.000000,0.003216,0.000000
2025-08-21 08:45:00,0.013000,0.052000,discharge,0.052000,0,0.013000,0,0.052000,True,0.315340,15.766982,31.533963,24.233018,5.766982,0.000000,0.000000,0,0.000000,0.013000,0.052000,0.000000,0.000000,0.959166,0.959166,0.092330,0.000000,0.000105,0.000013,0.000000,0.000000,0.001742,0.000000
2025-08-21 09:00:00,0.026000,0.104000,discharge,0.104000,0,0.026000,0,0.104000,True,0.314797,15.739875,31.479750,24.260125,5.739875,0.000000,0.000000,0,0.000000,0.026000,0.104000,0.000000,0.000000,0.959166,0.959166,0.092601,0.000000,0.000209,0.000026,0.000000,0.000000,0.003484,0.000000
2025-08-21 09:15:00,0.021000,0.084000,discharge,0.084000,0,0.021000,0,0.084000,True,0.314360,15.717981,31.435962,24.282019,5.717981,0.000000,0.000000,0,0.000000,0.021000,0.084000,0.000000,0.000000,0.959166,0.959166,0.092820,0.000000,0.000169,0.000021,0.000000,0.000000,0.002814,0.000000
2025-08-21 09:30:00,0.013000,0.052000,discharge,0.052000,0,0.013000,0,0.052000,True,0.314089,15.704427,31.408855,24.295573,5.704427,0.000000,0.000000,0,0.000000,0.013000,0.052000,0.000000,0.000000,0.959166,0.959166,0.092956,0.000000,0.000105,0.000013,0.000000,0.000000,0.001742,0.000000
2025-08-21 09:45:00,0.028000,0.112000,discharge,0.112000,0,0.028000,0,0.112000,True,0.313505,15.675235,31.350471,24.324765,5.675235,0.000000,0.000000,0,0.000000,0.028000,0.112000,0.000000,0.000000,0.959166,0.959166,0.093248,0.000000,0.000225,0.000028,0.000000,0.000000,0.003752,0.000000
2025-08-21 10:00:00,0.022000,0.088000,discharge,0.088000,0,0.022000,0,0.088000,True,0.313046,15.652299,31.304598,24.347701,5.652299,0.000000,0.000000,0,0.000000,0.022000,0.088000,0.000000,0.000000,0.959166,0.959166,0.093477,0.000000,0.000177,0.000022,0.000000,0.000000,0.002948,0.000000
2025-08-21 10:15:00,0.012000,0.048000,discharge,0.048000,0,0.012000,0,0.048000,True,0.312796,15.639788,31.279576,24.360212,5.639788,0.000000,0.000000,0,0.000000,0.012000,0.048000,0.000000,0.000000,0.959166,0.959166,0.093602,0.000000,0.000096,0.000012,0.000000,0.000000,0.001608,0.000000
2025-08-21 10:30:00,0.027000,0.108000,discharge,0.108000,0,0.027000,0,0.108000,True,0.312233,15.611639,31.223277,24.388361,5.611639,0.000000,0.000000,0,0.000000,0.027000,0.108000,0.000000,0.000000,0.959166,0.959166,0.093884,0.000000,0.000217,0.000027,0.000000,0.000000,0.003618,0.000000
2025-08-21 10:45:00,0.023000,0.092000,discharge,0.092000,0,0.023000,0,0.092000,True,0.311753,15.587659,31.175319,24.412341,5.587659,0.000000,0.000000,0,0.000000,0.023000,0.092000,0.000000,0.000000,0.959166,0.959166,0.094123,0.000000,0.000185,0.000023,0.000000,0.000000,0.003082,0.000000
2025-08-21 11:00:00,0.012000,0.048000,discharge,0.048000,0,0.012000,0,0.048000,True,0.311503,15.575148,31.150297,24.424852,5.575148,0.000000,0.000000,0,0.000000,0.012000,0.048000,0.000000,0.000000,0.959166,0.959166,0.094249,0.000000,0.000096,0.000012,0.000000,0.000000,0.001608,0.000000
2025-08-21 11:15:00,0.026000,0.104000,discharge,0.104000,0,0.026000,0,0.104000,True,0.310961,15.548042,31.096083,24.451958,5.548042,0.000000,0.000000,0,0.000000,0.026000,0.104000,0.000000,0.000000,0.959166,0.959166,0.094520,0.000000,0.000209,0.000026,0.000000,0.000000,0.003484,0.000000
2025-08-21 11:30:00,0.027000,0.108000,discharge,0.108000,0,0.027000,0,0.108000,True,0.310398,15.519892,31.039784,24.480108,5.519892,0.000000,0.000000,0,0.000000,0.027000,0.108000,0.000000,0.000000,0.959166,0.959166,0.094801,0.000000,0.000217,0.000027,0.000000,0.000000,0.003618,0.000000
2025-08-21 11:45:00,0.013000,0.052000,discharge,0.052000,0,0.013000,0,0.052000,True,0.310127,15.506339,31.012677,24.493661,5.506339,0.000000,0.000000,0,0.000000,0.013000,0.052000,0.000000,0.000000,0.959166,0.959166,0.094937,0.000000,0.000105,0.000013,0.000000,0.000000,0.001742,0.000000
2025-08-21 12:00:00,0.020000,0.080000,discharge,0.080000,0,0.020000,0,0.080000,True,0.309710,15.485487,30.970975,24.514513,5.485487,0.000000,0.000000,0,0.000000,0.020000,0.080000,0.000000,0.000000,0.959166,0.959166,0.095145,0.000000,0.000161,0.000020,0.000000,0.000000,0.002680,0.000000
2025-08-21 12:15:00,0.032000,0.128000,discharge,0.128000,0,0.032000,0,0.128000,True,0.309042,15.452125,30.904250,24.547875,5.452125,0.000000,0.000000,0,0.000000,0.032000,0.128000,0.000000,0.000000,0.959166,0.959166,0.095479,0.000000,0.000257,0.000032,0.000000,0.000000,0.004288,0.000000
2025-08-21 12:30:00,0.013000,0.052000,discharge,0.052000,0,0.013000,0,0.052000,True,0.308771,15.438572,30.877143,24.561428,5.438572,0.000000,0.000000,0,0.000000,0.013000,0.052000,0.000000,0.000000,0.959166,0.959166,0.095614,0.000000,0.000105,0.000013,0.000000,0.000000,0.001742,0.000000
2025-08-21 12:45:00,0.016000,0.064000,discharge,0.064000,0,0.016000,0,0.064000,True,0.308438,15.421890,30.843781,24.578110,5.421890,0.000000,0.000000,0,0.000000,0.016000,0.064000,0.000000,0.000000,0.959166,0.959166,0.095781,0.000000,0.000129,0.000016,0.000000,0.000000,0.002144,0.000000
2025-08-21 13:00:00,0.037000,0.148000,discharge,0.148000,0,0.037000,0,0.148000,True,0.307666,15.383315,30.766630,24.616685,5.383315,0.000000,0.000000,0,0.000000,0.037000,0.148000,0.000000,0.000000,0.959166,0.959166,0.096167,0.000000,0.000297,0.000037,0.000000,0.000000,0.004958,0.000000
2025-08-21 13:15:00,0.013000,0.052000,discharge,0.052000,0,0.013000,0,0.052000,True,0.307395,15.369762,30.739524,24.630238,5.369762,0.000000,0.000000,0,0.000000,0.013000,0.052000,0.000000,0.000000,0.959166,0.959166,0.096302,0.000000,0.000105,0.000013,0.000000,0.000000,0.001742,0.000000
2025-08-21 13:30:00,0.012000,0.048000,discharge,0.048000,0,0.012000,0,0.048000,True,0.307145,15.357251,30.714502,24.642749,5.357251,0.000000,0.000000,0,0.000000,0.012000,0.048000,0.000000,0.000000,0.959166,0.959166,0.096427,0.000000,0.000096,0.000012,0.000000,0.000000,0.001608,0.000000
2025-08-21 13:45:00,0.037000,0.148000,discharge,0.148000,0,0.037000,0,0.148000,True,0.306374,15.318676,30.637352,24.681324,5.318676,0.000000,0.000000,0,0.000000,0.037000,0.148000,0.000000,0.000000,0.959166,0.959166,0.096813,0.000000,0.000297,0.000037,0.000000,0.000000,0.004958,0.000000
2025-08-21 14:00:00,0.016000,0.064000,discharge,0.064000,0,0.016000,0,0.064000,True,0.306040,15.301995,30.603989,24.698005,5.301995,0.000000,0.000000,0,0.000000,0.016000,0.064000,0.000000,0.000000,0.959166,0.959166,0.096980,0.000000,0.000129,0.000016,0.000000,0.000000,0.002144,0.000000
2025-08-21 14:15:00,0.013000,0.052000,discharge,0.052000,0,0.013000,0,0.052000,True,0.305769,15.288441,30.576882,24.711559,5.288441,0.000000,0.000000,0,0.000000,0.013000,0.052000,0.000000,0.000000,0.959166,0.959166,0.097116,0.000000,0.000105,0.000013,0.000000,0.000000,0.001742,0.000000
2025-08-21 14:30:00,0.032000,0.128000,discharge,0.128000,0,0.032000,0,0.128000,True,0.305102,15.255079,30.510158,24.744921,5.255079,0.000000,0.000000,0,0.000000,0.032000,0.128000,0.000000,0.000000,0.959166,0.959166,0.097449,0.000000,0.000257,0.000032,0.000000,0.000000,0.004288,0.000000
2025-08-21 14:45:00,0.022000,0.088000,discharge,0.088000,0,0.022000,0,0.088000,True,0.304643,15.232142,30.464285,24.767858,5.232142,0.000000,0.000000,0,0.000000,0.022000,0.088000,0.000000,0.000000,0.959166,0.959166,0.097679,0.000000,0.000177,0.000022,0.000000,0.000000,0.002948,0.000000
2025-08-21 15:00:00,0.013000,0.052000,discharge,0.052000,0,0.013000,0,0.052000,True,0.304372,15.218589,30.437178,24.781411,5.218589,0.000000,0.000000,0,0.000000,0.013000,0.052000,0.000000,0.000000,0.959166,0.959166,0.097814,0.000000,0.000105,0.000013,0.000000,0.000000,0.001742,0.000000
2025-08-21 15:15:00,0.027000,0.108000,discharge,0.108000,0,0.027000,0,0.108000,True,0.303809,15.190439,30.380879,24.809561,5.190439,0.000000,0.000000,0,0.000000,0.027000,0.108000,0.000000,0.000000,0.959166,0.959166,0.098096,0.000000,0.000217,0.000027,0.000000,0.000000,0.003618,0.000000
2025-08-21 15:30:00,0.027000,0.108000,discharge,0.108000,0,0.027000,0,0.108000,True,0.303246,15.162290,30.324580,24.837710,5.162290,0.000000,0.000000,0,0.000000,0.027000,0.108000,0.000000,0.000000,0.959166,0.959166,0.098377,0.000000,0.000217,0.000027,0.000000,0.000000,0.003618,0.000000
2025-08-21 15:45:00,0.012000,0.048000,discharge,0.048000,0,0.012000,0,0.048000,True,0.302996,15.149779,30.299558,24.850221,5.149779,0.000000,0.000000,0,0.000000,0.012000,0.048000,0.000000,0.000000,0.959166,0.959166,0.098502,0.000000,0.000096,0.000012,0.000000,0.000000,0.001608,0.000000
2025-08-21 16:00:00,0.022000,0.088000,discharge,0.088000,0,0.022000,0,0.088000,True,0.302537,15.126842,30.253685,24.873158,5.126842,0.000000,0.000000,0,0.000000,0.022000,0.088000,0.000000,0.000000,0.959166,0.959166,0.098732,0.000000,0.000177,0.000022,0.000000,0.000000,0.002948,0.000000
2025-08-21 16:15:00,0.033000,0.132000,discharge,0.132000,0,0.033000,0,0.132000,True,0.301849,15.092438,30.184875,24.907562,5.092438,0.000000,0.000000,0,0.000000,0.033000,0.132000,0.000000,0.000000,0.959166,0.959166,0.099076,0.000000,0.000265,0.000033,0.000000,0.000000,0.004422,0.000000
2025-08-21 16:30:00,0.013000,0.052000,discharge,0.052000,0,0.013000,0,0.052000,True,0.301578,15.078884,30.157768,24.921116,5.078884,0.000000,0.000000,0,0.000000,0.013000,0.052000,0.000000,0.000000,0.959166,0.959166,0.099211,0.000000,0.000105,0.000013,0.000000,0.000000,0.001742,0.000000
2025-08-21 16:45:00,0.016000,0.064000,discharge,0.064000,0,0.016000,0,0.064000,True,0.301244,15.062203,30.124406,24.937797,5.062203,0.000000,0.000000,0,0.000000,0.016000,0.064000,0.000000,0.000000,0.959166,0.959166,0.099378,0.000000,0.000129,0.000016,0.000000,0.000000,0.002144,0.000000
2025-08-21 17:00:00,0.039000,0.156000,discharge,0.156000,0,0.039000,0,0.156000,True,0.300431,15.021543,30.043085,24.978457,5.021543,0.000000,0.000000,0,0.000000,0.039000,0.156000,0.000000,0.000000,0.959166,0.959166,0.099785,0.000000,0.000314,0.000039,0.000000,0.000000,0.005226,0.000000
2025-08-21 17:15:00,0.014000,0.056000,discharge,0.056000,0,0.014000,0,0.056000,True,0.300139,15.006947,30.013893,24.993053,5.006947,0.000000,0.000000,0,0.000000,0.014000,0.056000,0.000000,0.000000,0.959166,0.959166,0.099931,0.000000,0.000113,0.000014,0.000000,0.000000,0.001876,0.000000
2025-08-21 17:30:00,0.012000,0.048000,discharge,0.048000,0,0.012000,0,0.048000,True,0.299889,14.994436,29.988872,25.005564,4.994436,0.000000,0.000000,0,0.000000,0.012000,0.048000,0.000000,0.000000,0.959166,0.959166,0.100056,0.000000,0.000096,0.000012,0.000000,0.000000,0.001608,0.000000
2025-08-21 17:45:00,0.037000,0.148000,discharge,0.148000,0,0.037000,0,0.148000,True,0.299117,14.955861,29.911721,25.044139,4.955861,0.000000,0.000000,0,0.000000,0.037000,0.148000,0.000000,0.000000,0.959166,0.959166,0.100441,0.000000,0.000297,0.000037,0.000000,0.000000,0.004958,0.000000
2025-08-21 18:00:00,0.021000,0.084000,discharge,0.084000,0,0.021000,0,0.084000,True,0.298679,14.933967,29.867933,25.066033,4.933967,0.000000,0.000000,0,0.000000,0.021000,0.084000,0.000000,0.000000,0.959166,0.959166,0.100660,0.000000,0.000169,0.000021,0.000000,0.000000,0.002814,0.000000
2025-08-21 18:15:00,0.012000,0.048000,discharge,0.048000,0,0.012000,0,0.048000,True,0.298429,14.921456,29.842912,25.078544,4.921456,0.000000,0.000000,0,0.000000,0.012000,0.048000,0.000000,0.000000,0.959166,0.959166,0.100785,0.000000,0.000096,0.000012,0.000000,0.000000,0.001608,0.000000
2025-08-21 18:30:00,0.030000,0.120000,discharge,0.120000,0,0.030000,0,0.120000,True,0.297804,14.890179,29.780357,25.109821,4.890179,0.000000,0.000000,0,0.000000,0.030000,0.120000,0.000000,0.000000,0.959166,0.959166,0.101098,0.000000,0.000241,0.000030,0.000000,0.000000,0.004020,0.000000
2025-08-21 18:45:00,0.027000,0.108000,discharge,0.108000,0,0.027000,0,0.108000,True,0.297241,14.862029,29.724058,25.137971,4.862029,0.000000,0.000000,0,0.000000,0.027000,0.108000,0.000000,0.000000,0.959166,0.959166,0.101380,0.000000,0.000217,0.000027,0.000000,0.000000,0.003618,0.000000
2025-08-21 19:00:00,0.013000,0.052000,discharge,0.052000,0,0.013000,0,0.052000,True,0.296970,14.848476,29.696952,25.151524,4.848476,0.000000,0.000000,0,0.000000,0.013000,0.052000,0.000000,0.000000,0.959166,0.959166,0.101515,0.000000,0.000105,0.000013,0.000000,0.000000,0.001742,0.000000
2025-08-21 19:15:00,0.022000,0.088000,discharge,0.088000,0,0.022000,0,0.088000,True,0.296511,14.825539,29.651078,25.174461,4.825539,0.000000,0.000000,0,0.000000,0.022000,0.088000,0.000000,0.000000,0.959166,0.959166,0.101745,0.000000,0.000177,0.000022,0.000000,0.000000,0.002948,0.000000
2025-08-21 19:30:00,0.034000,0.136000,discharge,0.136000,0,0.034000,0,0.136000,True,0.295802,14.790092,29.580183,25.209908,4.790092,0.000000,0.000000,0,0.000000,0.034000,0.136000,0.000000,0.000000,0.959166,0.959166,0.102099,0.000000,0.000273,0.000034,0.000000,0.000000,0.004556,0.000000
2025-08-21 19:45:00,0.012000,0.048000,discharge,0.048000,0,0.012000,0,0.048000,True,0.295552,14.777581,29.555162,25.222419,4.777581,0.000000,0.000000,0,0.000000,0.012000,0.048000,0.000000,0.000000,0.959166,0.959166,0.102224,0.000000,0.000096,0.000012,0.000000,0.000000,0.001608,0.000000
2025-08-21 20:00:00,0.017000,0.068000,discharge,0.068000,0,0.017000,0,0.068000,True,0.295197,14.759857,29.519714,25.240143,4.759857,0.000000,0.000000,0,0.000000,0.017000,0.068000,0.000000,0.000000,0.959166,0.959166,0.102401,0.000000,0.000137,0.000017,0.000000,0.000000,0.002278,0.000000
2025-08-21 20:15:00,0.039000,0.156000,discharge,0.156000,0,0.039000,0,0.156000,True,0.294384,14.719197,29.438394,25.280803,4.719197,0.000000,0.000000,0,0.000000,0.039000,0.156000,0.000000,0.000000,0.959166,0.959166,0.102808,0.000000,0.000314,0.000039,0.000000,0.000000,0.005226,0.000000
2025-08-21 20:30:00,0.013000,0.052000,discharge,0.052000,0,0.013000,0,0.052000,True,0.294113,14.705643,29.411287,25.294357,4.705643,0.000000,0.000000,0,0.000000,0.013000,0.052000,0.000000,0.000000,0.959166,0.959166,0.102944,0.000000,0.000105,0.000013,0.000000,0.000000,0.001742,0.000000
2025-08-21 20:45:00,0.013000,0.052000,discharge,0.052000,0,0.013000,0,0.052000,True,0.293842,14.692090,29.384180,25.307910,4.692090,0.000000,0.000000,0,0.000000,0.013000,0.052000,0.000000,0.000000,0.959166,0.959166,0.103079,0.000000,0.000105,0.000013,0.000000,0.000000,0.001742,0.000000
2025-08-21 21:00:00,0.037000,0.148000,discharge,0.148000,0,0.037000,0,0.148000,True,0.293070,14.653515,29.307030,25.346485,4.653515,0.000000,0.000000,0,0.000000,0.037000,0.148000,0.000000,0.000000,0.959166,0.959166,0.103465,0.000000,0.000297,0.000037,0.000000,0.000000,0.004958,0.000000
2025-08-21 21:15:00,0.019000,0.076000,discharge,0.076000,0,0.019000,0,0.076000,True,0.292674,14.633706,29.267412,25.366294,4.633706,0.000000,0.000000,0,0.000000,0.019000,0.076000,0.000000,0.000000,0.959166,0.959166,0.103663,0.000000,0.000153,0.000019,0.000000,0.000000,0.002546,0.000000
2025-08-21 21:30:00,0.013000,0.052000,discharge,0.052000,0,0.013000,0,0.052000,True,0.292403,14.620152,29.240305,25.379848,4.620152,0.000000,0.000000,0,0.000000,0.013000,0.052000,0.000000,0.000000,0.959166,0.959166,0.103798,0.000000,0.000105,0.000013,0.000000,0.000000,0.001742,0.000000
2025-08-21 21:45:00,0.032000,0.128000,discharge,0.128000,0,0.032000,0,0.128000,True,0.291736,14.586790,29.173580,25.413210,4.586790,0.000000,0.000000,0,0.000000,0.032000,0.128000,0.000000,0.000000,0.959166,0.959166,0.104132,0.000000,0.000257,0.000032,0.000000,0.000000,0.004288,0.000000
2025-08-21 22:00:00,0.025000,0.100000,discharge,0.100000,0,0.025000,0,0.100000,True,0.291215,14.560726,29.121452,25.439274,4.560726,0.000000,0.000000,0,0.000000,0.025000,0.100000,0.000000,0.000000,0.959166,0.959166,0.104393,0.000000,0.000201,0.000025,0.000000,0.000000,0.003350,0.000000
2025-08-21 22:15:00,0.013000,0.052000,discharge,0.052000,0,0.013000,0,0.052000,True,0.290943,14.547172,29.094345,25.452828,4.547172,0.000000,0.000000,0,0.000000,0.013000,0.052000,0.000000,0.000000,0.959166,0.959166,0.104528,0.000000,0.000105,0.000013,0.000000,0.000000,0.001742,0.000000
2025-08-21 22:30:00,0.025000,0.100000,discharge,0.100000,0,0.025000,0,0.100000,True,0.290422,14.521108,29.042216,25.478892,4.521108,0.000000,0.000000,0,0.000000,0.025000,0.100000,0.000000,0.000000,0.959166,0.959166,0.104789,0.000000,0.000201,0.000025,0.000000,0.000000,0.003350,0.000000
2025-08-21 22:45:00,0.031000,0.124000,discharge,0.124000,0,0.031000,0,0.124000,True,0.289776,14.488788,28.977577,25.511212,4.488788,0.000000,0.000000,0,0.000000,0.031000,0.124000,0.000000,0.000000,0.959166,0.959166,0.105112,0.000000,0.000249,0.000031,0.000000,0.000000,0.004154,0.000000
2025-08-21 23:00:00,0.013000,0.052000,discharge,0.052000,0,0.013000,0,0.052000,True,0.289505,14.475235,28.950470,25.524765,4.475235,0.000000,0.000000,0,0.000000,0.013000,0.052000,0.000000,0.000000,0.959166,0.959166,0.105248,0.000000,0.000105,0.000013,0.000000,0.000000,0.001742,0.000000
2025-08-21 23:15:00,0.020000,0.080000,discharge,0.080000,0,0.020000,0,0.080000,True,0.289088,14.454384,28.908767,25.545616,4.454384,0.000000,0.000000,0,0.000000,0.020000,0.080000,0.000000,0.000000,0.959166,0.959166,0.105456,0.000000,0.000161,0.000020,0.000000,0.000000,0.002680,0.000000
2025-08-21 23:30:00,0.037000,0.148000,discharge,0.148000,0,0.037000,0,0.148000,True,0.288316,14.415808,28.831617,25.584192,4.415808,0.000000,0.000000,0,0.000000,0.037000,0.148000,0.000000,0.000000,0.959166,0.959166,0.105842,0.000000,0.000297,0.000037,0.000000,0.000000,0.004958,0.000000
2025-08-21 23:45:00,0.013000,0.052000,discharge,0.052000,0,0.013000,0,0.052000,True,0.288045,14.402255,28.804510,25.597745,4.402255,0.000000,0.000000,0,0.000000,0.013000,0.052000,0.000000,0.000000,0.959166,0.959166,0.105977,0.000000,0.000105,0.000013,0.000000,0.000000,0.001742,0.000000
2025-08-22 00:00:00,0.015000,0.060000,discharge,0.060000,0,0.015000,0,0.060000,True,0.287732,14.386616,28.773233,25.613384,4.386616,0.000000,0.000000,0,0.000000,0.015000,0.060000,0.000000,0.000000,0.959166,0.959166,0.106134,0.000000,0.000121,0.000015,0.000000,0.000000,0.002010,0.000000
2025-08-22 00:15:00,0.040000,0.160000,discharge,0.160000,0,0.040000,0,0.160000,True,0.286898,14.344913,28.689827,25.655087,4.344913,0.000000,0.000000,0,0.000000,0.040000,0.160000,0.000000,0.000000,0.959166,0.959166,0.106551,0.000000,0.000322,0.000040,0.000000,0.000000,0.005360,0.000000
2025-08-22 00:30:00,0.015000,0.060000,discharge,0.060000,0,0.015000,0,0.060000,True,0.286585,14.329275,28.658550,25.670725,4.329275,0.000000,0.000000,0,0.000000,0.015000,0.060000,0.000000,0.000000,0.959166,0.959166,0.106707,0.000000,0.000121,0.000015,0.000000,0.000000,0.002010,0.000000
2025-08-22 00:45:00,0.012000,0.048000,discharge,0.048000,0,0.012000,0,0.048000,True,0.286335,14.316764,28.633528,25.683236,4.316764,0.000000,0.000000,0,0.000000,0.012000,0.048000,0.000000,0.000000,0.959166,0.959166,0.106832,0.000000,0.000096,0.000012,0.000000,0.000000,0.001608,0.000000
2025-08-22 01:00:00,0.037000,0.148000,discharge,0.148000,0,0.037000,0,0.148000,True,0.285564,14.278189,28.556378,25.721811,4.278189,0.000000,0.000000,0,0.000000,0.037000,0.148000,0.000000,0.000000,0.959166,0.959166,0.107218,0.000000,0.000297,0.000037,0.000000,0.000000,0.004958,0.000000
2025-08-22 01:15:00,0.020000,0.080000,discharge,0.080000,0,0.020000,0,0.080000,True,0.285147,14.257337,28.514675,25.742663,4.257337,0.000000,0.000000,0,0.000000,0.020000,0.080000,0.000000,0.000000,0.959166,0.959166,0.107427,0.000000,0.000161,0.000020,0.000000,0.000000,0.002680,0.000000
2025-08-22 01:30:00,0.013000,0.052000,discharge,0.052000,0,0.013000,0,0.052000,True,0.284876,14.243784,28.487568,25.756216,4.243784,0.000000,0.000000,0,0.000000,0.013000,0.052000,0.000000,0.000000,0.959166,0.959166,0.107562,0.000000,0.000105,0.000013,0.000000,0.000000,0.001742,0.000000
2025-08-22 01:45:00,0.032000,0.128000,discharge,0.128000,0,0.032000,0,0.128000,True,0.284208,14.210422,28.420843,25.789578,4.210422,0.000000,0.000000,0,0.000000,0.032000,0.128000,0.000000,0.000000,0.959166,0.959166,0.107896,0.000000,0.000257,0.000032,0.000000,0.000000,0.004288,0.000000
2025-08-22 02:00:00,0.025000,0.100000,discharge,0.100000,0,0.025000,0,0.100000,True,0.283687,14.184357,28.368715,25.815643,4.184357,0.000000,0.000000,0,0.000000,0.025000,0.100000,0.000000,0.000000,0.959166,0.959166,0.108156,0.000000,0.000201,0.000025,0.000000,0.000000,0.003350,0.000000
2025-08-22 02:15:00,0.013000,0.052000,discharge,0.052000,0,0.013000,0,0.052000,True,0.283416,14.170804,28.341608,25.829196,4.170804,0.000000,0.000000,0,0.000000,0.013000,0.052000,0.000000,0.000000,0.959166,0.959166,0.108292,0.000000,0.000105,0.000013,0.000000,0.000000,0.001742,0.000000
2025-08-22 02:30:00,0.025000,0.100000,discharge,0.100000,0,0.025000,0,0.100000,True,0.282895,14.144740,28.289479,25.855260,4.144740,0.000000,0.000000,0,0.000000,0.025000,0.100000,0.000000,0.000000,0.959166,0.959166,0.108553,0.000000,0.000201,0.000025,0.000000,0.000000,0.003350,0.000000
2025-08-22 02:45:00,0.031000,0.124000,discharge,0.124000,0,0.031000,0,0.124000,True,0.282248,14.112420,28.224840,25.887580,4.112420,0.000000,0.000000,0,0.000000,0.031000,0.124000,0.000000,0.000000,0.959166,0.959166,0.108876,0.000000,0.000249,0.000031,0.000000,0.000000,0.004154,0.000000
2025-08-22 03:00:00,0.013000,0.052000,discharge,0.052000,0,0.013000,0,0.052000,True,0.281977,14.098866,28.197733,25.901134,4.098866,0.000000,0.000000,0,0.000000,0.013000,0.052000,0.000000,0.000000,0.959166,0.959166,0.109011,0.000000,0.000105,0.000013,0.000000,0.000000,0.001742,0.000000
2025-08-22 03:15:00,0.021000,0.084000,discharge,0.084000,0,0.021000,0,0.084000,True,0.281539,14.076972,28.153945,25.923028,4.076972,0.000000,0.000000,0,0.000000,0.021000,0.084000,0.000000,0.000000,0.959166,0.959166,0.109230,0.000000,0.000169,0.000021,0.000000,0.000000,0.002814,0.000000
2025-08-22 03:30:00,0.036000,0.144000,discharge,0.144000,0,0.036000,0,0.144000,True,0.280789,14.039440,28.078880,25.960560,4.039440,0.000000,0.000000,0,0.000000,0.036000,0.144000,0.000000,0.000000,0.959166,0.959166,0.109606,0.000000,0.000289,0.000036,0.000000,0.000000,0.004824,0.000000
2025-08-22 03:45:00,0.013000,0.052000,discharge,0.052000,0,0.013000,0,0.052000,True,0.280518,14.025886,28.051773,25.974114,4.025886,0.000000,0.000000,0,0.000000,0.013000,0.052000,0.000000,0.000000,0.959166,0.959166,0.109741,0.000000,0.000105,0.000013,0.000000,0.000000,0.001742,0.000000
2025-08-22 04:00:00,0.015000,0.060000,discharge,0.060000,0,0.015000,0,0.060000,True,0.280205,14.010248,28.020496,25.989752,4.010248,0.000000,0.000000,0,0.000000,0.015000,0.060000,0.000000,0.000000,0.959166,0.959166,0.109898,0.000000,0.000121,0.000015,0.000000,0.000000,0.002010,0.000000
2025-08-22 04:15:00,0.039000,0.156000,discharge,0.156000,0,0.039000,0,0.156000,True,0.279392,13.969587,27.939175,26.030413,3.969587,0.000000,0.000000,0,0.000000,0.039000,0.156000,0.000000,0.000000,0.959166,0.959166,0.110304,0.000000,0.000314,0.000039,0.000000,0.000000,0.005226,0.000000
2025-08-22 04:30:00,0.014000,0.056000,discharge,0.056000,0,0.014000,0,0.056000,True,0.279100,13.954991,27.909983,26.045009,3.954991,0.000000,0.000000,0,0.000000,0.014000,0.056000,0.000000,0.000000,0.959166,0.959166,0.110450,0.000000,0.000113,0.000014,0.000000,0.000000,0.001876,0.000000
2025-08-22 04:45:00,0.012000,0.048000,discharge,0.048000,0,0.012000,0,0.048000,True,0.278850,13.942481,27.884961,26.057519,3.942481,0.000000,0.000000,0,0.000000,0.012000,0.048000,0.000000,0.000000,0.959166,0.959166,0.110575,0.000000,0.000096,0.000012,0.000000,0.000000,0.001608,0.000000
2025-08-22 05:00:00,0.038000,0.152000,discharge,0.152000,0,0.038000,0,0.152000,True,0.278057,13.902863,27.805726,26.097137,3.902863,0.000000,0.000000,0,0.000000,0.038000,0.152000,0.000000,0.000000,0.959166,0.959166,0.110971,0.000000,0.000306,0.000038,0.000000,0.000000,0.005092,0.000000
2025-08-22 05:15:00,0.018000,0.072000,discharge,0.072000,0,0.018000,0,0.072000,True,0.277682,13.884097,27.768193,26.115903,3.884097,0.000000,0.000000,0,0.000000,0.018000,0.072000,0.000000,0.000000,0.959166,0.959166,0.111159,0.000000,0.000145,0.000018,0.000000,0.000000,0.002412,0.000000
2025-08-22 05:30:00,0.013000,0.052000,discharge,0.052000,0,0.013000,0,0.052000,True,0.277411,13.870543,27.741086,26.129457,3.870543,0.000000,0.000000,0,0.000000,0.013000,0.052000,0.000000,0.000000,0.959166,0.959166,0.111295,0.000000,0.000105,0.000013,0.000000,0.000000,0.001742,0.000000
2025-08-22 05:45:00,0.033000,0.132000,discharge,0.132000,0,0.033000,0,0.132000,True,0.276723,13.836138,27.672277,26.163862,3.836138,0.000000,0.000000,0,0.000000,0.033000,0.132000,0.000000,0.000000,0.959166,0.959166,0.111639,0.000000,0.000265,0.000033,0.000000,0.000000,0.004422,0.000000
2025-08-22 06:00:00,0.022000,0.088000,discharge,0.088000,0,0.022000,0,0.088000,True,0.276264,13.813202,27.626403,26.186798,3.813202,0.000000,0.000000,0,0.000000,0.022000,0.088000,0.000000,0.000000,0.959166,0.959166,0.111868,0.000000,0.000177,0.000022,0.000000,0.000000,0.002948,0.000000
2025-08-22 06:15:00,0.013000,0.052000,discharge,0.052000,0,0.013000,0,0.052000,True,0.275993,13.799648,27.599296,26.200352,3.799648,0.000000,0.000000,0,0.000000,0.013000,0.052000,0.000000,0.000000,0.959166,0.959166,0.112004,0.000000,0.000105,0.000013,0.000000,0.000000,0.001742,0.000000
2025-08-22 06:30:00,0.028000,0.112000,discharge,0.112000,0,0.028000,0,0.112000,True,0.275409,13.770456,27.540912,26.229544,3.770456,0.000000,0.000000,0,0.000000,0.028000,0.112000,0.000000,0.000000,0.959166,0.959166,0.112295,0.000000,0.000225,0.000028,0.000000,0.000000,0.003752,0.000000
2025-08-22 06:45:00,0.028000,0.112000,discharge,0.112000,0,0.028000,0,0.112000,True,0.274825,13.741264,27.482528,26.258736,3.741264,0.000000,0.000000,0,0.000000,0.028000,0.112000,0.000000,0.000000,0.959166,0.959166,0.112587,0.000000,0.000225,0.000028,0.000000,0.000000,0.003752,0.000000
2025-08-22 07:00:00,0.012000,0.048000,discharge,0.048000,0,0.012000,0,0.048000,True,0.274575,13.728753,27.457507,26.271247,3.728753,0.000000,0.000000,0,0.000000,0.012000,0.048000,0.000000,0.000000,0.959166,0.959166,0.112712,0.000000,0.000096,0.000012,0.000000,0.000000,0.001608,0.000000
2025-08-22 07:15:00,0.023000,0.092000,discharge,0.092000,0,0.023000,0,0.092000,True,0.274095,13.704774,27.409548,26.295226,3.704774,0.000000,0.000000,0,0.000000,0.023000,0.092000,0.000000,0.000000,0.959166,0.959166,0.112952,0.000000,0.000185,0.000023,0.000000,0.000000,0.003082,0.000000
2025-08-22 07:30:00,0.033000,0.132000,discharge,0.132000,0,0.033000,0,0.132000,True,0.273407,13.670369,27.340739,26.329631,3.670369,0.000000,0.000000,0,0.000000,0.033000,0.132000,0.000000,0.000000,0.959166,0.959166,0.113296,0.000000,0.000265,0.000033,0.000000,0.000000,0.004422,0.000000
2025-08-22 07:45:00,0.013000,0.052000,discharge,0.052000,0,0.013000,0,0.052000,True,0.273136,13.656816,27.313632,26.343184,3.656816,0.000000,0.000000,0,0.000000,0.013000,0.052000,0.000000,0.000000,0.959166,0.959166,0.113432,0.000000,0.000105,0.000013,0.000000,0.000000,0.001742,0.000000
2025-08-22 08:00:00,0.016000,0.064000,discharge,0.064000,0,0.016000,0,0.064000,True,0.272803,13.640135,27.280269,26.359865,3.640135,0.000000,0.000000,0,0.000000,0.016000,0.064000,0.000000,0.000000,0.959166,0.959166,0.113599,0.000000,0.000129,0.000016,0.000000,0.000000,0.002144,0.000000
2025-08-22 08:15:00,0.039000,0.156000,discharge,0.156000,0,0.039000,0,0.156000,True,0.271989,13.599474,27.198949,26.400526,3.599474,0.000000,0.000000,0,0.000000,0.039000,0.156000,0.000000,0.000000,0.959166,0.959166,0.114005,0.000000,0.000314,0.000039,0.000000,0.000000,0.005226,0.000000
2025-08-22 08:30:00,0.013000,0.052000,discharge,0.052000,0,0.013000,0,0.052000,True,0.271718,13.585921,27.171842,26.414079,3.585921,0.000000,0.000000,0,0.000000,0.013000,0.052000,0.000000,0.000000,0.959166,0.959166,0.114141,0.000000,0.000105,0.000013,0.000000,0.000000,0.001742,0.000000
2025-08-22 08:45:00,0.013000,0.052000,discharge,0.052000,0,0.013000,0,0.052000,True,0.271447,13.572368,27.144735,26.427632,3.572368,0.000000,0.000000,0,0.000000,0.013000,0.052000,0.000000,0.000000,0.959166,0.959166,0.114276,0.000000,0.000105,0.000013,0.000000,0.000000,0.001742,0.000000
2025-08-22 09:00:00,0.037000,0.148000,discharge,0.148000,0,0.037000,0,0.148000,True,0.270676,13.533792,27.067585,26.466208,3.533792,0.000000,0.000000,0,0.000000,0.037000,0.148000,0.000000,0.000000,0.959166,0.959166,0.114662,0.000000,0.000297,0.000037,0.000000,0.000000,0.004958,0.000000
2025-08-22 09:15:00,0.019000,0.076000,discharge,0.076000,0,0.019000,0,0.076000,True,0.270280,13.513984,27.027967,26.486016,3.513984,0.000000,0.000000,0,0.000000,0.019000,0.076000,0.000000,0.000000,0.959166,0.959166,0.114860,0.000000,0.000153,0.000019,0.000000,0.000000,0.002546,0.000000
2025-08-22 09:30:00,0.012000,0.048000,discharge,0.048000,0,0.012000,0,0.048000,True,0.270029,13.501473,27.002945,26.498527,3.501473,0.000000,0.000000,0,0.000000,0.012000,0.048000,0.000000,0.000000,0.959166,0.959166,0.114985,0.000000,0.000096,0.000012,0.000000,0.000000,0.001608,0.000000
2025-08-22 09:45:00,0.032000,0.128000,discharge,0.128000,0,0.032000,0,0.128000,True,0.269362,13.468110,26.936221,26.531890,3.468110,0.000000,0.000000,0,0.000000,0.032000,0.128000,0.000000,0.000000,0.959166,0.959166,0.115319,0.000000,0.000257,0.000032,0.000000,0.000000,0.004288,0.000000
2025-08-22 10:00:00,0.024000,0.096000,discharge,0.096000,0,0.024000,0,0.096000,True,0.268862,13.443089,26.886177,26.556911,3.443089,0.000000,0.000000,0,0.000000,0.024000,0.096000,0.000000,0.000000,0.959166,0.959166,0.115569,0.000000,0.000193,0.000024,0.000000,0.000000,0.003216,0.000000
2025-08-22 10:15:00,0.012000,0.048000,discharge,0.048000,0,0.012000,0,0.048000,True,0.268612,13.430578,26.861155,26.569422,3.430578,0.000000,0.000000,0,0.000000,0.012000,0.048000,0.000000,0.000000,0.959166,0.959166,0.115694,0.000000,0.000096,0.000012,0.000000,0.000000,0.001608,0.000000
2025-08-22 10:30:00,0.026000,0.104000,discharge,0.104000,0,0.026000,0,0.104000,True,0.268069,13.403471,26.806942,26.596529,3.403471,0.000000,0.000000,0,0.000000,0.026000,0.104000,0.000000,0.000000,0.959166,0.959166,0.115965,0.000000,0.000209,0.000026,0.000000,0.000000,0.003484,0.000000
2025-08-22 10:45:00,0.031000,0.124000,discharge,0.124000,0,0.031000,0,0.124000,True,0.267423,13.371151,26.742302,26.628849,3.371151,0.000000,0.000000,0,0.000000,0.031000,0.124000,0.000000,0.000000,0.959166,0.959166,0.116288,0.000000,0.000249,0.000031,0.000000,0.000000,0.004154,0.000000
2025-08-22 11:00:00,0.012000,0.048000,discharge,0.048000,0,0.012000,0,0.048000,True,0.267173,13.358640,26.717281,26.641360,3.358640,0.000000,0.000000,0,0.000000,0.012000,0.048000,0.000000,0.000000,0.959166,0.959166,0.116414,0.000000,0.000096,0.000012,0.000000,0.000000,0.001608,0.000000
2025-08-22 11:15:00,0.020000,0.080000,discharge,0.080000,0,0.020000,0,0.080000,True,0.266756,13.337789,26.675578,26.662211,3.337789,0.000000,0.000000,0,0.000000,0.020000,0.080000,0.000000,0.000000,0.959166,0.959166,0.116622,0.000000,0.000161,0.000020,0.000000,0.000000,0.002680,0.000000
2025-08-22 11:30:00,0.036000,0.144000,discharge,0.144000,0,0.036000,0,0.144000,True,0.266005,13.300256,26.600512,26.699744,3.300256,0.000000,0.000000,0,0.000000,0.036000,0.144000,0.000000,0.000000,0.959166,0.959166,0.116997,0.000000,0.000289,0.000036,0.000000,0.000000,0.004824,0.000000
2025-08-22 11:45:00,0.012000,0.048000,discharge,0.048000,0,0.012000,0,0.048000,True,0.265755,13.287745,26.575491,26.712255,3.287745,0.000000,0.000000,0,0.000000,0.012000,0.048000,0.000000,0.000000,0.959166,0.959166,0.117123,0.000000,0.000096,0.000012,0.000000,0.000000,0.001608,0.000000
2025-08-22 12:00:00,0.016000,0.064000,discharge,0.064000,0,0.016000,0,0.064000,True,0.265421,13.271064,26.542128,26.728936,3.271064,0.000000,0.000000,0,0.000000,0.016000,0.064000,0.000000,0.000000,0.959166,0.959166,0.117289,0.000000,0.000129,0.000016,0.000000,0.000000,0.002144,0.000000
2025-08-22 12:15:00,0.039000,0.156000,discharge,0.156000,0,0.039000,0,0.156000,True,0.264608,13.230404,26.460808,26.769596,3.230404,0.000000,0.000000,0,0.000000,0.039000,0.156000,0.000000,0.000000,0.959166,0.959166,0.117696,0.000000,0.000314,0.000039,0.000000,0.000000,0.005226,0.000000
2025-08-22 12:30:00,0.014000,0.056000,discharge,0.056000,0,0.014000,0,0.056000,True,0.264316,13.215808,26.431616,26.784192,3.215808,0.000000,0.000000,0,0.000000,0.014000,0.056000,0.000000,0.000000,0.959166,0.959166,0.117842,0.000000,0.000113,0.000014,0.000000,0.000000,0.001876,0.000000
2025-08-22 12:45:00,0.013000,0.052000,discharge,0.052000,0,0.013000,0,0.052000,True,0.264045,13.202254,26.404509,26.797746,3.202254,0.000000,0.000000,0,0.000000,0.013000,0.052000,0.000000,0.000000,0.959166,0.959166,0.117977,0.000000,0.000105,0.000013,0.000000,0.000000,0.001742,0.000000
2025-08-22 13:00:00,0.036000,0.144000,discharge,0.144000,0,0.036000,0,0.144000,True,0.263294,13.164722,26.329444,26.835278,3.164722,0.000000,0.000000,0,0.000000,0.036000,0.144000,0.000000,0.000000,0.959166,0.959166,0.118353,0.000000,0.000289,0.000036,0.000000,0.000000,0.004824,0.000000
2025-08-22 13:15:00,0.020000,0.080000,discharge,0.080000,0,0.020000,0,0.080000,True,0.262877,13.143870,26.287741,26.856130,3.143870,0.000000,0.000000,0,0.000000,0.020000,0.080000,0.000000,0.000000,0.959166,0.959166,0.118561,0.000000,0.000161,0.000020,0.000000,0.000000,0.002680,0.000000
2025-08-22 13:30:00,0.013000,0.052000,discharge,0.052000,0,0.013000,0,0.052000,True,0.262606,13.130317,26.260634,26.869683,3.130317,0.000000,0.000000,0,0.000000,0.013000,0.052000,0.000000,0.000000,0.959166,0.959166,0.118697,0.000000,0.000105,0.000013,0.000000,0.000000,0.001742,0.000000
2025-08-22 13:45:00,0.030000,0.120000,discharge,0.120000,0,0.030000,0,0.120000,True,0.261981,13.099040,26.198080,26.900960,3.099040,0.000000,0.000000,0,0.000000,0.030000,0.120000,0.000000,0.000000,0.959166,0.959166,0.119010,0.000000,0.000241,0.000030,0.000000,0.000000,0.004020,0.000000
2025-08-22 14:00:00,0.026000,0.104000,discharge,0.104000,0,0.026000,0,0.104000,True,0.261439,13.071933,26.143866,26.928067,3.071933,0.000000,0.000000,0,0.000000,0.026000,0.104000,0.000000,0.000000,0.959166,0.959166,0.119281,0.000000,0.000209,0.000026,0.000000,0.000000,0.003484,0.000000
2025-08-22 14:15:00,0.012000,0.048000,discharge,0.048000,0,0.012000,0,0.048000,True,0.261188,13.059422,26.118844,26.940578,3.059422,0.000000,0.000000,0,0.000000,0.012000,0.048000,0.000000,0.000000,0.959166,0.959166,0.119406,0.000000,0.000096,0.000012,0.000000,0.000000,0.001608,0.000000
2025-08-22 14:30:00,0.025000,0.100000,discharge,0.100000,0,0.025000,0,0.100000,True,0.260667,13.033358,26.066716,26.966642,3.033358,0.000000,0.000000,0,0.000000,0.025000,0.100000,0.000000,0.000000,0.959166,0.959166,0.119666,0.000000,0.000201,0.000025,0.000000,0.000000,0.003350,0.000000
2025-08-22 14:45:00,0.031000,0.124000,discharge,0.124000,0,0.031000,0,0.124000,True,0.260021,13.001038,26.002076,26.998962,3.001038,0.000000,0.000000,0,0.000000,0.031000,0.124000,0.000000,0.000000,0.959166,0.959166,0.119990,0.000000,0.000249,0.000031,0.000000,0.000000,0.004154,0.000000
2025-08-22 15:00:00,0.013000,0.052000,discharge,0.052000,0,0.013000,0,0.052000,True,0.259750,12.987485,25.974969,27.012515,2.987485,0.000000,0.000000,0,0.000000,0.013000,0.052000,0.000000,0.000000,0.959166,0.959166,0.120125,0.000000,0.000105,0.000013,0.000000,0.000000,0.001742,0.000000
2025-08-22 15:15:00,0.020000,0.080000,discharge,0.080000,0,0.020000,0,0.080000,True,0.259333,12.966633,25.933266,27.033367,2.966633,0.000000,0.000000,0,0.000000,0.020000,0.080000,0.000000,0.000000,0.959166,0.959166,0.120334,0.000000,0.000161,0.000020,0.000000,0.000000,0.002680,0.000000
2025-08-22 15:30:00,0.035000,0.140000,discharge,0.140000,0,0.035000,0,0.140000,True,0.258603,12.930143,25.860286,27.069857,2.930143,0.000000,0.000000,0,0.000000,0.035000,0.140000,0.000000,0.000000,0.959166,0.959166,0.120699,0.000000,0.000281,0.000035,0.000000,0.000000,0.004690,0.000000
2025-08-22 15:45:00,0.013000,0.052000,discharge,0.052000,0,0.013000,0,0.052000,True,0.258332,12.916590,25.833179,27.083410,2.916590,0.000000,0.000000,0,0.000000,0.013000,0.052000,0.000000,0.000000,0.959166,0.959166,0.120834,0.000000,0.000105,0.000013,0.000000,0.000000,0.001742,0.000000
2025-08-22 16:00:00,0.015000,0.060000,discharge,0.060000,0,0.015000,0,0.060000,True,0.258019,12.900951,25.801902,27.099049,2.900951,0.000000,0.000000,0,0.000000,0.015000,0.060000,0.000000,0.000000,0.959166,0.959166,0.120990,0.000000,0.000121,0.000015,0.000000,0.000000,0.002010,0.000000
2025-08-22 16:15:00,0.040000,0.160000,discharge,0.160000,0,0.040000,0,0.160000,True,0.257185,12.859248,25.718496,27.140752,2.859248,0.000000,0.000000,0,0.000000,0.040000,0.160000,0.000000,0.000000,0.959166,0.959166,0.121408,0.000000,0.000322,0.000040,0.000000,0.000000,0.005360,0.000000
2025-08-22 16:30:00,0.015000,0.060000,discharge,0.060000,0,0.015000,0,0.060000,True,0.256872,12.843610,25.687219,27.156390,2.843610,0.000000,0.000000,0,0.000000,0.015000,0.060000,0.000000,0.000000,0.959166,0.959166,0.121564,0.000000,0.000121,0.000015,0.000000,0.000000,0.002010,0.000000
2025-08-22 16:45:00,0.015000,0.060000,discharge,0.060000,0,0.015000,0,0.060000,True,0.256559,12.827971,25.655942,27.172029,2.827971,0.000000,0.000000,0,0.000000,0.015000,0.060000,0.000000,0.000000,0.959166,0.959166,0.121720,0.000000,0.000121,0.000015,0.000000,0.000000,0.002010,0.000000
2025-08-22 17:00:00,0.040000,0.160000,discharge,0.160000,0,0.040000,0,0.160000,True,0.255725,12.786268,25.572536,27.213732,2.786268,0.000000,0.000000,0,0.000000,0.040000,0.160000,0.000000,0.000000,0.959166,0.959166,0.122137,0.000000,0.000322,0.000040,0.000000,0.000000,0.005360,0.000000
2025-08-22 17:15:00,0.020000,0.080000,discharge,0.080000,0,0.020000,0,0.080000,True,0.255308,12.765417,25.530834,27.234583,2.765417,0.000000,0.000000,0,0.000000,0.020000,0.080000,0.000000,0.000000,0.959166,0.959166,0.122346,0.000000,0.000161,0.000020,0.000000,0.000000,0.002680,0.000000
2025-08-22 17:30:00,0.025000,0.100000,discharge,0.100000,0,0.025000,0,0.100000,True,0.254787,12.739352,25.478705,27.260648,2.739352,0.000000,0.000000,0,0.000000,0.025000,0.100000,0.000000,0.000000,0.959166,0.959166,0.122606,0.000000,0.000201,0.000025,0.000000,0.000000,0.003350,0.000000
2025-08-22 17:45:00,0.035000,0.140000,discharge,0.140000,0,0.035000,0,0.140000,True,0.254057,12.702862,25.405725,27.297138,2.702862,0.000000,0.000000,0,0.000000,0.035000,0.140000,0.000000,0.000000,0.959166,0.959166,0.122971,0.000000,0.000281,0.000035,0.000000,0.000000,0.004690,0.000000
2025-08-22 18:00:00,0.026000,0.104000,discharge,0.104000,0,0.026000,0,0.104000,True,0.253515,12.675756,25.351511,27.324244,2.675756,0.000000,0.000000,0,0.000000,0.026000,0.104000,0.000000,0.000000,0.959166,0.959166,0.123242,0.000000,0.000209,0.000026,0.000000,0.000000,0.003484,0.000000
2025-08-22 18:15:00,0.013000,0.052000,discharge,0.052000,0,0.013000,0,0.052000,True,0.253244,12.662202,25.324404,27.337798,2.662202,0.000000,0.000000,0,0.000000,0.013000,0.052000,0.000000,0.000000,0.959166,0.959166,0.123378,0.000000,0.000105,0.000013,0.000000,0.000000,0.001742,0.000000
2025-08-22 18:30:00,0.033000,0.132000,discharge,0.132000,0,0.033000,0,0.132000,True,0.252556,12.627797,25.255594,27.372203,2.627797,0.000000,0.000000,0,0.000000,0.033000,0.132000,0.000000,0.000000,0.959166,0.959166,0.123722,0.000000,0.000265,0.000033,0.000000,0.000000,0.004422,0.000000
2025-08-22 18:45:00,0.058000,0.232000,discharge,0.232000,0,0.058000,0,0.232000,True,0.251347,12.567328,25.134656,27.432672,2.567328,0.000000,0.000000,0,0.000000,0.058000,0.232000,0.000000,0.000000,0.959166,0.959166,0.124327,0.000000,0.000466,0.000058,0.000000,0.000000,0.007772,0.000000
2025-08-22 19:00:00,0.026000,0.104000,discharge,0.104000,0,0.026000,0,0.104000,True,0.250804,12.540221,25.080442,27.459779,2.540221,0.000000,0.000000,0,0.000000,0.026000,0.104000,0.000000,0.000000,0.959166,0.959166,0.124598,0.000000,0.000209,0.000026,0.000000,0.000000,0.003484,0.000000
2025-08-22 19:15:00,0.023000,0.092000,discharge,0.092000,0,0.023000,0,0.092000,True,0.250325,12.516242,25.032484,27.483758,2.516242,0.000000,0.000000,0,0.000000,0.023000,0.092000,0.000000,0.000000,0.959166,0.959166,0.124838,0.000000,0.000185,0.000023,0.000000,0.000000,0.003082,0.000000
2025-08-22 19:30:00,0.038000,0.152000,discharge,0.152000,0,0.038000,0,0.152000,True,0.249532,12.476624,24.953249,27.523376,2.476624,0.000000,0.000000,0,0.000000,0.038000,0.152000,0.000000,0.000000,0.959166,0.959166,0.125234,0.000000,0.000306,0.000038,0.000000,0.000000,0.005092,0.000000
2025-08-22 19:45:00,0.014000,0.056000,discharge,0.056000,0,0.014000,0,0.056000,True,0.249241,12.462028,24.924057,27.537972,2.462028,0.000000,0.000000,0,0.000000,0.014000,0.056000,0.000000,0.000000,0.959166,0.959166,0.125380,0.000000,0.000113,0.000014,0.000000,0.000000,0.001876,0.000000
2025-08-22 20:00:00,0.017000,0.068000,discharge,0.068000,0,0.017000,0,0.068000,True,0.248886,12.444305,24.888609,27.555695,2.444305,0.000000,0.000000,0,0.000000,0.017000,0.068000,0.000000,0.000000,0.959166,0.959166,0.125557,0.000000,0.000137,0.000017,0.000000,0.000000,0.002278,0.000000
2025-08-22 20:15:00,0.042000,0.168000,discharge,0.168000,0,0.042000,0,0.168000,True,0.248010,12.400517,24.801033,27.599483,2.400517,0.000000,0.000000,0,0.000000,0.042000,0.168000,0.000000,0.000000,0.959166,0.959166,0.125995,0.000000,0.000338,0.000042,0.000000,0.000000,0.005628,0.000000
2025-08-22 20:30:00,0.016000,0.064000,discharge,0.064000,0,0.016000,0,0.064000,True,0.247677,12.383835,24.767671,27.616165,2.383835,0.000000,0.000000,0,0.000000,0.016000,0.064000,0.000000,0.000000,0.959166,0.959166,0.126162,0.000000,0.000129,0.000016,0.000000,0.000000,0.002144,0.000000
2025-08-22 20:45:00,0.015000,0.060000,discharge,0.060000,0,0.015000,0,0.060000,True,0.247364,12.368197,24.736394,27.631803,2.368197,0.000000,0.000000,0,0.000000,0.015000,0.060000,0.000000,0.000000,0.959166,0.959166,0.126318,0.000000,0.000121,0.000015,0.000000,0.000000,0.002010,0.000000
2025-08-22 21:00:00,0.038000,0.152000,discharge,0.152000,0,0.038000,0,0.152000,True,0.246572,12.328579,24.657158,27.671421,2.328579,0.000000,0.000000,0,0.000000,0.038000,0.152000,0.000000,0.000000,0.959166,0.959166,0.126714,0.000000,0.000306,0.000038,0.000000,0.000000,0.005092,0.000000
2025-08-22 21:15:00,0.022000,0.088000,discharge,0.088000,0,0.022000,0,0.088000,True,0.246113,12.305642,24.611285,27.694358,2.305642,0.000000,0.000000,0,0.000000,0.022000,0.088000,0.000000,0.000000,0.959166,0.959166,0.126944,0.000000,0.000177,0.000022,0.000000,0.000000,0.002948,0.000000
2025-08-22 21:30:00,0.014000,0.056000,discharge,0.056000,0,0.014000,0,0.056000,True,0.245821,12.291046,24.582093,27.708954,2.291046,0.000000,0.000000,0,0.000000,0.014000,0.056000,0.000000,0.000000,0.959166,0.959166,0.127090,0.000000,0.000113,0.000014,0.000000,0.000000,0.001876,0.000000
2025-08-22 21:45:00,0.033000,0.132000,discharge,0.132000,0,0.033000,0,0.132000,True,0.245133,12.256642,24.513283,27.743358,2.256642,0.000000,0.000000,0,0.000000,0.033000,0.132000,0.000000,0.000000,0.959166,0.959166,0.127434,0.000000,0.000265,0.000033,0.000000,0.000000,0.004422,0.000000
2025-08-22 22:00:00,0.027000,0.108000,discharge,0.108000,0,0.027000,0,0.108000,True,0.244570,12.228492,24.456984,27.771508,2.228492,0.000000,0.000000,0,0.000000,0.027000,0.108000,0.000000,0.000000,0.959166,0.959166,0.127715,0.000000,0.000217,0.000027,0.000000,0.000000,0.003618,0.000000
2025-08-22 22:15:00,0.014000,0.056000,discharge,0.056000,0,0.014000,0,0.056000,True,0.244278,12.213896,24.427792,27.786104,2.213896,0.000000,0.000000,0,0.000000,0.014000,0.056000,0.000000,0.000000,0.959166,0.959166,0.127861,0.000000,0.000113,0.000014,0.000000,0.000000,0.001876,0.000000
2025-08-22 22:30:00,0.028000,0.112000,discharge,0.112000,0,0.028000,0,0.112000,True,0.243694,12.184704,24.369408,27.815296,2.184704,0.000000,0.000000,0,0.000000,0.028000,0.112000,0.000000,0.000000,0.959166,0.959166,0.128153,0.000000,0.000225,0.000028,0.000000,0.000000,0.003752,0.000000
2025-08-22 22:45:00,0.032000,0.128000,discharge,0.128000,0,0.032000,0,0.128000,True,0.243027,12.151342,24.302684,27.848658,2.151342,0.000000,0.000000,0,0.000000,0.032000,0.128000,0.000000,0.000000,0.959166,0.959166,0.128487,0.000000,0.000257,0.000032,0.000000,0.000000,0.004288,0.000000
2025-08-22 23:00:00,0.014000,0.056000,discharge,0.056000,0,0.014000,0,0.056000,True,0.242735,12.136746,24.273492,27.863254,2.136746,0.000000,0.000000,0,0.000000,0.014000,0.056000,0.000000,0.000000,0.959166,0.959166,0.128633,0.000000,0.000113,0.000014,0.000000,0.000000,0.001876,0.000000
2025-08-22 23:15:00,0.023000,0.092000,discharge,0.092000,0,0.023000,0,0.092000,True,0.242255,12.112767,24.225533,27.887233,2.112767,0.000000,0.000000,0,0.000000,0.023000,0.092000,0.000000,0.000000,0.959166,0.959166,0.128872,0.000000,0.000185,0.000023,0.000000,0.000000,0.003082,0.000000
2025-08-22 23:30:00,0.038000,0.152000,discharge,0.152000,0,0.038000,0,0.152000,True,0.241463,12.073149,24.146298,27.926851,2.073149,0.000000,0.000000,0,0.000000,0.038000,0.152000,0.000000,0.000000,0.959166,0.959166,0.129269,0.000000,0.000306,0.000038,0.000000,0.000000,0.005092,0.000000
2025-08-22 23:45:00,0.014000,0.056000,discharge,0.056000,0,0.014000,0,0.056000,True,0.241171,12.058553,24.117106,27.941447,2.058553,0.000000,0.000000,0,0.000000,0.014000,0.056000,0.000000,0.000000,0.959166,0.959166,0.129414,0.000000,0.000113,0.000014,0.000000,0.000000,0.001876,0.000000
2025-08-23 00:00:00,0.018000,0.072000,discharge,0.072000,0,0.018000,0,0.072000,True,0.240796,12.039787,24.079573,27.960213,2.039787,0.000000,0.000000,0,0.000000,0.018000,0.072000,0.000000,0.000000,0.959166,0.959166,0.129602,0.000000,0.000145,0.000018,0.000000,0.000000,0.002412,0.000000
2025-08-23 00:15:00,0.042000,0.168000,discharge,0.168000,0,0.042000,0,0.168000,True,0.239920,11.995999,23.991997,28.004001,1.995999,0.000000,0.000000,0,0.000000,0.042000,0.168000,0.000000,0.000000,0.959166,0.959166,0.130040,0.000000,0.000338,0.000042,0.000000,0.000000,0.005628,0.000000
2025-08-23 00:30:00,0.014000,0.056000,discharge,0.056000,0,0.014000,0,0.056000,True,0.239628,11.981403,23.962805,28.018597,1.981403,0.000000,0.000000,0,0.000000,0.014000,0.056000,0.000000,0.000000,0.959166,0.959166,0.130186,0.000000,0.000113,0.000014,0.000000,0.000000,0.001876,0.000000
2025-08-23 00:45:00,0.014000,0.056000,discharge,0.056000,0,0.014000,0,0.056000,True,0.239336,11.966807,23.933613,28.033193,1.966807,0.000000,0.000000,0,0.000000,0.014000,0.056000,0.000000,0.000000,0.959166,0.959166,0.130332,0.000000,0.000113,0.000014,0.000000,0.000000,0.001876,0.000000
2025-08-23 01:00:00,0.042000,0.168000,discharge,0.168000,0,0.042000,0,0.168000,True,0.238460,11.923019,23.846037,28.076981,1.923019,0.000000,0.000000,0,0.000000,0.042000,0.168000,0.000000,0.000000,0.959166,0.959166,0.130770,0.000000,0.000338,0.000042,0.000000,0.000000,0.005628,0.000000
2025-08-23 01:15:00,0.019000,0.076000,discharge,0.076000,0,0.019000,0,0.076000,True,0.238064,11.903210,23.806419,28.096790,1.903210,0.000000,0.000000,0,0.000000,0.019000,0.076000,0.000000,0.000000,0.959166,0.959166,0.130968,0.000000,0.000153,0.000019,0.000000,0.000000,0.002546,0.000000
2025-08-23 01:30:00,0.014000,0.056000,discharge,0.056000,0,0.014000,0,0.056000,True,0.237772,11.888614,23.777227,28.111386,1.888614,0.000000,0.000000,0,0.000000,0.014000,0.056000,0.000000,0.000000,0.959166,0.959166,0.131114,0.000000,0.000113,0.000014,0.000000,0.000000,0.001876,0.000000
2025-08-23 01:45:00,0.036000,0.144000,discharge,0.144000,0,0.036000,0,0.144000,True,0.237022,11.851081,23.702162,28.148919,1.851081,0.000000,0.000000,0,0.000000,0.036000,0.144000,0.000000,0.000000,0.959166,0.959166,0.131489,0.000000,0.000289,0.000036,0.000000,0.000000,0.004824,0.000000
2025-08-23 02:00:00,0.024000,0.096000,discharge,0.096000,0,0.024000,0,0.096000,True,0.236521,11.826059,23.652119,28.173941,1.826059,0.000000,0.000000,0,0.000000,0.024000,0.096000,0.000000,0.000000,0.959166,0.959166,0.131739,0.000000,0.000193,0.000024,0.000000,0.000000,0.003216,0.000000
2025-08-23 02:15:00,0.014000,0.056000,discharge,0.056000,0,0.014000,0,0.056000,True,0.236229,11.811463,23.622927,28.188537,1.811463,0.000000,0.000000,0,0.000000,0.014000,0.056000,0.000000,0.000000,0.959166,0.959166,0.131885,0.000000,0.000113,0.000014,0.000000,0.000000,0.001876,0.000000
2025-08-23 02:30:00,0.031000,0.124000,discharge,0.124000,0,0.031000,0,0.124000,True,0.235583,11.779144,23.558287,28.220856,1.779144,0.000000,0.000000,0,0.000000,0.031000,0.124000,0.000000,0.000000,0.959166,0.959166,0.132209,0.000000,0.000249,0.000031,0.000000,0.000000,0.004154,0.000000
2025-08-23 02:45:00,0.029000,0.116000,discharge,0.116000,0,0.029000,0,0.116000,True,0.234978,11.748909,23.497818,28.251091,1.748909,0.000000,0.000000,0,0.000000,0.029000,0.116000,0.000000,0.000000,0.959166,0.959166,0.132511,0.000000,0.000233,0.000029,0.000000,0.000000,0.003886,0.000000
2025-08-23 03:00:00,0.014000,0.056000,discharge,0.056000,0,0.014000,0,0.056000,True,0.234686,11.734313,23.468626,28.265687,1.734313,0.000000,0.000000,0,0.000000,0.014000,0.056000,0.000000,0.000000,0.959166,0.959166,0.132657,0.000000,0.000113,0.000014,0.000000,0.000000,0.001876,0.000000
2025-08-23 03:15:00,0.027000,0.108000,discharge,0.108000,0,0.027000,0,0.108000,True,0.234123,11.706164,23.412327,28.293836,1.706164,0.000000,0.000000,0,0.000000,0.027000,0.108000,0.000000,0.000000,0.959166,0.959166,0.132938,0.000000,0.000217,0.000027,0.000000,0.000000,0.003618,0.000000
2025-08-23 03:30:00,0.033000,0.132000,discharge,0.132000,0,0.033000,0,0.132000,True,0.233435,11.671759,23.343517,28.328241,1.671759,0.000000,0.000000,0,0.000000,0.033000,0.132000,0.000000,0.000000,0.959166,0.959166,0.133282,0.000000,0.000265,0.000033,0.000000,0.000000,0.004422,0.000000
2025-08-23 03:45:00,0.014000,0.056000,discharge,0.056000,0,0.014000,0,0.056000,True,0.233143,11.657163,23.314325,28.342837,1.657163,0.000000,0.000000,0,0.000000,0.014000,0.056000,0.000000,0.000000,0.959166,0.959166,0.133428,0.000000,0.000113,0.000014,0.000000,0.000000,0.001876,0.000000
2025-08-23 04:00:00,0.023000,0.092000,discharge,0.092000,0,0.023000,0,0.092000,True,0.232664,11.633183,23.266367,28.366817,1.633183,0.000000,0.000000,0,0.000000,0.023000,0.092000,0.000000,0.000000,0.959166,0.959166,0.133668,0.000000,0.000185,0.000023,0.000000,0.000000,0.003082,0.000000
2025-08-23 04:15:00,0.038000,0.152000,discharge,0.152000,0,0.038000,0,0.152000,True,0.231871,11.593566,23.187131,28.406434,1.593566,0.000000,0.000000,0,0.000000,0.038000,0.152000,0.000000,0.000000,0.959166,0.959166,0.134064,0.000000,0.000306,0.000038,0.000000,0.000000,0.005092,0.000000
2025-08-23 04:30:00,0.014000,0.056000,discharge,0.056000,0,0.014000,0,0.056000,True,0.231579,11.578970,23.157939,28.421030,1.578970,0.000000,0.000000,0,0.000000,0.014000,0.056000,0.000000,0.000000,0.959166,0.959166,0.134210,0.000000,0.000113,0.000014,0.000000,0.000000,0.001876,0.000000
2025-08-23 04:45:00,0.017000,0.068000,discharge,0.068000,0,0.017000,0,0.068000,True,0.231225,11.561246,23.122492,28.438754,1.561246,0.000000,0.000000,0,0.000000,0.017000,0.068000,0.000000,0.000000,0.959166,0.959166,0.134388,0.000000,0.000137,0.000017,0.000000,0.000000,0.002278,0.000000
2025-08-23 05:00:00,0.041000,0.164000,discharge,0.164000,0,0.041000,0,0.164000,True,0.230370,11.518501,23.037001,28.481499,1.518501,0.000000,0.000000,0,0.000000,0.041000,0.164000,0.000000,0.000000,0.959166,0.959166,0.134815,0.000000,0.000330,0.000041,0.000000,0.000000,0.005494,0.000000
2025-08-23 05:15:00,0.016000,0.064000,discharge,0.064000,0,0.016000,0,0.064000,True,0.230036,11.501819,23.003639,28.498181,1.501819,0.000000,0.000000,0,0.000000,0.016000,0.064000,0.000000,0.000000,0.959166,0.959166,0.134982,0.000000,0.000129,0.000016,0.000000,0.000000,0.002144,0.000000
2025-08-23 05:30:00,0.014000,0.056000,discharge,0.056000,0,0.014000,0,0.056000,True,0.229744,11.487223,22.974447,28.512777,1.487223,0.000000,0.000000,0,0.000000,0.014000,0.056000,0.000000,0.000000,0.959166,0.959166,0.135128,0.000000,0.000113,0.000014,0.000000,0.000000,0.001876,0.000000
2025-08-23 05:45:00,0.040000,0.160000,discharge,0.160000,0,0.040000,0,0.160000,True,0.228910,11.445521,22.891041,28.554479,1.445521,0.000000,0.000000,0,0.000000,0.040000,0.160000,0.000000,0.000000,0.959166,0.959166,0.135545,0.000000,0.000322,0.000040,0.000000,0.000000,0.005360,0.000000
2025-08-23 06:00:00,0.019000,0.076000,discharge,0.076000,0,0.019000,0,0.076000,True,0.228514,11.425712,22.851423,28.574288,1.425712,0.000000,0.000000,0,0.000000,0.019000,0.076000,0.000000,0.000000,0.959166,0.959166,0.135743,0.000000,0.000153,0.000019,0.000000,0.000000,0.002546,0.000000
2025-08-23 06:15:00,0.014000,0.056000,discharge,0.056000,0,0.014000,0,0.056000,True,0.228222,11.411116,22.822231,28.588884,1.411116,0.000000,0.000000,0,0.000000,0.014000,0.056000,0.000000,0.000000,0.959166,0.959166,0.135889,0.000000,0.000113,0.000014,0.000000,0.000000,0.001876,0.000000
2025-08-23 06:30:00,0.035000,0.140000,discharge,0.140000,0,0.035000,0,0.140000,True,0.227493,11.374626,22.749251,28.625374,1.374626,0.000000,0.000000,0,0.000000,0.035000,0.140000,0.000000,0.000000,0.959166,0.959166,0.136254,0.000000,0.000281,0.000035,0.000000,0.000000,0.004690,0.000000
2025-08-23 06:45:00,0.025000,0.100000,discharge,0.100000,0,0.025000,0,0.100000,True,0.226971,11.348561,22.697123,28.651439,1.348561,0.000000,0.000000,0,0.000000,0.025000,0.100000,0.000000,0.000000,0.959166,0.959166,0.136514,0.000000,0.000201,0.000025,0.000000,0.000000,0.003350,0.000000
2025-08-23 07:00:00,0.014000,0.056000,discharge,0.056000,0,0.014000,0,0.056000,True,0.226679,11.333965,22.667931,28.666035,1.333965,0.000000,0.000000,0,0.000000,0.014000,0.056000,0.000000,0.000000,0.959166,0.959166,0.136660,0.000000,0.000113,0.000014,0.000000,0.000000,0.001876,0.000000
2025-08-23 07:15:00,0.030000,0.120000,discharge,0.120000,0,0.030000,0,0.120000,True,0.226054,11.302688,22.605376,28.697312,1.302688,0.000000,0.000000,0,0.000000,0.030000,0.120000,0.000000,0.000000,0.959166,0.959166,0.136973,0.000000,0.000241,0.000030,0.000000,0.000000,0.004020,0.000000
2025-08-23 07:30:00,0.030000,0.120000,discharge,0.120000,0,0.030000,0,0.120000,True,0.225428,11.271411,22.542822,28.728589,1.271411,0.000000,0.000000,0,0.000000,0.030000,0.120000,0.000000,0.000000,0.959166,0.959166,0.137286,0.000000,0.000241,0.000030,0.000000,0.000000,0.004020,0.000000
2025-08-23 07:45:00,0.014000,0.056000,discharge,0.056000,0,0.014000,0,0.056000,True,0.225136,11.256815,22.513630,28.743185,1.256815,0.000000,0.000000,0,0.000000,0.014000,0.056000,0.000000,0.000000,0.959166,0.959166,0.137432,0.000000,0.000113,0.000014,0.000000,0.000000,0.001876,0.000000
2025-08-23 08:00:00,0.024000,0.096000,discharge,0.096000,0,0.024000,0,0.096000,True,0.224636,11.231793,22.463586,28.768207,1.231793,0.000000,0.000000,0,0.000000,0.024000,0.096000,0.000000,0.000000,0.959166,0.959166,0.137682,0.000000,0.000193,0.000024,0.000000,0.000000,0.003216,0.000000
2025-08-23 08:15:00,0.036000,0.144000,discharge,0.144000,0,0.036000,0,0.144000,True,0.223885,11.194261,22.388521,28.805739,1.194261,0.000000,0.000000,0,0.000000,0.036000,0.144000,0.000000,0.000000,0.959166,0.959166,0.138057,0.000000,0.000289,0.000036,0.000000,0.000000,0.004824,0.000000
2025-08-23 08:30:00,0.013000,0.052000,discharge,0.052000,0,0.013000,0,0.052000,True,0.223614,11.180707,22.361414,28.819293,1.180707,0.000000,0.000000,0,0.000000,0.013000,0.052000,0.000000,0.000000,0.959166,0.959166,0.138193,0.000000,0.000105,0.000013,0.000000,0.000000,0.001742,0.000000
2025-08-23 08:45:00,0.019000,0.076000,discharge,0.076000,0,0.019000,0,0.076000,True,0.223218,11.160898,22.321797,28.839102,1.160898,0.000000,0.000000,0,0.000000,0.019000,0.076000,0.000000,0.000000,0.959166,0.959166,0.138391,0.000000,0.000153,0.000019,0.000000,0.000000,0.002546,0.000000
2025-08-23 09:00:00,0.041000,0.164000,discharge,0.164000,0,0.041000,0,0.164000,True,0.222363,11.118153,22.236306,28.881847,1.118153,0.000000,0.000000,0,0.000000,0.041000,0.164000,0.000000,0.000000,0.959166,0.959166,0.138818,0.000000,0.000330,0.000041,0.000000,0.000000,0.005494,0.000000
2025-08-23 09:15:00,0.014000,0.056000,discharge,0.056000,0,0.014000,0,0.056000,True,0.222071,11.103557,22.207114,28.896443,1.103557,0.000000,0.000000,0,0.000000,0.014000,0.056000,0.000000,0.000000,0.959166,0.959166,0.138964,0.000000,0.000113,0.000014,0.000000,0.000000,0.001876,0.000000
2025-08-23 09:30:00,0.014000,0.056000,discharge,0.056000,0,0.014000,0,0.056000,True,0.221779,11.088961,22.177922,28.911039,1.088961,0.000000,0.000000,0,0.000000,0.014000,0.056000,0.000000,0.000000,0.959166,0.959166,0.139110,0.000000,0.000113,0.000014,0.000000,0.000000,0.001876,0.000000
2025-08-23 09:45:00,0.040000,0.160000,discharge,0.160000,0,0.040000,0,0.160000,True,0.220945,11.047258,22.094516,28.952742,1.047258,0.000000,0.000000,0,0.000000,0.040000,0.160000,0.000000,0.000000,0.959166,0.959166,0.139527,0.000000,0.000322,0.000040,0.000000,0.000000,0.005360,0.000000
2025-08-23 10:00:00,0.020000,0.080000,discharge,0.080000,0,0.020000,0,0.080000,True,0.220528,11.026407,22.052813,28.973593,1.026407,0.000000,0.000000,0,0.000000,0.020000,0.080000,0.000000,0.000000,0.959166,0.959166,0.139736,0.000000,0.000161,0.000020,0.000000,0.000000,0.002680,0.000000
2025-08-23 10:15:00,0.016000,0.064000,discharge,0.064000,0,0.016000,0,0.064000,True,0.220195,11.009725,22.019451,28.990275,1.009725,0.000000,0.000000,0,0.000000,0.016000,0.064000,0.000000,0.000000,0.959166,0.959166,0.139903,0.000000,0.000129,0.000016,0.000000,0.000000,0.002144,0.000000
2025-08-23 10:30:00,0.053000,0.212000,discharge,0.212000,0,0.053000,0,0.212000,True,0.219089,10.954469,21.908938,29.045531,0.954469,0.000000,0.000000,0,0.000000,0.053000,0.212000,0.000000,0.000000,0.959166,0.959166,0.140455,0.000000,0.000426,0.000053,0.000000,0.000000,0.007102,0.000000
2025-08-23 10:45:00,0.028000,0.112000,discharge,0.112000,0,0.028000,0,0.112000,True,0.218506,10.925277,21.850554,29.074723,0.925277,0.000000,0.000000,0,0.000000,0.028000,0.112000,0.000000,0.000000,0.959166,0.959166,0.140747,0.000000,0.000225,0.000028,0.000000,0.000000,0.003752,0.000000
2025-08-23 11:00:00,0.014000,0.056000,discharge,0.056000,0,0.014000,0,0.056000,True,0.218214,10.910681,21.821362,29.089319,0.910681,0.000000,0.000000,0,0.000000,0.014000,0.056000,0.000000,0.000000,0.959166,0.959166,0.140893,0.000000,0.000113,0.000014,0.000000,0.000000,0.001876,0.000000
2025-08-23 11:15:00,0.085000,0.340000,discharge,0.340000,0,0.085000,0,0.340000,True,0.216441,10.822062,21.644125,29.177938,0.822062,0.000000,0.000000,0,0.000000,0.085000,0.340000,0.000000,0.000000,0.959166,0.959166,0.141779,0.000000,0.000683,0.000085,0.000000,0.000000,0.011390,0.000000
2025-08-23 11:30:00,0.139000,0.556000,discharge,0.556000,0,0.139000,0,0.556000,True,0.213543,10.677145,21.354290,29.322855,0.677145,0.000000,0.000000,0,0.000000,0.139000,0.556000,0.000000,0.000000,0.959166,0.959166,0.143229,0.000000,0.001118,0.000139,0.000000,0.000000,0.018626,0.000000
2025-08-23 11:45:00,0.015000,0.060000,discharge,0.060000,0,0.015000,0,0.060000,True,0.213230,10.661506,21.323013,29.338494,0.661506,0.000000,0.000000,0,0.000000,0.015000,0.060000,0.000000,0.000000,0.959166,0.959166,0.143385,0.000000,0.000121,0.000015,0.000000,0.000000,0.002010,0.000000
2025-08-23 12:00:00,0.170000,0.680000,discharge,0.680000,0,0.170000,0,0.680000,True,0.209685,10.484269,20.968538,29.515731,0.484269,0.000000,0.000000,0,0.000000,0.170000,0.680000,0.000000,0.000000,0.959166,0.959166,0.145157,0.000000,0.001367,0.000170,0.000000,0.000000,0.022780,0.000000
2025-08-23 12:15:00,0.046000,0.184000,discharge,0.184000,0,0.046000,0,0.184000,True,0.208726,10.436311,20.872622,29.563689,0.436311,0.000000,0.000000,0,0.000000,0.046000,0.184000,0.000000,0.000000,0.959166,0.959166,0.145637,0.000000,0.000370,0.000046,0.000000,0.000000,0.006164,0.000000
2025-08-23 12:30:00,0.017000,0.068000,discharge,0.068000,0,0.017000,0,0.068000,True,0.208372,10.418587,20.837174,29.581413,0.418587,0.000000,0.000000,0,0.000000,0.017000,0.068000,0.000000,0.000000,0.959166,0.959166,0.145814,0.000000,0.000137,0.000017,0.000000,0.000000,0.002278,0.000000
2025-08-23 12:45:00,0.018000,0.072000,discharge,0.072000,0,0.018000,0,0.072000,True,0.207996,10.399821,20.799641,29.600179,0.399821,0.000000,0.000000,0,0.000000,0.018000,0.072000,0.000000,0.000000,0.959166,0.959166,0.146002,0.000000,0.000145,0.000018,0.000000,0.000000,0.002412,0.000000
2025-08-23 13:00:00,0.050000,0.200000,discharge,0.200000,0,0.050000,0,0.200000,True,0.206954,10.347692,20.695384,29.652308,0.347692,0.000000,0.000000,0,0.000000,0.050000,0.200000,0.000000,0.000000,0.959166,0.959166,0.146523,0.000000,0.000402,0.000050,0.000000,0.000000,0.006700,0.000000
2025-08-23 13:15:00,0.028000,0.112000,discharge,0.112000,0,0.028000,0,0.112000,True,0.206370,10.318500,20.637000,29.681500,0.318500,0.000000,0.000000,0,0.000000,0.028000,0.112000,0.000000,0.000000,0.959166,0.959166,0.146815,0.000000,0.000225,0.000028,0.000000,0.000000,0.003752,0.000000
2025-08-23 13:30:00,0.017000,0.068000,discharge,0.068000,0,0.017000,0,0.068000,True,0.206016,10.300776,20.601553,29.699224,0.300776,0.000000,0.000000,0,0.000000,0.017000,0.068000,0.000000,0.000000,0.959166,0.959166,0.146992,0.000000,0.000137,0.000017,0.000000,0.000000,0.002278,0.000000
2025-08-23 13:45:00,0.037000,0.148000,discharge,0.148000,0,0.037000,0,0.148000,True,0.205244,10.262201,20.524402,29.737799,0.262201,0.000000,0.000000,0,0.000000,0.037000,0.148000,0.000000,0.000000,0.959166,0.959166,0.147378,0.000000,0.000297,0.000037,0.000000,0.000000,0.004958,0.000000
2025-08-23 14:00:00,0.030000,0.120000,discharge,0.120000,0,0.030000,0,0.120000,True,0.204618,10.230924,20.461848,29.769076,0.230924,0.000000,0.000000,0,0.000000,0.030000,0.120000,0.000000,0.000000,0.959166,0.959166,0.147691,0.000000,0.000241,0.000030,0.000000,0.000000,0.004020,0.000000
2025-08-23 14:15:00,0.016000,0.064000,discharge,0.064000,0,0.016000,0,0.064000,True,0.204285,10.214243,20.428486,29.785757,0.214243,0.000000,0.000000,0,0.000000,0.016000,0.064000,0.000000,0.000000,0.959166,0.959166,0.147858,0.000000,0.000129,0.000016,0.000000,0.000000,0.002144,0.000000
2025-08-23 14:30:00,0.027000,0.108000,discharge,0.108000,0,0.027000,0,0.108000,True,0.203722,10.186093,20.372187,29.813907,0.186093,0.000000,0.000000,0,0.000000,0.027000,0.108000,0.000000,0.000000,0.959166,0.959166,0.148139,0.000000,0.000217,0.000027,0.000000,0.000000,0.003618,0.000000
2025-08-23 14:45:00,0.037000,0.148000,discharge,0.148000,0,0.037000,0,0.148000,True,0.202950,10.147518,20.295037,29.852482,0.147518,0.000000,0.000000,0,0.000000,0.037000,0.148000,0.000000,0.000000,0.959166,0.959166,0.148525,0.000000,0.000297,0.000037,0.000000,0.000000,0.004958,0.000000
2025-08-23 15:00:00,0.016000,0.064000,discharge,0.064000,0,0.016000,0,0.064000,True,0.202617,10.130837,20.261674,29.869163,0.130837,0.000000,0.000000,0,0.000000,0.016000,0.064000,0.000000,0.000000,0.959166,0.959166,0.148692,0.000000,0.000129,0.000016,0.000000,0.000000,0.002144,0.000000
2025-08-23 15:15:00,0.020000,0.080000,discharge,0.080000,0,0.020000,0,0.080000,True,0.202200,10.109986,20.219971,29.890014,0.109986,0.000000,0.000000,0,0.000000,0.020000,0.080000,0.000000,0.000000,0.959166,0.959166,0.148900,0.000000,0.000161,0.000020,0.000000,0.000000,0.002680,0.000000
2025-08-23 15:30:00,0.042000,0.168000,discharge,0.168000,0,0.042000,0,0.168000,True,0.201324,10.066198,20.132395,29.933802,0.066198,0.000000,0.000000,0,0.000000,0.042000,0.168000,0.000000,0.000000,0.959166,0.959166,0.149338,0.000000,0.000338,0.000042,0.000000,0.000000,0.005628,0.000000
2025-08-23 15:45:00,0.017000,0.068000,discharge,0.068000,0,0.017000,0,0.068000,True,0.200969,10.048474,20.096948,29.951526,0.048474,0.000000,0.000000,0,0.000000,0.017000,0.068000,0.000000,0.000000,0.959166,0.959166,0.149515,0.000000,0.000137,0.000017,0.000000,0.000000,0.002278,0.000000
2025-08-23 16:00:00,0.015000,0.060000,discharge,0.060000,0,0.015000,0,0.060000,True,0.200657,10.032835,20.065671,29.967165,0.032835,0.000000,0.000000,0,0.000000,0.015000,0.060000,0.000000,0.000000,0.959166,0.959166,0.149672,0.000000,0.000121,0.000015,0.000000,0.000000,0.002010,0.000000
2025-08-23 16:15:00,0.041000,0.164000,discharge,0.125978,0,0.031495,0,0.125978,True,0.200000,10.000000,20.000000,30.000000,0.000000,0.009505,0.009505,0,0.038022,0.041000,0.164000,0.009505,0.038022,0.959166,0.959166,0.150000,0.000000,0.000330,0.000041,0.000076,0.000010,0.005494,0.001274
2025-08-23 16:30:00,0.023000,0.092000,idle,0.000000,0,0.000000,0,0.000000,True,0.200000,10.000000,20.000000,30.000000,0.000000,0.023000,0.023000,0,0.092000,0.023000,0.092000,0.023000,0.092000,0.959166,0.959166,0.150000,0.000000,0.000185,0.000023,0.000185,0.000023,0.003082,0.003082
2025-08-23 16:45:00,0.016000,0.064000,idle,0.000000,0,0.000000,0,0.000000,True,0.200000,10.000000,20.000000,30.000000,0.000000,0.016000,0.016000,0,0.064000,0.016000,0.064000,0.016000,0.064000,0.959166,0.959166,0.150000,0.000000,0.000129,0.000016,0.000129,0.000016,0.002144,0.002144
2025-08-23 17:00:00,0.034000,0.136000,idle,0.000000,0,0.000000,0,0.000000,True,0.200000,10.000000,20.000000,30.000000,0.000000,0.034000,0.034000,0,0.136000,0.034000,0.136000,0.034000,0.136000,0.959166,0.959166,0.150000,0.000000,0.000273,0.000034,0.000273,0.000034,0.004556,0.004556
2025-08-23 17:15:00,0.030000,0.120000,idle,0.000000,0,0.000000,0,0.000000,True,0.200000,10.000000,20.000000,30.000000,0.000000,0.030000,0.030000,0,0.120000,0.030000,0.120000,0.030000,0.120000,0.959166,0.959166,0.150000,0.000000,0.000241,0.000030,0.000241,0.000030,0.004020,0.004020
2025-08-23 17:30:00,0.016000,0.064000,idle,0.000000,0,0.000000,0,0.000000,True,0.200000,10.000000,20.000000,30.000000,0.000000,0.016000,0.016000,0,0.064000,0.016000,0.064000,0.016000,0.064000,0.959166,0.959166,0.150000,0.000000,0.000129,0.000016,0.000129,0.000016,0.002144,0.002144
2025-08-23 17:45:00,0.027000,0.108000,idle,0.000000,0,0.000000,0,0.000000,True,0.200000,10.000000,20.000000,30.000000,0.000000,0.027000,0.027000,0,0.108000,0.027000,0.108000,0.027000,0.108000,0.959166,0.959166,0.150000,0.000000,0.000217,0.000027,0.000217,0.000027,0.003618,0.003618
2025-08-23 18:00:00,0.037000,0.148000,idle,0.000000,0,0.000000,0,0.000000,True,0.200000,10.000000,20.000000,30.000000,0.000000,0.037000,0.037000,0,0.148000,0.037000,0.148000,0.037000,0.148000,0.959166,0.959166,0.150000,0.000000,0.000297,0.000037,0.000297,0.000037,0.004958,0.004958
2025-08-23 18:15:00,0.015000,0.060000,idle,0.000000,0,0.000000,0,0.000000,True,0.200000,10.000000,20.000000,30.000000,0.000000,0.015000,0.015000,0,0.060000,0.015000,0.060000,0.015000,0.060000,0.959166,0.959166,0.150000,0.000000,0.000121,0.000015,0.000121,0.000015,0.002010,0.002010
2025-08-23 18:30:00,0.022000,0.088000,idle,0.000000,0,0.000000,0,0.000000,True,0.200000,10.000000,20.000000,30.000000,0.000000,0.022000,0.022000,0,0.088000,0.022000,0.088000,0.022000,0.088000,0.959166,0.959166,0.150000,0.000000,0.000177,0.000022,0.000177,0.000022,0.002948,0.002948
2025-08-23 18:45:00,0.042000,0.168000,idle,0.000000,0,0.000000,0,0.000000,True,0.200000,10.000000,20.000000,30.000000,0.000000,0.042000,0.042000,0,0.168000,0.042000,0.168000,0.042000,0.168000,0.959166,0.959166,0.150000,0.000000,0.000338,0.000042,0.000338,0.000042,0.005628,0.005628
2025-08-23 19:00:00,0.016000,0.064000,idle,0.000000,0,0.000000,0,0.000000,True,0.200000,10.000000,20.000000,30.000000,0.000000,0.016000,0.016000,0,0.064000,0.016000,0.064000,0.016000,0.064000,0.959166,0.959166,0.150000,0.000000,0.000129,0.000016,0.000129,0.000016,0.002144,0.002144
2025-08-23 19:15:00,0.015000,0.060000,idle,0.000000,0,0.000000,0,0.000000,True,0.200000,10.000000,20.000000,30.000000,0.000000,0.015000,0.015000,0,0.060000,0.015000,0.060000,0.015000,0.060000,0.959166,0.959166,0.150000,0.000000,0.000121,0.000015,0.000121,0.000015,0.002010,0.002010
2025-08-23 19:30:00,0.041000,0.164000,idle,0.000000,0,0.000000,0,0.000000,True,0.200000,10.000000,20.000000,30.000000,0.000000,0.041000,0.041000,0,0.164000,0.041000,0.164000,0.041000,0.164000,0.959166,0.959166,0.150000,0.000000,0.000330,0.000041,0.000330,0.000041,0.005494,0.005494
2025-08-23 19:45:00,0.023000,0.092000,idle,0.000000,0,0.000000,0,0.000000,True,0.200000,10.000000,20.000000,30.000000,0.000000,0.023000,0.023000,0,0.092000,0.023000,0.092000,0.023000,0.092000,0.959166,0.959166,0.150000,0.000000,0.000185,0.000023,0.000185,0.000023,0.003082,0.003082
2025-08-23 20:00:00,0.016000,0.064000,idle,0.000000,0,0.000000,0,0.000000,True,0.200000,10.000000,20.000000,30.000000,0.000000,0.016000,0.016000,0,0.064000,0.016000,0.064000,0.016000,0.064000,0.959166,0.959166,0.150000,0.000000,0.000129,0.000016,0.000129,0.000016,0.002144,0.002144
2025-08-23 20:15:00,0.033000,0.132000,idle,0.000000,0,0.000000,0,0.000000,True,0.200000,10.000000,20.000000,30.000000,0.000000,0.033000,0.033000,0,0.132000,0.033000,0.132000,0.033000,0.132000,0.959166,0.959166,0.150000,0.000000,0.000265,0.000033,0.000265,0.000033,0.004422,0.004422
2025-08-23 20:30:00,0.030000,0.120000,idle,0.000000,0,0.000000,0,0.000000,True,0.200000,10.000000,20.000000,30.000000,0.000000,0.030000,0.030000,0,0.120000,0.030000,0.120000,0.030000,0.120000,0.959166,0.959166,0.150000,0.000000,0.000241,0.000030,0.000241,0.000030,0.004020,0.004020
2025-08-23 20:45:00,0.016000,0.064000,idle,0.000000,0,0.000000,0,0.000000,True,0.200000,10.000000,20.000000,30.000000,0.000000,0.016000,0.016000,0,0.064000,0.016000,0.064000,0.016000,0.064000,0.959166,0.959166,0.150000,0.000000,0.000129,0.000016,0.000129,0.000016,0.002144,0.002144
2025-08-23 21:00:00,0.025000,0.100000,idle,0.000000,0,0.000000,0,0.000000,True,0.200000,10.000000,20.000000,30.000000,0.000000,0.025000,0.025000,0,0.100000,0.025000,0.100000,0.025000,0.100000,0.959166,0.959166,0.150000,0.000000,0.000201,0.000025,0.000201,0.000025,0.003350,0.003350
2025-08-23 21:15:00,0.039000,0.156000,idle,0.000000,0,0.000000,0,0.000000,True,0.200000,10.000000,20.000000,30.000000,0.000000,0.039000,0.039000,0,0.156000,0.039000,0.156000,0.039000,0.156000,0.959166,0.959166,0.150000,0.000000,0.000314,0.000039,0.000314,0.000039,0.005226,0.005226
2025-08-23 21:30:00,0.015000,0.060000,idle,0.000000,0,0.000000,0,0.000000,True,0.200000,10.000000,20.000000,30.000000,0.000000,0.015000,0.015000,0,0.060000,0.015000,0.060000,0.015000,0.060000,0.959166,0.959166,0.150000,0.000000,0.000121,0.000015,0.000121,0.000015,0.002010,0.002010
2025-08-23 21:45:00,0.018000,0.072000,idle,0.000000,0,0.000000,0,0.000000,True,0.200000,10.000000,20.000000,30.000000,0.000000,0.018000,0.018000,0,0.072000,0.018000,0.072000,0.018000,0.072000,0.959166,0.959166,0.150000,0.000000,0.000145,0.000018,0.000145,0.000018,0.002412,0.002412
2025-08-23 22:00:00,0.043000,0.172000,idle,0.000000,0,0.000000,0,0.000000,True,0.200000,10.000000,20.000000,30.000000,0.000000,0.043000,0.043000,0,0.172000,0.043000,0.172000,0.043000,0.172000,0.959166,0.959166,0.150000,0.000000,0.000346,0.000043,0.000346,0.000043,0.005762,0.005762
2025-08-23 22:15:00,0.019000,0.076000,idle,0.000000,0,0.000000,0,0.000000,True,0.200000,10.000000,20.000000,30.000000,0.000000,0.019000,0.019000,0,0.076000,0.019000,0.076000,0.019000,0.076000,0.959166,0.959166,0.150000,0.000000,0.000153,0.000019,0.000153,0.000019,0.002546,0.002546
2025-08-23 22:30:00,0.016000,0.064000,idle,0.000000,0,0.000000,0,0.000000,True,0.200000,10.000000,20.000000,30.000000,0.000000,0.016000,0.016000,0,0.064000,0.016000,0.064000,0.016000,0.064000,0.959166,0.959166,0.150000,0.000000,0.000129,0.000016,0.000129,0.000016,0.002144,0.002144
2025-08-23 22:45:00,0.036000,0.144000,idle,0.000000,0,0.000000,0,0.000000,True,0.200000,10.000000,20.000000,30.000000,0.000000,0.036000,0.036000,0,0.144000,0.036000,0.144000,0.036000,0.144000,0.959166,0.959166,0.150000,0.000000,0.000289,0.000036,0.000289,0.000036,0.004824,0.004824
2025-08-23 23:00:00,0.029000,0.116000,idle,0.000000,0,0.000000,0,0.000000,True,0.200000,10.000000,20.000000,30.000000,0.000000,0.029000,0.029000,0,0.116000,0.029000,0.116000,0.029000,0.116000,0.959166,0.959166,0.150000,0.000000,0.000233,0.000029,0.000233,0.000029,0.003886,0.003886
2025-08-23 23:15:00,0.015000,0.060000,idle,0.000000,0,0.000000,0,0.000000,True,0.200000,10.000000,20.000000,30.000000,0.000000,0.015000,0.015000,0,0.060000,0.015000,0.060000,0.015000,0.060000,0.959166,0.959166,0.150000,0.000000,0.000121,0.000015,0.000121,0.000015,0.002010,0.002010
2025-08-23 23:30:00,0.026000,0.104000,idle,0.000000,0,0.000000,0,0.000000,True,0.200000,10.000000,20.000000,30.000000,0.000000,0.026000,0.026000,0,0.104000,0.026000,0.104000,0.026000,0.104000,0.959166,0.959166,0.150000,0.000000,0.000209,0.000026,0.000209,0.000026,0.003484,0.003484
2025-08-23 23:45:00,0.038000,0.152000,idle,0.000000,0,0.000000,0,0.000000,True,0.200000,10.000000,20.000000,30.000000,0.000000,0.038000,0.038000,0,0.152000,0.038000,0.152000,0.038000,0.152000,0.959166,0.959166,0.150000,0.000000,0.000306,0.000038,0.000306,0.000038,0.005092,0.005092
2025-08-24 00:00:00,0.015000,0.060000,idle,0.000000,0,0.000000,0,0.000000,True,0.200000,10.000000,20.000000,30.000000,0.000000,0.015000,0.015000,0,0.060000,0.015000,0.060000,0.015000,0.060000,0.959166,0.959166,0.150000,0.000000,0.000121,0.000015,0.000121,0.000015,0.002010,0.002010
2025-08-24 00:15:00,0.018000,0.072000,idle,0.000000,0,0.000000,0,0.000000,True,0.200000,10.000000,20.000000,30.000000,0.000000,0.018000,0.018000,0,0.072000,0.018000,0.072000,0.018000,0.072000,0.959166,0.959166,0.150000,0.000000,0.000145,0.000018,0.000145,0.000018,0.002412,0.002412
2025-08-24 00:30:00,0.042000,0.168000,idle,0.000000,0,0.000000,0,0.000000,True,0.200000,10.000000,20.000000,30.000000,0.000000,0.042000,0.042000,0,0.168000,0.042000,0.168000,0.042000,0.168000,0.959166,0.959166,0.150000,0.000000,0.000338,0.000042,0.000338,0.000042,0.005628,0.005628
2025-08-24 00:45:00,0.019000,0.076000,idle,0.000000,0,0.000000,0,0.000000,True,0.200000,10.000000,20.000000,30.000000,0.000000,0.019000,0.019000,0,0.076000,0.019000,0.076000,0.019000,0.076000,0.959166,0.959166,0.150000,0.000000,0.000153,0.000019,0.000153,0.000019,0.002546,0.002546
2025-08-24 01:00:00,0.015000,0.060000,idle,0.000000,0,0.000000,0,0.000000,True,0.200000,10.000000,20.000000,30.000000,0.000000,0.015000,0.015000,0,0.060000,0.015000,0.060000,0.015000,0.060000,0.959166,0.959166,0.150000,0.000000,0.000121,0.000015,0.000121,0.000015,0.002010,0.002010
2025-08-24 01:15:00,0.037000,0.148000,idle,0.000000,0,0.000000,0,0.000000,True,0.200000,10.000000,20.000000,30.000000,0.000000,0.037000,0.037000,0,0.148000,0.037000,0.148000,0.037000,0.148000,0.959166,0.959166,0.150000,0.000000,0.000297,0.000037,0.000297,0.000037,0.004958,0.004958
2025-08-24 01:30:00,0.027000,0.108000,idle,0.000000,0,0.000000,0,0.000000,True,0.200000,10.000000,20.000000,30.000000,0.000000,0.027000,0.027000,0,0.108000,0.027000,0.108000,0.027000,0.108000,0.959166,0.959166,0.150000,0.000000,0.000217,0.000027,0.000217,0.000027,0.003618,0.003618
2025-08-24 01:45:00,0.016000,0.064000,idle,0.000000,0,0.000000,0,0.000000,True,0.200000,10.000000,20.000000,30.000000,0.000000,0.016000,0.016000,0,0.064000,0.016000,0.064000,0.016000,0.064000,0.959166,0.959166,0.150000,0.000000,0.000129,0.000016,0.000129,0.000016,0.002144,0.002144
2025-08-24 02:00:00,0.026000,0.104000,idle,0.000000,0,0.000000,0,0.000000,True,0.200000,10.000000,20.000000,30.000000,0.000000,0.026000,0.026000,0,0.104000,0.026000,0.104000,0.026000,0.104000,0.959166,0.959166,0.150000,0.000000,0.000209,0.000026,0.000209,0.000026,0.003484,0.003484
2025-08-24 02:15:00,0.037000,0.148000,idle,0.000000,0,0.000000,0,0.000000,True,0.200000,10.000000,20.000000,30.000000,0.000000,0.037000,0.037000,0,0.148000,0.037000,0.148000,0.037000,0.148000,0.959166,0.959166,0.150000,0.000000,0.000297,0.000037,0.000297,0.000037,0.004958,0.004958
2025-08-24 02:30:00,0.016000,0.064000,idle,0.000000,0,0.000000,0,0.000000,True,0.200000,10.000000,20.000000,30.000000,0.000000,0.016000,0.016000,0,0.064000,0.016000,0.064000,0.016000,0.064000,0.959166,0.959166,0.150000,0.000000,0.000129,0.000016,0.000129,0.000016,0.002144,0.002144
2025-08-24 02:45:00,0.017000,0.068000,idle,0.000000,0,0.000000,0,0.000000,True,0.200000,10.000000,20.000000,30.000000,0.000000,0.017000,0.017000,0,0.068000,0.017000,0.068000,0.017000,0.068000,0.959166,0.959166,0.150000,0.000000,0.000137,0.000017,0.000137,0.000017,0.002278,0.002278
2025-08-24 03:00:00,0.042000,0.168000,idle,0.000000,0,0.000000,0,0.000000,True,0.200000,10.000000,20.000000,30.000000,0.000000,0.042000,0.042000,0,0.168000,0.042000,0.168000,0.042000,0.168000,0.959166,0.959166,0.150000,0.000000,0.000338,0.000042,0.000338,0.000042,0.005628,0.005628
2025-08-24 03:15:00,0.021000,0.084000,idle,0.000000,0,0.000000,0,0.000000,True,0.200000,10.000000,20.000000,30.000000,0.000000,0.021000,0.021000,0,0.084000,0.021000,0.084000,0.021000,0.084000,0.959166,0.959166,0.150000,0.000000,0.000169,0.000021,0.000169,0.000021,0.002814,0.002814
2025-08-24 03:30:00,0.016000,0.064000,idle,0.000000,0,0.000000,0,0.000000,True,0.200000,10.000000,20.000000,30.000000,0.000000,0.016000,0.016000,0,0.064000,0.016000,0.064000,0.016000,0.064000,0.959166,0.959166,0.150000,0.000000,0.000129,0.000016,0.000129,0.000016,0.002144,0.002144
2025-08-24 03:45:00,0.033000,0.132000,idle,0.000000,0,0.000000,0,0.000000,True,0.200000,10.000000,20.000000,30.000000,0.000000,0.033000,0.033000,0,0.132000,0.033000,0.132000,0.033000,0.132000,0.959166,0.959166,0.150000,0.000000,0.000265,0.000033,0.000265,0.000033,0.004422,0.004422
2025-08-24 04:00:00,0.030000,0.120000,idle,0.000000,0,0.000000,0,0.000000,True,0.200000,10.000000,20.000000,30.000000,0.000000,0.030000,0.030000,0,0.120000,0.030000,0.120000,0.030000,0.120000,0.959166,0.959166,0.150000,0.000000,0.000241,0.000030,0.000241,0.000030,0.004020,0.004020
2025-08-24 04:15:00,0.016000,0.064000,idle,0.000000,0,0.000000,0,0.000000,True,0.200000,10.000000,20.000000,30.000000,0.000000,0.016000,0.016000,0,0.064000,0.016000,0.064000,0.016000,0.064000,0.959166,0.959166,0.150000,0.000000,0.000129,0.000016,0.000129,0.000016,0.002144,0.002144
2025-08-24 04:30:00,0.023000,0.092000,idle,0.000000,0,0.000000,0,0.000000,True,0.200000,10.000000,20.000000,30.000000,0.000000,0.023000,0.023000,0,0.092000,0.023000,0.092000,0.023000,0.092000,0.959166,0.959166,0.150000,0.000000,0.000185,0.000023,0.000185,0.000023,0.003082,0.003082
2025-08-24 04:45:00,0.040000,0.160000,idle,0.000000,0,0.000000,0,0.000000,True,0.200000,10.000000,20.000000,30.000000,0.000000,0.040000,0.040000,0,0.160000,0.040000,0.160000,0.040000,0.160000,0.959166,0.959166,0.150000,0.000000,0.000322,0.000040,0.000322,0.000040,0.005360,0.005360
2025-08-24 05:00:00,0.016000,0.064000,idle,0.000000,0,0.000000,0,0.000000,True,0.200000,10.000000,20.000000,30.000000,0.000000,0.016000,0.016000,0,0.064000,0.016000,0.064000,0.016000,0.064000,0.959166,0.959166,0.150000,0.000000,0.000129,0.000016,0.000129,0.000016,0.002144,0.002144
2025-08-24 05:15:00,0.015000,0.060000,idle,0.000000,0,0.000000,0,0.000000,True,0.200000,10.000000,20.000000,30.000000,0.000000,0.015000,0.015000,0,0.060000,0.015000,0.060000,0.015000,0.060000,0.959166,0.959166,0.150000,0.000000,0.000121,0.000015,0.000121,0.000015,0.002010,0.002010
2025-08-24 05:30:00,0.039000,0.156000,idle,0.000000,0,0.000000,0,0.000000,True,0.200000,10.000000,20.000000,30.000000,0.000000,0.039000,0.039000,0,0.156000,0.039000,0.156000,0.039000,0.156000,0.959166,0.959166,0.150000,0.000000,0.000314,0.000039,0.000314,0.000039,0.005226,0.005226
2025-08-24 05:45:00,0.024000,0.096000,idle,0.000000,0,0.000000,0,0.000000,True,0.200000,10.000000,20.000000,30.000000,0.000000,0.024000,0.024000,0,0.096000,0.024000,0.096000,0.024000,0.096000,0.959166,0.959166,0.150000,0.000000,0.000193,0.000024,0.000193,0.000024,0.003216,0.003216
2025-08-24 06:00:00,0.015000,0.060000,idle,0.000000,0,0.000000,0,0.000000,True,0.200000,10.000000,20.000000,30.000000,0.000000,0.015000,0.015000,0,0.060000,0.015000,0.060000,0.015000,0.060000,0.959166,0.959166,0.150000,0.000000,0.000121,0.000015,0.000121,0.000015,0.002010,0.002010
2025-08-24 06:15:00,0.029000,0.116000,idle,0.000000,0,0.000000,0,0.000000,True,0.200000,10.000000,20.000000,30.000000,0.000000,0.029000,0.029000,0,0.116000,0.029000,0.116000,0.029000,0.116000,0.959166,0.959166,0.150000,0.000000,0.000233,0.000029,0.000233,0.000029,0.003886,0.003886
2025-08-24 06:30:00,0.035000,0.140000,idle,0.000000,0,0.000000,0,0.000000,True,0.200000,10.000000,20.000000,30.000000,0.000000,0.035000,0.035000,0,0.140000,0.035000,0.140000,0.035000,0.140000,0.959166,0.959166,0.150000,0.000000,0.000281,0.000035,0.000281,0.000035,0.004690,0.004690
2025-08-24 06:45:00,0.015000,0.060000,idle,0.000000,0,0.000000,0,0.000000,True,0.200000,10.000000,20.000000,30.000000,0.000000,0.015000,0.015000,0,0.060000,0.015000,0.060000,0.015000,0.060000,0.959166,0.959166,0.150000,0.000000,0.000121,0.000015,0.000121,0.000015,0.002010,0.002010
2025-08-24 07:00:00,0.016000,0.064000,idle,0.000000,0,0.000000,0,0.000000,True,0.200000,10.000000,20.000000,30.000000,0.000000,0.016000,0.016000,0,0.064000,0.016000,0.064000,0.016000,0.064000,0.959166,0.959166,0.150000,0.000000,0.000129,0.000016,0.000129,0.000016,0.002144,0.002144
2025-08-24 07:15:00,0.041000,0.164000,idle,0.000000,0,0.000000,0,0.000000,True,0.200000,10.000000,20.000000,30.000000,0.000000,0.041000,0.041000,0,0.164000,0.041000,0.164000,0.041000,0.164000,0.959166,0.959166,0.150000,0.000000,0.000330,0.000041,0.000330,0.000041,0.005494,0.005494
2025-08-24 07:30:00,0.024000,0.096000,idle,0.000000,0,0.000000,0,0.000000,True,0.200000,10.000000,20.000000,30.000000,0.000000,0.024000,0.024000,0,0.096000,0.024000,0.096000,0.024000,0.096000,0.959166,0.959166,0.150000,0.000000,0.000193,0.000024,0.000193,0.000024,0.003216,0.003216
2025-08-24 07:45:00,0.015000,0.060000,idle,0.000000,0,0.000000,0,0.000000,True,0.200000,10.000000,20.000000,30.000000,0.000000,0.015000,0.015000,0,0.060000,0.015000,0.060000,0.015000,0.060000,0.959166,0.959166,0.150000,0.000000,0.000121,0.000015,0.000121,0.000015,0.002010,0.002010
2025-08-24 08:00:00,0.027000,0.108000,idle,0.000000,0,0.000000,0,0.000000,True,0.200000,10.000000,20.000000,30.000000,0.000000,0.027000,0.027000,0,0.108000,0.027000,0.108000,0.027000,0.108000,0.959166,0.959166,0.150000,0.000000,0.000217,0.000027,0.000217,0.000027,0.003618,0.003618
2025-08-24 08:15:00,0.036000,0.144000,idle,0.000000,0,0.000000,0,0.000000,True,0.200000,10.000000,20.000000,30.000000,0.000000,0.036000,0.036000,0,0.144000,0.036000,0.144000,0.036000,0.144000,0.959166,0.959166,0.150000,0.000000,0.000289,0.000036,0.000289,0.000036,0.004824,0.004824
2025-08-24 08:30:00,0.016000,0.064000,idle,0.000000,0,0.000000,0,0.000000,True,0.200000,10.000000,20.000000,30.000000,0.000000,0.016000,0.016000,0,0.064000,0.016000,0.064000,0.016000,0.064000,0.959166,0.959166,0.150000,0.000000,0.000129,0.000016,0.000129,0.000016,0.002144,0.002144
2025-08-24 08:45:00,0.015000,0.060000,idle,0.000000,0,0.000000,0,0.000000,True,0.200000,10.000000,20.000000,30.000000,0.000000,0.015000,0.015000,0,0.060000,0.015000,0.060000,0.015000,0.060000,0.959166,0.959166,0.150000,0.000000,0.000121,0.000015,0.000121,0.000015,0.002010,0.002010
2025-08-24 09:00:00,0.039000,0.156000,idle,0.000000,0,0.000000,0,0.000000,True,0.200000,10.000000,20.000000,30.000000,0.000000,0.039000,0.039000,0,0.156000,0.039000,0.156000,0.039000,0.156000,0.959166,0.959166,0.150000,0.000000,0.000314,0.000039,0.000314,0.000039,0.005226,0.005226
2025-08-24 09:15:00,0.025000,0.100000,idle,0.000000,0,0.000000,0,0.000000,True,0.200000,10.000000,20.000000,30.000000,0.000000,0.025000,0.025000,0,0.100000,0.025000,0.100000,0.025000,0.100000,0.959166,0.959166,0.150000,0.000000,0.000201,0.000025,0.000201,0.000025,0.003350,0.003350
2025-08-24 09:30:00,0.016000,0.064000,idle,0.000000,0,0.000000,0,0.000000,True,0.200000,10.000000,20.000000,30.000000,0.000000,0.016000,0.016000,0,0.064000,0.016000,0.064000,0.016000,0.064000,0.959166,0.959166,0.150000,0.000000,0.000129,0.000016,0.000129,0.000016,0.002144,0.002144
2025-08-24 09:45:00,0.024000,0.096000,idle,0.000000,0,0.000000,0,0.000000,True,0.200000,10.000000,20.000000,30.000000,0.000000,0.024000,0.024000,0,0.096000,0.024000,0.096000,0.024000,0.096000,0.959166,0.959166,0.150000,0.000000,0.000193,0.000024,0.000193,0.000024,0.003216,0.003216
2025-08-24 10:00:00,0.040000,0.160000,idle,0.000000,0,0.000000,0,0.000000,True,0.200000,10.000000,20.000000,30.000000,0.000000,0.040000,0.040000,0,0.160000,0.040000,0.160000,0.040000,0.160000,0.959166,0.959166,0.150000,0.000000,0.000322,0.000040,0.000322,0.000040,0.005360,0.005360
2025-08-24 10:15:00,0.015000,0.060000,idle,0.000000,0,0.000000,0,0.000000,True,0.200000,10.000000,20.000000,30.000000,0.000000,0.015000,0.015000,0,0.060000,0.015000,0.060000,0.015000,0.060000,0.959166,0.959166,0.150000,0.000000,0.000121,0.000015,0.000121,0.000015,0.002010,0.002010
2025-08-24 10:30:00,0.016000,0.064000,idle,0.000000,0,0.000000,0,0.000000,True,0.200000,10.000000,20.000000,30.000000,0.000000,0.016000,0.016000,0,0.064000,0.016000,0.064000,0.016000,0.064000,0.959166,0.959166,0.150000,0.000000,0.000129,0.000016,0.000129,0.000016,0.002144,0.002144
2025-08-24 10:45:00,0.092000,0.368000,idle,0.000000,0,0.000000,0,0.000000,True,0.200000,10.000000,20.000000,30.000000,0.000000,0.092000,0.092000,0,0.368000,0.092000,0.368000,0.092000,0.368000,0.959166,0.959166,0.150000,0.000000,0.000740,0.000092,0.000740,0.000092,0.012328,0.012328
2025-08-24 11:00:00,0.048000,0.192000,idle,0.000000,0,0.000000,0,0.000000,True,0.200000,10.000000,20.000000,30.000000,0.000000,0.048000,0.048000,0,0.192000,0.048000,0.192000,0.048000,0.192000,0.959166,0.959166,0.150000,0.000000,0.000386,0.000048,0.000386,0.000048,0.006432,0.006432
2025-08-24 11:15:00,0.037000,0.148000,idle,0.000000,0,0.000000,0,0.000000,True,0.200000,10.000000,20.000000,30.000000,0.000000,0.037000,0.037000,0,0.148000,0.037000,0.148000,0.037000,0.148000,0.959166,0.959166,0.150000,0.000000,0.000297,0.000037,0.000297,0.000037,0.004958,0.004958
2025-08-24 11:30:00,0.024000,0.096000,idle,0.000000,0,0.000000,0,0.000000,True,0.200000,10.000000,20.000000,30.000000,0.000000,0.024000,0.024000,0,0.096000,0.024000,0.096000,0.024000,0.096000,0.959166,0.959166,0.150000,0.000000,0.000193,0.000024,0.000193,0.000024,0.003216,0.003216
2025-08-24 11:45:00,0.104000,0.416000,idle,0.000000,0,0.000000,0,0.000000,True,0.200000,10.000000,20.000000,30.000000,0.000000,0.104000,0.104000,0,0.416000,0.104000,0.416000,0.104000,0.416000,0.959166,0.959166,0.150000,0.000000,0.000836,0.000104,0.000836,0.000104,0.013936,0.013936
2025-08-24 12:00:00,0.047000,0.188000,idle,0.000000,0,0.000000,0,0.000000,True,0.200000,10.000000,20.000000,30.000000,0.000000,0.047000,0.047000,0,0.188000,0.047000,0.188000,0.047000,0.188000,0.959166,0.959166,0.150000,0.000000,0.000378,0.000047,0.000378,0.000047,0.006298,0.006298
2025-08-24 12:15:00,0.035000,0.140000,idle,0.000000,0,0.000000,0,0.000000,True,0.200000,10.000000,20.000000,30.000000,0.000000,0.035000,0.035000,0,0.140000,0.035000,0.140000,0.035000,0.140000,0.959166,0.959166,0.150000,0.000000,0.000281,0.000035,0.000281,0.000035,0.004690,0.004690
2025-08-24 12:30:00,0.052000,0.208000,idle,0.000000,0,0.000000,0,0.000000,True,0.200000,10.000000,20.000000,30.000000,0.000000,0.052000,0.052000,0,0.208000,0.052000,0.208000,0.052000,0.208000,0.959166,0.959166,0.150000,0.000000,0.000418,0.000052,0.000418,0.000052,0.006968,0.006968
2025-08-24 12:45:00,0.039000,0.156000,idle,0.000000,0,0.000000,0,0.000000,True,0.200000,10.000000,20.000000,30.000000,0.000000,0.039000,0.039000,0,0.156000,0.039000,0.156000,0.039000,0.156000,0.959166,0.959166,0.150000,0.000000,0.000314,0.000039,0.000314,0.000039,0.005226,0.005226
2025-08-24 13:00:00,0.071000,0.284000,idle,0.000000,0,0.000000,0,0.000000,True,0.200000,10.000000,20.000000,30.000000,0.000000,0.071000,0.071000,0,0.284000,0.071000,0.284000,0.071000,0.284000,0.959166,0.959166,0.150000,0.000000,0.000571,0.000071,0.000571,0.000071,0.009514,0.009514
2025-08-24 13:15:00,0.055000,0.220000,idle,0.000000,0,0.000000,0,0.000000,True,0.200000,10.000000,20.000000,30.000000,0.000000,0.055000,0.055000,0,0.220000,0.055000,0.220000,0.055000,0.220000,0.959166,0.959166,0.150000,0.000000,0.000442,0.000055,0.000442,0.000055,0.007370,0.007370
2025-08-24 13:30:00,0.059000,0.236000,idle,0.000000,0,0.000000,0,0.000000,True,0.200000,10.000000,20.000000,30.000000,0.000000,0.059000,0.059000,0,0.236000,0.059000,0.236000,0.059000,0.236000,0.959166,0.959166,0.150000,0.000000,0.000474,0.000059,0.000474,0.000059,0.007906,0.007906
2025-08-24 13:45:00,0.036000,0.144000,idle,0.000000,0,0.000000,0,0.000000,True,0.200000,10.000000,20.000000,30.000000,0.000000,0.036000,0.036000,0,0.144000,0.036000,0.144000,0.036000,0.144000,0.959166,0.959166,0.150000,0.000000,0.000289,0.000036,0.000289,0.000036,0.004824,0.004824
2025-08-24 14:00:00,0.036000,0.144000,idle,0.000000,0,0.000000,0,0.000000,True,0.200000,10.000000,20.000000,30.000000,0.000000,0.036000,0.036000,0,0.144000,0.036000,0.144000,0.036000,0.144000,0.959166,0.959166,0.150000,0.000000,0.000289,0.000036,0.000289,0.000036,0.004824,0.004824
2025-08-24 14:15:00,0.070000,0.280000,idle,0.000000,0,0.000000,0,0.000000,True,0.200000,10.000000,20.000000,30.000000,0.000000,0.070000,0.070000,0,0.280000,0.070000,0.280000,0.070000,0.280000,0.959166,0.959166,0.150000,0.000000,0.000563,0.000070,0.000563,0.000070,0.009380,0.009380
2025-08-24 14:30:00,0.066000,0.264000,idle,0.000000,0,0.000000,0,0.000000,True,0.200000,10.000000,20.000000,30.000000,0.000000,0.066000,0.066000,0,0.264000,0.066000,0.264000,0.066000,0.264000,0.959166,0.959166,0.150000,0.000000,0.000531,0.000066,0.000531,0.000066,0.008844,0.008844
2025-08-24 14:45:00,0.045000,0.180000,idle,0.000000,0,0.000000,0,0.000000,True,0.200000,10.000000,20.000000,30.000000,0.000000,0.045000,0.045000,0,0.180000,0.045000,0.180000,0.045000,0.180000,0.959166,0.959166,0.150000,0.000000,0.000362,0.000045,0.000362,0.000045,0.006030,0.006030
2025-08-24 15:00:00,0.018000,0.072000,idle,0.000000,0,0.000000,0,0.000000,True,0.200000,10.000000,20.000000,30.000000,0.000000,0.018000,0.018000,0,0.072000,0.018000,0.072000,0.018000,0.072000,0.959166,0.959166,0.150000,0.000000,0.000145,0.000018,0.000145,0.000018,0.002412,0.002412
2025-08-24 15:15:00,0.039000,0.156000,idle,0.000000,0,0.000000,0,0.000000,True,0.200000,10.000000,20.000000,30.000000,0.000000,0.039000,0.039000,0,0.156000,0.039000,0.156000,0.039000,0.156000,0.959166,0.959166,0.150000,0.000000,0.000314,0.000039,0.000314,0.000039,0.005226,0.005226
2025-08-24 15:30:00,0.025000,0.100000,idle,0.000000,0,0.000000,0,0.000000,True,0.200000,10.000000,20.000000,30.000000,0.000000,0.025000,0.025000,0,0.100000,0.025000,0.100000,0.025000,0.100000,0.959166,0.959166,0.150000,0.000000,0.000201,0.000025,0.000201,0.000025,0.003350,0.003350
2025-08-24 15:45:00,0.017000,0.068000,idle,0.000000,0,0.000000,0,0.000000,True,0.200000,10.000000,20.000000,30.000000,0.000000,0.017000,0.017000,0,0.068000,0.017000,0.068000,0.017000,0.068000,0.959166,0.959166,0.150000,0.000000,0.000137,0.000017,0.000137,0.000017,0.002278,0.002278
2025-08-24 16:00:00,0.045000,0.180000,idle,0.000000,0,0.000000,0,0.000000,True,0.200000,10.000000,20.000000,30.000000,0.000000,0.045000,0.045000,0,0.180000,0.045000,0.180000,0.045000,0.180000,0.959166,0.959166,0.150000,0.000000,0.000362,0.000045,0.000362,0.000045,0.006030,0.006030
2025-08-24 16:15:00,0.028000,0.112000,idle,0.000000,0,0.000000,0,0.000000,True,0.200000,10.000000,20.000000,30.000000,0.000000,0.028000,0.028000,0,0.112000,0.028000,0.112000,0.028000,0.112000,0.959166,0.959166,0.150000,0.000000,0.000225,0.000028,0.000225,0.000028,0.003752,0.003752
2025-08-24 16:30:00,0.025000,0.100000,idle,0.000000,0,0.000000,0,0.000000,True,0.200000,10.000000,20.000000,30.000000,0.000000,0.025000,0.025000,0,0.100000,0.025000,0.100000,0.025000,0.100000,0.959166,0.959166,0.150000,0.000000,0.000201,0.000025,0.000201,0.000025,0.003350,0.003350
2025-08-24 16:45:00,0.044000,0.176000,idle,0.000000,0,0.000000,0,0.000000,True,0.200000,10.000000,20.000000,30.000000,0.000000,0.044000,0.044000,0,0.176000,0.044000,0.176000,0.044000,0.176000,0.959166,0.959166,0.150000,0.000000,0.000354,0.000044,0.000354,0.000044,0.005896,0.005896
2025-08-24 17:00:00,0.043000,0.172000,idle,0.000000,0,0.000000,0,0.000000,True,0.200000,10.000000,20.000000,30.000000,0.000000,0.043000,0.043000,0,0.172000,0.043000,0.172000,0.043000,0.172000,0.959166,0.959166,0.150000,0.000000,0.000346,0.000043,0.000346,0.000043,0.005762,0.005762
2025-08-24 17:15:00,0.031000,0.124000,idle,0.000000,0,0.000000,0,0.000000,True,0.200000,10.000000,20.000000,30.000000,0.000000,0.031000,0.031000,0,0.124000,0.031000,0.124000,0.031000,0.124000,0.959166,0.959166,0.150000,0.000000,0.000249,0.000031,0.000249,0.000031,0.004154,0.004154
2025-08-24 17:30:00,0.017000,0.068000,idle,0.000000,0,0.000000,0,0.000000,True,0.200000,10.000000,20.000000,30.000000,0.000000,0.017000,0.017000,0,0.068000,0.017000,0.068000,0.017000,0.068000,0.959166,0.959166,0.150000,0.000000,0.000137,0.000017,0.000137,0.000017,0.002278,0.002278
2025-08-24 17:45:00,0.042000,0.168000,idle,0.000000,0,0.000000,0,0.000000,True,0.200000,10.000000,20.000000,30.000000,0.000000,0.042000,0.042000,0,0.168000,0.042000,0.168000,0.042000,0.168000,0.959166,0.959166,0.150000,0.000000,0.000338,0.000042,0.000338,0.000042,0.005628,0.005628
2025-08-24 18:00:00,0.019000,0.076000,idle,0.000000,0,0.000000,0,0.000000,True,0.200000,10.000000,20.000000,30.000000,0.000000,0.019000,0.019000,0,0.076000,0.019000,0.076000,0.019000,0.076000,0.959166,0.959166,0.150000,0.000000,0.000153,0.000019,0.000153,0.000019,0.002546,0.002546
2025-08-24 18:15:00,0.022000,0.088000,idle,0.000000,0,0.000000,0,0.000000,True,0.200000,10.000000,20.000000,30.000000,0.000000,0.022000,0.022000,0,0.088000,0.022000,0.088000,0.022000,0.088000,0.959166,0.959166,0.150000,0.000000,0.000177,0.000022,0.000177,0.000022,0.002948,0.002948
2025-08-24 18:30:00,0.040000,0.160000,idle,0.000000,0,0.000000,0,0.000000,True,0.200000,10.000000,20.000000,30.000000,0.000000,0.040000,0.040000,0,0.160000,0.040000,0.160000,0.040000,0.160000,0.959166,0.959166,0.150000,0.000000,0.000322,0.000040,0.000322,0.000040,0.005360,0.005360
2025-08-24 18:45:00,0.019000,0.076000,idle,0.000000,0,0.000000,0,0.000000,True,0.200000,10.000000,20.000000,30.000000,0.000000,0.019000,0.019000,0,0.076000,0.019000,0.076000,0.019000,0.076000,0.959166,0.959166,0.150000,0.000000,0.000153,0.000019,0.000153,0.000019,0.002546,0.002546
2025-08-24 19:00:00,0.032000,0.128000,idle,0.000000,0,0.000000,0,0.000000,True,0.200000,10.000000,20.000000,30.000000,0.000000,0.032000,0.032000,0,0.128000,0.032000,0.128000,0.032000,0.128000,0.959166,0.959166,0.150000,0.000000,0.000257,0.000032,0.000257,0.000032,0.004288,0.004288
2025-08-24 19:15:00,0.035000,0.140000,idle,0.000000,0,0.000000,0,0.000000,True,0.200000,10.000000,20.000000,30.000000,0.000000,0.035000,0.035000,0,0.140000,0.035000,0.140000,0.035000,0.140000,0.959166,0.959166,0.150000,0.000000,0.000281,0.000035,0.000281,0.000035,0.004690,0.004690
2025-08-24 19:30:00,0.018000,0.072000,idle,0.000000,0,0.000000,0,0.000000,True,0.200000,10.000000,20.000000,30.000000,0.000000,0.018000,0.018000,0,0.072000,0.018000,0.072000,0.018000,0.072000,0.959166,0.959166,0.150000,0.000000,0.000145,0.000018,0.000145,0.000018,0.002412,0.002412
2025-08-24 19:45:00,0.053000,0.212000,idle,0.000000,0,0.000000,0,0.000000,True,0.200000,10.000000,20.000000,30.000000,0.000000,0.053000,0.053000,0,0.212000,0.053000,0.212000,0.053000,0.212000,0.959166,0.959166,0.150000,0.000000,0.000426,0.000053,0.000426,0.000053,0.007102,0.007102
2025-08-24 20:00:00,0.063000,0.252000,idle,0.000000,0,0.000000,0,0.000000,True,0.200000,10.000000,20.000000,30.000000,0.000000,0.063000,0.063000,0,0.252000,0.063000,0.252000,0.063000,0.252000,0.959166,0.959166,0.150000,0.000000,0.000507,0.000063,0.000507,0.000063,0.008442,0.008442
2025-08-24 20:15:00,0.039000,0.156000,idle,0.000000,0,0.000000,0,0.000000,True,0.200000,10.000000,20.000000,30.000000,0.000000,0.039000,0.039000,0,0.156000,0.039000,0.156000,0.039000,0.156000,0.959166,0.959166,0.150000,0.000000,0.000314,0.000039,0.000314,0.000039,0.005226,0.005226
2025-08-24 20:30:00,0.032000,0.128000,idle,0.000000,0,0.000000,0,0.000000,True,0.200000,10.000000,20.000000,30.000000,0.000000,0.032000,0.032000,0,0.128000,0.032000,0.128000,0.032000,0.128000,0.959166,0.959166,0.150000,0.000000,0.000257,0.000032,0.000257,0.000032,0.004288,0.004288
2025-08-24 20:45:00,0.041000,0.164000,idle,0.000000,0,0.000000,0,0.000000,True,0.200000,10.000000,20.000000,30.000000,0.000000,0.041000,0.041000,0,0.164000,0.041000,0.164000,0.041000,0.164000,0.959166,0.959166,0.150000,0.000000,0.000330,0.000041,0.000330,0.000041,0.005494,0.005494
2025-08-24 21:00:00,0.014000,0.056000,idle,0.000000,0,0.000000,0,0.000000,True,0.200000,10.000000,20.000000,30.000000,0.000000,0.014000,0.014000,0,0.056000,0.014000,0.056000,0.014000,0.056000,0.959166,0.959166,0.150000,0.000000,0.000113,0.000014,0.000113,0.000014,0.001876,0.001876
2025-08-24 21:15:00,0.018000,0.072000,idle,0.000000,0,0.000000,0,0.000000,True,0.200000,10.000000,20.000000,30.000000,0.000000,0.018000,0.018000,0,0.072000,0.018000,0.072000,0.018000,0.072000,0.959166,0.959166,0.150000,0.000000,0.000145,0.000018,0.000145,0.000018,0.002412,0.002412
2025-08-24 21:30:00,0.041000,0.164000,idle,0.000000,0,0.000000,0,0.000000,True,0.200000,10.000000,20.000000,30.000000,0.000000,0.041000,0.041000,0,0.164000,0.041000,0.164000,0.041000,0.164000,0.959166,0.959166,0.150000,0.000000,0.000330,0.000041,0.000330,0.000041,0.005494,0.005494
2025-08-24 21:45:00,0.017000,0.068000,idle,0.000000,0,0.000000,0,0.000000,True,0.200000,10.000000,20.000000,30.000000,0.000000,0.017000,0.017000,0,0.068000,0.017000,0.068000,0.017000,0.068000,0.959166,0.959166,0.150000,0.000000,0.000137,0.000017,0.000137,0.000017,0.002278,0.002278
2025-08-24 22:00:00,0.015000,0.060000,idle,0.000000,0,0.000000,0,0.000000,True,0.200000,10.000000,20.000000,30.000000,0.000000,0.015000,0.015000,0,0.060000,0.015000,0.060000,0.015000,0.060000,0.959166,0.959166,0.150000,0.000000,0.000121,0.000015,0.000121,0.000015,0.002010,0.002010
2025-08-24 22:15:00,0.035000,0.140000,idle,0.000000,0,0.000000,0,0.000000,True,0.200000,10.000000,20.000000,30.000000,0.000000,0.035000,0.035000,0,0.140000,0.035000,0.140000,0.035000,0.140000,0.959166,0.959166,0.150000,0.000000,0.000281,0.000035,0.000281,0.000035,0.004690,0.004690
2025-08-24 22:30:00,0.027000,0.108000,idle,0.000000,0,0.000000,0,0.000000,True,0.200000,10.000000,20.000000,30.000000,0.000000,0.027000,0.027000,0,0.108000,0.027000,0.108000,0.027000,0.108000,0.959166,0.959166,0.150000,0.000000,0.000217,0.000027,0.000217,0.000027,0.003618,0.003618
2025-08-24 22:45:00,0.015000,0.060000,idle,0.000000,0,0.000000,0,0.000000,True,0.200000,10.000000,20.000000,30.000000,0.000000,0.015000,0.015000,0,0.060000,0.015000,0.060000,0.015000,0.060000,0.959166,0.959166,0.150000,0.000000,0.000121,0.000015,0.000121,0.000015,0.002010,0.002010
2025-08-24 23:00:00,0.023000,0.092000,idle,0.000000,0,0.000000,0,0.000000,True,0.200000,10.000000,20.000000,30.000000,0.000000,0.023000,0.023000,0,0.092000,0.023000,0.092000,0.023000,0.092000,0.959166,0.959166,0.150000,0.000000,0.000185,0.000023,0.000185,0.000023,0.003082,0.003082
2025-08-24 23:15:00,0.040000,0.160000,idle,0.000000,0,0.000000,0,0.000000,True,0.200000,10.000000,20.000000,30.000000,0.000000,0.040000,0.040000,0,0.160000,0.040000,0.160000,0.040000,0.160000,0.959166,0.959166,0.150000,0.000000,0.000322,0.000040,0.000322,0.000040,0.005360,0.005360
2025-08-24 23:30:00,0.014000,0.056000,idle,0.000000,0,0.000000,0,0.000000,True,0.200000,10.000000,20.000000,30.000000,0.000000,0.014000,0.014000,0,0.056000,0.014000,0.056000,0.014000,0.056000,0.959166,0.959166,0.150000,0.000000,0.000113,0.000014,0.000113,0.000014,0.001876,0.001876
2025-08-24 23:45:00,0.015000,0.060000,idle,0.000000,0,0.000000,0,0.000000,True,0.200000,10.000000,20.000000,30.000000,0.000000,0.015000,0.015000,0,0.060000,0.015000,0.060000,0.015000,0.060000,0.959166,0.959166,0.150000,0.000000,0.000121,0.000015,0.000121,0.000015,0.002010,0.002010
2025-08-25 00:00:00,0.037000,0.148000,idle,0.000000,0,0.000000,0,0.000000,True,0.200000,10.000000,20.000000,30.000000,0.000000,0.037000,0.037000,0,0.148000,0.037000,0.148000,0.037000,0.148000,0.959166,0.959166,0.150000,0.000000,0.000297,0.000037,0.000297,0.000037,0.004958,0.004958
2025-08-25 00:15:00,0.026000,0.104000,idle,0.000000,0,0.000000,0,0.000000,True,0.200000,10.000000,20.000000,30.000000,0.000000,0.026000,0.026000,0,0.104000,0.026000,0.104000,0.026000,0.104000,0.959166,0.959166,0.150000,0.000000,0.000209,0.000026,0.000209,0.000026,0.003484,0.003484
2025-08-25 00:30:00,0.015000,0.060000,idle,0.000000,0,0.000000,0,0.000000,True,0.200000,10.000000,20.000000,30.000000,0.000000,0.015000,0.015000,0,0.060000,0.015000,0.060000,0.015000,0.060000,0.959166,0.959166,0.150000,0.000000,0.000121,0.000015,0.000121,0.000015,0.002010,0.002010
2025-08-25 00:45:00,0.023000,0.092000,idle,0.000000,0,0.000000,0,0.000000,True,0.200000,10.000000,20.000000,30.000000,0.000000,0.023000,0.023000,0,0.092000,0.023000,0.092000,0.023000,0.092000,0.959166,0.959166,0.150000,0.000000,0.000185,0.000023,0.000185,0.000023,0.003082,0.003082
2025-08-25 01:00:00,0.040000,0.160000,idle,0.000000,0,0.000000,0,0.000000,True,0.200000,10.000000,20.000000,30.000000,0.000000,0.040000,0.040000,0,0.160000,0.040000,0.160000,0.040000,0.160000,0.959166,0.959166,0.150000,0.000000,0.000322,0.000040,0.000322,0.000040,0.005360,0.005360
2025-08-25 01:15:00,0.015000,0.060000,idle,0.000000,0,0.000000,0,0.000000,True,0.200000,10.000000,20.000000,30.000000,0.000000,0.015000,0.015000,0,0.060000,0.015000,0.060000,0.015000,0.060000,0.959166,0.959166,0.150000,0.000000,0.000121,0.000015,0.000121,0.000015,0.002010,0.002010
2025-08-25 01:30:00,0.015000,0.060000,idle,0.000000,0,0.000000,0,0.000000,True,0.200000,10.000000,20.000000,30.000000,0.000000,0.015000,0.015000,0,0.060000,0.015000,0.060000,0.015000,0.060000,0.959166,0.959166,0.150000,0.000000,0.000121,0.000015,0.000121,0.000015,0.002010,0.002010
2025-08-25 01:45:00,0.035000,0.140000,idle,0.000000,0,0.000000,0,0.000000,True,0.200000,10.000000,20.000000,30.000000,0.000000,0.035000,0.035000,0,0.140000,0.035000,0.140000,0.035000,0.140000,0.959166,0.959166,0.150000,0.000000,0.000281,0.000035,0.000281,0.000035,0.004690,0.004690
2025-08-25 02:00:00,0.028000,0.112000,idle,0.000000,0,0.000000,0,0.000000,True,0.200000,10.000000,20.000000,30.000000,0.000000,0.028000,0.028000,0,0.112000,0.028000,0.112000,0.028000,0.112000,0.959166,0.959166,0.150000,0.000000,0.000225,0.000028,0.000225,0.000028,0.003752,0.003752
2025-08-25 02:15:00,0.014000,0.056000,idle,0.000000,0,0.000000,0,0.000000,True,0.200000,10.000000,20.000000,30.000000,0.000000,0.014000,0.014000,0,0.056000,0.014000,0.056000,0.014000,0.056000,0.959166,0.959166,0.150000,0.000000,0.000113,0.000014,0.000113,0.000014,0.001876,0.001876
2025-08-25 02:30:00,0.022000,0.088000,idle,0.000000,0,0.000000,0,0.000000,True,0.200000,10.000000,20.000000,30.000000,0.000000,0.022000,0.022000,0,0.088000,0.022000,0.088000,0.022000,0.088000,0.959166,0.959166,0.150000,0.000000,0.000177,0.000022,0.000177,0.000022,0.002948,0.002948
2025-08-25 02:45:00,0.041000,0.164000,idle,0.000000,0,0.000000,0,0.000000,True,0.200000,10.000000,20.000000,30.000000,0.000000,0.041000,0.041000,0,0.164000,0.041000,0.164000,0.041000,0.164000,0.959166,0.959166,0.150000,0.000000,0.000330,0.000041,0.000330,0.000041,0.005494,0.005494
2025-08-25 03:00:00,0.015000,0.060000,idle,0.000000,0,0.000000,0,0.000000,True,0.200000,10.000000,20.000000,30.000000,0.000000,0.015000,0.015000,0,0.060000,0.015000,0.060000,0.015000,0.060000,0.959166,0.959166,0.150000,0.000000,0.000121,0.000015,0.000121,0.000015,0.002010,0.002010
2025-08-25 03:15:00,0.015000,0.060000,idle,0.000000,0,0.000000,0,0.000000,True,0.200000,10.000000,20.000000,30.000000,0.000000,0.015000,0.015000,0,0.060000,0.015000,0.060000,0.015000,0.060000,0.959166,0.959166,0.150000,0.000000,0.000121,0.000015,0.000121,0.000015,0.002010,0.002010
2025-08-25 03:30:00,0.035000,0.140000,idle,0.000000,0,0.000000,0,0.000000,True,0.200000,10.000000,20.000000,30.000000,0.000000,0.035000,0.035000,0,0.140000,0.035000,0.140000,0.035000,0.140000,0.959166,0.959166,0.150000,0.000000,0.000281,0.000035,0.000281,0.000035,0.004690,0.004690
2025-08-25 03:45:00,0.028000,0.112000,idle,0.000000,0,0.000000,0,0.000000,True,0.200000,10.000000,20.000000,30.000000,0.000000,0.028000,0.028000,0,0.112000,0.028000,0.112000,0.028000,0.112000,0.959166,0.959166,0.150000,0.000000,0.000225,0.000028,0.000225,0.000028,0.003752,0.003752
2025-08-25 04:00:00,0.015000,0.060000,idle,0.000000,0,0.000000,0,0.000000,True,0.200000,10.000000,20.000000,30.000000,0.000000,0.015000,0.015000,0,0.060000,0.015000,0.060000,0.015000,0.060000,0.959166,0.959166,0.150000,0.000000,0.000121,0.000015,0.000121,0.000015,0.002010,0.002010
2025-08-25 04:15:00,0.021000,0.084000,idle,0.000000,0,0.000000,0,0.000000,True,0.200000,10.000000,20.000000,30.000000,0.000000,0.021000,0.021000,0,0.084000,0.021000,0.084000,0.021000,0.084000,0.959166,0.959166,0.150000,0.000000,0.000169,0.000021,0.000169,0.000021,0.002814,0.002814
2025-08-25 04:30:00,0.041000,0.164000,idle,0.000000,0,0.000000,0,0.000000,True,0.200000,10.000000,20.000000,30.000000,0.000000,0.041000,0.041000,0,0.164000,0.041000,0.164000,0.041000,0.164000,0.959166,0.959166,0.150000,0.000000,0.000330,0.000041,0.000330,0.000041,0.005494,0.005494
2025-08-25 04:45:00,0.016000,0.064000,idle,0.000000,0,0.000000,0,0.000000,True,0.200000,10.000000,20.000000,30.000000,0.000000,0.016000,0.016000,0,0.064000,0.016000,0.064000,0.016000,0.064000,0.959166,0.959166,0.150000,0.000000,0.000129,0.000016,0.000129,0.000016,0.002144,0.002144
2025-08-25 05:00:00,0.015000,0.060000,idle,0.000000,0,0.000000,0,0.000000,True,0.200000,10.000000,20.000000,30.000000,0.000000,0.015000,0.015000,0,0.060000,0.015000,0.060000,0.015000,0.060000,0.959166,0.959166,0.150000,0.000000,0.000121,0.000015,0.000121,0.000015,0.002010,0.002010
2025-08-25 05:15:00,0.032000,0.128000,idle,0.000000,0,0.000000,0,0.000000,True,0.200000,10.000000,20.000000,30.000000,0.000000,0.032000,0.032000,0,0.128000,0.032000,0.128000,0.032000,0.128000,0.959166,0.959166,0.150000,0.000000,0.000257,0.000032,0.000257,0.000032,0.004288,0.004288
2025-08-25 05:30:00,0.031000,0.124000,idle,0.000000,0,0.000000,0,0.000000,True,0.200000,10.000000,20.000000,30.000000,0.000000,0.031000,0.031000,0,0.124000,0.031000,0.124000,0.031000,0.124000,0.959166,0.959166,0.150000,0.000000,0.000249,0.000031,0.000249,0.000031,0.004154,0.004154
2025-08-25 05:45:00,0.015000,0.060000,idle,0.000000,0,0.000000,0,0.000000,True,0.200000,10.000000,20.000000,30.000000,0.000000,0.015000,0.015000,0,0.060000,0.015000,0.060000,0.015000,0.060000,0.959166,0.959166,0.150000,0.000000,0.000121,0.000015,0.000121,0.000015,0.002010,0.002010
2025-08-25 06:00:00,0.018000,0.072000,idle,0.000000,0,0.000000,0,0.000000,True,0.200000,10.000000,20.000000,30.000000,0.000000,0.018000,0.018000,0,0.072000,0.018000,0.072000,0.018000,0.072000,0.959166,0.959166,0.150000,0.000000,0.000145,0.000018,0.000145,0.000018,0.002412,0.002412
2025-08-25 06:15:00,0.041000,0.164000,idle,0.000000,0,0.000000,0,0.000000,True,0.200000,10.000000,20.000000,30.000000,0.000000,0.041000,0.041000,0,0.164000,0.041000,0.164000,0.041000,0.164000,0.959166,0.959166,0.150000,0.000000,0.000330,0.000041,0.000330,0.000041,0.005494,0.005494
2025-08-25 06:30:00,0.017000,0.068000,idle,0.000000,0,0.000000,0,0.000000,True,0.200000,10.000000,20.000000,30.000000,0.000000,0.017000,0.017000,0,0.068000,0.017000,0.068000,0.017000,0.068000,0.959166,0.959166,0.150000,0.000000,0.000137,0.000017,0.000137,0.000017,0.002278,0.002278
2025-08-25 06:45:00,0.014000,0.056000,idle,0.000000,0,0.000000,0,0.000000,True,0.200000,10.000000,20.000000,30.000000,0.000000,0.014000,0.014000,0,0.056000,0.014000,0.056000,0.014000,0.056000,0.959166,0.959166,0.150000,0.000000,0.000113,0.000014,0.000113,0.000014,0.001876,0.001876
2025-08-25 07:00:00,0.032000,0.128000,idle,0.000000,0,0.000000,0,0.000000,True,0.200000,10.000000,20.000000,30.000000,0.000000,0.032000,0.032000,0,0.128000,0.032000,0.128000,0.032000,0.128000,0.959166,0.959166,0.150000,0.000000,0.000257,0.000032,0.000257,0.000032,0.004288,0.004288
2025-08-25 07:15:00,0.031000,0.124000,idle,0.000000,0,0.000000,0,0.000000,True,0.200000,10.000000,20.000000,30.000000,0.000000,0.031000,0.031000,0,0.124000,0.031000,0.124000,0.031000,0.124000,0.959166,0.959166,0.150000,0.000000,0.000249,0.000031,0.000249,0.000031,0.004154,0.004154
2025-08-25 07:30:00,0.014000,0.056000,idle,0.000000,0,0.000000,0,0.000000,True,0.200000,10.000000,20.000000,30.000000,0.000000,0.014000,0.014000,0,0.056000,0.014000,0.056000,0.014000,0.056000,0.959166,0.959166,0.150000,0.000000,0.000113,0.000014,0.000113,0.000014,0.001876,0.001876
2025-08-25 07:45:00,0.017000,0.068000,idle,0.000000,0,0.000000,0,0.000000,True,0.200000,10.000000,20.000000,30.000000,0.000000,0.017000,0.017000,0,0.068000,0.017000,0.068000,0.017000,0.068000,0.959166,0.959166,0.150000,0.000000,0.000137,0.000017,0.000137,0.000017,0.002278,0.002278
2025-08-25 08:00:00,0.041000,0.164000,idle,0.000000,0,0.000000,0,0.000000,True,0.200000,10.000000,20.000000,30.000000,0.000000,0.041000,0.041000,0,0.164000,0.041000,0.164000,0.041000,0.164000,0.959166,0.959166,0.150000,0.000000,0.000330,0.000041,0.000330,0.000041,0.005494,0.005494
2025-08-25 08:15:00,0.019000,0.076000,idle,0.000000,0,0.000000,0,0.000000,True,0.200000,10.000000,20.000000,30.000000,0.000000,0.019000,0.019000,0,0.076000,0.019000,0.076000,0.019000,0.076000,0.959166,0.959166,0.150000,0.000000,0.000153,0.000019,0.000153,0.000019,0.002546,0.002546
2025-08-25 08:30:00,0.015000,0.060000,idle,0.000000,0,0.000000,0,0.000000,True,0.200000,10.000000,20.000000,30.000000,0.000000,0.015000,0.015000,0,0.060000,0.015000,0.060000,0.015000,0.060000,0.959166,0.959166,0.150000,0.000000,0.000121,0.000015,0.000121,0.000015,0.002010,0.002010
2025-08-25 08:45:00,0.029000,0.116000,idle,0.000000,0,0.000000,0,0.000000,True,0.200000,10.000000,20.000000,30.000000,0.000000,0.029000,0.029000,0,0.116000,0.029000,0.116000,0.029000,0.116000,0.959166,0.959166,0.150000,0.000000,0.000233,0.000029,0.000233,0.000029,0.003886,0.003886
2025-08-25 09:00:00,0.033000,0.132000,idle,0.000000,0,0.000000,0,0.000000,True,0.200000,10.000000,20.000000,30.000000,0.000000,0.033000,0.033000,0,0.132000,0.033000,0.132000,0.033000,0.132000,0.959166,0.959166,0.150000,0.000000,0.000265,0.000033,0.000265,0.000033,0.004422,0.004422
2025-08-25 09:15:00,0.014000,0.056000,idle,0.000000,0,0.000000,0,0.000000,True,0.200000,10.000000,20.000000,30.000000,0.000000,0.014000,0.014000,0,0.056000,0.014000,0.056000,0.014000,0.056000,0.959166,0.959166,0.150000,0.000000,0.000113,0.000014,0.000113,0.000014,0.001876,0.001876
2025-08-25 09:30:00,0.016000,0.064000,idle,0.000000,0,0.000000,0,0.000000,True,0.200000,10.000000,20.000000,30.000000,0.000000,0.016000,0.016000,0,0.064000,0.016000,0.064000,0.016000,0.064000,0.959166,0.959166,0.150000,0.000000,0.000129,0.000016,0.000129,0.000016,0.002144,0.002144
2025-08-25 09:45:00,0.041000,0.164000,idle,0.000000,0,0.000000,0,0.000000,True,0.200000,10.000000,20.000000,30.000000,0.000000,0.041000,0.041000,0,0.164000,0.041000,0.164000,0.041000,0.164000,0.959166,0.959166,0.150000,0.000000,0.000330,0.000041,0.000330,0.000041,0.005494,0.005494
2025-08-25 10:00:00,0.020000,0.080000,idle,0.000000,0,0.000000,0,0.000000,True,0.200000,10.000000,20.000000,30.000000,0.000000,0.020000,0.020000,0,0.080000,0.020000,0.080000,0.020000,0.080000,0.959166,0.959166,0.150000,0.000000,0.000161,0.000020,0.000161,0.000020,0.002680,0.002680
2025-08-25 10:15:00,0.014000,0.056000,idle,0.000000,0,0.000000,0,0.000000,True,0.200000,10.000000,20.000000,30.000000,0.000000,0.014000,0.014000,0,0.056000,0.014000,0.056000,0.014000,0.056000,0.959166,0.959166,0.150000,0.000000,0.000113,0.000014,0.000113,0.000014,0.001876,0.001876
2025-08-25 10:30:00,0.030000,0.120000,idle,0.000000,0,0.000000,0,0.000000,True,0.200000,10.000000,20.000000,30.000000,0.000000,0.030000,0.030000,0,0.120000,0.030000,0.120000,0.030000,0.120000,0.959166,0.959166,0.150000,0.000000,0.000241,0.000030,0.000241,0.000030,0.004020,0.004020
2025-08-25 10:45:00,0.037000,0.148000,idle,0.000000,0,0.000000,0,0.000000,True,0.200000,10.000000,20.000000,30.000000,0.000000,0.037000,0.037000,0,0.148000,0.037000,0.148000,0.037000,0.148000,0.959166,0.959166,0.150000,0.000000,0.000297,0.000037,0.000297,0.000037,0.004958,0.004958
2025-08-25 11:00:00,0.014000,0.056000,idle,0.000000,0,0.000000,0,0.000000,True,0.200000,10.000000,20.000000,30.000000,0.000000,0.014000,0.014000,0,0.056000,0.014000,0.056000,0.014000,0.056000,0.959166,0.959166,0.150000,0.000000,0.000113,0.000014,0.000113,0.000014,0.001876,0.001876
2025-08-25 11:15:00,0.015000,0.060000,idle,0.000000,0,0.000000,0,0.000000,True,0.200000,10.000000,20.000000,30.000000,0.000000,0.015000,0.015000,0,0.060000,0.015000,0.060000,0.015000,0.060000,0.959166,0.959166,0.150000,0.000000,0.000121,0.000015,0.000121,0.000015,0.002010,0.002010
2025-08-25 11:30:00,0.041000,0.164000,idle,0.000000,0,0.000000,0,0.000000,True,0.200000,10.000000,20.000000,30.000000,0.000000,0.041000,0.041000,0,0.164000,0.041000,0.164000,0.041000,0.164000,0.959166,0.959166,0.150000,0.000000,0.000330,0.000041,0.000330,0.000041,0.005494,0.005494
2025-08-25 11:45:00,0.021000,0.084000,idle,0.000000,0,0.000000,0,0.000000,True,0.200000,10.000000,20.000000,30.000000,0.000000,0.021000,0.021000,0,0.084000,0.021000,0.084000,0.021000,0.084000,0.959166,0.959166,0.150000,0.000000,0.000169,0.000021,0.000169,0.000021,0.002814,0.002814
2025-08-25 12:00:00,0.014000,0.056000,idle,0.000000,0,0.000000,0,0.000000,True,0.200000,10.000000,20.000000,30.000000,0.000000,0.014000,0.014000,0,0.056000,0.014000,0.056000,0.014000,0.056000,0.959166,0.959166,0.150000,0.000000,0.000113,0.000014,0.000113,0.000014,0.001876,0.001876
2025-08-25 12:15:00,0.028000,0.112000,idle,0.000000,0,0.000000,0,0.000000,True,0.200000,10.000000,20.000000,30.000000,0.000000,0.028000,0.028000,0,0.112000,0.028000,0.112000,0.028000,0.112000,0.959166,0.959166,0.150000,0.000000,0.000225,0.000028,0.000225,0.000028,0.003752,0.003752
2025-08-25 12:30:00,0.035000,0.140000,idle,0.000000,0,0.000000,0,0.000000,True,0.200000,10.000000,20.000000,30.000000,0.000000,0.035000,0.035000,0,0.140000,0.035000,0.140000,0.035000,0.140000,0.959166,0.959166,0.150000,0.000000,0.000281,0.000035,0.000281,0.000035,0.004690,0.004690
2025-08-25 12:45:00,0.014000,0.056000,idle,0.000000,0,0.000000,0,0.000000,True,0.200000,10.000000,20.000000,30.000000,0.000000,0.014000,0.014000,0,0.056000,0.014000,0.056000,0.014000,0.056000,0.959166,0.959166,0.150000,0.000000,0.000113,0.000014,0.000113,0.000014,0.001876,0.001876
2025-08-25 13:00:00,0.015000,0.060000,idle,0.000000,0,0.000000,0,0.000000,True,0.200000,10.000000,20.000000,30.000000,0.000000,0.015000,0.015000,0,0.060000,0.015000,0.060000,0.015000,0.060000,0.959166,0.959166,0.150000,0.000000,0.000121,0.000015,0.000121,0.000015,0.002010,0.002010
2025-08-25 13:15:00,0.041000,0.164000,idle,0.000000,0,0.000000,0,0.000000,True,0.200000,10.000000,20.000000,30.000000,0.000000,0.041000,0.041000,0,0.164000,0.041000,0.164000,0.041000,0.164000,0.959166,0.959166,0.150000,0.000000,0.000330,0.000041,0.000330,0.000041,0.005494,0.005494
2025-08-25 13:30:00,0.021000,0.084000,idle,0.000000,0,0.000000,0,0.000000,True,0.200000,10.000000,20.000000,30.000000,0.000000,0.021000,0.021000,0,0.084000,0.021000,0.084000,0.021000,0.084000,0.959166,0.959166,0.150000,0.000000,0.000169,0.000021,0.000169,0.000021,0.002814,0.002814
2025-08-25 13:45:00,0.015000,0.060000,idle,0.000000,0,0.000000,0,0.000000,True,0.200000,10.000000,20.000000,30.000000,0.000000,0.015000,0.015000,0,0.060000,0.015000,0.060000,0.015000,0.060000,0.959166,0.959166,0.150000,0.000000,0.000121,0.000015,0.000121,0.000015,0.002010,0.002010
2025-08-25 14:00:00,0.027000,0.108000,idle,0.000000,0,0.000000,0,0.000000,True,0.200000,10.000000,20.000000,30.000000,0.000000,0.027000,0.027000,0,0.108000,0.027000,0.108000,0.027000,0.108000,0.959166,0.959166,0.150000,0.000000,0.000217,0.000027,0.000217,0.000027,0.003618,0.003618
2025-08-25 14:15:00,0.035000,0.140000,idle,0.000000,0,0.000000,0,0.000000,True,0.200000,10.000000,20.000000,30.000000,0.000000,0.035000,0.035000,0,0.140000,0.035000,0.140000,0.035000,0.140000,0.959166,0.959166,0.150000,0.000000,0.000281,0.000035,0.000281,0.000035,0.004690,0.004690
2025-08-25 14:30:00,0.015000,0.060000,idle,0.000000,0,0.000000,0,0.000000,True,0.200000,10.000000,20.000000,30.000000,0.000000,0.015000,0.015000,0,0.060000,0.015000,0.060000,0.015000,0.060000,0.959166,0.959166,0.150000,0.000000,0.000121,0.000015,0.000121,0.000015,0.002010,0.002010
2025-08-25 14:45:00,0.014000,0.056000,idle,0.000000,0,0.000000,0,0.000000,True,0.200000,10.000000,20.000000,30.000000,0.000000,0.014000,0.014000,0,0.056000,0.014000,0.056000,0.014000,0.056000,0.959166,0.959166,0.150000,0.000000,0.000113,0.000014,0.000113,0.000014,0.001876,0.001876
2025-08-25 15:00:00,0.042000,0.168000,idle,0.000000,0,0.000000,0,0.000000,True,0.200000,10.000000,20.000000,30.000000,0.000000,0.042000,0.042000,0,0.168000,0.042000,0.168000,0.042000,0.168000,0.959166,0.959166,0.150000,0.000000,0.000338,0.000042,0.000338,0.000042,0.005628,0.005628
2025-08-25 15:15:00,0.021000,0.084000,idle,0.000000,0,0.000000,0,0.000000,True,0.200000,10.000000,20.000000,30.000000,0.000000,0.021000,0.021000,0,0.084000,0.021000,0.084000,0.021000,0.084000,0.959166,0.959166,0.150000,0.000000,0.000169,0.000021,0.000169,0.000021,0.002814,0.002814
2025-08-25 15:30:00,0.014000,0.056000,idle,0.000000,0,0.000000,0,0.000000,True,0.200000,10.000000,20.000000,30.000000,0.000000,0.014000,0.014000,0,0.056000,0.014000,0.056000,0.014000,0.056000,0.959166,0.959166,0.150000,0.000000,0.000113,0.000014,0.000113,0.000014,0.001876,0.001876
2025-08-25 15:45:00,0.030000,0.120000,idle,0.000000,0,0.000000,0,0.000000,True,0.200000,10.000000,20.000000,30.000000,0.000000,0.030000,0.030000,0,0.120000,0.030000,0.120000,0.030000,0.120000,0.959166,0.959166,0.150000,0.000000,0.000241,0.000030,0.000241,0.000030,0.004020,0.004020
2025-08-25 16:00:00,0.032000,0.128000,idle,0.000000,0,0.000000,0,0.000000,True,0.200000,10.000000,20.000000,30.000000,0.000000,0.032000,0.032000,0,0.128000,0.032000,0.128000,0.032000,0.128000,0.959166,0.959166,0.150000,0.000000,0.000257,0.000032,0.000257,0.000032,0.004288,0.004288
2025-08-25 16:15:00,0.015000,0.060000,idle,0.000000,0,0.000000,0,0.000000,True,0.200000,10.000000,20.000000,30.000000,0.000000,0.015000,0.015000,0,0.060000,0.015000,0.060000,0.015000,0.060000,0.959166,0.959166,0.150000,0.000000,0.000121,0.000015,0.000121,0.000015,0.002010,0.002010
2025-08-25 16:30:00,0.019000,0.076000,idle,0.000000,0,0.000000,0,0.000000,True,0.200000,10.000000,20.000000,30.000000,0.000000,0.019000,0.019000,0,0.076000,0.019000,0.076000,0.019000,0.076000,0.959166,0.959166,0.150000,0.000000,0.000153,0.000019,0.000153,0.000019,0.002546,0.002546
2025-08-25 16:45:00,0.041000,0.164000,idle,0.000000,0,0.000000,0,0.000000,True,0.200000,10.000000,20.000000,30.000000,0.000000,0.041000,0.041000,0,0.164000,0.041000,0.164000,0.041000,0.164000,0.959166,0.959166,0.150000,0.000000,0.000330,0.000041,0.000330,0.000041,0.005494,0.005494
2025-08-25 17:00:00,0.016000,0.064000,idle,0.000000,0,0.000000,0,0.000000,True,0.200000,10.000000,20.000000,30.000000,0.000000,0.016000,0.016000,0,0.064000,0.016000,0.064000,0.016000,0.064000,0.959166,0.959166,0.150000,0.000000,0.000129,0.000016,0.000129,0.000016,0.002144,0.002144
2025-08-25 17:15:00,0.014000,0.056000,idle,0.000000,0,0.000000,0,0.000000,True,0.200000,10.000000,20.000000,30.000000,0.000000,0.014000,0.014000,0,0.056000,0.014000,0.056000,0.014000,0.056000,0.959166,0.959166,0.150000,0.000000,0.000113,0.000014,0.000113,0.000014,0.001876,0.001876
2025-08-25 17:30:00,0.036000,0.144000,idle,0.000000,0,0.000000,0,0.000000,True,0.200000,10.000000,20.000000,30.000000,0.000000,0.036000,0.036000,0,0.144000,0.036000,0.144000,0.036000,0.144000,0.959166,0.959166,0.150000,0.000000,0.000289,0.000036,0.000289,0.000036,0.004824,0.004824
2025-08-25 17:45:00,0.026000,0.104000,idle,0.000000,0,0.000000,0,0.000000,True,0.200000,10.000000,20.000000,30.000000,0.000000,0.026000,0.026000,0,0.104000,0.026000,0.104000,0.026000,0.104000,0.959166,0.959166,0.150000,0.000000,0.000209,0.000026,0.000209,0.000026,0.003484,0.003484
2025-08-25 18:00:00,0.015000,0.060000,idle,0.000000,0,0.000000,0,0.000000,True,0.200000,10.000000,20.000000,30.000000,0.000000,0.015000,0.015000,0,0.060000,0.015000,0.060000,0.015000,0.060000,0.959166,0.959166,0.150000,0.000000,0.000121,0.000015,0.000121,0.000015,0.002010,0.002010
2025-08-25 18:15:00,0.025000,0.100000,idle,0.000000,0,0.000000,0,0.000000,True,0.200000,10.000000,20.000000,30.000000,0.000000,0.025000,0.025000,0,0.100000,0.025000,0.100000,0.025000,0.100000,0.959166,0.959166,0.150000,0.000000,0.000201,0.000025,0.000201,0.000025,0.003350,0.003350
2025-08-25 18:30:00,0.037000,0.148000,idle,0.000000,0,0.000000,0,0.000000,True,0.200000,10.000000,20.000000,30.000000,0.000000,0.037000,0.037000,0,0.148000,0.037000,0.148000,0.037000,0.148000,0.959166,0.959166,0.150000,0.000000,0.000297,0.000037,0.000297,0.000037,0.004958,0.004958
2025-08-25 18:45:00,0.015000,0.060000,idle,0.000000,0,0.000000,0,0.000000,True,0.200000,10.000000,20.000000,30.000000,0.000000,0.015000,0.015000,0,0.060000,0.015000,0.060000,0.015000,0.060000,0.959166,0.959166,0.150000,0.000000,0.000121,0.000015,0.000121,0.000015,0.002010,0.002010
2025-08-25 19:00:00,0.015000,0.060000,idle,0.000000,0,0.000000,0,0.000000,True,0.200000,10.000000,20.000000,30.000000,0.000000,0.015000,0.015000,0,0.060000,0.015000,0.060000,0.015000,0.060000,0.959166,0.959166,0.150000,0.000000,0.000121,0.000015,0.000121,0.000015,0.002010,0.002010
2025-08-25 19:15:00,0.041000,0.164000,idle,0.000000,0,0.000000,0,0.000000,True,0.200000,10.000000,20.000000,30.000000,0.000000,0.041000,0.041000,0,0.164000,0.041000,0.164000,0.041000,0.164000,0.959166,0.959166,0.150000,0.000000,0.000330,0.000041,0.000330,0.000041,0.005494,0.005494
2025-08-25 19:30:00,0.020000,0.080000,idle,0.000000,0,0.000000,0,0.000000,True,0.200000,10.000000,20.000000,30.000000,0.000000,0.020000,0.020000,0,0.080000,0.020000,0.080000,0.020000,0.080000,0.959166,0.959166,0.150000,0.000000,0.000161,0.000020,0.000161,0.000020,0.002680,0.002680
2025-08-25 19:45:00,0.014000,0.056000,idle,0.000000,0,0.000000,0,0.000000,True,0.200000,10.000000,20.000000,30.000000,0.000000,0.014000,0.014000,0,0.056000,0.014000,0.056000,0.014000,0.056000,0.959166,0.959166,0.150000,0.000000,0.000113,0.000014,0.000113,0.000014,0.001876,0.001876
2025-08-25 20:00:00,0.032000,0.128000,idle,0.000000,0,0.000000,0,0.000000,True,0.200000,10.000000,20.000000,30.000000,0.000000,0.032000,0.032000,0,0.128000,0.032000,0.128000,0.032000,0.128000,0.959166,0.959166,0.150000,0.000000,0.000257,0.000032,0.000257,0.000032,0.004288,0.004288
2025-08-25 20:15:00,0.030000,0.120000,idle,0.000000,0,0.000000,0,0.000000,True,0.200000,10.000000,20.000000,30.000000,0.000000,0.030000,0.030000,0,0.120000,0.030000,0.120000,0.030000,0.120000,0.959166,0.959166,0.150000,0.000000,0.000241,0.000030,0.000241,0.000030,0.004020,0.004020
2025-08-25 20:30:00,0.015000,0.060000,idle,0.000000,0,0.000000,0,0.000000,True,0.200000,10.000000,20.000000,30.000000,0.000000,0.015000,0.015000,0,0.060000,0.015000,0.060000,0.015000,0.060000,0.959166,0.959166,0.150000,0.000000,0.000121,0.000015,0.000121,0.000015,0.002010,0.002010
2025-08-25 20:45:00,0.022000,0.088000,idle,0.000000,0,0.000000,0,0.000000,True,0.200000,10.000000,20.000000,30.000000,0.000000,0.022000,0.022000,0,0.088000,0.022000,0.088000,0.022000,0.088000,0.959166,0.959166,0.150000,0.000000,0.000177,0.000022,0.000177,0.000022,0.002948,0.002948
2025-08-25 21:00:00,0.040000,0.160000,idle,0.000000,0,0.000000,0,0.000000,True,0.200000,10.000000,20.000000,30.000000,0.000000,0.040000,0.040000,0,0.160000,0.040000,0.160000,0.040000,0.160000,0.959166,0.959166,0.150000,0.000000,0.000322,0.000040,0.000322,0.000040,0.005360,0.005360
2025-08-25 21:15:00,0.015000,0.060000,idle,0.000000,0,0.000000,0,0.000000,True,0.200000,10.000000,20.000000,30.000000,0.000000,0.015000,0.015000,0,0.060000,0.015000,0.060000,0.015000,0.060000,0.959166,0.959166,0.150000,0.000000,0.000121,0.000015,0.000121,0.000015,0.002010,0.002010
2025-08-25 21:30:00,0.015000,0.060000,idle,0.000000,0,0.000000,0,0.000000,True,0.200000,10.000000,20.000000,30.000000,0.000000,0.015000,0.015000,0,0.060000,0.015000,0.060000,0.015000,0.060000,0.959166,0.959166,0.150000,0.000000,0.000121,0.000015,0.000121,0.000015,0.002010,0.002010
2025-08-25 21:45:00,0.039000,0.156000,idle,0.000000,0,0.000000,0,0.000000,True,0.200000,10.000000,20.000000,30.000000,0.000000,0.039000,0.039000,0,0.156000,0.039000,0.156000,0.039000,0.156000,0.959166,0.959166,0.150000,0.000000,0.000314,0.000039,0.000314,0.000039,0.005226,0.005226
2025-08-25 22:00:00,0.023000,0.092000,idle,0.000000,0,0.000000,0,0.000000,True,0.200000,10.000000,20.000000,30.000000,0.000000,0.023000,0.023000,0,0.092000,0.023000,0.092000,0.023000,0.092000,0.959166,0.959166,0.150000,0.000000,0.000185,0.000023,0.000185,0.000023,0.003082,0.003082
2025-08-25 22:15:00,0.014000,0.056000,idle,0.000000,0,0.000000,0,0.000000,True,0.200000,10.000000,20.000000,30.000000,0.000000,0.014000,0.014000,0,0.056000,0.014000,0.056000,0.014000,0.056000,0.959166,0.959166,0.150000,0.000000,0.000113,0.000014,0.000113,0.000014,0.001876,0.001876
2025-08-25 22:30:00,0.029000,0.116000,idle,0.000000,0,0.000000,0,0.000000,True,0.200000,10.000000,20.000000,30.000000,0.000000,0.029000,0.029000,0,0.116000,0.029000,0.116000,0.029000,0.116000,0.959166,0.959166,0.150000,0.000000,0.000233,0.000029,0.000233,0.000029,0.003886,0.003886
2025-08-25 22:45:00,0.033000,0.132000,idle,0.000000,0,0.000000,0,0.000000,True,0.200000,10.000000,20.000000,30.000000,0.000000,0.033000,0.033000,0,0.132000,0.033000,0.132000,0.033000,0.132000,0.959166,0.959166,0.150000,0.000000,0.000265,0.000033,0.000265,0.000033,0.004422,0.004422
2025-08-25 23:00:00,0.016000,0.064000,idle,0.000000,0,0.000000,0,0.000000,True,0.200000,10.000000,20.000000,30.000000,0.000000,0.016000,0.016000,0,0.064000,0.016000,0.064000,0.016000,0.064000,0.959166,0.959166,0.150000,0.000000,0.000129,0.000016,0.000129,0.000016,0.002144,0.002144
2025-08-25 23:15:00,0.029000,0.116000,idle,0.000000,0,0.000000,0,0.000000,True,0.200000,10.000000,20.000000,30.000000,0.000000,0.029000,0.029000,0,0.116000,0.029000,0.116000,0.029000,0.116000,0.959166,0.959166,0.150000,0.000000,0.000233,0.000029,0.000233,0.000029,0.003886,0.003886
2025-08-25 23:30:00,0.041000,0.164000,idle,0.000000,0,0.000000,0,0.000000,True,0.200000,10.000000,20.000000,30.000000,0.000000,0.041000,0.041000,0,0.164000,0.041000,0.164000,0.041000,0.164000,0.959166,0.959166,0.150000,0.000000,0.000330,0.000041,0.000330,0.000041,0.005494,0.005494
2025-08-25 23:45:00,0.018000,0.072000,idle,0.000000,0,0.000000,0,0.000000,True,0.200000,10.000000,20.000000,30.000000,0.000000,0.018000,0.018000,0,0.072000,0.018000,0.072000,0.018000,0.072000,0.959166,0.959166,0.150000,0.000000,0.000145,0.000018,0.000145,0.000018,0.002412,0.002412
2025-08-26 00:00:00,0.014000,0.056000,idle,0.000000,0,0.000000,0,0.000000,True,0.200000,10.000000,20.000000,30.000000,0.000000,0.014000,0.014000,0,0.056000,0.014000,0.056000,0.014000,0.056000,0.959166,0.959166,0.150000,0.000000,0.000113,0.000014,0.000113,0.000014,0.001876,0.001876
2025-08-26 00:15:00,0.035000,0.140000,idle,0.000000,0,0.000000,0,0.000000,True,0.200000,10.000000,20.000000,30.000000,0.000000,0.035000,0.035000,0,0.140000,0.035000,0.140000,0.035000,0.140000,0.959166,0.959166,0.150000,0.000000,0.000281,0.000035,0.000281,0.000035,0.004690,0.004690
2025-08-26 00:30:00,0.027000,0.108000,idle,0.000000,0,0.000000,0,0.000000,True,0.200000,10.000000,20.000000,30.000000,0.000000,0.027000,0.027000,0,0.108000,0.027000,0.108000,0.027000,0.108000,0.959166,0.959166,0.150000,0.000000,0.000217,0.000027,0.000217,0.000027,0.003618,0.003618
2025-08-26 00:45:00,0.015000,0.060000,idle,0.000000,0,0.000000,0,0.000000,True,0.200000,10.000000,20.000000,30.000000,0.000000,0.015000,0.015000,0,0.060000,0.015000,0.060000,0.015000,0.060000,0.959166,0.959166,0.150000,0.000000,0.000121,0.000015,0.000121,0.000015,0.002010,0.002010
2025-08-26 01:00:00,0.026000,0.104000,idle,0.000000,0,0.000000,0,0.000000,True,0.200000,10.000000,20.000000,30.000000,0.000000,0.026000,0.026000,0,0.104000,0.026000,0.104000,0.026000,0.104000,0.959166,0.959166,0.150000,0.000000,0.000209,0.000026,0.000209,0.000026,0.003484,0.003484
2025-08-26 01:15:00,0.039000,0.156000,idle,0.000000,0,0.000000,0,0.000000,True,0.200000,10.000000,20.000000,30.000000,0.000000,0.039000,0.039000,0,0.156000,0.039000,0.156000,0.039000,0.156000,0.959166,0.959166,0.150000,0.000000,0.000314,0.000039,0.000314,0.000039,0.005226,0.005226
2025-08-26 01:30:00,0.015000,0.060000,idle,0.000000,0,0.000000,0,0.000000,True,0.200000,10.000000,20.000000,30.000000,0.000000,0.015000,0.015000,0,0.060000,0.015000,0.060000,0.015000,0.060000,0.959166,0.959166,0.150000,0.000000,0.000121,0.000015,0.000121,0.000015,0.002010,0.002010
2025-08-26 01:45:00,0.016000,0.064000,idle,0.000000,0,0.000000,0,0.000000,True,0.200000,10.000000,20.000000,30.000000,0.000000,0.016000,0.016000,0,0.064000,0.016000,0.064000,0.016000,0.064000,0.959166,0.959166,0.150000,0.000000,0.000129,0.000016,0.000129,0.000016,0.002144,0.002144
2025-08-26 02:00:00,0.043000,0.172000,idle,0.000000,0,0.000000,0,0.000000,True,0.200000,10.000000,20.000000,30.000000,0.000000,0.043000,0.043000,0,0.172000,0.043000,0.172000,0.043000,0.172000,0.959166,0.959166,0.150000,0.000000,0.000346,0.000043,0.000346,0.000043,0.005762,0.005762
2025-08-26 02:15:00,0.021000,0.084000,idle,0.000000,0,0.000000,0,0.000000,True,0.200000,10.000000,20.000000,30.000000,0.000000,0.021000,0.021000,0,0.084000,0.021000,0.084000,0.021000,0.084000,0.959166,0.959166,0.150000,0.000000,0.000169,0.000021,0.000169,0.000021,0.002814,0.002814
2025-08-26 02:30:00,0.016000,0.064000,idle,0.000000,0,0.000000,0,0.000000,True,0.200000,10.000000,20.000000,30.000000,0.000000,0.016000,0.016000,0,0.064000,0.016000,0.064000,0.016000,0.064000,0.959166,0.959166,0.150000,0.000000,0.000129,0.000016,0.000129,0.000016,0.002144,0.002144
2025-08-26 02:45:00,0.034000,0.136000,idle,0.000000,0,0.000000,0,0.000000,True,0.200000,10.000000,20.000000,30.000000,0.000000,0.034000,0.034000,0,0.136000,0.034000,0.136000,0.034000,0.136000,0.959166,0.959166,0.150000,0.000000,0.000273,0.000034,0.000273,0.000034,0.004556,0.004556
2025-08-26 03:00:00,0.030000,0.120000,idle,0.000000,0,0.000000,0,0.000000,True,0.200000,10.000000,20.000000,30.000000,0.000000,0.030000,0.030000,0,0.120000,0.030000,0.120000,0.030000,0.120000,0.959166,0.959166,0.150000,0.000000,0.000241,0.000030,0.000241,0.000030,0.004020,0.004020
2025-08-26 03:15:00,0.015000,0.060000,idle,0.000000,0,0.000000,0,0.000000,True,0.200000,10.000000,20.000000,30.000000,0.000000,0.015000,0.015000,0,0.060000,0.015000,0.060000,0.015000,0.060000,0.959166,0.959166,0.150000,0.000000,0.000121,0.000015,0.000121,0.000015,0.002010,0.002010
2025-08-26 03:30:00,0.026000,0.104000,idle,0.000000,0,0.000000,0,0.000000,True,0.200000,10.000000,20.000000,30.000000,0.000000,0.026000,0.026000,0,0.104000,0.026000,0.104000,0.026000,0.104000,0.959166,0.959166,0.150000,0.000000,0.000209,0.000026,0.000209,0.000026,0.003484,0.003484
2025-08-26 03:45:00,0.039000,0.156000,idle,0.000000,0,0.000000,0,0.000000,True,0.200000,10.000000,20.000000,30.000000,0.000000,0.039000,0.039000,0,0.156000,0.039000,0.156000,0.039000,0.156000,0.959166,0.959166,0.150000,0.000000,0.000314,0.000039,0.000314,0.000039,0.005226,0.005226
2025-08-26 04:00:00,0.016000,0.064000,idle,0.000000,0,0.000000,0,0.000000,True,0.200000,10.000000,20.000000,30.000000,0.000000,0.016000,0.016000,0,0.064000,0.016000,0.064000,0.016000,0.064000,0.959166,0.959166,0.150000,0.000000,0.000129,0.000016,0.000129,0.000016,0.002144,0.002144
2025-08-26 04:15:00,0.016000,0.064000,idle,0.000000,0,0.000000,0,0.000000,True,0.200000,10.000000,20.000000,30.000000,0.000000,0.016000,0.016000,0,0.064000,0.016000,0.064000,0.016000,0.064000,0.959166,0.959166,0.150000,0.000000,0.000129,0.000016,0.000129,0.000016,0.002144,0.002144
2025-08-26 04:30:00,0.043000,0.172000,idle,0.000000,0,0.000000,0,0.000000,True,0.200000,10.000000,20.000000,30.000000,0.000000,0.043000,0.043000,0,0.172000,0.043000,0.172000,0.043000,0.172000,0.959166,0.959166,0.150000,0.000000,0.000346,0.000043,0.000346,0.000043,0.005762,0.005762
2025-08-26 04:45:00,0.021000,0.084000,idle,0.000000,0,0.000000,0,0.000000,True,0.200000,10.000000,20.000000,30.000000,0.000000,0.021000,0.021000,0,0.084000,0.021000,0.084000,0.021000,0.084000,0.959166,0.959166,0.150000,0.000000,0.000169,0.000021,0.000169,0.000021,0.002814,0.002814
2025-08-26 05:00:00,0.016000,0.064000,idle,0.000000,0,0.000000,0,0.000000,True,0.200000,10.000000,20.000000,30.000000,0.000000,0.016000,0.016000,0,0.064000,0.016000,0.064000,0.016000,0.064000,0.959166,0.959166,0.150000,0.000000,0.000129,0.000016,0.000129,0.000016,0.002144,0.002144
2025-08-26 05:15:00,0.034000,0.136000,idle,0.000000,0,0.000000,0,0.000000,True,0.200000,10.000000,20.000000,30.000000,0.000000,0.034000,0.034000,0,0.136000,0.034000,0.136000,0.034000,0.136000,0.959166,0.959166,0.150000,0.000000,0.000273,0.000034,0.000273,0.000034,0.004556,0.004556
2025-08-26 05:30:00,0.030000,0.120000,idle,0.000000,0,0.000000,0,0.000000,True,0.200000,10.000000,20.000000,30.000000,0.000000,0.030000,0.030000,0,0.120000,0.030000,0.120000,0.030000,0.120000,0.959166,0.959166,0.150000,0.000000,0.000241,0.000030,0.000241,0.000030,0.004020,0.004020
2025-08-26 05:45:00,0.016000,0.064000,idle,0.000000,0,0.000000,0,0.000000,True,0.200000,10.000000,20.000000,30.000000,0.000000,0.016000,0.016000,0,0.064000,0.016000,0.064000,0.016000,0.064000,0.959166,0.959166,0.150000,0.000000,0.000129,0.000016,0.000129,0.000016,0.002144,0.002144
2025-08-26 06:00:00,0.025000,0.100000,idle,0.000000,0,0.000000,0,0.000000,True,0.200000,10.000000,20.000000,30.000000,0.000000,0.025000,0.025000,0,0.100000,0.025000,0.100000,0.025000,0.100000,0.959166,0.959166,0.150000,0.000000,0.000201,0.000025,0.000201,0.000025,0.003350,0.003350
2025-08-26 06:15:00,0.038000,0.152000,idle,0.000000,0,0.000000,0,0.000000,True,0.200000,10.000000,20.000000,30.000000,0.000000,0.038000,0.038000,0,0.152000,0.038000,0.152000,0.038000,0.152000,0.959166,0.959166,0.150000,0.000000,0.000306,0.000038,0.000306,0.000038,0.005092,0.005092
2025-08-26 06:30:00,0.016000,0.064000,idle,0.000000,0,0.000000,0,0.000000,True,0.200000,10.000000,20.000000,30.000000,0.000000,0.016000,0.016000,0,0.064000,0.016000,0.064000,0.016000,0.064000,0.959166,0.959166,0.150000,0.000000,0.000129,0.000016,0.000129,0.000016,0.002144,0.002144
2025-08-26 06:45:00,0.018000,0.072000,idle,0.000000,0,0.000000,0,0.000000,True,0.200000,10.000000,20.000000,30.000000,0.000000,0.018000,0.018000,0,0.072000,0.018000,0.072000,0.018000,0.072000,0.959166,0.959166,0.150000,0.000000,0.000145,0.000018,0.000145,0.000018,0.002412,0.002412
2025-08-26 07:00:00,0.048000,0.192000,idle,0.000000,0,0.000000,0,0.000000,True,0.200000,10.000000,20.000000,30.000000,0.000000,0.048000,0.048000,0,0.192000,0.048000,0.192000,0.048000,0.192000,0.959166,0.959166,0.150000,0.000000,0.000386,0.000048,0.000386,0.000048,0.006432,0.006432
2025-08-26 07:15:00,0.024000,0.096000,idle,0.000000,0,0.000000,0,0.000000,True,0.200000,10.000000,20.000000,30.000000,0.000000,0.024000,0.024000,0,0.096000,0.024000,0.096000,0.024000,0.096000,0.959166,0.959166,0.150000,0.000000,0.000193,0.000024,0.000193,0.000024,0.003216,0.003216
2025-08-26 07:30:00,0.018000,0.072000,idle,0.000000,0,0.000000,0,0.000000,True,0.200000,10.000000,20.000000,30.000000,0.000000,0.018000,0.018000,0,0.072000,0.018000,0.072000,0.018000,0.072000,0.959166,0.959166,0.150000,0.000000,0.000145,0.000018,0.000145,0.000018,0.002412,0.002412
2025-08-26 07:45:00,0.035000,0.140000,idle,0.000000,0,0.000000,0,0.000000,True,0.200000,10.000000,20.000000,30.000000,0.000000,0.035000,0.035000,0,0.140000,0.035000,0.140000,0.035000,0.140000,0.959166,0.959166,0.150000,0.000000,0.000281,0.000035,0.000281,0.000035,0.004690,0.004690
2025-08-26 08:00:00,0.031000,0.124000,idle,0.000000,0,0.000000,0,0.000000,True,0.200000,10.000000,20.000000,30.000000,0.000000,0.031000,0.031000,0,0.124000,0.031000,0.124000,0.031000,0.124000,0.959166,0.959166,0.150000,0.000000,0.000249,0.000031,0.000249,0.000031,0.004154,0.004154
2025-08-26 08:15:00,0.017000,0.068000,idle,0.000000,0,0.000000,0,0.000000,True,0.200000,10.000000,20.000000,30.000000,0.000000,0.017000,0.017000,0,0.068000,0.017000,0.068000,0.017000,0.068000,0.959166,0.959166,0.150000,0.000000,0.000137,0.000017,0.000137,0.000017,0.002278,0.002278
2025-08-26 08:30:00,0.025000,0.100000,idle,0.000000,0,0.000000,0,0.000000,True,0.200000,10.000000,20.000000,30.000000,0.000000,0.025000,0.025000,0,0.100000,0.025000,0.100000,0.025000,0.100000,0.959166,0.959166,0.150000,0.000000,0.000201,0.000025,0.000201,0.000025,0.003350,0.003350
2025-08-26 08:45:00,0.040000,0.160000,idle,0.000000,0,0.000000,0,0.000000,True,0.200000,10.000000,20.000000,30.000000,0.000000,0.040000,0.040000,0,0.160000,0.040000,0.160000,0.040000,0.160000,0.959166,0.959166,0.150000,0.000000,0.000322,0.000040,0.000322,0.000040,0.005360,0.005360
2025-08-26 09:00:00,0.016000,0.064000,idle,0.000000,0,0.000000,0,0.000000,True,0.200000,10.000000,20.000000,30.000000,0.000000,0.016000,0.016000,0,0.064000,0.016000,0.064000,0.016000,0.064000,0.959166,0.959166,0.150000,0.000000,0.000129,0.000016,0.000129,0.000016,0.002144,0.002144
2025-08-26 09:15:00,0.016000,0.064000,idle,0.000000,0,0.000000,0,0.000000,True,0.200000,10.000000,20.000000,30.000000,0.000000,0.016000,0.016000,0,0.064000,0.016000,0.064000,0.016000,0.064000,0.959166,0.959166,0.150000,0.000000,0.000129,0.000016,0.000129,0.000016,0.002144,0.002144
2025-08-26 09:30:00,0.041000,0.164000,idle,0.000000,0,0.000000,0,0.000000,True,0.200000,10.000000,20.000000,30.000000,0.000000,0.041000,0.041000,0,0.164000,0.041000,0.164000,0.041000,0.164000,0.959166,0.959166,0.150000,0.000000,0.000330,0.000041,0.000330,0.000041,0.005494,0.005494
2025-08-26 09:45:00,0.023000,0.092000,idle,0.000000,0,0.000000,0,0.000000,True,0.200000,10.000000,20.000000,30.000000,0.000000,0.023000,0.023000,0,0.092000,0.023000,0.092000,0.023000,0.092000,0.959166,0.959166,0.150000,0.000000,0.000185,0.000023,0.000185,0.000023,0.003082,0.003082
2025-08-26 10:00:00,0.016000,0.064000,idle,0.000000,0,0.000000,0,0.000000,True,0.200000,10.000000,20.000000,30.000000,0.000000,0.016000,0.016000,0,0.064000,0.016000,0.064000,0.016000,0.064000,0.959166,0.959166,0.150000,0.000000,0.000129,0.000016,0.000129,0.000016,0.002144,0.002144
2025-08-26 10:15:00,0.037000,0.148000,idle,0.000000,0,0.000000,0,0.000000,True,0.200000,10.000000,20.000000,30.000000,0.000000,0.037000,0.037000,0,0.148000,0.037000,0.148000,0.037000,0.148000,0.959166,0.959166,0.150000,0.000000,0.000297,0.000037,0.000297,0.000037,0.004958,0.004958
2025-08-26 10:30:00,0.043000,0.172000,idle,0.000000,0,0.000000,0,0.000000,True,0.200000,10.000000,20.000000,30.000000,0.000000,0.043000,0.043000,0,0.172000,0.043000,0.172000,0.043000,0.172000,0.959166,0.959166,0.150000,0.000000,0.000346,0.000043,0.000346,0.000043,0.005762,0.005762
2025-08-26 10:45:00,0.016000,0.064000,idle,0.000000,0,0.000000,0,0.000000,True,0.200000,10.000000,20.000000,30.000000,0.000000,0.016000,0.016000,0,0.064000,0.016000,0.064000,0.016000,0.064000,0.959166,0.959166,0.150000,0.000000,0.000129,0.000016,0.000129,0.000016,0.002144,0.002144
2025-08-26 11:00:00,0.022000,0.088000,idle,0.000000,0,0.000000,0,0.000000,True,0.200000,10.000000,20.000000,30.000000,0.000000,0.022000,0.022000,0,0.088000,0.022000,0.088000,0.022000,0.088000,0.959166,0.959166,0.150000,0.000000,0.000177,0.000022,0.000177,0.000022,0.002948,0.002948
2025-08-26 11:15:00,0.045000,0.180000,idle,0.000000,0,0.000000,0,0.000000,True,0.200000,10.000000,20.000000,30.000000,0.000000,0.045000,0.045000,0,0.180000,0.045000,0.180000,0.045000,0.180000,0.959166,0.959166,0.150000,0.000000,0.000362,0.000045,0.000362,0.000045,0.006030,0.006030
2025-08-26 11:30:00,0.058000,0.232000,idle,0.000000,0,0.000000,0,0.000000,True,0.200000,10.000000,20.000000,30.000000,0.000000,0.058000,0.058000,0,0.232000,0.058000,0.232000,0.058000,0.232000,0.959166,0.959166,0.150000,0.000000,0.000466,0.000058,0.000466,0.000058,0.007772,0.007772
2025-08-26 11:45:00,0.062000,0.248000,idle,0.000000,0,0.000000,0,0.000000,True,0.200000,10.000000,20.000000,30.000000,0.000000,0.062000,0.062000,0,0.248000,0.062000,0.248000,0.062000,0.248000,0.959166,0.959166,0.150000,0.000000,0.000498,0.000062,0.000498,0.000062,0.008308,0.008308
2025-08-26 12:00:00,0.083000,0.332000,idle,0.000000,0,0.000000,0,0.000000,True,0.200000,10.000000,20.000000,30.000000,0.000000,0.083000,0.083000,0,0.332000,0.083000,0.332000,0.083000,0.332000,0.959166,0.959166,0.150000,0.000000,0.000667,0.000083,0.000667,0.000083,0.011122,0.011122
2025-08-26 12:15:00,0.073000,0.292000,idle,0.000000,0,0.000000,0,0.000000,True,0.200000,10.000000,20.000000,30.000000,0.000000,0.073000,0.073000,0,0.292000,0.073000,0.292000,0.073000,0.292000,0.959166,0.959166,0.150000,0.000000,0.000587,0.000073,0.000587,0.000073,0.009782,0.009782
2025-08-26 12:30:00,0.063000,0.252000,idle,0.000000,0,0.000000,0,0.000000,True,0.200000,10.000000,20.000000,30.000000,0.000000,0.063000,0.063000,0,0.252000,0.063000,0.252000,0.063000,0.252000,0.959166,0.959166,0.150000,0.000000,0.000507,0.000063,0.000507,0.000063,0.008442,0.008442
2025-08-26 12:45:00,0.071000,0.284000,idle,0.000000,0,0.000000,0,0.000000,True,0.200000,10.000000,20.000000,30.000000,0.000000,0.071000,0.071000,0,0.284000,0.071000,0.284000,0.071000,0.284000,0.959166,0.959166,0.150000,0.000000,0.000571,0.000071,0.000571,0.000071,0.009514,0.009514
2025-08-26 13:00:00,0.061000,0.244000,idle,0.000000,0,0.000000,0,0.000000,True,0.200000,10.000000,20.000000,30.000000,0.000000,0.061000,0.061000,0,0.244000,0.061000,0.244000,0.061000,0.244000,0.959166,0.959166,0.150000,0.000000,0.000490,0.000061,0.000490,0.000061,0.008174,0.008174
2025-08-26 13:15:00,0.040000,0.160000,idle,0.000000,0,0.000000,0,0.000000,True,0.200000,10.000000,20.000000,30.000000,0.000000,0.040000,0.040000,0,0.160000,0.040000,0.160000,0.040000,0.160000,0.959166,0.959166,0.150000,0.000000,0.000322,0.000040,0.000322,0.000040,0.005360,0.005360
2025-08-26 13:30:00,0.042000,0.168000,idle,0.000000,0,0.000000,0,0.000000,True,0.200000,10.000000,20.000000,30.000000,0.000000,0.042000,0.042000,0,0.168000,0.042000,0.168000,0.042000,0.168000,0.959166,0.959166,0.150000,0.000000,0.000338,0.000042,0.000338,0.000042,0.005628,0.005628
2025-08-26 13:45:00,0.062000,0.248000,idle,0.000000,0,0.000000,0,0.000000,True,0.200000,10.000000,20.000000,30.000000,0.000000,0.062000,0.062000,0,0.248000,0.062000,0.248000,0.062000,0.248000,0.959166,0.959166,0.150000,0.000000,0.000498,0.000062,0.000498,0.000062,0.008308,0.008308
2025-08-26 14:00:00,0.034000,0.136000,idle,0.000000,0,0.000000,0,0.000000,True,0.200000,10.000000,20.000000,30.000000,0.000000,0.034000,0.034000,0,0.136000,0.034000,0.136000,0.034000,0.136000,0.959166,0.959166,0.150000,0.000000,0.000273,0.000034,0.000273,0.000034,0.004556,0.004556
2025-08-26 14:15:00,0.035000,0.140000,idle,0.000000,0,0.000000,0,0.000000,True,0.200000,10.000000,20.000000,30.000000,0.000000,0.035000,0.035000,0,0.140000,0.035000,0.140000,0.035000,0.140000,0.959166,0.959166,0.150000,0.000000,0.000281,0.000035,0.000281,0.000035,0.004690,0.004690
2025-08-26 14:30:00,0.058000,0.232000,idle,0.000000,0,0.000000,0,0.000000,True,0.200000,10.000000,20.000000,30.000000,0.000000,0.058000,0.058000,0,0.232000,0.058000,0.232000,0.058000,0.232000,0.959166,0.959166,0.150000,0.000000,0.000466,0.000058,0.000466,0.000058,0.007772,0.007772
2025-08-26 14:45:00,0.043000,0.172000,idle,0.000000,0,0.000000,0,0.000000,True,0.200000,10.000000,20.000000,30.000000,0.000000,0.043000,0.043000,0,0.172000,0.043000,0.172000,0.043000,0.172000,0.959166,0.959166,0.150000,0.000000,0.000346,0.000043,0.000346,0.000043,0.005762,0.005762
2025-08-26 15:00:00,0.035000,0.140000,idle,0.000000,0,0.000000,0,0.000000,True,0.200000,10.000000,20.000000,30.000000,0.000000,0.035000,0.035000,0,0.140000,0.035000,0.140000,0.035000,0.140000,0.959166,0.959166,0.150000,0.000000,0.000281,0.000035,0.000281,0.000035,0.004690,0.004690
2025-08-26 15:15:00,0.049000,0.196000,idle,0.000000,0,0.000000,0,0.000000,True,0.200000,10.000000,20.000000,30.000000,0.000000,0.049000,0.049000,0,0.196000,0.049000,0.196000,0.049000,0.196000,0.959166,0.959166,0.150000,0.000000,0.000394,0.000049,0.000394,0.000049,0.006566,0.006566
2025-08-26 15:30:00,0.059000,0.236000,idle,0.000000,0,0.000000,0,0.000000,True,0.200000,10.000000,20.000000,30.000000,0.000000,0.059000,0.059000,0,0.236000,0.059000,0.236000,0.059000,0.236000,0.959166,0.959166,0.150000,0.000000,0.000474,0.000059,0.000474,0.000059,0.007906,0.007906
2025-08-26 15:45:00,0.056000,0.224000,idle,0.000000,0,0.000000,0,0.000000,True,0.200000,10.000000,20.000000,30.000000,0.000000,0.056000,0.056000,0,0.224000,0.056000,0.224000,0.056000,0.224000,0.959166,0.959166,0.150000,0.000000,0.000450,0.000056,0.000450,0.000056,0.007504,0.007504
2025-08-26 16:00:00,0.054000,0.216000,idle,0.000000,0,0.000000,0,0.000000,True,0.200000,10.000000,20.000000,30.000000,0.000000,0.054000,0.054000,0,0.216000,0.054000,0.216000,0.054000,0.216000,0.959166,0.959166,0.150000,0.000000,0.000434,0.000054,0.000434,0.000054,0.007236,0.007236
2025-08-26 16:15:00,0.067000,0.268000,idle,0.000000,0,0.000000,0,0.000000,True,0.200000,10.000000,20.000000,30.000000,0.000000,0.067000,0.067000,0,0.268000,0.067000,0.268000,0.067000,0.268000,0.959166,0.959166,0.150000,0.000000,0.000539,0.000067,0.000539,0.000067,0.008978,0.008978
2025-08-26 16:30:00,0.042000,0.168000,idle,0.000000,0,0.000000,0,0.000000,True,0.200000,10.000000,20.000000,30.000000,0.000000,0.042000,0.042000,0,0.168000,0.042000,0.168000,0.042000,0.168000,0.959166,0.959166,0.150000,0.000000,0.000338,0.000042,0.000338,0.000042,0.005628,0.005628
2025-08-26 16:45:00,0.023000,0.092000,idle,0.000000,0,0.000000,0,0.000000,True,0.200000,10.000000,20.000000,30.000000,0.000000,0.023000,0.023000,0,0.092000,0.023000,0.092000,0.023000,0.092000,0.959166,0.959166,0.150000,0.000000,0.000185,0.000023,0.000185,0.000023,0.003082,0.003082
2025-08-26 17:00:00,0.041000,0.164000,idle,0.000000,0,0.000000,0,0.000000,True,0.200000,10.000000,20.000000,30.000000,0.000000,0.041000,0.041000,0,0.164000,0.041000,0.164000,0.041000,0.164000,0.959166,0.959166,0.150000,0.000000,0.000330,0.000041,0.000330,0.000041,0.005494,0.005494
2025-08-26 17:15:00,0.030000,0.120000,idle,0.000000,0,0.000000,0,0.000000,True,0.200000,10.000000,20.000000,30.000000,0.000000,0.030000,0.030000,0,0.120000,0.030000,0.120000,0.030000,0.120000,0.959166,0.959166,0.150000,0.000000,0.000241,0.000030,0.000241,0.000030,0.004020,0.004020
2025-08-26 17:30:00,0.023000,0.092000,idle,0.000000,0,0.000000,0,0.000000,True,0.200000,10.000000,20.000000,30.000000,0.000000,0.023000,0.023000,0,0.092000,0.023000,0.092000,0.023000,0.092000,0.959166,0.959166,0.150000,0.000000,0.000185,0.000023,0.000185,0.000023,0.003082,0.003082
2025-08-26 17:45:00,0.039000,0.156000,idle,0.000000,0,0.000000,0,0.000000,True,0.200000,10.000000,20.000000,30.000000,0.000000,0.039000,0.039000,0,0.156000,0.039000,0.156000,0.039000,0.156000,0.959166,0.959166,0.150000,0.000000,0.000314,0.000039,0.000314,0.000039,0.005226,0.005226
2025-08-26 18:00:00,0.041000,0.164000,idle,0.000000,0,0.000000,0,0.000000,True,0.200000,10.000000,20.000000,30.000000,0.000000,0.041000,0.041000,0,0.164000,0.041000,0.164000,0.041000,0.164000,0.959166,0.959166,0.150000,0.000000,0.000330,0.000041,0.000330,0.000041,0.005494,0.005494
2025-08-26 18:15:00,0.018000,0.072000,idle,0.000000,0,0.000000,0,0.000000,True,0.200000,10.000000,20.000000,30.000000,0.000000,0.018000,0.018000,0,0.072000,0.018000,0.072000,0.018000,0.072000,0.959166,0.959166,0.150000,0.000000,0.000145,0.000018,0.000145,0.000018,0.002412,0.002412
2025-08-26 18:30:00,0.022000,0.088000,idle,0.000000,0,0.000000,0,0.000000,True,0.200000,10.000000,20.000000,30.000000,0.000000,0.022000,0.022000,0,0.088000,0.022000,0.088000,0.022000,0.088000,0.959166,0.959166,0.150000,0.000000,0.000177,0.000022,0.000177,0.000022,0.002948,0.002948
2025-08-26 18:45:00,0.039000,0.156000,idle,0.000000,0,0.000000,0,0.000000,True,0.200000,10.000000,20.000000,30.000000,0.000000,0.039000,0.039000,0,0.156000,0.039000,0.156000,0.039000,0.156000,0.959166,0.959166,0.150000,0.000000,0.000314,0.000039,0.000314,0.000039,0.005226,0.005226
2025-08-26 19:00:00,0.015000,0.060000,idle,0.000000,0,0.000000,0,0.000000,True,0.200000,10.000000,20.000000,30.000000,0.000000,0.015000,0.015000,0,0.060000,0.015000,0.060000,0.015000,0.060000,0.959166,0.959166,0.150000,0.000000,0.000121,0.000015,0.000121,0.000015,0.002010,0.002010
2025-08-26 19:15:00,0.015000,0.060000,idle,0.000000,0,0.000000,0,0.000000,True,0.200000,10.000000,20.000000,30.000000,0.000000,0.015000,0.015000,0,0.060000,0.015000,0.060000,0.015000,0.060000,0.959166,0.959166,0.150000,0.000000,0.000121,0.000015,0.000121,0.000015,0.002010,0.002010
2025-08-26 19:30:00,0.041000,0.164000,idle,0.000000,0,0.000000,0,0.000000,True,0.200000,10.000000,20.000000,30.000000,0.000000,0.041000,0.041000,0,0.164000,0.041000,0.164000,0.041000,0.164000,0.959166,0.959166,0.150000,0.000000,0.000330,0.000041,0.000330,0.000041,0.005494,0.005494
2025-08-26 19:45:00,0.020000,0.080000,idle,0.000000,0,0.000000,0,0.000000,True,0.200000,10.000000,20.000000,30.000000,0.000000,0.020000,0.020000,0,0.080000,0.020000,0.080000,0.020000,0.080000,0.959166,0.959166,0.150000,0.000000,0.000161,0.000020,0.000161,0.000020,0.002680,0.002680
2025-08-26 20:00:00,0.015000,0.060000,idle,0.000000,0,0.000000,0,0.000000,True,0.200000,10.000000,20.000000,30.000000,0.000000,0.015000,0.015000,0,0.060000,0.015000,0.060000,0.015000,0.060000,0.959166,0.959166,0.150000,0.000000,0.000121,0.000015,0.000121,0.000015,0.002010,0.002010
2025-08-26 20:15:00,0.034000,0.136000,idle,0.000000,0,0.000000,0,0.000000,True,0.200000,10.000000,20.000000,30.000000,0.000000,0.034000,0.034000,0,0.136000,0.034000,0.136000,0.034000,0.136000,0.959166,0.959166,0.150000,0.000000,0.000273,0.000034,0.000273,0.000034,0.004556,0.004556
2025-08-26 20:30:00,0.037000,0.148000,idle,0.000000,0,0.000000,0,0.000000,True,0.200000,10.000000,20.000000,30.000000,0.000000,0.037000,0.037000,0,0.148000,0.037000,0.148000,0.037000,0.148000,0.959166,0.959166,0.150000,0.000000,0.000297,0.000037,0.000297,0.000037,0.004958,0.004958
2025-08-26 20:45:00,0.041000,0.164000,idle,0.000000,0,0.000000,0,0.000000,True,0.200000,10.000000,20.000000,30.000000,0.000000,0.041000,0.041000,0,0.164000,0.041000,0.164000,0.041000,0.164000,0.959166,0.959166,0.150000,0.000000,0.000330,0.000041,0.000330,0.000041,0.005494,0.005494
2025-08-26 21:00:00,0.054000,0.216000,idle,0.000000,0,0.000000,0,0.000000,True,0.200000,10.000000,20.000000,30.000000,0.000000,0.054000,0.054000,0,0.216000,0.054000,0.216000,0.054000,0.216000,0.959166,0.959166,0.150000,0.000000,0.000434,0.000054,0.000434,0.000054,0.007236,0.007236
2025-08-26 21:15:00,0.062000,0.248000,idle,0.000000,0,0.000000,0,0.000000,True,0.200000,10.000000,20.000000,30.000000,0.000000,0.062000,0.062000,0,0.248000,0.062000,0.248000,0.062000,0.248000,0.959166,0.959166,0.150000,0.000000,0.000498,0.000062,0.000498,0.000062,0.008308,0.008308
2025-08-26 21:30:00,0.050000,0.200000,idle,0.000000,0,0.000000,0,0.000000,True,0.200000,10.000000,20.000000,30.000000,0.000000,0.050000,0.050000,0,0.200000,0.050000,0.200000,0.050000,0.200000,0.959166,0.959166,0.150000,0.000000,0.000402,0.000050,0.000402,0.000050,0.006700,0.006700
2025-08-26 21:45:00,0.094000,0.376000,idle,0.000000,0,0.000000,0,0.000000,True,0.200000,10.000000,20.000000,30.000000,0.000000,0.094000,0.094000,0,0.376000,0.094000,0.376000,0.094000,0.376000,0.959166,0.959166,0.150000,0.000000,0.000756,0.000094,0.000756,0.000094,0.012596,0.012596
2025-08-26 22:00:00,0.031000,0.124000,idle,0.000000,0,0.000000,0,0.000000,True,0.200000,10.000000,20.000000,30.000000,0.000000,0.031000,0.031000,0,0.124000,0.031000,0.124000,0.031000,0.124000,0.959166,0.959166,0.150000,0.000000,0.000249,0.000031,0.000249,0.000031,0.004154,0.004154
2025-08-26 22:15:00,0.006000,0.024000,idle,0.000000,0,0.000000,0,0.000000,True,0.200000,10.000000,20.000000,30.000000,0.000000,0.006000,0.006000,0,0.024000,0.006000,0.024000,0.006000,0.024000,0.959166,0.959166,0.150000,0.000000,0.000048,0.000006,0.000048,0.000006,0.000804,0.000804
2025-08-26 22:30:00,0.005000,0.020000,idle,0.000000,0,0.000000,0,0.000000,True,0.200000,10.000000,20.000000,30.000000,0.000000,0.005000,0.005000,0,0.020000,0.005000,0.020000,0.005000,0.020000,0.959166,0.959166,0.150000,0.000000,0.000040,0.000005,0.000040,0.000005,0.000670,0.000670
2025-08-26 22:45:00,0.027000,0.108000,idle,0.000000,0,0.000000,0,0.000000,True,0.200000,10.000000,20.000000,30.000000,0.000000,0.027000,0.027000,0,0.108000,0.027000,0.108000,0.027000,0.108000,0.959166,0.959166,0.150000,0.000000,0.000217,0.000027,0.000217,0.000027,0.003618,0.003618
2025-08-26 23:00:00,0.014000,0.056000,idle,0.000000,0,0.000000,0,0.000000,True,0.200000,10.000000,20.000000,30.000000,0.000000,0.014000,0.014000,0,0.056000,0.014000,0.056000,0.014000,0.056000,0.959166,0.959166,0.150000,0.000000,0.000113,0.000014,0.000113,0.000014,0.001876,0.001876
2025-08-26 23:15:00,0.005000,0.020000,idle,0.000000,0,0.000000,0,0.000000,True,0.200000,10.000000,20.000000,30.000000,0.000000,0.005000,0.005000,0,0.020000,0.005000,0.020000,0.005000,0.020000,0.959166,0.959166,0.150000,0.000000,0.000040,0.000005,0.000040,0.000005,0.000670,0.000670
2025-08-26 23:30:00,0.092000,0.368000,idle,0.000000,0,0.000000,0,0.000000,True,0.200000,10.000000,20.000000,30.000000,0.000000,0.092000,0.092000,0,0.368000,0.092000,0.368000,0.092000,0.368000,0.959166,0.959166,0.150000,0.000000,0.000740,0.000092,0.000740,0.000092,0.012328,0.012328
2025-08-26 23:45:00,0.126000,0.504000,idle,0.000000,0,0.000000,0,0.000000,True,0.200000,10.000000,20.000000,30.000000,0.000000,0.126000,0.126000,0,0.504000,0.126000,0.504000,0.126000,0.504000,0.959166,0.959166,0.150000,0.000000,0.001013,0.000126,0.001013,0.000126,0.016884,0.016884
2025-08-27 00:00:00,0.114000,0.456000,idle,0.000000,0,0.000000,0,0.000000,True,0.200000,10.000000,20.000000,30.000000,0.000000,0.114000,0.114000,0,0.456000,0.114000,0.456000,0.114000,0.456000,0.959166,0.959166,0.150000,0.000000,0.000917,0.000114,0.000917,0.000114,0.015276,0.015276
2025-08-27 00:15:00,0.089000,0.356000,idle,0.000000,0,0.000000,0,0.000000,True,0.200000,10.000000,20.000000,30.000000,0.000000,0.089000,0.089000,0,0.356000,0.089000,0.356000,0.089000,0.356000,0.959166,0.959166,0.150000,0.000000,0.000716,0.000089,0.000716,0.000089,0.011926,0.011926
2025-08-27 00:30:00,0.098000,0.392000,idle,0.000000,0,0.000000,0,0.000000,True,0.200000,10.000000,20.000000,30.000000,0.000000,0.098000,0.098000,0,0.392000,0.098000,0.392000,0.098000,0.392000,0.959166,0.959166,0.150000,0.000000,0.000788,0.000098,0.000788,0.000098,0.013132,0.013132
2025-08-27 00:45:00,0.074000,0.296000,idle,0.000000,0,0.000000,0,0.000000,True,0.200000,10.000000,20.000000,30.000000,0.000000,0.074000,0.074000,0,0.296000,0.074000,0.296000,0.074000,0.296000,0.959166,0.959166,0.150000,0.000000,0.000595,0.000074,0.000595,0.000074,0.009916,0.009916
2025-08-27 01:00:00,0.076000,0.304000,idle,0.000000,0,0.000000,0,0.000000,True,0.200000,10.000000,20.000000,30.000000,0.000000,0.076000,0.076000,0,0.304000,0.076000,0.304000,0.076000,0.304000,0.959166,0.959166,0.150000,0.000000,0.000611,0.000076,0.000611,0.000076,0.010184,0.010184
2025-08-27 01:15:00,0.103000,0.412000,idle,0.000000,0,0.000000,0,0.000000,True,0.200000,10.000000,20.000000,30.000000,0.000000,0.103000,0.103000,0,0.412000,0.103000,0.412000,0.103000,0.412000,0.959166,0.959166,0.150000,0.000000,0.000828,0.000103,0.000828,0.000103,0.013802,0.013802
2025-08-27 01:30:00,0.083000,0.332000,idle,0.000000,0,0.000000,0,0.000000,True,0.200000,10.000000,20.000000,30.000000,0.000000,0.083000,0.083000,0,0.332000,0.083000,0.332000,0.083000,0.332000,0.959166,0.959166,0.150000,0.000000,0.000667,0.000083,0.000667,0.000083,0.011122,0.011122
2025-08-27 01:45:00,0.081000,0.324000,idle,0.000000,0,0.000000,0,0.000000,True,0.200000,10.000000,20.000000,30.000000,0.000000,0.081000,0.081000,0,0.324000,0.081000,0.324000,0.081000,0.324000,0.959166,0.959166,0.150000,0.000000,0.000651,0.000081,0.000651,0.000081,0.010854,0.010854
2025-08-27 02:00:00,0.066000,0.264000,idle,0.000000,0,0.000000,0,0.000000,True,0.200000,10.000000,20.000000,30.000000,0.000000,0.066000,0.066000,0,0.264000,0.066000,0.264000,0.066000,0.264000,0.959166,0.959166,0.150000,0.000000,0.000531,0.000066,0.000531,0.000066,0.008844,0.008844
2025-08-27 02:15:00,0.028000,0.112000,idle,0.000000,0,0.000000,0,0.000000,True,0.200000,10.000000,20.000000,30.000000,0.000000,0.028000,0.028000,0,0.112000,0.028000,0.112000,0.028000,0.112000,0.959166,0.959166,0.150000,0.000000,0.000225,0.000028,0.000225,0.000028,0.003752,0.003752
2025-08-27 02:30:00,0.004000,0.016000,idle,0.000000,0,0.000000,0,0.000000,True,0.200000,10.000000,20.000000,30.000000,0.000000,0.004000,0.004000,0,0.016000,0.004000,0.016000,0.004000,0.016000,0.959166,0.959166,0.150000,0.000000,0.000032,0.000004,0.000032,0.000004,0.000536,0.000536
2025-08-27 02:45:00,0.015000,0.060000,idle,0.000000,0,0.000000,0,0.000000,True,0.200000,10.000000,20.000000,30.000000,0.000000,0.015000,0.015000,0,0.060000,0.015000,0.060000,0.015000,0.060000,0.959166,0.959166,0.150000,0.000000,0.000121,0.000015,0.000121,0.000015,0.002010,0.002010
2025-08-27 03:00:00,0.024000,0.096000,idle,0.000000,0,0.000000,0,0.000000,True,0.200000,10.000000,20.000000,30.000000,0.000000,0.024000,0.024000,0,0.096000,0.024000,0.096000,0.024000,0.096000,0.959166,0.959166,0.150000,0.000000,0.000193,0.000024,0.000193,0.000024,0.003216,0.003216
2025-08-27 03:15:00,0.004000,0.016000,idle,0.000000,0,0.000000,0,0.000000,True,0.200000,10.000000,20.000000,30.000000,0.000000,0.004000,0.004000,0,0.016000,0.004000,0.016000,0.004000,0.016000,0.959166,0.959166,0.150000,0.000000,0.000032,0.000004,0.000032,0.000004,0.000536,0.000536
2025-08-27 03:30:00,0.007000,0.028000,idle,0.000000,0,0.000000,0,0.000000,True,0.200000,10.000000,20.000000,30.000000,0.000000,0.007000,0.007000,0,0.028000,0.007000,0.028000,0.007000,0.028000,0.959166,0.959166,0.150000,0.000000,0.000056,0.000007,0.000056,0.000007,0.000938,0.000938
2025-08-27 03:45:00,0.031000,0.124000,idle,0.000000,0,0.000000,0,0.000000,True,0.200000,10.000000,20.000000,30.000000,0.000000,0.031000,0.031000,0,0.124000,0.031000,0.124000,0.031000,0.124000,0.959166,0.959166,0.150000,0.000000,0.000249,0.000031,0.000249,0.000031,0.004154,0.004154
2025-08-27 04:00:00,0.005000,0.020000,idle,0.000000,0,0.000000,0,0.000000,True,0.200000,10.000000,20.000000,30.000000,0.000000,0.005000,0.005000,0,0.020000,0.005000,0.020000,0.005000,0.020000,0.959166,0.959166,0.150000,0.000000,0.000040,0.000005,0.000040,0.000005,0.000670,0.000670
2025-08-27 04:15:00,0.004000,0.016000,idle,0.000000,0,0.000000,0,0.000000,True,0.200000,10.000000,20.000000,30.000000,0.000000,0.004000,0.004000,0,0.016000,0.004000,0.016000,0.004000,0.016000,0.959166,0.959166,0.150000,0.000000,0.000032,0.000004,0.000032,0.000004,0.000536,0.000536
2025-08-27 04:30:00,0.027000,0.108000,idle,0.000000,0,0.000000,0,0.000000,True,0.200000,10.000000,20.000000,30.000000,0.000000,0.027000,0.027000,0,0.108000,0.027000,0.108000,0.027000,0.108000,0.959166,0.959166,0.150000,0.000000,0.000217,0.000027,0.000217,0.000027,0.003618,0.003618
2025-08-27 04:45:00,0.013000,0.052000,idle,0.000000,0,0.000000,0,0.000000,True,0.200000,10.000000,20.000000,30.000000,0.000000,0.013000,0.013000,0,0.052000,0.013000,0.052000,0.013000,0.052000,0.959166,0.959166,0.150000,0.000000,0.000105,0.000013,0.000105,0.000013,0.001742,0.001742
2025-08-27 05:00:00,0.003000,0.012000,idle,0.000000,0,0.000000,0,0.000000,True,0.200000,10.000000,20.000000,30.000000,0.000000,0.003000,0.003000,0,0.012000,0.003000,0.012000,0.003000,0.012000,0.959166,0.959166,0.150000,0.000000,0.000024,0.000003,0.000024,0.000003,0.000402,0.000402
2025-08-27 05:15:00,0.020000,0.080000,idle,0.000000,0,0.000000,0,0.000000,True,0.200000,10.000000,20.000000,30.000000,0.000000,0.020000,0.020000,0,0.080000,0.020000,0.080000,0.020000,0.080000,0.959166,0.959166,0.150000,0.000000,0.000161,0.000020,0.000161,0.000020,0.002680,0.002680
2025-08-27 05:30:00,0.020000,0.080000,idle,0.000000,0,0.000000,0,0.000000,True,0.200000,10.000000,20.000000,30.000000,0.000000,0.020000,0.020000,0,0.080000,0.020000,0.080000,0.020000,0.080000,0.959166,0.959166,0.150000,0.000000,0.000161,0.000020,0.000161,0.000020,0.002680,0.002680
2025-08-27 05:45:00,0.003000,0.012000,idle,0.000000,0,0.000000,0,0.000000,True,0.200000,10.000000,20.000000,30.000000,0.000000,0.003000,0.003000,0,0.012000,0.003000,0.012000,0.003000,0.012000,0.959166,0.959166,0.150000,0.000000,0.000024,0.000003,0.000024,0.000003,0.000402,0.000402
2025-08-27 06:00:00,0.012000,0.048000,idle,0.000000,0,0.000000,0,0.000000,True,0.200000,10.000000,20.000000,30.000000,0.000000,0.012000,0.012000,0,0.048000,0.012000,0.048000,0.012000,0.048000,0.959166,0.959166,0.150000,0.000000,0.000096,0.000012,0.000096,0.000012,0.001608,0.001608
2025-08-27 06:15:00,0.027000,0.108000,idle,0.000000,0,0.000000,0,0.000000,True,0.200000,10.000000,20.000000,30.000000,0.000000,0.027000,0.027000,0,0.108000,0.027000,0.108000,0.027000,0.108000,0.959166,0.959166,0.150000,0.000000,0.000217,0.000027,0.000217,0.000027,0.003618,0.003618
2025-08-27 06:30:00,0.004000,0.016000,idle,0.000000,0,0.000000,0,0.000000,True,0.200000,10.000000,20.000000,30.000000,0.000000,0.004000,0.004000,0,0.016000,0.004000,0.016000,0.004000,0.016000,0.959166,0.959166,0.150000,0.000000,0.000032,0.000004,0.000032,0.000004,0.000536,0.000536
2025-08-27 06:45:00,0.005000,0.020000,idle,0.000000,0,0.000000,0,0.000000,True,0.200000,10.000000,20.000000,30.000000,0.000000,0.005000,0.005000,0,0.020000,0.005000,0.020000,0.005000,0.020000,0.959166,0.959166,0.150000,0.000000,0.000040,0.000005,0.000040,0.000005,0.000670,0.000670
2025-08-27 07:00:00,0.030000,0.120000,idle,0.000000,0,0.000000,0,0.000000,True,0.200000,10.000000,20.000000,30.000000,0.000000,0.030000,0.030000,0,0.120000,0.030000,0.120000,0.030000,0.120000,0.959166,0.959166,0.150000,0.000000,0.000241,0.000030,0.000241,0.000030,0.004020,0.004020
2025-08-27 07:15:00,0.009000,0.036000,idle,0.000000,0,0.000000,0,0.000000,True,0.200000,10.000000,20.000000,30.000000,0.000000,0.009000,0.009000,0,0.036000,0.009000,0.036000,0.009000,0.036000,0.959166,0.959166,0.150000,0.000000,0.000072,0.000009,0.000072,0.000009,0.001206,0.001206
2025-08-27 07:30:00,0.004000,0.016000,idle,0.000000,0,0.000000,0,0.000000,True,0.200000,10.000000,20.000000,30.000000,0.000000,0.004000,0.004000,0,0.016000,0.004000,0.016000,0.004000,0.016000,0.959166,0.959166,0.150000,0.000000,0.000032,0.000004,0.000032,0.000004,0.000536,0.000536
2025-08-27 07:45:00,0.022000,0.088000,idle,0.000000,0,0.000000,0,0.000000,True,0.200000,10.000000,20.000000,30.000000,0.000000,0.022000,0.022000,0,0.088000,0.022000,0.088000,0.022000,0.088000,0.959166,0.959166,0.150000,0.000000,0.000177,0.000022,0.000177,0.000022,0.002948,0.002948
2025-08-27 08:00:00,0.017000,0.068000,idle,0.000000,0,0.000000,0,0.000000,True,0.200000,10.000000,20.000000,30.000000,0.000000,0.017000,0.017000,0,0.068000,0.017000,0.068000,0.017000,0.068000,0.959166,0.959166,0.150000,0.000000,0.000137,0.000017,0.000137,0.000017,0.002278,0.002278
2025-08-27 08:15:00,0.004000,0.016000,idle,0.000000,0,0.000000,0,0.000000,True,0.200000,10.000000,20.000000,30.000000,0.000000,0.004000,0.004000,0,0.016000,0.004000,0.016000,0.004000,0.016000,0.959166,0.959166,0.150000,0.000000,0.000032,0.000004,0.000032,0.000004,0.000536,0.000536
2025-08-27 08:30:00,0.013000,0.052000,idle,0.000000,0,0.000000,0,0.000000,True,0.200000,10.000000,20.000000,30.000000,0.000000,0.013000,0.013000,0,0.052000,0.013000,0.052000,0.013000,0.052000,0.959166,0.959166,0.150000,0.000000,0.000105,0.000013,0.000105,0.000013,0.001742,0.001742
2025-08-27 08:45:00,0.026000,0.104000,idle,0.000000,0,0.000000,0,0.000000,True,0.200000,10.000000,20.000000,30.000000,0.000000,0.026000,0.026000,0,0.104000,0.026000,0.104000,0.026000,0.104000,0.959166,0.959166,0.150000,0.000000,0.000209,0.000026,0.000209,0.000026,0.003484,0.003484
2025-08-27 09:00:00,0.004000,0.016000,idle,0.000000,0,0.000000,0,0.000000,True,0.200000,10.000000,20.000000,30.000000,0.000000,0.004000,0.004000,0,0.016000,0.004000,0.016000,0.004000,0.016000,0.959166,0.959166,0.150000,0.000000,0.000032,0.000004,0.000032,0.000004,0.000536,0.000536
2025-08-27 09:15:00,0.005000,0.020000,idle,0.000000,0,0.000000,0,0.000000,True,0.200000,10.000000,20.000000,30.000000,0.000000,0.005000,0.005000,0,0.020000,0.005000,0.020000,0.005000,0.020000,0.959166,0.959166,0.150000,0.000000,0.000040,0.000005,0.000040,0.000005,0.000670,0.000670
2025-08-27 09:30:00,0.030000,0.120000,idle,0.000000,0,0.000000,0,0.000000,True,0.200000,10.000000,20.000000,30.000000,0.000000,0.030000,0.030000,0,0.120000,0.030000,0.120000,0.030000,0.120000,0.959166,0.959166,0.150000,0.000000,0.000241,0.000030,0.000241,0.000030,0.004020,0.004020
2025-08-27 09:45:00,0.008000,0.032000,idle,0.000000,0,0.000000,0,0.000000,True,0.200000,10.000000,20.000000,30.000000,0.000000,0.008000,0.008000,0,0.032000,0.008000,0.032000,0.008000,0.032000,0.959166,0.959166,0.150000,0.000000,0.000064,0.000008,0.000064,0.000008,0.001072,0.001072
2025-08-27 10:00:00,0.004000,0.016000,idle,0.000000,0,0.000000,0,0.000000,True,0.200000,10.000000,20.000000,30.000000,0.000000,0.004000,0.004000,0,0.016000,0.004000,0.016000,0.004000,0.016000,0.959166,0.959166,0.150000,0.000000,0.000032,0.000004,0.000032,0.000004,0.000536,0.000536
2025-08-27 10:15:00,0.023000,0.092000,idle,0.000000,0,0.000000,0,0.000000,True,0.200000,10.000000,20.000000,30.000000,0.000000,0.023000,0.023000,0,0.092000,0.023000,0.092000,0.023000,0.092000,0.959166,0.959166,0.150000,0.000000,0.000185,0.000023,0.000185,0.000023,0.003082,0.003082
2025-08-27 10:30:00,0.017000,0.068000,idle,0.000000,0,0.000000,0,0.000000,True,0.200000,10.000000,20.000000,30.000000,0.000000,0.017000,0.017000,0,0.068000,0.017000,0.068000,0.017000,0.068000,0.959166,0.959166,0.150000,0.000000,0.000137,0.000017,0.000137,0.000017,0.002278,0.002278
2025-08-27 10:45:00,0.018000,0.072000,idle,0.000000,0,0.000000,0,0.000000,True,0.200000,10.000000,20.000000,30.000000,0.000000,0.018000,0.018000,0,0.072000,0.018000,0.072000,0.018000,0.072000,0.959166,0.959166,0.150000,0.000000,0.000145,0.000018,0.000145,0.000018,0.002412,0.002412
2025-08-27 11:00:00,0.072000,0.288000,idle,0.000000,0,0.000000,0,0.000000,True,0.200000,10.000000,20.000000,30.000000,0.000000,0.072000,0.072000,0,0.288000,0.072000,0.288000,0.072000,0.288000,0.959166,0.959166,0.150000,0.000000,0.000579,0.000072,0.000579,0.000072,0.009648,0.009648
2025-08-27 11:15:00,0.056000,0.224000,idle,0.000000,0,0.000000,0,0.000000,True,0.200000,10.000000,20.000000,30.000000,0.000000,0.056000,0.056000,0,0.224000,0.056000,0.224000,0.056000,0.224000,0.959166,0.959166,0.150000,0.000000,0.000450,0.000056,0.000450,0.000056,0.007504,0.007504
2025-08-27 11:30:00,0.041000,0.164000,idle,0.000000,0,0.000000,0,0.000000,True,0.200000,10.000000,20.000000,30.000000,0.000000,0.041000,0.041000,0,0.164000,0.041000,0.164000,0.041000,0.164000,0.959166,0.959166,0.150000,0.000000,0.000330,0.000041,0.000330,0.000041,0.005494,0.005494
2025-08-27 11:45:00,0.043000,0.172000,idle,0.000000,0,0.000000,0,0.000000,True,0.200000,10.000000,20.000000,30.000000,0.000000,0.043000,0.043000,0,0.172000,0.043000,0.172000,0.043000,0.172000,0.959166,0.959166,0.150000,0.000000,0.000346,0.000043,0.000346,0.000043,0.005762,0.005762
2025-08-27 12:00:00,0.064000,0.256000,idle,0.000000,0,0.000000,0,0.000000,True,0.200000,10.000000,20.000000,30.000000,0.000000,0.064000,0.064000,0,0.256000,0.064000,0.256000,0.064000,0.256000,0.959166,0.959166,0.150000,0.000000,0.000515,0.000064,0.000515,0.000064,0.008576,0.008576
2025-08-27 12:15:00,0.032000,0.128000,idle,0.000000,0,0.000000,0,0.000000,True,0.200000,10.000000,20.000000,30.000000,0.000000,0.032000,0.032000,0,0.128000,0.032000,0.128000,0.032000,0.128000,0.959166,0.959166,0.150000,0.000000,0.000257,0.000032,0.000257,0.000032,0.004288,0.004288
2025-08-27 12:30:00,0.023000,0.092000,idle,0.000000,0,0.000000,0,0.000000,True,0.200000,10.000000,20.000000,30.000000,0.000000,0.023000,0.023000,0,0.092000,0.023000,0.092000,0.023000,0.092000,0.959166,0.959166,0.150000,0.000000,0.000185,0.000023,0.000185,0.000023,0.003082,0.003082
2025-08-27 12:45:00,0.046000,0.184000,idle,0.000000,0,0.000000,0,0.000000,True,0.200000,10.000000,20.000000,30.000000,0.000000,0.046000,0.046000,0,0.184000,0.046000,0.184000,0.046000,0.184000,0.959166,0.959166,0.150000,0.000000,0.000370,0.000046,0.000370,0.000046,0.006164,0.006164
2025-08-27 13:00:00,0.035000,0.140000,idle,0.000000,0,0.000000,0,0.000000,True,0.200000,10.000000,20.000000,30.000000,0.000000,0.035000,0.035000,0,0.140000,0.035000,0.140000,0.035000,0.140000,0.959166,0.959166,0.150000,0.000000,0.000281,0.000035,0.000281,0.000035,0.004690,0.004690
2025-08-27 13:15:00,0.023000,0.092000,idle,0.000000,0,0.000000,0,0.000000,True,0.200000,10.000000,20.000000,30.000000,0.000000,0.023000,0.023000,0,0.092000,0.023000,0.092000,0.023000,0.092000,0.959166,0.959166,0.150000,0.000000,0.000185,0.000023,0.000185,0.000023,0.003082,0.003082
2025-08-27 13:30:00,0.035000,0.140000,idle,0.000000,0,0.000000,0,0.000000,True,0.200000,10.000000,20.000000,30.000000,0.000000,0.035000,0.035000,0,0.140000,0.035000,0.140000,0.035000,0.140000,0.959166,0.959166,0.150000,0.000000,0.000281,0.000035,0.000281,0.000035,0.004690,0.004690
2025-08-27 13:45:00,0.045000,0.180000,idle,0.000000,0,0.000000,0,0.000000,True,0.200000,10.000000,20.000000,30.000000,0.000000,0.045000,0.045000,0,0.180000,0.045000,0.180000,0.045000,0.180000,0.959166,0.959166,0.150000,0.000000,0.000362,0.000045,0.000362,0.000045,0.006030,0.006030
2025-08-27 14:00:00,0.023000,0.092000,idle,0.000000,0,0.000000,0,0.000000,True,0.200000,10.000000,20.000000,30.000000,0.000000,0.023000,0.023000,0,0.092000,0.023000,0.092000,0.023000,0.092000,0.959166,0.959166,0.150000,0.000000,0.000185,0.000023,0.000185,0.000023,0.003082,0.003082
2025-08-27 14:15:00,0.025000,0.100000,idle,0.000000,0,0.000000,0,0.000000,True,0.200000,10.000000,20.000000,30.000000,0.000000,0.025000,0.025000,0,0.100000,0.025000,0.100000,0.025000,0.100000,0.959166,0.959166,0.150000,0.000000,0.000201,0.000025,0.000201,0.000025,0.003350,0.003350
2025-08-27 14:30:00,0.051000,0.204000,idle,0.000000,0,0.000000,0,0.000000,True,0.200000,10.000000,20.000000,30.000000,0.000000,0.051000,0.051000,0,0.204000,0.051000,0.204000,0.051000,0.204000,0.959166,0.959166,0.150000,0.000000,0.000410,0.000051,0.000410,0.000051,0.006834,0.006834
2025-08-27 14:45:00,0.026000,0.104000,idle,0.000000,0,0.000000,0,0.000000,True,0.200000,10.000000,20.000000,30.000000,0.000000,0.026000,0.026000,0,0.104000,0.026000,0.104000,0.026000,0.104000,0.959166,0.959166,0.150000,0.000000,0.000209,0.000026,0.000209,0.000026,0.003484,0.003484
2025-08-27 15:00:00,0.024000,0.096000,idle,0.000000,0,0.000000,0,0.000000,True,0.200000,10.000000,20.000000,30.000000,0.000000,0.024000,0.024000,0,0.096000,0.024000,0.096000,0.024000,0.096000,0.959166,0.959166,0.150000,0.000000,0.000193,0.000024,0.000193,0.000024,0.003216,0.003216
2025-08-27 15:15:00,0.044000,0.176000,idle,0.000000,0,0.000000,0,0.000000,True,0.200000,10.000000,20.000000,30.000000,0.000000,0.044000,0.044000,0,0.176000,0.044000,0.176000,0.044000,0.176000,0.959166,0.959166,0.150000,0.000000,0.000354,0.000044,0.000354,0.000044,0.005896,0.005896
2025-08-27 15:30:00,0.044000,0.176000,idle,0.000000,0,0.000000,0,0.000000,True,0.200000,10.000000,20.000000,30.000000,0.000000,0.044000,0.044000,0,0.176000,0.044000,0.176000,0.044000,0.176000,0.959166,0.959166,0.150000,0.000000,0.000354,0.000044,0.000354,0.000044,0.005896,0.005896
2025-08-27 15:45:00,0.034000,0.136000,idle,0.000000,0,0.000000,0,0.000000,True,0.200000,10.000000,20.000000,30.000000,0.000000,0.034000,0.034000,0,0.136000,0.034000,0.136000,0.034000,0.136000,0.959166,0.959166,0.150000,0.000000,0.000273,0.000034,0.000273,0.000034,0.004556,0.004556
2025-08-27 16:00:00,0.023000,0.092000,idle,0.000000,0,0.000000,0,0.000000,True,0.200000,10.000000,20.000000,30.000000,0.000000,0.023000,0.023000,0,0.092000,0.023000,0.092000,0.023000,0.092000,0.959166,0.959166,0.150000,0.000000,0.000185,0.000023,0.000185,0.000023,0.003082,0.003082
2025-08-27 16:15:00,0.039000,0.156000,idle,0.000000,0,0.000000,0,0.000000,True,0.200000,10.000000,20.000000,30.000000,0.000000,0.039000,0.039000,0,0.156000,0.039000,0.156000,0.039000,0.156000,0.959166,0.959166,0.150000,0.000000,0.000314,0.000039,0.000314,0.000039,0.005226,0.005226
2025-08-27 16:30:00,0.009000,0.036000,idle,0.000000,0,0.000000,0,0.000000,True,0.200000,10.000000,20.000000,30.000000,0.000000,0.009000,0.009000,0,0.036000,0.009000,0.036000,0.009000,0.036000,0.959166,0.959166,0.150000,0.000000,0.000072,0.000009,0.000072,0.000009,0.001206,0.001206
2025-08-27 16:45:00,0.030000,0.120000,idle,0.000000,0,0.000000,0,0.000000,True,0.200000,10.000000,20.000000,30.000000,0.000000,0.030000,0.030000,0,0.120000,0.030000,0.120000,0.030000,0.120000,0.959166,0.959166,0.150000,0.000000,0.000241,0.000030,0.000241,0.000030,0.004020,0.004020
2025-08-27 17:00:00,0.070000,0.280000,idle,0.000000,0,0.000000,0,0.000000,True,0.200000,10.000000,20.000000,30.000000,0.000000,0.070000,0.070000,0,0.280000,0.070000,0.280000,0.070000,0.280000,0.959166,0.959166,0.150000,0.000000,0.000563,0.000070,0.000563,0.000070,0.009380,0.009380
2025-08-27 17:15:00,0.061000,0.244000,idle,0.000000,0,0.000000,0,0.000000,True,0.200000,10.000000,20.000000,30.000000,0.000000,0.061000,0.061000,0,0.244000,0.061000,0.244000,0.061000,0.244000,0.959166,0.959166,0.150000,0.000000,0.000490,0.000061,0.000490,0.000061,0.008174,0.008174
2025-08-27 17:30:00,0.043000,0.172000,idle,0.000000,0,0.000000,0,0.000000,True,0.200000,10.000000,20.000000,30.000000,0.000000,0.043000,0.043000,0,0.172000,0.043000,0.172000,0.043000,0.172000,0.959166,0.959166,0.150000,0.000000,0.000346,0.000043,0.000346,0.000043,0.005762,0.005762
2025-08-27 17:45:00,0.056000,0.224000,idle,0.000000,0,0.000000,0,0.000000,True,0.200000,10.000000,20.000000,30.000000,0.000000,0.056000,0.056000,0,0.224000,0.056000,0.224000,0.056000,0.224000,0.959166,0.959166,0.150000,0.000000,0.000450,0.000056,0.000450,0.000056,0.007504,0.007504
2025-08-27 18:00:00,0.047000,0.188000,idle,0.000000,0,0.000000,0,0.000000,True,0.200000,10.000000,20.000000,30.000000,0.000000,0.047000,0.047000,0,0.188000,0.047000,0.188000,0.047000,0.188000,0.959166,0.959166,0.150000,0.000000,0.000378,0.000047,0.000378,0.000047,0.006298,0.006298
2025-08-27 18:15:00,0.034000,0.136000,idle,0.000000,0,0.000000,0,0.000000,True,0.200000,10.000000,20.000000,30.000000,0.000000,0.034000,0.034000,0,0.136000,0.034000,0.136000,0.034000,0.136000,0.959166,0.959166,0.150000,0.000000,0.000273,0.000034,0.000273,0.000034,0.004556,0.004556
2025-08-27 18:30:00,0.044000,0.176000,idle,0.000000,0,0.000000,0,0.000000,True,0.200000,10.000000,20.000000,30.000000,0.000000,0.044000,0.044000,0,0.176000,0.044000,0.176000,0.044000,0.176000,0.959166,0.959166,0.150000,0.000000,0.000354,0.000044,0.000354,0.000044,0.005896,0.005896
2025-08-27 18:45:00,0.053000,0.212000,idle,0.000000,0,0.000000,0,0.000000,True,0.200000,10.000000,20.000000,30.000000,0.000000,0.053000,0.053000,0,0.212000,0.053000,0.212000,0.053000,0.212000,0.959166,0.959166,0.150000,0.000000,0.000426,0.000053,0.000426,0.000053,0.007102,0.007102
2025-08-27 19:00:00,0.028000,0.112000,idle,0.000000,0,0.000000,0,0.000000,True,0.200000,10.000000,20.000000,30.000000,0.000000,0.028000,0.028000,0,0.112000,0.028000,0.112000,0.028000,0.112000,0.959166,0.959166,0.150000,0.000000,0.000225,0.000028,0.000225,0.000028,0.003752,0.003752
2025-08-27 19:15:00,0.035000,0.140000,idle,0.000000,0,0.000000,0,0.000000,True,0.200000,10.000000,20.000000,30.000000,0.000000,0.035000,0.035000,0,0.140000,0.035000,0.140000,0.035000,0.140000,0.959166,0.959166,0.150000,0.000000,0.000281,0.000035,0.000281,0.000035,0.004690,0.004690
2025-08-27 19:30:00,0.057000,0.228000,idle,0.000000,0,0.000000,0,0.000000,True,0.200000,10.000000,20.000000,30.000000,0.000000,0.057000,0.057000,0,0.228000,0.057000,0.228000,0.057000,0.228000,0.959166,0.959166,0.150000,0.000000,0.000458,0.000057,0.000458,0.000057,0.007638,0.007638
2025-08-27 19:45:00,0.025000,0.100000,idle,0.000000,0,0.000000,0,0.000000,True,0.200000,10.000000,20.000000,30.000000,0.000000,0.025000,0.025000,0,0.100000,0.025000,0.100000,0.025000,0.100000,0.959166,0.959166,0.150000,0.000000,0.000201,0.000025,0.000201,0.000025,0.003350,0.003350
2025-08-27 20:00:00,0.036000,0.144000,idle,0.000000,0,0.000000,0,0.000000,True,0.200000,10.000000,20.000000,30.000000,0.000000,0.036000,0.036000,0,0.144000,0.036000,0.144000,0.036000,0.144000,0.959166,0.959166,0.150000,0.000000,0.000289,0.000036,0.000289,0.000036,0.004824,0.004824
2025-08-27 20:15:00,0.071000,0.284000,idle,0.000000,0,0.000000,0,0.000000,True,0.200000,10.000000,20.000000,30.000000,0.000000,0.071000,0.071000,0,0.284000,0.071000,0.284000,0.071000,0.284000,0.959166,0.959166,0.150000,0.000000,0.000571,0.000071,0.000571,0.000071,0.009514,0.009514
2025-08-27 20:30:00,0.065000,0.260000,idle,0.000000,0,0.000000,0,0.000000,True,0.200000,10.000000,20.000000,30.000000,0.000000,0.065000,0.065000,0,0.260000,0.065000,0.260000,0.065000,0.260000,0.959166,0.959166,0.150000,0.000000,0.000523,0.000065,0.000523,0.000065,0.008710,0.008710
2025-08-27 20:45:00,0.079000,0.316000,idle,0.000000,0,0.000000,0,0.000000,True,0.200000,10.000000,20.000000,30.000000,0.000000,0.079000,0.079000,0,0.316000,0.079000,0.316000,0.079000,0.316000,0.959166,0.959166,0.150000,0.000000,0.000635,0.000079,0.000635,0.000079,0.010586,0.010586
2025-08-27 21:00:00,0.088000,0.352000,idle,0.000000,0,0.000000,0,0.000000,True,0.200000,10.000000,20.000000,30.000000,0.000000,0.088000,0.088000,0,0.352000,0.088000,0.352000,0.088000,0.352000,0.959166,0.959166,0.150000,0.000000,0.000708,0.000088,0.000708,0.000088,0.011792,0.011792
2025-08-27 21:15:00,0.097000,0.388000,idle,0.000000,0,0.000000,0,0.000000,True,0.200000,10.000000,20.000000,30.000000,0.000000,0.097000,0.097000,0,0.388000,0.097000,0.388000,0.097000,0.388000,0.959166,0.959166,0.150000,0.000000,0.000780,0.000097,0.000780,0.000097,0.012998,0.012998
2025-08-27 21:30:00,0.075000,0.300000,idle,0.000000,0,0.000000,0,0.000000,True,0.200000,10.000000,20.000000,30.000000,0.000000,0.075000,0.075000,0,0.300000,0.075000,0.300000,0.075000,0.300000,0.959166,0.959166,0.150000,0.000000,0.000603,0.000075,0.000603,0.000075,0.010050,0.010050
2025-08-27 21:45:00,0.076000,0.304000,idle,0.000000,0,0.000000,0,0.000000,True,0.200000,10.000000,20.000000,30.000000,0.000000,0.076000,0.076000,0,0.304000,0.076000,0.304000,0.076000,0.304000,0.959166,0.959166,0.150000,0.000000,0.000611,0.000076,0.000611,0.000076,0.010184,0.010184
2025-08-27 22:00:00,0.105000,0.420000,idle,0.000000,0,0.000000,0,0.000000,True,0.200000,10.000000,20.000000,30.000000,0.000000,0.105000,0.105000,0,0.420000,0.105000,0.420000,0.105000,0.420000,0.959166,0.959166,0.150000,0.000000,0.000844,0.000105,0.000844,0.000105,0.014070,0.014070
2025-08-27 22:15:00,0.103000,0.412000,idle,0.000000,0,0.000000,0,0.000000,True,0.200000,10.000000,20.000000,30.000000,0.000000,0.103000,0.103000,0,0.412000,0.103000,0.412000,0.103000,0.412000,0.959166,0.959166,0.150000,0.000000,0.000828,0.000103,0.000828,0.000103,0.013802,0.013802
2025-08-27 22:30:00,0.113000,0.452000,idle,0.000000,0,0.000000,0,0.000000,True,0.200000,10.000000,20.000000,30.000000,0.000000,0.113000,0.113000,0,0.452000,0.113000,0.452000,0.113000,0.452000,0.959166,0.959166,0.150000,0.000000,0.000909,0.000113,0.000909,0.000113,0.015142,0.015142
2025-08-27 22:45:00,0.138000,0.552000,idle,0.000000,0,0.000000,0,0.000000,True,0.200000,10.000000,20.000000,30.000000,0.000000,0.138000,0.138000,0,0.552000,0.138000,0.552000,0.138000,0.552000,0.959166,0.959166,0.150000,0.000000,0.001110,0.000138,0.001110,0.000138,0.018492,0.018492
2025-08-27 23:00:00,0.109000,0.436000,idle,0.000000,0,0.000000,0,0.000000,True,0.200000,10.000000,20.000000,30.000000,0.000000,0.109000,0.109000,0,0.436000,0.109000,0.436000,0.109000,0.436000,0.959166,0.959166,0.150000,0.000000,0.000876,0.000109,0.000876,0.000109,0.014606,0.014606
2025-08-27 23:15:00,0.008000,0.032000,idle,0.000000,0,0.000000,0,0.000000,True,0.200000,10.000000,20.000000,30.000000,0.000000,0.008000,0.008000,0,0.032000,0.008000,0.032000,0.008000,0.032000,0.959166,0.959166,0.150000,0.000000,0.000064,0.000008,0.000064,0.000008,0.001072,0.001072
2025-08-27 23:30:00,0.013000,0.052000,idle,0.000000,0,0.000000,0,0.000000,True,0.200000,10.000000,20.000000,30.000000,0.000000,0.013000,0.013000,0,0.052000,0.013000,0.052000,0.013000,0.052000,0.959166,0.959166,0.150000,0.000000,0.000105,0.000013,0.000105,0.000013,0.001742,0.001742
2025-08-27 23:45:00,0.032000,0.128000,idle,0.000000,0,0.000000,0,0.000000,True,0.200000,10.000000,20.000000,30.000000,0.000000,0.032000,0.032000,0,0.128000,0.032000,0.128000,0.032000,0.128000,0.959166,0.959166,0.150000,0.000000,0.000257,0.000032,0.000257,0.000032,0.004288,0.004288
2025-08-28 00:00:00,0.008000,0.032000,idle,0.000000,0,0.000000,0,0.000000,True,0.200000,10.000000,20.000000,30.000000,0.000000,0.008000,0.008000,0,0.032000,0.008000,0.032000,0.008000,0.032000,0.959166,0.959166,0.150000,0.000000,0.000064,0.000008,0.000064,0.000008,0.001072,0.001072
2025-08-28 00:15:00,0.009000,0.036000,idle,0.000000,0,0.000000,0,0.000000,True,0.200000,10.000000,20.000000,30.000000,0.000000,0.009000,0.009000,0,0.036000,0.009000,0.036000,0.009000,0.036000,0.959166,0.959166,0.150000,0.000000,0.000072,0.000009,0.000072,0.000009,0.001206,0.001206
2025-08-28 00:30:00,0.032000,0.128000,idle,0.000000,0,0.000000,0,0.000000,True,0.200000,10.000000,20.000000,30.000000,0.000000,0.032000,0.032000,0,0.128000,0.032000,0.128000,0.032000,0.128000,0.959166,0.959166,0.150000,0.000000,0.000257,0.000032,0.000257,0.000032,0.004288,0.004288
2025-08-28 00:45:00,0.015000,0.060000,idle,0.000000,0,0.000000,0,0.000000,True,0.200000,10.000000,20.000000,30.000000,0.000000,0.015000,0.015000,0,0.060000,0.015000,0.060000,0.015000,0.060000,0.959166,0.959166,0.150000,0.000000,0.000121,0.000015,0.000121,0.000015,0.002010,0.002010
2025-08-28 01:00:00,0.007000,0.028000,idle,0.000000,0,0.000000,0,0.000000,True,0.200000,10.000000,20.000000,30.000000,0.000000,0.007000,0.007000,0,0.028000,0.007000,0.028000,0.007000,0.028000,0.959166,0.959166,0.150000,0.000000,0.000056,0.000007,0.000056,0.000007,0.000938,0.000938
2025-08-28 01:15:00,0.023000,0.092000,idle,0.000000,0,0.000000,0,0.000000,True,0.200000,10.000000,20.000000,30.000000,0.000000,0.023000,0.023000,0,0.092000,0.023000,0.092000,0.023000,0.092000,0.959166,0.959166,0.150000,0.000000,0.000185,0.000023,0.000185,0.000023,0.003082,0.003082
2025-08-28 01:30:00,0.023000,0.092000,idle,0.000000,0,0.000000,0,0.000000,True,0.200000,10.000000,20.000000,30.000000,0.000000,0.023000,0.023000,0,0.092000,0.023000,0.092000,0.023000,0.092000,0.959166,0.959166,0.150000,0.000000,0.000185,0.000023,0.000185,0.000023,0.003082,0.003082
2025-08-28 01:45:00,0.008000,0.032000,idle,0.000000,0,0.000000,0,0.000000,True,0.200000,10.000000,20.000000,30.000000,0.000000,0.008000,0.008000,0,0.032000,0.008000,0.032000,0.008000,0.032000,0.959166,0.959166,0.150000,0.000000,0.000064,0.000008,0.000064,0.000008,0.001072,0.001072
2025-08-28 02:00:00,0.017000,0.068000,idle,0.000000,0,0.000000,0,0.000000,True,0.200000,10.000000,20.000000,30.000000,0.000000,0.017000,0.017000,0,0.068000,0.017000,0.068000,0.017000,0.068000,0.959166,0.959166,0.150000,0.000000,0.000137,0.000017,0.000137,0.000017,0.002278,0.002278
2025-08-28 02:15:00,0.045000,0.180000,idle,0.000000,0,0.000000,0,0.000000,True,0.200000,10.000000,20.000000,30.000000,0.000000,0.045000,0.045000,0,0.180000,0.045000,0.180000,0.045000,0.180000,0.959166,0.959166,0.150000,0.000000,0.000362,0.000045,0.000362,0.000045,0.006030,0.006030
2025-08-28 02:30:00,0.020000,0.080000,idle,0.000000,0,0.000000,0,0.000000,True,0.200000,10.000000,20.000000,30.000000,0.000000,0.020000,0.020000,0,0.080000,0.020000,0.080000,0.020000,0.080000,0.959166,0.959166,0.150000,0.000000,0.000161,0.000020,0.000161,0.000020,0.002680,0.002680
2025-08-28 02:45:00,0.020000,0.080000,idle,0.000000,0,0.000000,0,0.000000,True,0.200000,10.000000,20.000000,30.000000,0.000000,0.020000,0.020000,0,0.080000,0.020000,0.080000,0.020000,0.080000,0.959166,0.959166,0.150000,0.000000,0.000161,0.000020,0.000161,0.000020,0.002680,0.002680
2025-08-28 03:00:00,0.045000,0.180000,idle,0.000000,0,0.000000,0,0.000000,True,0.200000,10.000000,20.000000,30.000000,0.000000,0.045000,0.045000,0,0.180000,0.045000,0.180000,0.045000,0.180000,0.959166,0.959166,0.150000,0.000000,0.000362,0.000045,0.000362,0.000045,0.006030,0.006030
2025-08-28 03:15:00,0.025000,0.100000,idle,0.000000,0,0.000000,0,0.000000,True,0.200000,10.000000,20.000000,30.000000,0.000000,0.025000,0.025000,0,0.100000,0.025000,0.100000,0.025000,0.100000,0.959166,0.959166,0.150000,0.000000,0.000201,0.000025,0.000201,0.000025,0.003350,0.003350
2025-08-28 03:30:00,0.022000,0.088000,idle,0.000000,0,0.000000,0,0.000000,True,0.200000,10.000000,20.000000,30.000000,0.000000,0.022000,0.022000,0,0.088000,0.022000,0.088000,0.022000,0.088000,0.959166,0.959166,0.150000,0.000000,0.000177,0.000022,0.000177,0.000022,0.002948,0.002948
2025-08-28 03:45:00,0.053000,0.212000,idle,0.000000,0,0.000000,0,0.000000,True,0.200000,10.000000,20.000000,30.000000,0.000000,0.053000,0.053000,0,0.212000,0.053000,0.212000,0.053000,0.212000,0.959166,0.959166,0.150000,0.000000,0.000426,0.000053,0.000426,0.000053,0.007102,0.007102
2025-08-28 04:00:00,0.049000,0.196000,idle,0.000000,0,0.000000,0,0.000000,True,0.200000,10.000000,20.000000,30.000000,0.000000,0.049000,0.049000,0,0.196000,0.049000,0.196000,0.049000,0.196000,0.959166,0.959166,0.150000,0.000000,0.000394,0.000049,0.000394,0.000049,0.006566,0.006566
2025-08-28 04:15:00,0.035000,0.140000,idle,0.000000,0,0.000000,0,0.000000,True,0.200000,10.000000,20.000000,30.000000,0.000000,0.035000,0.035000,0,0.140000,0.035000,0.140000,0.035000,0.140000,0.959166,0.959166,0.150000,0.000000,0.000281,0.000035,0.000281,0.000035,0.004690,0.004690
2025-08-28 04:30:00,0.046000,0.184000,idle,0.000000,0,0.000000,0,0.000000,True,0.200000,10.000000,20.000000,30.000000,0.000000,0.046000,0.046000,0,0.184000,0.046000,0.184000,0.046000,0.184000,0.959166,0.959166,0.150000,0.000000,0.000370,0.000046,0.000370,0.000046,0.006164,0.006164
2025-08-28 04:45:00,0.058000,0.232000,idle,0.000000,0,0.000000,0,0.000000,True,0.200000,10.000000,20.000000,30.000000,0.000000,0.058000,0.058000,0,0.232000,0.058000,0.232000,0.058000,0.232000,0.959166,0.959166,0.150000,0.000000,0.000466,0.000058,0.000466,0.000058,0.007772,0.007772
2025-08-28 05:00:00,0.035000,0.140000,idle,0.000000,0,0.000000,0,0.000000,True,0.200000,10.000000,20.000000,30.000000,0.000000,0.035000,0.035000,0,0.140000,0.035000,0.140000,0.035000,0.140000,0.959166,0.959166,0.150000,0.000000,0.000281,0.000035,0.000281,0.000035,0.004690,0.004690
2025-08-28 05:15:00,0.034000,0.136000,idle,0.000000,0,0.000000,0,0.000000,True,0.200000,10.000000,20.000000,30.000000,0.000000,0.034000,0.034000,0,0.136000,0.034000,0.136000,0.034000,0.136000,0.959166,0.959166,0.150000,0.000000,0.000273,0.000034,0.000273,0.000034,0.004556,0.004556
2025-08-28 05:30:00,0.060000,0.240000,idle,0.000000,0,0.000000,0,0.000000,True,0.200000,10.000000,20.000000,30.000000,0.000000,0.060000,0.060000,0,0.240000,0.060000,0.240000,0.060000,0.240000,0.959166,0.959166,0.150000,0.000000,0.000482,0.000060,0.000482,0.000060,0.008040,0.008040
2025-08-28 05:45:00,0.036000,0.144000,idle,0.000000,0,0.000000,0,0.000000,True,0.200000,10.000000,20.000000,30.000000,0.000000,0.036000,0.036000,0,0.144000,0.036000,0.144000,0.036000,0.144000,0.959166,0.959166,0.150000,0.000000,0.000289,0.000036,0.000289,0.000036,0.004824,0.004824
2025-08-28 06:00:00,0.031000,0.124000,idle,0.000000,0,0.000000,0,0.000000,True,0.200000,10.000000,20.000000,30.000000,0.000000,0.031000,0.031000,0,0.124000,0.031000,0.124000,0.031000,0.124000,0.959166,0.959166,0.150000,0.000000,0.000249,0.000031,0.000249,0.000031,0.004154,0.004154
2025-08-28 06:15:00,0.050000,0.200000,idle,0.000000,0,0.000000,0,0.000000,True,0.200000,10.000000,20.000000,30.000000,0.000000,0.050000,0.050000,0,0.200000,0.050000,0.200000,0.050000,0.200000,0.959166,0.959166,0.150000,0.000000,0.000402,0.000050,0.000402,0.000050,0.006700,0.006700
2025-08-28 06:30:00,0.042000,0.168000,idle,0.000000,0,0.000000,0,0.000000,True,0.200000,10.000000,20.000000,30.000000,0.000000,0.042000,0.042000,0,0.168000,0.042000,0.168000,0.042000,0.168000,0.959166,0.959166,0.150000,0.000000,0.000338,0.000042,0.000338,0.000042,0.005628,0.005628
2025-08-28 06:45:00,0.034000,0.136000,idle,0.000000,0,0.000000,0,0.000000,True,0.200000,10.000000,20.000000,30.000000,0.000000,0.034000,0.034000,0,0.136000,0.034000,0.136000,0.034000,0.136000,0.959166,0.959166,0.150000,0.000000,0.000273,0.000034,0.000273,0.000034,0.004556,0.004556
2025-08-28 07:00:00,0.047000,0.188000,idle,0.000000,0,0.000000,0,0.000000,True,0.200000,10.000000,20.000000,30.000000,0.000000,0.047000,0.047000,0,0.188000,0.047000,0.188000,0.047000,0.188000,0.959166,0.959166,0.150000,0.000000,0.000378,0.000047,0.000378,0.000047,0.006298,0.006298
2025-08-28 07:15:00,0.055000,0.220000,idle,0.000000,0,0.000000,0,0.000000,True,0.200000,10.000000,20.000000,30.000000,0.000000,0.055000,0.055000,0,0.220000,0.055000,0.220000,0.055000,0.220000,0.959166,0.959166,0.150000,0.000000,0.000442,0.000055,0.000442,0.000055,0.007370,0.007370
2025-08-28 07:30:00,0.036000,0.144000,idle,0.000000,0,0.000000,0,0.000000,True,0.200000,10.000000,20.000000,30.000000,0.000000,0.036000,0.036000,0,0.144000,0.036000,0.144000,0.036000,0.144000,0.959166,0.959166,0.150000,0.000000,0.000289,0.000036,0.000289,0.000036,0.004824,0.004824
2025-08-28 07:45:00,0.038000,0.152000,idle,0.000000,0,0.000000,0,0.000000,True,0.200000,10.000000,20.000000,30.000000,0.000000,0.038000,0.038000,0,0.152000,0.038000,0.152000,0.038000,0.152000,0.959166,0.959166,0.150000,0.000000,0.000306,0.000038,0.000306,0.000038,0.005092,0.005092
2025-08-28 08:00:00,0.057000,0.228000,idle,0.000000,0,0.000000,0,0.000000,True,0.200000,10.000000,20.000000,30.000000,0.000000,0.057000,0.057000,0,0.228000,0.057000,0.228000,0.057000,0.228000,0.959166,0.959166,0.150000,0.000000,0.000458,0.000057,0.000458,0.000057,0.007638,0.007638
2025-08-28 08:15:00,0.033000,0.132000,idle,0.000000,0,0.000000,0,0.000000,True,0.200000,10.000000,20.000000,30.000000,0.000000,0.033000,0.033000,0,0.132000,0.033000,0.132000,0.033000,0.132000,0.959166,0.959166,0.150000,0.000000,0.000265,0.000033,0.000265,0.000033,0.004422,0.004422
2025-08-28 08:30:00,0.031000,0.124000,idle,0.000000,0,0.000000,0,0.000000,True,0.200000,10.000000,20.000000,30.000000,0.000000,0.031000,0.031000,0,0.124000,0.031000,0.124000,0.031000,0.124000,0.959166,0.959166,0.150000,0.000000,0.000249,0.000031,0.000249,0.000031,0.004154,0.004154
2025-08-28 08:45:00,0.051000,0.204000,idle,0.000000,0,0.000000,0,0.000000,True,0.200000,10.000000,20.000000,30.000000,0.000000,0.051000,0.051000,0,0.204000,0.051000,0.204000,0.051000,0.204000,0.959166,0.959166,0.150000,0.000000,0.000410,0.000051,0.000410,0.000051,0.006834,0.006834
2025-08-28 09:00:00,0.043000,0.172000,idle,0.000000,0,0.000000,0,0.000000,True,0.200000,10.000000,20.000000,30.000000,0.000000,0.043000,0.043000,0,0.172000,0.043000,0.172000,0.043000,0.172000,0.959166,0.959166,0.150000,0.000000,0.000346,0.000043,0.000346,0.000043,0.005762,0.005762
2025-08-28 09:15:00,0.032000,0.128000,idle,0.000000,0,0.000000,0,0.000000,True,0.200000,10.000000,20.000000,30.000000,0.000000,0.032000,0.032000,0,0.128000,0.032000,0.128000,0.032000,0.128000,0.959166,0.959166,0.150000,0.000000,0.000257,0.000032,0.000257,0.000032,0.004288,0.004288
2025-08-28 09:30:00,0.054000,0.216000,idle,0.000000,0,0.000000,0,0.000000,True,0.200000,10.000000,20.000000,30.000000,0.000000,0.054000,0.054000,0,0.216000,0.054000,0.216000,0.054000,0.216000,0.959166,0.959166,0.150000,0.000000,0.000434,0.000054,0.000434,0.000054,0.007236,0.007236
2025-08-28 09:45:00,0.056000,0.224000,idle,0.000000,0,0.000000,0,0.000000,True,0.200000,10.000000,20.000000,30.000000,0.000000,0.056000,0.056000,0,0.224000,0.056000,0.224000,0.056000,0.224000,0.959166,0.959166,0.150000,0.000000,0.000450,0.000056,0.000450,0.000056,0.007504,0.007504
2025-08-28 10:00:00,0.006000,0.024000,idle,0.000000,0,0.000000,0,0.000000,True,0.200000,10.000000,20.000000,30.000000,0.000000,0.006000,0.006000,0,0.024000,0.006000,0.024000,0.006000,0.024000,0.959166,0.959166,0.150000,0.000000,0.000048,0.000006,0.000048,0.000006,0.000804,0.000804
2025-08-28 10:15:00,0.036000,0.144000,idle,0.000000,0,0.000000,0,0.000000,True,0.200000,10.000000,20.000000,30.000000,0.000000,0.036000,0.036000,0,0.144000,0.036000,0.144000,0.036000,0.144000,0.959166,0.959166,0.150000,0.000000,0.000289,0.000036,0.000289,0.000036,0.004824,0.004824
2025-08-28 10:30:00,0.063000,0.252000,idle,0.000000,0,0.000000,0,0.000000,True,0.200000,10.000000,20.000000,30.000000,0.000000,0.063000,0.063000,0,0.252000,0.063000,0.252000,0.063000,0.252000,0.959166,0.959166,0.150000,0.000000,0.000507,0.000063,0.000507,0.000063,0.008442,0.008442
2025-08-28 10:45:00,0.039000,0.156000,idle,0.000000,0,0.000000,0,0.000000,True,0.200000,10.000000,20.000000,30.000000,0.000000,0.039000,0.039000,0,0.156000,0.039000,0.156000,0.039000,0.156000,0.959166,0.959166,0.150000,0.000000,0.000314,0.000039,0.000314,0.000039,0.005226,0.005226
2025-08-28 11:00:00,0.032000,0.128000,idle,0.000000,0,0.000000,0,0.000000,True,0.200000,10.000000,20.000000,30.000000,0.000000,0.032000,0.032000,0,0.128000,0.032000,0.128000,0.032000,0.128000,0.959166,0.959166,0.150000,0.000000,0.000257,0.000032,0.000257,0.000032,0.004288,0.004288
2025-08-28 11:15:00,0.052000,0.208000,idle,0.000000,0,0.000000,0,0.000000,True,0.200000,10.000000,20.000000,30.000000,0.000000,0.052000,0.052000,0,0.208000,0.052000,0.208000,0.052000,0.208000,0.959166,0.959166,0.150000,0.000000,0.000418,0.000052,0.000418,0.000052,0.006968,0.006968
2025-08-28 11:30:00,0.046000,0.184000,idle,0.000000,0,0.000000,0,0.000000,True,0.200000,10.000000,20.000000,30.000000,0.000000,0.046000,0.046000,0,0.184000,0.046000,0.184000,0.046000,0.184000,0.959166,0.959166,0.150000,0.000000,0.000370,0.000046,0.000370,0.000046,0.006164,0.006164
2025-08-28 11:45:00,0.033000,0.132000,idle,0.000000,0,0.000000,0,0.000000,True,0.200000,10.000000,20.000000,30.000000,0.000000,0.033000,0.033000,0,0.132000,0.033000,0.132000,0.033000,0.132000,0.959166,0.959166,0.150000,0.000000,0.000265,0.000033,0.000265,0.000033,0.004422,0.004422
2025-08-28 12:00:00,0.042000,0.168000,idle,0.000000,0,0.000000,0,0.000000,True,0.200000,10.000000,20.000000,30.000000,0.000000,0.042000,0.042000,0,0.168000,0.042000,0.168000,0.042000,0.168000,0.959166,0.959166,0.150000,0.000000,0.000338,0.000042,0.000338,0.000042,0.005628,0.005628
2025-08-28 12:15:00,0.052000,0.208000,idle,0.000000,0,0.000000,0,0.000000,True,0.200000,10.000000,20.000000,30.000000,0.000000,0.052000,0.052000,0,0.208000,0.052000,0.208000,0.052000,0.208000,0.959166,0.959166,0.150000,0.000000,0.000418,0.000052,0.000418,0.000052,0.006968,0.006968
2025-08-28 12:30:00,0.008000,0.032000,idle,0.000000,0,0.000000,0,0.000000,True,0.200000,10.000000,20.000000,30.000000,0.000000,0.008000,0.008000,0,0.032000,0.008000,0.032000,0.008000,0.032000,0.959166,0.959166,0.150000,0.000000,0.000064,0.000008,0.000064,0.000008,0.001072,0.001072
2025-08-28 12:45:00,0.017000,0.068000,idle,0.000000,0,0.000000,0,0.000000,True,0.200000,10.000000,20.000000,30.000000,0.000000,0.017000,0.017000,0,0.068000,0.017000,0.068000,0.017000,0.068000,0.959166,0.959166,0.150000,0.000000,0.000137,0.000017,0.000137,0.000017,0.002278,0.002278
2025-08-28 13:00:00,0.033000,0.132000,idle,0.000000,0,0.000000,0,0.000000,True,0.200000,10.000000,20.000000,30.000000,0.000000,0.033000,0.033000,0,0.132000,0.033000,0.132000,0.033000,0.132000,0.959166,0.959166,0.150000,0.000000,0.000265,0.000033,0.000265,0.000033,0.004422,0.004422
2025-08-28 13:15:00,0.007000,0.028000,idle,0.000000,0,0.000000,0,0.000000,True,0.200000,10.000000,20.000000,30.000000,0.000000,0.007000,0.007000,0,0.028000,0.007000,0.028000,0.007000,0.028000,0.959166,0.959166,0.150000,0.000000,0.000056,0.000007,0.000056,0.000007,0.000938,0.000938
2025-08-28 13:30:00,0.015000,0.060000,idle,0.000000,0,0.000000,0,0.000000,True,0.200000,10.000000,20.000000,30.000000,0.000000,0.015000,0.015000,0,0.060000,0.015000,0.060000,0.015000,0.060000,0.959166,0.959166,0.150000,0.000000,0.000121,0.000015,0.000121,0.000015,0.002010,0.002010
2025-08-28 13:45:00,0.035000,0.140000,idle,0.000000,0,0.000000,0,0.000000,True,0.200000,10.000000,20.000000,30.000000,0.000000,0.035000,0.035000,0,0.140000,0.035000,0.140000,0.035000,0.140000,0.959166,0.959166,0.150000,0.000000,0.000281,0.000035,0.000281,0.000035,0.004690,0.004690
2025-08-28 14:00:00,0.009000,0.036000,idle,0.000000,0,0.000000,0,0.000000,True,0.200000,10.000000,20.000000,30.000000,0.000000,0.009000,0.009000,0,0.036000,0.009000,0.036000,0.009000,0.036000,0.959166,0.959166,0.150000,0.000000,0.000072,0.000009,0.000072,0.000009,0.001206,0.001206
2025-08-28 14:15:00,0.012000,0.048000,idle,0.000000,0,0.000000,0,0.000000,True,0.200000,10.000000,20.000000,30.000000,0.000000,0.012000,0.012000,0,0.048000,0.012000,0.048000,0.012000,0.048000,0.959166,0.959166,0.150000,0.000000,0.000096,0.000012,0.000096,0.000012,0.001608,0.001608
2025-08-28 14:30:00,0.034000,0.136000,idle,0.000000,0,0.000000,0,0.000000,True,0.200000,10.000000,20.000000,30.000000,0.000000,0.034000,0.034000,0,0.136000,0.034000,0.136000,0.034000,0.136000,0.959166,0.959166,0.150000,0.000000,0.000273,0.000034,0.000273,0.000034,0.004556,0.004556
2025-08-28 14:45:00,0.013000,0.052000,idle,0.000000,0,0.000000,0,0.000000,True,0.200000,10.000000,20.000000,30.000000,0.000000,0.013000,0.013000,0,0.052000,0.013000,0.052000,0.013000,0.052000,0.959166,0.959166,0.150000,0.000000,0.000105,0.000013,0.000105,0.000013,0.001742,0.001742
2025-08-28 15:00:00,0.008000,0.032000,idle,0.000000,0,0.000000,0,0.000000,True,0.200000,10.000000,20.000000,30.000000,0.000000,0.008000,0.008000,0,0.032000,0.008000,0.032000,0.008000,0.032000,0.959166,0.959166,0.150000,0.000000,0.000064,0.000008,0.000064,0.000008,0.001072,0.001072
2025-08-28 15:15:00,0.034000,0.136000,idle,0.000000,0,0.000000,0,0.000000,True,0.200000,10.000000,20.000000,30.000000,0.000000,0.034000,0.034000,0,0.136000,0.034000,0.136000,0.034000,0.136000,0.959166,0.959166,0.150000,0.000000,0.000273,0.000034,0.000273,0.000034,0.004556,0.004556
2025-08-28 15:30:00,0.016000,0.064000,idle,0.000000,0,0.000000,0,0.000000,True,0.200000,10.000000,20.000000,30.000000,0.000000,0.016000,0.016000,0,0.064000,0.016000,0.064000,0.016000,0.064000,0.959166,0.959166,0.150000,0.000000,0.000129,0.000016,0.000129,0.000016,0.002144,0.002144
2025-08-28 15:45:00,0.009000,0.036000,idle,0.000000,0,0.000000,0,0.000000,True,0.200000,10.000000,20.000000,30.000000,0.000000,0.009000,0.009000,0,0.036000,0.009000,0.036000,0.009000,0.036000,0.959166,0.959166,0.150000,0.000000,0.000072,0.000009,0.000072,0.000009,0.001206,0.001206
2025-08-28 16:00:00,0.030000,0.120000,idle,0.000000,0,0.000000,0,0.000000,True,0.200000,10.000000,20.000000,30.000000,0.000000,0.030000,0.030000,0,0.120000,0.030000,0.120000,0.030000,0.120000,0.959166,0.959166,0.150000,0.000000,0.000241,0.000030,0.000241,0.000030,0.004020,0.004020
2025-08-28 16:15:00,0.018000,0.072000,idle,0.000000,0,0.000000,0,0.000000,True,0.200000,10.000000,20.000000,30.000000,0.000000,0.018000,0.018000,0,0.072000,0.018000,0.072000,0.018000,0.072000,0.959166,0.959166,0.150000,0.000000,0.000145,0.000018,0.000145,0.000018,0.002412,0.002412
2025-08-28 16:30:00,0.008000,0.032000,idle,0.000000,0,0.000000,0,0.000000,True,0.200000,10.000000,20.000000,30.000000,0.000000,0.008000,0.008000,0,0.032000,0.008000,0.032000,0.008000,0.032000,0.959166,0.959166,0.150000,0.000000,0.000064,0.000008,0.000064,0.000008,0.001072,0.001072
2025-08-28 16:45:00,0.027000,0.108000,idle,0.000000,0,0.000000,0,0.000000,True,0.200000,10.000000,20.000000,30.000000,0.000000,0.027000,0.027000,0,0.108000,0.027000,0.108000,0.027000,0.108000,0.959166,0.959166,0.150000,0.000000,0.000217,0.000027,0.000217,0.000027,0.003618,0.003618
2025-08-28 17:00:00,0.021000,0.084000,idle,0.000000,0,0.000000,0,0.000000,True,0.200000,10.000000,20.000000,30.000000,0.000000,0.021000,0.021000,0,0.084000,0.021000,0.084000,0.021000,0.084000,0.959166,0.959166,0.150000,0.000000,0.000169,0.000021,0.000169,0.000021,0.002814,0.002814
2025-08-28 17:15:00,0.009000,0.036000,idle,0.000000,0,0.000000,0,0.000000,True,0.200000,10.000000,20.000000,30.000000,0.000000,0.009000,0.009000,0,0.036000,0.009000,0.036000,0.009000,0.036000,0.959166,0.959166,0.150000,0.000000,0.000072,0.000009,0.000072,0.000009,0.001206,0.001206
2025-08-28 17:30:00,0.023000,0.092000,idle,0.000000,0,0.000000,0,0.000000,True,0.200000,10.000000,20.000000,30.000000,0.000000,0.023000,0.023000,0,0.092000,0.023000,0.092000,0.023000,0.092000,0.959166,0.959166,0.150000,0.000000,0.000185,0.000023,0.000185,0.000023,0.003082,0.003082
2025-08-28 17:45:00,0.023000,0.092000,idle,0.000000,0,0.000000,0,0.000000,True,0.200000,10.000000,20.000000,30.000000,0.000000,0.023000,0.023000,0,0.092000,0.023000,0.092000,0.023000,0.092000,0.959166,0.959166,0.150000,0.000000,0.000185,0.000023,0.000185,0.000023,0.003082,0.003082
2025-08-28 18:00:00,0.008000,0.032000,idle,0.000000,0,0.000000,0,0.000000,True,0.200000,10.000000,20.000000,30.000000,0.000000,0.008000,0.008000,0,0.032000,0.008000,0.032000,0.008000,0.032000,0.959166,0.959166,0.150000,0.000000,0.000064,0.000008,0.000064,0.000008,0.001072,0.001072
2025-08-28 18:15:00,0.019000,0.076000,idle,0.000000,0,0.000000,0,0.000000,True,0.200000,10.000000,20.000000,30.000000,0.000000,0.019000,0.019000,0,0.076000,0.019000,0.076000,0.019000,0.076000,0.959166,0.959166,0.150000,0.000000,0.000153,0.000019,0.000153,0.000019,0.002546,0.002546
2025-08-28 18:30:00,0.028000,0.112000,idle,0.000000,0,0.000000,0,0.000000,True,0.200000,10.000000,20.000000,30.000000,0.000000,0.028000,0.028000,0,0.112000,0.028000,0.112000,0.028000,0.112000,0.959166,0.959166,0.150000,0.000000,0.000225,0.000028,0.000225,0.000028,0.003752,0.003752
2025-08-28 18:45:00,0.020000,0.080000,idle,0.000000,0,0.000000,0,0.000000,True,0.200000,10.000000,20.000000,30.000000,0.000000,0.020000,0.020000,0,0.080000,0.020000,0.080000,0.020000,0.080000,0.959166,0.959166,0.150000,0.000000,0.000161,0.000020,0.000161,0.000020,0.002680,0.002680
2025-08-28 19:00:00,0.080000,0.320000,idle,0.000000,0,0.000000,0,0.000000,True,0.200000,10.000000,20.000000,30.000000,0.000000,0.080000,0.080000,0,0.320000,0.080000,0.320000,0.080000,0.320000,0.959166,0.959166,0.150000,0.000000,0.000643,0.000080,0.000643,0.000080,0.010720,0.010720
2025-08-28 19:15:00,0.080000,0.320000,idle,0.000000,0,0.000000,0,0.000000,True,0.200000,10.000000,20.000000,30.000000,0.000000,0.080000,0.080000,0,0.320000,0.080000,0.320000,0.080000,0.320000,0.959166,0.959166,0.150000,0.000000,0.000643,0.000080,0.000643,0.000080,0.010720,0.010720
2025-08-28 19:30:00,0.020000,0.080000,idle,0.000000,0,0.000000,0,0.000000,True,0.200000,10.000000,20.000000,30.000000,0.000000,0.020000,0.020000,0,0.080000,0.020000,0.080000,0.020000,0.080000,0.959166,0.959166,0.150000,0.000000,0.000161,0.000020,0.000161,0.000020,0.002680,0.002680
2025-08-28 19:45:00,0.006000,0.024000,idle,0.000000,0,0.000000,0,0.000000,True,0.200000,10.000000,20.000000,30.000000,0.000000,0.006000,0.006000,0,0.024000,0.006000,0.024000,0.006000,0.024000,0.959166,0.959166,0.150000,0.000000,0.000048,0.000006,0.000048,0.000006,0.000804,0.000804
2025-08-28 20:00:00,0.033000,0.132000,idle,0.000000,0,0.000000,0,0.000000,True,0.200000,10.000000,20.000000,30.000000,0.000000,0.033000,0.033000,0,0.132000,0.033000,0.132000,0.033000,0.132000,0.959166,0.959166,0.150000,0.000000,0.000265,0.000033,0.000265,0.000033,0.004422,0.004422
2025-08-28 20:15:00,0.012000,0.048000,idle,0.000000,0,0.000000,0,0.000000,True,0.200000,10.000000,20.000000,30.000000,0.000000,0.012000,0.012000,0,0.048000,0.012000,0.048000,0.012000,0.048000,0.959166,0.959166,0.150000,0.000000,0.000096,0.000012,0.000096,0.000012,0.001608,0.001608
2025-08-28 20:30:00,0.006000,0.024000,idle,0.000000,0,0.000000,0,0.000000,True,0.200000,10.000000,20.000000,30.000000,0.000000,0.006000,0.006000,0,0.024000,0.006000,0.024000,0.006000,0.024000,0.959166,0.959166,0.150000,0.000000,0.000048,0.000006,0.000048,0.000006,0.000804,0.000804
2025-08-28 20:45:00,0.027000,0.108000,idle,0.000000,0,0.000000,0,0.000000,True,0.200000,10.000000,20.000000,30.000000,0.000000,0.027000,0.027000,0,0.108000,0.027000,0.108000,0.027000,0.108000,0.959166,0.959166,0.150000,0.000000,0.000217,0.000027,0.000217,0.000027,0.003618,0.003618
2025-08-28 21:00:00,0.018000,0.072000,idle,0.000000,0,0.000000,0,0.000000,True,0.200000,10.000000,20.000000,30.000000,0.000000,0.018000,0.018000,0,0.072000,0.018000,0.072000,0.018000,0.072000,0.959166,0.959166,0.150000,0.000000,0.000145,0.000018,0.000145,0.000018,0.002412,0.002412
2025-08-28 21:15:00,0.006000,0.024000,idle,0.000000,0,0.000000,0,0.000000,True,0.200000,10.000000,20.000000,30.000000,0.000000,0.006000,0.006000,0,0.024000,0.006000,0.024000,0.006000,0.024000,0.959166,0.959166,0.150000,0.000000,0.000048,0.000006,0.000048,0.000006,0.000804,0.000804
2025-08-28 21:30:00,0.021000,0.084000,idle,0.000000,0,0.000000,0,0.000000,True,0.200000,10.000000,20.000000,30.000000,0.000000,0.021000,0.021000,0,0.084000,0.021000,0.084000,0.021000,0.084000,0.959166,0.959166,0.150000,0.000000,0.000169,0.000021,0.000169,0.000021,0.002814,0.002814
2025-08-28 21:45:00,0.024000,0.096000,idle,0.000000,0,0.000000,0,0.000000,True,0.200000,10.000000,20.000000,30.000000,0.000000,0.024000,0.024000,0,0.096000,0.024000,0.096000,0.024000,0.096000,0.959166,0.959166,0.150000,0.000000,0.000193,0.000024,0.000193,0.000024,0.003216,0.003216
2025-08-28 22:00:00,0.007000,0.028000,idle,0.000000,0,0.000000,0,0.000000,True,0.200000,10.000000,20.000000,30.000000,0.000000,0.007000,0.007000,0,0.028000,0.007000,0.028000,0.007000,0.028000,0.959166,0.959166,0.150000,0.000000,0.000056,0.000007,0.000056,0.000007,0.000938,0.000938
2025-08-28 22:15:00,0.013000,0.052000,idle,0.000000,0,0.000000,0,0.000000,True,0.200000,10.000000,20.000000,30.000000,0.000000,0.013000,0.013000,0,0.052000,0.013000,0.052000,0.013000,0.052000,0.959166,0.959166,0.150000,0.000000,0.000105,0.000013,0.000105,0.000013,0.001742,0.001742
2025-08-28 22:30:00,0.031000,0.124000,idle,0.000000,0,0.000000,0,0.000000,True,0.200000,10.000000,20.000000,30.000000,0.000000,0.031000,0.031000,0,0.124000,0.031000,0.124000,0.031000,0.124000,0.959166,0.959166,0.150000,0.000000,0.000249,0.000031,0.000249,0.000031,0.004154,0.004154
2025-08-28 22:45:00,0.006000,0.024000,idle,0.000000,0,0.000000,0,0.000000,True,0.200000,10.000000,20.000000,30.000000,0.000000,0.006000,0.006000,0,0.024000,0.006000,0.024000,0.006000,0.024000,0.959166,0.959166,0.150000,0.000000,0.000048,0.000006,0.000048,0.000006,0.000804,0.000804
2025-08-28 23:00:00,0.007000,0.028000,idle,0.000000,0,0.000000,0,0.000000,True,0.200000,10.000000,20.000000,30.000000,0.000000,0.007000,0.007000,0,0.028000,0.007000,0.028000,0.007000,0.028000,0.959166,0.959166,0.150000,0.000000,0.000056,0.000007,0.000056,0.000007,0.000938,0.000938
2025-08-28 23:15:00,0.032000,0.128000,idle,0.000000,0,0.000000,0,0.000000,True,0.200000,10.000000,20.000000,30.000000,0.000000,0.032000,0.032000,0,0.128000,0.032000,0.128000,0.032000,0.128000,0.959166,0.959166,0.150000,0.000000,0.000257,0.000032,0.000257,0.000032,0.004288,0.004288
2025-08-28 23:30:00,0.011000,0.044000,idle,0.000000,0,0.000000,0,0.000000,True,0.200000,10.000000,20.000000,30.000000,0.000000,0.011000,0.011000,0,0.044000,0.011000,0.044000,0.011000,0.044000,0.959166,0.959166,0.150000,0.000000,0.000088,0.000011,0.000088,0.000011,0.001474,0.001474
2025-08-28 23:45:00,0.006000,0.024000,idle,0.000000,0,0.000000,0,0.000000,True,0.200000,10.000000,20.000000,30.000000,0.000000,0.006000,0.006000,0,0.024000,0.006000,0.024000,0.006000,0.024000,0.959166,0.959166,0.150000,0.000000,0.000048,0.000006,0.000048,0.000006,0.000804,0.000804
2025-08-29 00:00:00,0.025000,0.100000,idle,0.000000,0,0.000000,0,0.000000,True,0.200000,10.000000,20.000000,30.000000,0.000000,0.025000,0.025000,0,0.100000,0.025000,0.100000,0.025000,0.100000,0.959166,0.959166,0.150000,0.000000,0.000201,0.000025,0.000201,0.000025,0.003350,0.003350
2025-08-29 00:15:00,0.019000,0.076000,idle,0.000000,0,0.000000,0,0.000000,True,0.200000,10.000000,20.000000,30.000000,0.000000,0.019000,0.019000,0,0.076000,0.019000,0.076000,0.019000,0.076000,0.959166,0.959166,0.150000,0.000000,0.000153,0.000019,0.000153,0.000019,0.002546,0.002546
2025-08-29 00:30:00,0.006000,0.024000,idle,0.000000,0,0.000000,0,0.000000,True,0.200000,10.000000,20.000000,30.000000,0.000000,0.006000,0.006000,0,0.024000,0.006000,0.024000,0.006000,0.024000,0.959166,0.959166,0.150000,0.000000,0.000048,0.000006,0.000048,0.000006,0.000804,0.000804
2025-08-29 00:45:00,0.018000,0.072000,idle,0.000000,0,0.000000,0,0.000000,True,0.200000,10.000000,20.000000,30.000000,0.000000,0.018000,0.018000,0,0.072000,0.018000,0.072000,0.018000,0.072000,0.959166,0.959166,0.150000,0.000000,0.000145,0.000018,0.000145,0.000018,0.002412,0.002412
2025-08-29 01:00:00,0.026000,0.104000,idle,0.000000,0,0.000000,0,0.000000,True,0.200000,10.000000,20.000000,30.000000,0.000000,0.026000,0.026000,0,0.104000,0.026000,0.104000,0.026000,0.104000,0.959166,0.959166,0.150000,0.000000,0.000209,0.000026,0.000209,0.000026,0.003484,0.003484
2025-08-29 01:15:00,0.006000,0.024000,idle,0.000000,0,0.000000,0,0.000000,True,0.200000,10.000000,20.000000,30.000000,0.000000,0.006000,0.006000,0,0.024000,0.006000,0.024000,0.006000,0.024000,0.959166,0.959166,0.150000,0.000000,0.000048,0.000006,0.000048,0.000006,0.000804,0.000804
2025-08-29 01:30:00,0.011000,0.044000,idle,0.000000,0,0.000000,0,0.000000,True,0.200000,10.000000,20.000000,30.000000,0.000000,0.011000,0.011000,0,0.044000,0.011000,0.044000,0.011000,0.044000,0.959166,0.959166,0.150000,0.000000,0.000088,0.000011,0.000088,0.000011,0.001474,0.001474
2025-08-29 01:45:00,0.032000,0.128000,idle,0.000000,0,0.000000,0,0.000000,True,0.200000,10.000000,20.000000,30.000000,0.000000,0.032000,0.032000,0,0.128000,0.032000,0.128000,0.032000,0.128000,0.959166,0.959166,0.150000,0.000000,0.000257,0.000032,0.000257,0.000032,0.004288,0.004288
2025-08-29 02:00:00,0.008000,0.032000,idle,0.000000,0,0.000000,0,0.000000,True,0.200000,10.000000,20.000000,30.000000,0.000000,0.008000,0.008000,0,0.032000,0.008000,0.032000,0.008000,0.032000,0.959166,0.959166,0.150000,0.000000,0.000064,0.000008,0.000064,0.000008,0.001072,0.001072
2025-08-29 02:15:00,0.006000,0.024000,idle,0.000000,0,0.000000,0,0.000000,True,0.200000,10.000000,20.000000,30.000000,0.000000,0.006000,0.006000,0,0.024000,0.006000,0.024000,0.006000,0.024000,0.959166,0.959166,0.150000,0.000000,0.000048,0.000006,0.000048,0.000006,0.000804,0.000804
2025-08-29 02:30:00,0.029000,0.116000,idle,0.000000,0,0.000000,0,0.000000,True,0.200000,10.000000,20.000000,30.000000,0.000000,0.029000,0.029000,0,0.116000,0.029000,0.116000,0.029000,0.116000,0.959166,0.959166,0.150000,0.000000,0.000233,0.000029,0.000233,0.000029,0.003886,0.003886
2025-08-29 02:45:00,0.015000,0.060000,idle,0.000000,0,0.000000,0,0.000000,True,0.200000,10.000000,20.000000,30.000000,0.000000,0.015000,0.015000,0,0.060000,0.015000,0.060000,0.015000,0.060000,0.959166,0.959166,0.150000,0.000000,0.000121,0.000015,0.000121,0.000015,0.002010,0.002010
2025-08-29 03:00:00,0.006000,0.024000,idle,0.000000,0,0.000000,0,0.000000,True,0.200000,10.000000,20.000000,30.000000,0.000000,0.006000,0.006000,0,0.024000,0.006000,0.024000,0.006000,0.024000,0.959166,0.959166,0.150000,0.000000,0.000048,0.000006,0.000048,0.000006,0.000804,0.000804
2025-08-29 03:15:00,0.021000,0.084000,idle,0.000000,0,0.000000,0,0.000000,True,0.200000,10.000000,20.000000,30.000000,0.000000,0.021000,0.021000,0,0.084000,0.021000,0.084000,0.021000,0.084000,0.959166,0.959166,0.150000,0.000000,0.000169,0.000021,0.000169,0.000021,0.002814,0.002814
2025-08-29 03:30:00,0.023000,0.092000,idle,0.000000,0,0.000000,0,0.000000,True,0.200000,10.000000,20.000000,30.000000,0.000000,0.023000,0.023000,0,0.092000,0.023000,0.092000,0.023000,0.092000,0.959166,0.959166,0.150000,0.000000,0.000185,0.000023,0.000185,0.000023,0.003082,0.003082
2025-08-29 03:45:00,0.007000,0.028000,idle,0.000000,0,0.000000,0,0.000000,True,0.200000,10.000000,20.000000,30.000000,0.000000,0.007000,0.007000,0,0.028000,0.007000,0.028000,0.007000,0.028000,0.959166,0.959166,0.150000,0.000000,0.000056,0.000007,0.000056,0.000007,0.000938,0.000938
2025-08-29 04:00:00,0.012000,0.048000,idle,0.000000,0,0.000000,0,0.000000,True,0.200000,10.000000,20.000000,30.000000,0.000000,0.012000,0.012000,0,0.048000,0.012000,0.048000,0.012000,0.048000,0.959166,0.959166,0.150000,0.000000,0.000096,0.000012,0.000096,0.000012,0.001608,0.001608
2025-08-29 04:15:00,0.032000,0.128000,idle,0.000000,0,0.000000,0,0.000000,True,0.200000,10.000000,20.000000,30.000000,0.000000,0.032000,0.032000,0,0.128000,0.032000,0.128000,0.032000,0.128000,0.959166,0.959166,0.150000,0.000000,0.000257,0.000032,0.000257,0.000032,0.004288,0.004288
2025-08-29 04:30:00,0.006000,0.024000,idle,0.000000,0,0.000000,0,0.000000,True,0.200000,10.000000,20.000000,30.000000,0.000000,0.006000,0.006000,0,0.024000,0.006000,0.024000,0.006000,0.024000,0.959166,0.959166,0.150000,0.000000,0.000048,0.000006,0.000048,0.000006,0.000804,0.000804
2025-08-29 04:45:00,0.006000,0.024000,idle,0.000000,0,0.000000,0,0.000000,True,0.200000,10.000000,20.000000,30.000000,0.000000,0.006000,0.006000,0,0.024000,0.006000,0.024000,0.006000,0.024000,0.959166,0.959166,0.150000,0.000000,0.000048,0.000006,0.000048,0.000006,0.000804,0.000804
2025-08-29 05:00:00,0.031000,0.124000,idle,0.000000,0,0.000000,0,0.000000,True,0.200000,10.000000,20.000000,30.000000,0.000000,0.031000,0.031000,0,0.124000,0.031000,0.124000,0.031000,0.124000,0.959166,0.959166,0.150000,0.000000,0.000249,0.000031,0.000249,0.000031,0.004154,0.004154
2025-08-29 05:15:00,0.013000,0.052000,idle,0.000000,0,0.000000,0,0.000000,True,0.200000,10.000000,20.000000,30.000000,0.000000,0.013000,0.013000,0,0.052000,0.013000,0.052000,0.013000,0.052000,0.959166,0.959166,0.150000,0.000000,0.000105,0.000013,0.000105,0.000013,0.001742,0.001742
2025-08-29 05:30:00,0.006000,0.024000,idle,0.000000,0,0.000000,0,0.000000,True,0.200000,10.000000,20.000000,30.000000,0.000000,0.006000,0.006000,0,0.024000,0.006000,0.024000,0.006000,0.024000,0.959166,0.959166,0.150000,0.000000,0.000048,0.000006,0.000048,0.000006,0.000804,0.000804
2025-08-29 05:45:00,0.022000,0.088000,idle,0.000000,0,0.000000,0,0.000000,True,0.200000,10.000000,20.000000,30.000000,0.000000,0.022000,0.022000,0,0.088000,0.022000,0.088000,0.022000,0.088000,0.959166,0.959166,0.150000,0.000000,0.000177,0.000022,0.000177,0.000022,0.002948,0.002948
2025-08-29 06:00:00,0.023000,0.092000,idle,0.000000,0,0.000000,0,0.000000,True,0.200000,10.000000,20.000000,30.000000,0.000000,0.023000,0.023000,0,0.092000,0.023000,0.092000,0.023000,0.092000,0.959166,0.959166,0.150000,0.000000,0.000185,0.000023,0.000185,0.000023,0.003082,0.003082
2025-08-29 06:15:00,0.006000,0.024000,idle,0.000000,0,0.000000,0,0.000000,True,0.200000,10.000000,20.000000,30.000000,0.000000,0.006000,0.006000,0,0.024000,0.006000,0.024000,0.006000,0.024000,0.959166,0.959166,0.150000,0.000000,0.000048,0.000006,0.000048,0.000006,0.000804,0.000804
2025-08-29 06:30:00,0.014000,0.056000,idle,0.000000,0,0.000000,0,0.000000,True,0.200000,10.000000,20.000000,30.000000,0.000000,0.014000,0.014000,0,0.056000,0.014000,0.056000,0.014000,0.056000,0.959166,0.959166,0.150000,0.000000,0.000113,0.000014,0.000113,0.000014,0.001876,0.001876
2025-08-29 06:45:00,0.031000,0.124000,idle,0.000000,0,0.000000,0,0.000000,True,0.200000,10.000000,20.000000,30.000000,0.000000,0.031000,0.031000,0,0.124000,0.031000,0.124000,0.031000,0.124000,0.959166,0.959166,0.150000,0.000000,0.000249,0.000031,0.000249,0.000031,0.004154,0.004154
2025-08-29 07:00:00,0.007000,0.028000,idle,0.000000,0,0.000000,0,0.000000,True,0.200000,10.000000,20.000000,30.000000,0.000000,0.007000,0.007000,0,0.028000,0.007000,0.028000,0.007000,0.028000,0.959166,0.959166,0.150000,0.000000,0.000056,0.000007,0.000056,0.000007,0.000938,0.000938
2025-08-29 07:15:00,0.006000,0.024000,idle,0.000000,0,0.000000,0,0.000000,True,0.200000,10.000000,20.000000,30.000000,0.000000,0.006000,0.006000,0,0.024000,0.006000,0.024000,0.006000,0.024000,0.959166,0.959166,0.150000,0.000000,0.000048,0.000006,0.000048,0.000006,0.000804,0.000804
2025-08-29 07:30:00,0.029000,0.116000,idle,0.000000,0,0.000000,0,0.000000,True,0.200000,10.000000,20.000000,30.000000,0.000000,0.029000,0.029000,0,0.116000,0.029000,0.116000,0.029000,0.116000,0.959166,0.959166,0.150000,0.000000,0.000233,0.000029,0.000233,0.000029,0.003886,0.003886
2025-08-29 07:45:00,0.015000,0.060000,idle,0.000000,0,0.000000,0,0.000000,True,0.200000,10.000000,20.000000,30.000000,0.000000,0.015000,0.015000,0,0.060000,0.015000,0.060000,0.015000,0.060000,0.959166,0.959166,0.150000,0.000000,0.000121,0.000015,0.000121,0.000015,0.002010,0.002010
2025-08-29 08:00:00,0.008000,0.032000,idle,0.000000,0,0.000000,0,0.000000,True,0.200000,10.000000,20.000000,30.000000,0.000000,0.008000,0.008000,0,0.032000,0.008000,0.032000,0.008000,0.032000,0.959166,0.959166,0.150000,0.000000,0.000064,0.000008,0.000064,0.000008,0.001072,0.001072
2025-08-29 08:15:00,0.029000,0.116000,idle,0.000000,0,0.000000,0,0.000000,True,0.200000,10.000000,20.000000,30.000000,0.000000,0.029000,0.029000,0,0.116000,0.029000,0.116000,0.029000,0.116000,0.959166,0.959166,0.150000,0.000000,0.000233,0.000029,0.000233,0.000029,0.003886,0.003886
2025-08-29 08:30:00,0.034000,0.136000,idle,0.000000,0,0.000000,0,0.000000,True,0.200000,10.000000,20.000000,30.000000,0.000000,0.034000,0.034000,0,0.136000,0.034000,0.136000,0.034000,0.136000,0.959166,0.959166,0.150000,0.000000,0.000273,0.000034,0.000273,0.000034,0.004556,0.004556
2025-08-29 08:45:00,0.007000,0.028000,idle,0.000000,0,0.000000,0,0.000000,True,0.200000,10.000000,20.000000,30.000000,0.000000,0.007000,0.007000,0,0.028000,0.007000,0.028000,0.007000,0.028000,0.959166,0.959166,0.150000,0.000000,0.000056,0.000007,0.000056,0.000007,0.000938,0.000938
2025-08-29 09:00:00,0.012000,0.048000,idle,0.000000,0,0.000000,0,0.000000,True,0.200000,10.000000,20.000000,30.000000,0.000000,0.012000,0.012000,0,0.048000,0.012000,0.048000,0.012000,0.048000,0.959166,0.959166,0.150000,0.000000,0.000096,0.000012,0.000096,0.000012,0.001608,0.001608
2025-08-29 09:15:00,0.031000,0.124000,idle,0.000000,0,0.000000,0,0.000000,True,0.200000,10.000000,20.000000,30.000000,0.000000,0.031000,0.031000,0,0.124000,0.031000,0.124000,0.031000,0.124000,0.959166,0.959166,0.150000,0.000000,0.000249,0.000031,0.000249,0.000031,0.004154,0.004154
2025-08-29 09:30:00,0.007000,0.028000,idle,0.000000,0,0.000000,0,0.000000,True,0.200000,10.000000,20.000000,30.000000,0.000000,0.007000,0.007000,0,0.028000,0.007000,0.028000,0.007000,0.028000,0.959166,0.959166,0.150000,0.000000,0.000056,0.000007,0.000056,0.000007,0.000938,0.000938
2025-08-29 09:45:00,0.007000,0.028000,idle,0.000000,0,0.000000,0,0.000000,True,0.200000,10.000000,20.000000,30.000000,0.000000,0.007000,0.007000,0,0.028000,0.007000,0.028000,0.007000,0.028000,0.959166,0.959166,0.150000,0.000000,0.000056,0.000007,0.000056,0.000007,0.000938,0.000938
2025-08-29 10:00:00,0.031000,0.124000,idle,0.000000,0,0.000000,0,0.000000,True,0.200000,10.000000,20.000000,30.000000,0.000000,0.031000,0.031000,0,0.124000,0.031000,0.124000,0.031000,0.124000,0.959166,0.959166,0.150000,0.000000,0.000249,0.000031,0.000249,0.000031,0.004154,0.004154
2025-08-29 10:15:00,0.015000,0.060000,idle,0.000000,0,0.000000,0,0.000000,True,0.200000,10.000000,20.000000,30.000000,0.000000,0.015000,0.015000,0,0.060000,0.015000,0.060000,0.015000,0.060000,0.959166,0.959166,0.150000,0.000000,0.000121,0.000015,0.000121,0.000015,0.002010,0.002010
2025-08-29 10:30:00,0.007000,0.028000,idle,0.000000,0,0.000000,0,0.000000,True,0.200000,10.000000,20.000000,30.000000,0.000000,0.007000,0.007000,0,0.028000,0.007000,0.028000,0.007000,0.028000,0.959166,0.959166,0.150000,0.000000,0.000056,0.000007,0.000056,0.000007,0.000938,0.000938
2025-08-29 10:45:00,0.019000,0.076000,idle,0.000000,0,0.000000,0,0.000000,True,0.200000,10.000000,20.000000,30.000000,0.000000,0.019000,0.019000,0,0.076000,0.019000,0.076000,0.019000,0.076000,0.959166,0.959166,0.150000,0.000000,0.000153,0.000019,0.000153,0.000019,0.002546,0.002546
2025-08-29 11:00:00,0.026000,0.104000,idle,0.000000,0,0.000000,0,0.000000,True,0.200000,10.000000,20.000000,30.000000,0.000000,0.026000,0.026000,0,0.104000,0.026000,0.104000,0.026000,0.104000,0.959166,0.959166,0.150000,0.000000,0.000209,0.000026,0.000209,0.000026,0.003484,0.003484
2025-08-29 11:15:00,0.007000,0.028000,idle,0.000000,0,0.000000,0,0.000000,True,0.200000,10.000000,20.000000,30.000000,0.000000,0.007000,0.007000,0,0.028000,0.007000,0.028000,0.007000,0.028000,0.959166,0.959166,0.150000,0.000000,0.000056,0.000007,0.000056,0.000007,0.000938,0.000938
2025-08-29 11:30:00,0.008000,0.032000,idle,0.000000,0,0.000000,0,0.000000,True,0.200000,10.000000,20.000000,30.000000,0.000000,0.008000,0.008000,0,0.032000,0.008000,0.032000,0.008000,0.032000,0.959166,0.959166,0.150000,0.000000,0.000064,0.000008,0.000064,0.000008,0.001072,0.001072
2025-08-29 11:45:00,0.033000,0.132000,idle,0.000000,0,0.000000,0,0.000000,True,0.200000,10.000000,20.000000,30.000000,0.000000,0.033000,0.033000,0,0.132000,0.033000,0.132000,0.033000,0.132000,0.959166,0.959166,0.150000,0.000000,0.000265,0.000033,0.000265,0.000033,0.004422,0.004422
2025-08-29 12:00:00,0.012000,0.048000,idle,0.000000,0,0.000000,0,0.000000,True,0.200000,10.000000,20.000000,30.000000,0.000000,0.012000,0.012000,0,0.048000,0.012000,0.048000,0.012000,0.048000,0.959166,0.959166,0.150000,0.000000,0.000096,0.000012,0.000096,0.000012,0.001608,0.001608
2025-08-29 12:15:00,0.008000,0.032000,idle,0.000000,0,0.000000,0,0.000000,True,0.200000,10.000000,20.000000,30.000000,0.000000,0.008000,0.008000,0,0.032000,0.008000,0.032000,0.008000,0.032000,0.959166,0.959166,0.150000,0.000000,0.000064,0.000008,0.000064,0.000008,0.001072,0.001072
2025-08-29 12:30:00,0.027000,0.108000,idle,0.000000,0,0.000000,0,0.000000,True,0.200000,10.000000,20.000000,30.000000,0.000000,0.027000,0.027000,0,0.108000,0.027000,0.108000,0.027000,0.108000,0.959166,0.959166,0.150000,0.000000,0.000217,0.000027,0.000217,0.000027,0.003618,0.003618
2025-08-29 12:45:00,0.021000,0.084000,idle,0.000000,0,0.000000,0,0.000000,True,0.200000,10.000000,20.000000,30.000000,0.000000,0.021000,0.021000,0,0.084000,0.021000,0.084000,0.021000,0.084000,0.959166,0.959166,0.150000,0.000000,0.000169,0.000021,0.000169,0.000021,0.002814,0.002814
2025-08-29 13:00:00,0.008000,0.032000,idle,0.000000,0,0.000000,0,0.000000,True,0.200000,10.000000,20.000000,30.000000,0.000000,0.008000,0.008000,0,0.032000,0.008000,0.032000,0.008000,0.032000,0.959166,0.959166,0.150000,0.000000,0.000064,0.000008,0.000064,0.000008,0.001072,0.001072
2025-08-29 13:15:00,0.013000,0.052000,idle,0.000000,0,0.000000,0,0.000000,True,0.200000,10.000000,20.000000,30.000000,0.000000,0.013000,0.013000,0,0.052000,0.013000,0.052000,0.013000,0.052000,0.959166,0.959166,0.150000,0.000000,0.000105,0.000013,0.000105,0.000013,0.001742,0.001742
2025-08-29 13:30:00,0.032000,0.128000,idle,0.000000,0,0.000000,0,0.000000,True,0.200000,10.000000,20.000000,30.000000,0.000000,0.032000,0.032000,0,0.128000,0.032000,0.128000,0.032000,0.128000,0.959166,0.959166,0.150000,0.000000,0.000257,0.000032,0.000257,0.000032,0.004288,0.004288
2025-08-29 13:45:00,0.006000,0.024000,idle,0.000000,0,0.000000,0,0.000000,True,0.200000,10.000000,20.000000,30.000000,0.000000,0.006000,0.006000,0,0.024000,0.006000,0.024000,0.006000,0.024000,0.959166,0.959166,0.150000,0.000000,0.000048,0.000006,0.000048,0.000006,0.000804,0.000804
2025-08-29 14:00:00,0.008000,0.032000,idle,0.000000,0,0.000000,0,0.000000,True,0.200000,10.000000,20.000000,30.000000,0.000000,0.008000,0.008000,0,0.032000,0.008000,0.032000,0.008000,0.032000,0.959166,0.959166,0.150000,0.000000,0.000064,0.000008,0.000064,0.000008,0.001072,0.001072
2025-08-29 14:15:00,0.029000,0.116000,idle,0.000000,0,0.000000,0,0.000000,True,0.200000,10.000000,20.000000,30.000000,0.000000,0.029000,0.029000,0,0.116000,0.029000,0.116000,0.029000,0.116000,0.959166,0.959166,0.150000,0.000000,0.000233,0.000029,0.000233,0.000029,0.003886,0.003886
2025-08-29 14:30:00,0.017000,0.068000,idle,0.000000,0,0.000000,0,0.000000,True,0.200000,10.000000,20.000000,30.000000,0.000000,0.017000,0.017000,0,0.068000,0.017000,0.068000,0.017000,0.068000,0.959166,0.959166,0.150000,0.000000,0.000137,0.000017,0.000137,0.000017,0.002278,0.002278
2025-08-29 14:45:00,0.006000,0.024000,idle,0.000000,0,0.000000,0,0.000000,True,0.200000,10.000000,20.000000,30.000000,0.000000,0.006000,0.006000,0,0.024000,0.006000,0.024000,0.006000,0.024000,0.959166,0.959166,0.150000,0.000000,0.000048,0.000006,0.000048,0.000006,0.000804,0.000804
2025-08-29 15:00:00,0.019000,0.076000,idle,0.000000,0,0.000000,0,0.000000,True,0.200000,10.000000,20.000000,30.000000,0.000000,0.019000,0.019000,0,0.076000,0.019000,0.076000,0.019000,0.076000,0.959166,0.959166,0.150000,0.000000,0.000153,0.000019,0.000153,0.000019,0.002546,0.002546
2025-08-29 15:15:00,0.026000,0.104000,idle,0.000000,0,0.000000,0,0.000000,True,0.200000,10.000000,20.000000,30.000000,0.000000,0.026000,0.026000,0,0.104000,0.026000,0.104000,0.026000,0.104000,0.959166,0.959166,0.150000,0.000000,0.000209,0.000026,0.000209,0.000026,0.003484,0.003484
2025-08-29 15:30:00,0.007000,0.028000,idle,0.000000,0,0.000000,0,0.000000,True,0.200000,10.000000,20.000000,30.000000,0.000000,0.007000,0.007000,0,0.028000,0.007000,0.028000,0.007000,0.028000,0.959166,0.959166,0.150000,0.000000,0.000056,0.000007,0.000056,0.000007,0.000938,0.000938
2025-08-29 15:45:00,0.015000,0.060000,idle,0.000000,0,0.000000,0,0.000000,True,0.200000,10.000000,20.000000,30.000000,0.000000,0.015000,0.015000,0,0.060000,0.015000,0.060000,0.015000,0.060000,0.959166,0.959166,0.150000,0.000000,0.000121,0.000015,0.000121,0.000015,0.002010,0.002010
2025-08-29 16:00:00,0.035000,0.140000,idle,0.000000,0,0.000000,0,0.000000,True,0.200000,10.000000,20.000000,30.000000,0.000000,0.035000,0.035000,0,0.140000,0.035000,0.140000,0.035000,0.140000,0.959166,0.959166,0.150000,0.000000,0.000281,0.000035,0.000281,0.000035,0.004690,0.004690
2025-08-29 16:15:00,0.007000,0.028000,idle,0.000000,0,0.000000,0,0.000000,True,0.200000,10.000000,20.000000,30.000000,0.000000,0.007000,0.007000,0,0.028000,0.007000,0.028000,0.007000,0.028000,0.959166,0.959166,0.150000,0.000000,0.000056,0.000007,0.000056,0.000007,0.000938,0.000938
2025-08-29 16:30:00,0.015000,0.060000,idle,0.000000,0,0.000000,0,0.000000,True,0.200000,10.000000,20.000000,30.000000,0.000000,0.015000,0.015000,0,0.060000,0.015000,0.060000,0.015000,0.060000,0.959166,0.959166,0.150000,0.000000,0.000121,0.000015,0.000121,0.000015,0.002010,0.002010
2025-08-29 16:45:00,0.046000,0.184000,idle,0.000000,0,0.000000,0,0.000000,True,0.200000,10.000000,20.000000,30.000000,0.000000,0.046000,0.046000,0,0.184000,0.046000,0.184000,0.046000,0.184000,0.959166,0.959166,0.150000,0.000000,0.000370,0.000046,0.000370,0.000046,0.006164,0.006164
2025-08-29 17:00:00,0.049000,0.196000,idle,0.000000,0,0.000000,0,0.000000,True,0.200000,10.000000,20.000000,30.000000,0.000000,0.049000,0.049000,0,0.196000,0.049000,0.196000,0.049000,0.196000,0.959166,0.959166,0.150000,0.000000,0.000394,0.000049,0.000394,0.000049,0.006566,0.006566
2025-08-29 17:15:00,0.035000,0.140000,idle,0.000000,0,0.000000,0,0.000000,True,0.200000,10.000000,20.000000,30.000000,0.000000,0.035000,0.035000,0,0.140000,0.035000,0.140000,0.035000,0.140000,0.959166,0.959166,0.150000,0.000000,0.000281,0.000035,0.000281,0.000035,0.004690,0.004690
2025-08-29 17:30:00,0.033000,0.132000,idle,0.000000,0,0.000000,0,0.000000,True,0.200000,10.000000,20.000000,30.000000,0.000000,0.033000,0.033000,0,0.132000,0.033000,0.132000,0.033000,0.132000,0.959166,0.959166,0.150000,0.000000,0.000265,0.000033,0.000265,0.000033,0.004422,0.004422
2025-08-29 17:45:00,0.051000,0.204000,idle,0.000000,0,0.000000,0,0.000000,True,0.200000,10.000000,20.000000,30.000000,0.000000,0.051000,0.051000,0,0.204000,0.051000,0.204000,0.051000,0.204000,0.959166,0.959166,0.150000,0.000000,0.000410,0.000051,0.000410,0.000051,0.006834,0.006834
2025-08-29 18:00:00,0.031000,0.124000,idle,0.000000,0,0.000000,0,0.000000,True,0.200000,10.000000,20.000000,30.000000,0.000000,0.031000,0.031000,0,0.124000,0.031000,0.124000,0.031000,0.124000,0.959166,0.959166,0.150000,0.000000,0.000249,0.000031,0.000249,0.000031,0.004154,0.004154
2025-08-29 18:15:00,0.035000,0.140000,idle,0.000000,0,0.000000,0,0.000000,True,0.200000,10.000000,20.000000,30.000000,0.000000,0.035000,0.035000,0,0.140000,0.035000,0.140000,0.035000,0.140000,0.959166,0.959166,0.150000,0.000000,0.000281,0.000035,0.000281,0.000035,0.004690,0.004690
2025-08-29 18:30:00,0.059000,0.236000,idle,0.000000,0,0.000000,0,0.000000,True,0.200000,10.000000,20.000000,30.000000,0.000000,0.059000,0.059000,0,0.236000,0.059000,0.236000,0.059000,0.236000,0.959166,0.959166,0.150000,0.000000,0.000474,0.000059,0.000474,0.000059,0.007906,0.007906
2025-08-29 18:45:00,0.035000,0.140000,idle,0.000000,0,0.000000,0,0.000000,True,0.200000,10.000000,20.000000,30.000000,0.000000,0.035000,0.035000,0,0.140000,0.035000,0.140000,0.035000,0.140000,0.959166,0.959166,0.150000,0.000000,0.000281,0.000035,0.000281,0.000035,0.004690,0.004690
2025-08-29 19:00:00,0.033000,0.132000,idle,0.000000,0,0.000000,0,0.000000,True,0.200000,10.000000,20.000000,30.000000,0.000000,0.033000,0.033000,0,0.132000,0.033000,0.132000,0.033000,0.132000,0.959166,0.959166,0.150000,0.000000,0.000265,0.000033,0.000265,0.000033,0.004422,0.004422
2025-08-29 19:15:00,0.053000,0.212000,idle,0.000000,0,0.000000,0,0.000000,True,0.200000,10.000000,20.000000,30.000000,0.000000,0.053000,0.053000,0,0.212000,0.053000,0.212000,0.053000,0.212000,0.959166,0.959166,0.150000,0.000000,0.000426,0.000053,0.000426,0.000053,0.007102,0.007102
2025-08-29 19:30:00,0.036000,0.144000,idle,0.000000,0,0.000000,0,0.000000,True,0.200000,10.000000,20.000000,30.000000,0.000000,0.036000,0.036000,0,0.144000,0.036000,0.144000,0.036000,0.144000,0.959166,0.959166,0.150000,0.000000,0.000289,0.000036,0.000289,0.000036,0.004824,0.004824
2025-08-29 19:45:00,0.021000,0.084000,idle,0.000000,0,0.000000,0,0.000000,True,0.200000,10.000000,20.000000,30.000000,0.000000,0.021000,0.021000,0,0.084000,0.021000,0.084000,0.021000,0.084000,0.959166,0.959166,0.150000,0.000000,0.000169,0.000021,0.000169,0.000021,0.002814,0.002814
2025-08-29 20:00:00,0.042000,0.168000,idle,0.000000,0,0.000000,0,0.000000,True,0.200000,10.000000,20.000000,30.000000,0.000000,0.042000,0.042000,0,0.168000,0.042000,0.168000,0.042000,0.168000,0.959166,0.959166,0.150000,0.000000,0.000338,0.000042,0.000338,0.000042,0.005628,0.005628
2025-08-29 20:15:00,0.061000,0.244000,idle,0.000000,0,0.000000,0,0.000000,True,0.200000,10.000000,20.000000,30.000000,0.000000,0.061000,0.061000,0,0.244000,0.061000,0.244000,0.061000,0.244000,0.959166,0.959166,0.150000,0.000000,0.000490,0.000061,0.000490,0.000061,0.008174,0.008174
2025-08-29 20:30:00,0.039000,0.156000,idle,0.000000,0,0.000000,0,0.000000,True,0.200000,10.000000,20.000000,30.000000,0.000000,0.039000,0.039000,0,0.156000,0.039000,0.156000,0.039000,0.156000,0.959166,0.959166,0.150000,0.000000,0.000314,0.000039,0.000314,0.000039,0.005226,0.005226
2025-08-29 20:45:00,0.037000,0.148000,idle,0.000000,0,0.000000,0,0.000000,True,0.200000,10.000000,20.000000,30.000000,0.000000,0.037000,0.037000,0,0.148000,0.037000,0.148000,0.037000,0.148000,0.959166,0.959166,0.150000,0.000000,0.000297,0.000037,0.000297,0.000037,0.004958,0.004958
2025-08-29 21:00:00,0.058000,0.232000,idle,0.000000,0,0.000000,0,0.000000,True,0.200000,10.000000,20.000000,30.000000,0.000000,0.058000,0.058000,0,0.232000,0.058000,0.232000,0.058000,0.232000,0.959166,0.959166,0.150000,0.000000,0.000466,0.000058,0.000466,0.000058,0.007772,0.007772
2025-08-29 21:15:00,0.074000,0.296000,idle,0.000000,0,0.000000,0,0.000000,True,0.200000,10.000000,20.000000,30.000000,0.000000,0.074000,0.074000,0,0.296000,0.074000,0.296000,0.074000,0.296000,0.959166,0.959166,0.150000,0.000000,0.000595,0.000074,0.000595,0.000074,0.009916,0.009916
2025-08-29 21:30:00,0.035000,0.140000,idle,0.000000,0,0.000000,0,0.000000,True,0.200000,10.000000,20.000000,30.000000,0.000000,0.035000,0.035000,0,0.140000,0.035000,0.140000,0.035000,0.140000,0.959166,0.959166,0.150000,0.000000,0.000281,0.000035,0.000281,0.000035,0.004690,0.004690
2025-08-29 21:45:00,0.145000,0.580000,idle,0.000000,0,0.000000,0,0.000000,True,0.200000,10.000000,20.000000,30.000000,0.000000,0.145000,0.145000,0,0.580000,0.145000,0.580000,0.145000,0.580000,0.959166,0.959166,0.150000,0.000000,0.001166,0.000145,0.001166,0.000145,0.019430,0.019430
2025-08-29 22:00:00,0.158000,0.632000,idle,0.000000,0,0.000000,0,0.000000,True,0.200000,10.000000,20.000000,30.000000,0.000000,0.158000,0.158000,0,0.632000,0.158000,0.632000,0.158000,0.632000,0.959166,0.959166,0.150000,0.000000,0.001270,0.000158,0.001270,0.000158,0.021172,0.021172
2025-08-29 22:15:00,0.138000,0.552000,idle,0.000000,0,0.000000,0,0.000000,True,0.200000,10.000000,20.000000,30.000000,0.000000,0.138000,0.138000,0,0.552000,0.138000,0.552000,0.138000,0.552000,0.959166,0.959166,0.150000,0.000000,0.001110,0.000138,0.001110,0.000138,0.018492,0.018492
2025-08-29 22:30:00,0.105000,0.420000,idle,0.000000,0,0.000000,0,0.000000,True,0.200000,10.000000,20.000000,30.000000,0.000000,0.105000,0.105000,0,0.420000,0.105000,0.420000,0.105000,0.420000,0.959166,0.959166,0.150000,0.000000,0.000844,0.000105,0.000844,0.000105,0.014070,0.014070
2025-08-29 22:45:00,0.105000,0.420000,idle,0.000000,0,0.000000,0,0.000000,True,0.200000,10.000000,20.000000,30.000000,0.000000,0.105000,0.105000,0,0.420000,0.105000,0.420000,0.105000,0.420000,0.959166,0.959166,0.150000,0.000000,0.000844,0.000105,0.000844,0.000105,0.014070,0.014070
2025-08-29 23:00:00,0.056000,0.224000,idle,0.000000,0,0.000000,0,0.000000,True,0.200000,10.000000,20.000000,30.000000,0.000000,0.056000,0.056000,0,0.224000,0.056000,0.224000,0.056000,0.224000,0.959166,0.959166,0.150000,0.000000,0.000450,0.000056,0.000450,0.000056,0.007504,0.007504
2025-08-29 23:15:00,0.048000,0.192000,idle,0.000000,0,0.000000,0,0.000000,True,0.200000,10.000000,20.000000,30.000000,0.000000,0.048000,0.048000,0,0.192000,0.048000,0.192000,0.048000,0.192000,0.959166,0.959166,0.150000,0.000000,0.000386,0.000048,0.000386,0.000048,0.006432,0.006432
2025-08-29 23:30:00,0.068000,0.272000,idle,0.000000,0,0.000000,0,0.000000,True,0.200000,10.000000,20.000000,30.000000,0.000000,0.068000,0.068000,0,0.272000,0.068000,0.272000,0.068000,0.272000,0.959166,0.959166,0.150000,0.000000,0.000547,0.000068,0.000547,0.000068,0.009112,0.009112
2025-08-29 23:45:00,0.047000,0.188000,idle,0.000000,0,0.000000,0,0.000000,True,0.200000,10.000000,20.000000,30.000000,0.000000,0.047000,0.047000,0,0.188000,0.047000,0.188000,0.047000,0.188000,0.959166,0.959166,0.150000,0.000000,0.000378,0.000047,0.000378,0.000047,0.006298,0.006298
2025-08-30 00:00:00,0.030000,0.120000,idle,0.000000,0,0.000000,0,0.000000,True,0.200000,10.000000,20.000000,30.000000,0.000000,0.030000,0.030000,0,0.120000,0.030000,0.120000,0.030000,0.120000,0.959166,0.959166,0.150000,0.000000,0.000241,0.000030,0.000241,0.000030,0.004020,0.004020
2025-08-30 00:15:00,0.098000,0.392000,idle,0.000000,0,0.000000,0,0.000000,True,0.200000,10.000000,20.000000,30.000000,0.000000,0.098000,0.098000,0,0.392000,0.098000,0.392000,0.098000,0.392000,0.959166,0.959166,0.150000,0.000000,0.000788,0.000098,0.000788,0.000098,0.013132,0.013132
2025-08-30 00:30:00,0.174000,0.696000,idle,0.000000,0,0.000000,0,0.000000,True,0.200000,10.000000,20.000000,30.000000,0.000000,0.174000,0.174000,0,0.696000,0.174000,0.696000,0.174000,0.696000,0.959166,0.959166,0.150000,0.000000,0.001399,0.000174,0.001399,0.000174,0.023316,0.023316
2025-08-30 00:45:00,0.149000,0.596000,idle,0.000000,0,0.000000,0,0.000000,True,0.200000,10.000000,20.000000,30.000000,0.000000,0.149000,0.149000,0,0.596000,0.149000,0.596000,0.149000,0.596000,0.959166,0.959166,0.150000,0.000000,0.001198,0.000149,0.001198,0.000149,0.019966,0.019966
2025-08-30 01:00:00,0.173000,0.692000,idle,0.000000,0,0.000000,0,0.000000,True,0.200000,10.000000,20.000000,30.000000,0.000000,0.173000,0.173000,0,0.692000,0.173000,0.692000,0.173000,0.692000,0.959166,0.959166,0.150000,0.000000,0.001391,0.000173,0.001391,0.000173,0.023182,0.023182
2025-08-30 01:15:00,0.145000,0.580000,idle,0.000000,0,0.000000,0,0.000000,True,0.200000,10.000000,20.000000,30.000000,0.000000,0.145000,0.145000,0,0.580000,0.145000,0.580000,0.145000,0.580000,0.959166,0.959166,0.150000,0.000000,0.001166,0.000145,0.001166,0.000145,0.019430,0.019430
2025-08-30 01:30:00,0.082000,0.328000,idle,0.000000,0,0.000000,0,0.000000,True,0.200000,10.000000,20.000000,30.000000,0.000000,0.082000,0.082000,0,0.328000,0.082000,0.328000,0.082000,0.328000,0.959166,0.959166,0.150000,0.000000,0.000659,0.000082,0.000659,0.000082,0.010988,0.010988
2025-08-30 01:45:00,0.057000,0.228000,idle,0.000000,0,0.000000,0,0.000000,True,0.200000,10.000000,20.000000,30.000000,0.000000,0.057000,0.057000,0,0.228000,0.057000,0.228000,0.057000,0.228000,0.959166,0.959166,0.150000,0.000000,0.000458,0.000057,0.000458,0.000057,0.007638,0.007638
2025-08-30 02:00:00,0.079000,0.316000,idle,0.000000,0,0.000000,0,0.000000,True,0.200000,10.000000,20.000000,30.000000,0.000000,0.079000,0.079000,0,0.316000,0.079000,0.316000,0.079000,0.316000,0.959166,0.959166,0.150000,0.000000,0.000635,0.000079,0.000635,0.000079,0.010586,0.010586
2025-08-30 02:15:00,0.072000,0.288000,idle,0.000000,0,0.000000,0,0.000000,True,0.200000,10.000000,20.000000,30.000000,0.000000,0.072000,0.072000,0,0.288000,0.072000,0.288000,0.072000,0.288000,0.959166,0.959166,0.150000,0.000000,0.000579,0.000072,0.000579,0.000072,0.009648,0.009648
2025-08-30 02:30:00,0.059000,0.236000,idle,0.000000,0,0.000000,0,0.000000,True,0.200000,10.000000,20.000000,30.000000,0.000000,0.059000,0.059000,0,0.236000,0.059000,0.236000,0.059000,0.236000,0.959166,0.959166,0.150000,0.000000,0.000474,0.000059,0.000474,0.000059,0.007906,0.007906
2025-08-30 02:45:00,0.046000,0.184000,idle,0.000000,0,0.000000,0,0.000000,True,0.200000,10.000000,20.000000,30.000000,0.000000,0.046000,0.046000,0,0.184000,0.046000,0.184000,0.046000,0.184000,0.959166,0.959166,0.150000,0.000000,0.000370,0.000046,0.000370,0.000046,0.006164,0.006164
2025-08-30 03:00:00,0.053000,0.212000,idle,0.000000,0,0.000000,0,0.000000,True,0.200000,10.000000,20.000000,30.000000,0.000000,0.053000,0.053000,0,0.212000,0.053000,0.212000,0.053000,0.212000,0.959166,0.959166,0.150000,0.000000,0.000426,0.000053,0.000426,0.000053,0.007102,0.007102
2025-08-30 03:15:00,0.030000,0.120000,idle,0.000000,0,0.000000,0,0.000000,True,0.200000,10.000000,20.000000,30.000000,0.000000,0.030000,0.030000,0,0.120000,0.030000,0.120000,0.030000,0.120000,0.959166,0.959166,0.150000,0.000000,0.000241,0.000030,0.000241,0.000030,0.004020,0.004020
2025-08-30 03:30:00,0.033000,0.132000,idle,0.000000,0,0.000000,0,0.000000,True,0.200000,10.000000,20.000000,30.000000,0.000000,0.033000,0.033000,0,0.132000,0.033000,0.132000,0.033000,0.132000,0.959166,0.959166,0.150000,0.000000,0.000265,0.000033,0.000265,0.000033,0.004422,0.004422
2025-08-30 03:45:00,0.057000,0.228000,idle,0.000000,0,0.000000,0,0.000000,True,0.200000,10.000000,20.000000,30.000000,0.000000,0.057000,0.057000,0,0.228000,0.057000,0.228000,0.057000,0.228000,0.959166,0.959166,0.150000,0.000000,0.000458,0.000057,0.000458,0.000057,0.007638,0.007638
2025-08-30 04:00:00,0.034000,0.136000,idle,0.000000,0,0.000000,0,0.000000,True,0.200000,10.000000,20.000000,30.000000,0.000000,0.034000,0.034000,0,0.136000,0.034000,0.136000,0.034000,0.136000,0.959166,0.959166,0.150000,0.000000,0.000273,0.000034,0.000273,0.000034,0.004556,0.004556
2025-08-30 04:15:00,0.031000,0.124000,idle,0.000000,0,0.000000,0,0.000000,True,0.200000,10.000000,20.000000,30.000000,0.000000,0.031000,0.031000,0,0.124000,0.031000,0.124000,0.031000,0.124000,0.959166,0.959166,0.150000,0.000000,0.000249,0.000031,0.000249,0.000031,0.004154,0.004154
2025-08-30 04:30:00,0.051000,0.204000,idle,0.000000,0,0.000000,0,0.000000,True,0.200000,10.000000,20.000000,30.000000,0.000000,0.051000,0.051000,0,0.204000,0.051000,0.204000,0.051000,0.204000,0.959166,0.959166,0.150000,0.000000,0.000410,0.000051,0.000410,0.000051,0.006834,0.006834
2025-08-30 04:45:00,0.043000,0.172000,idle,0.000000,0,0.000000,0,0.000000,True,0.200000,10.000000,20.000000,30.000000,0.000000,0.043000,0.043000,0,0.172000,0.043000,0.172000,0.043000,0.172000,0.959166,0.959166,0.150000,0.000000,0.000346,0.000043,0.000346,0.000043,0.005762,0.005762
2025-08-30 05:00:00,0.031000,0.124000,idle,0.000000,0,0.000000,0,0.000000,True,0.200000,10.000000,20.000000,30.000000,0.000000,0.031000,0.031000,0,0.124000,0.031000,0.124000,0.031000,0.124000,0.959166,0.959166,0.150000,0.000000,0.000249,0.000031,0.000249,0.000031,0.004154,0.004154
2025-08-30 05:15:00,0.043000,0.172000,idle,0.000000,0,0.000000,0,0.000000,True,0.200000,10.000000,20.000000,30.000000,0.000000,0.043000,0.043000,0,0.172000,0.043000,0.172000,0.043000,0.172000,0.959166,0.959166,0.150000,0.000000,0.000346,0.000043,0.000346,0.000043,0.005762,0.005762
2025-08-30 05:30:00,0.051000,0.204000,idle,0.000000,0,0.000000,0,0.000000,True,0.200000,10.000000,20.000000,30.000000,0.000000,0.051000,0.051000,0,0.204000,0.051000,0.204000,0.051000,0.204000,0.959166,0.959166,0.150000,0.000000,0.000410,0.000051,0.000410,0.000051,0.006834,0.006834
2025-08-30 05:45:00,0.030000,0.120000,idle,0.000000,0,0.000000,0,0.000000,True,0.200000,10.000000,20.000000,30.000000,0.000000,0.030000,0.030000,0,0.120000,0.030000,0.120000,0.030000,0.120000,0.959166,0.959166,0.150000,0.000000,0.000241,0.000030,0.000241,0.000030,0.004020,0.004020
2025-08-30 06:00:00,0.035000,0.140000,idle,0.000000,0,0.000000,0,0.000000,True,0.200000,10.000000,20.000000,30.000000,0.000000,0.035000,0.035000,0,0.140000,0.035000,0.140000,0.035000,0.140000,0.959166,0.959166,0.150000,0.000000,0.000281,0.000035,0.000281,0.000035,0.004690,0.004690
2025-08-30 06:15:00,0.057000,0.228000,idle,0.000000,0,0.000000,0,0.000000,True,0.200000,10.000000,20.000000,30.000000,0.000000,0.057000,0.057000,0,0.228000,0.057000,0.228000,0.057000,0.228000,0.959166,0.959166,0.150000,0.000000,0.000458,0.000057,0.000458,0.000057,0.007638,0.007638
2025-08-30 06:30:00,0.033000,0.132000,idle,0.000000,0,0.000000,0,0.000000,True,0.200000,10.000000,20.000000,30.000000,0.000000,0.033000,0.033000,0,0.132000,0.033000,0.132000,0.033000,0.132000,0.959166,0.959166,0.150000,0.000000,0.000265,0.000033,0.000265,0.000033,0.004422,0.004422
2025-08-30 06:45:00,0.030000,0.120000,idle,0.000000,0,0.000000,0,0.000000,True,0.200000,10.000000,20.000000,30.000000,0.000000,0.030000,0.030000,0,0.120000,0.030000,0.120000,0.030000,0.120000,0.959166,0.959166,0.150000,0.000000,0.000241,0.000030,0.000241,0.000030,0.004020,0.004020
2025-08-30 07:00:00,0.051000,0.204000,idle,0.000000,0,0.000000,0,0.000000,True,0.200000,10.000000,20.000000,30.000000,0.000000,0.051000,0.051000,0,0.204000,0.051000,0.204000,0.051000,0.204000,0.959166,0.959166,0.150000,0.000000,0.000410,0.000051,0.000410,0.000051,0.006834,0.006834
2025-08-30 07:15:00,0.042000,0.168000,idle,0.000000,0,0.000000,0,0.000000,True,0.200000,10.000000,20.000000,30.000000,0.000000,0.042000,0.042000,0,0.168000,0.042000,0.168000,0.042000,0.168000,0.959166,0.959166,0.150000,0.000000,0.000338,0.000042,0.000338,0.000042,0.005628,0.005628
2025-08-30 07:30:00,0.030000,0.120000,idle,0.000000,0,0.000000,0,0.000000,True,0.200000,10.000000,20.000000,30.000000,0.000000,0.030000,0.030000,0,0.120000,0.030000,0.120000,0.030000,0.120000,0.959166,0.959166,0.150000,0.000000,0.000241,0.000030,0.000241,0.000030,0.004020,0.004020
2025-08-30 07:45:00,0.043000,0.172000,idle,0.000000,0,0.000000,0,0.000000,True,0.200000,10.000000,20.000000,30.000000,0.000000,0.043000,0.043000,0,0.172000,0.043000,0.172000,0.043000,0.172000,0.959166,0.959166,0.150000,0.000000,0.000346,0.000043,0.000346,0.000043,0.005762,0.005762
2025-08-30 08:00:00,0.052000,0.208000,idle,0.000000,0,0.000000,0,0.000000,True,0.200000,10.000000,20.000000,30.000000,0.000000,0.052000,0.052000,0,0.208000,0.052000,0.208000,0.052000,0.208000,0.959166,0.959166,0.150000,0.000000,0.000418,0.000052,0.000418,0.000052,0.006968,0.006968
2025-08-30 08:15:00,0.030000,0.120000,idle,0.000000,0,0.000000,0,0.000000,True,0.200000,10.000000,20.000000,30.000000,0.000000,0.030000,0.030000,0,0.120000,0.030000,0.120000,0.030000,0.120000,0.959166,0.959166,0.150000,0.000000,0.000241,0.000030,0.000241,0.000030,0.004020,0.004020
2025-08-30 08:30:00,0.032000,0.128000,idle,0.000000,0,0.000000,0,0.000000,True,0.200000,10.000000,20.000000,30.000000,0.000000,0.032000,0.032000,0,0.128000,0.032000,0.128000,0.032000,0.128000,0.959166,0.959166,0.150000,0.000000,0.000257,0.000032,0.000257,0.000032,0.004288,0.004288
2025-08-30 08:45:00,0.057000,0.228000,idle,0.000000,0,0.000000,0,0.000000,True,0.200000,10.000000,20.000000,30.000000,0.000000,0.057000,0.057000,0,0.228000,0.057000,0.228000,0.057000,0.228000,0.959166,0.959166,0.150000,0.000000,0.000458,0.000057,0.000458,0.000057,0.007638,0.007638
2025-08-30 09:00:00,0.033000,0.132000,idle,0.000000,0,0.000000,0,0.000000,True,0.200000,10.000000,20.000000,30.000000,0.000000,0.033000,0.033000,0,0.132000,0.033000,0.132000,0.033000,0.132000,0.959166,0.959166,0.150000,0.000000,0.000265,0.000033,0.000265,0.000033,0.004422,0.004422
2025-08-30 09:15:00,0.030000,0.120000,idle,0.000000,0,0.000000,0,0.000000,True,0.200000,10.000000,20.000000,30.000000,0.000000,0.030000,0.030000,0,0.120000,0.030000,0.120000,0.030000,0.120000,0.959166,0.959166,0.150000,0.000000,0.000241,0.000030,0.000241,0.000030,0.004020,0.004020
2025-08-30 09:30:00,0.051000,0.204000,idle,0.000000,0,0.000000,0,0.000000,True,0.200000,10.000000,20.000000,30.000000,0.000000,0.051000,0.051000,0,0.204000,0.051000,0.204000,0.051000,0.204000,0.959166,0.959166,0.150000,0.000000,0.000410,0.000051,0.000410,0.000051,0.006834,0.006834
2025-08-30 09:45:00,0.041000,0.164000,idle,0.000000,0,0.000000,0,0.000000,True,0.200000,10.000000,20.000000,30.000000,0.000000,0.041000,0.041000,0,0.164000,0.041000,0.164000,0.041000,0.164000,0.959166,0.959166,0.150000,0.000000,0.000330,0.000041,0.000330,0.000041,0.005494,0.005494
2025-08-30 10:00:00,0.031000,0.124000,idle,0.000000,0,0.000000,0,0.000000,True,0.200000,10.000000,20.000000,30.000000,0.000000,0.031000,0.031000,0,0.124000,0.031000,0.124000,0.031000,0.124000,0.959166,0.959166,0.150000,0.000000,0.000249,0.000031,0.000249,0.000031,0.004154,0.004154
2025-08-30 10:15:00,0.042000,0.168000,idle,0.000000,0,0.000000,0,0.000000,True,0.200000,10.000000,20.000000,30.000000,0.000000,0.042000,0.042000,0,0.168000,0.042000,0.168000,0.042000,0.168000,0.959166,0.959166,0.150000,0.000000,0.000338,0.000042,0.000338,0.000042,0.005628,0.005628
2025-08-30 10:30:00,0.051000,0.204000,idle,0.000000,0,0.000000,0,0.000000,True,0.200000,10.000000,20.000000,30.000000,0.000000,0.051000,0.051000,0,0.204000,0.051000,0.204000,0.051000,0.204000,0.959166,0.959166,0.150000,0.000000,0.000410,0.000051,0.000410,0.000051,0.006834,0.006834
2025-08-30 10:45:00,0.031000,0.124000,idle,0.000000,0,0.000000,0,0.000000,True,0.200000,10.000000,20.000000,30.000000,0.000000,0.031000,0.031000,0,0.124000,0.031000,0.124000,0.031000,0.124000,0.959166,0.959166,0.150000,0.000000,0.000249,0.000031,0.000249,0.000031,0.004154,0.004154
2025-08-30 11:00:00,0.032000,0.128000,idle,0.000000,0,0.000000,0,0.000000,True,0.200000,10.000000,20.000000,30.000000,0.000000,0.032000,0.032000,0,0.128000,0.032000,0.128000,0.032000,0.128000,0.959166,0.959166,0.150000,0.000000,0.000257,0.000032,0.000257,0.000032,0.004288,0.004288
2025-08-30 11:15:00,0.058000,0.232000,idle,0.000000,0,0.000000,0,0.000000,True,0.200000,10.000000,20.000000,30.000000,0.000000,0.058000,0.058000,0,0.232000,0.058000,0.232000,0.058000,0.232000,0.959166,0.959166,0.150000,0.000000,0.000466,0.000058,0.000466,0.000058,0.007772,0.007772
2025-08-30 11:30:00,0.037000,0.148000,idle,0.000000,0,0.000000,0,0.000000,True,0.200000,10.000000,20.000000,30.000000,0.000000,0.037000,0.037000,0,0.148000,0.037000,0.148000,0.037000,0.148000,0.959166,0.959166,0.150000,0.000000,0.000297,0.000037,0.000297,0.000037,0.004958,0.004958
2025-08-30 11:45:00,0.150000,0.600000,idle,0.000000,0,0.000000,0,0.000000,True,0.200000,10.000000,20.000000,30.000000,0.000000,0.150000,0.150000,0,0.600000,0.150000,0.600000,0.150000,0.600000,0.959166,0.959166,0.150000,0.000000,0.001206,0.000150,0.001206,0.000150,0.020100,0.020100
2025-08-30 12:00:00,0.572000,2.288000,idle,0.000000,0,0.000000,0,0.000000,True,0.200000,10.000000,20.000000,30.000000,0.000000,0.572000,0.572000,0,2.288000,0.572000,2.288000,0.572000,2.288000,0.959166,0.959166,0.150000,0.000000,0.004599,0.000572,0.004599,0.000572,0.076648,0.076648
2025-08-30 12:15:00,0.068000,0.272000,idle,0.000000,0,0.000000,0,0.000000,True,0.200000,10.000000,20.000000,30.000000,0.000000,0.068000,0.068000,0,0.272000,0.068000,0.272000,0.068000,0.272000,0.959166,0.959166,0.150000,0.000000,0.000547,0.000068,0.000547,0.000068,0.009112,0.009112
2025-08-30 12:30:00,0.062000,0.248000,idle,0.000000,0,0.000000,0,0.000000,True,0.200000,10.000000,20.000000,30.000000,0.000000,0.062000,0.062000,0,0.248000,0.062000,0.248000,0.062000,0.248000,0.959166,0.959166,0.150000,0.000000,0.000498,0.000062,0.000498,0.000062,0.008308,0.008308
2025-08-30 12:45:00,0.171000,0.684000,idle,0.000000,0,0.000000,0,0.000000,True,0.200000,10.000000,20.000000,30.000000,0.000000,0.171000,0.171000,0,0.684000,0.171000,0.684000,0.171000,0.684000,0.959166,0.959166,0.150000,0.000000,0.001375,0.000171,0.001375,0.000171,0.022914,0.022914
2025-08-30 13:00:00,0.097000,0.388000,idle,0.000000,0,0.000000,0,0.000000,True,0.200000,10.000000,20.000000,30.000000,0.000000,0.097000,0.097000,0,0.388000,0.097000,0.388000,0.097000,0.388000,0.959166,0.959166,0.150000,0.000000,0.000780,0.000097,0.000780,0.000097,0.012998,0.012998
2025-08-30 13:15:00,0.080000,0.320000,idle,0.000000,0,0.000000,0,0.000000,True,0.200000,10.000000,20.000000,30.000000,0.000000,0.080000,0.080000,0,0.320000,0.080000,0.320000,0.080000,0.320000,0.959166,0.959166,0.150000,0.000000,0.000643,0.000080,0.000643,0.000080,0.010720,0.010720
2025-08-30 13:30:00,0.096000,0.384000,idle,0.000000,0,0.000000,0,0.000000,True,0.200000,10.000000,20.000000,30.000000,0.000000,0.096000,0.096000,0,0.384000,0.096000,0.384000,0.096000,0.384000,0.959166,0.959166,0.150000,0.000000,0.000772,0.000096,0.000772,0.000096,0.012864,0.012864
2025-08-30 13:45:00,0.098000,0.392000,idle,0.000000,0,0.000000,0,0.000000,True,0.200000,10.000000,20.000000,30.000000,0.000000,0.098000,0.098000,0,0.392000,0.098000,0.392000,0.098000,0.392000,0.959166,0.959166,0.150000,0.000000,0.000788,0.000098,0.000788,0.000098,0.013132,0.013132
2025-08-30 14:00:00,0.086000,0.344000,idle,0.000000,0,0.000000,0,0.000000,True,0.200000,10.000000,20.000000,30.000000,0.000000,0.086000,0.086000,0,0.344000,0.086000,0.344000,0.086000,0.344000,0.959166,0.959166,0.150000,0.000000,0.000691,0.000086,0.000691,0.000086,0.011524,0.011524
2025-08-30 14:15:00,0.073000,0.292000,idle,0.000000,0,0.000000,0,0.000000,True,0.200000,10.000000,20.000000,30.000000,0.000000,0.073000,0.073000,0,0.292000,0.073000,0.292000,0.073000,0.292000,0.959166,0.959166,0.150000,0.000000,0.000587,0.000073,0.000587,0.000073,0.009782,0.009782
2025-08-30 14:30:00,0.274000,1.096000,idle,0.000000,0,0.000000,0,0.000000,True,0.200000,10.000000,20.000000,30.000000,0.000000,0.274000,0.274000,0,1.096000,0.274000,1.096000,0.274000,1.096000,0.959166,0.959166,0.150000,0.000000,0.002203,0.000274,0.002203,0.000274,0.036716,0.036716
2025-08-30 14:45:00,0.233000,0.932000,idle,0.000000,0,0.000000,0,0.000000,True,0.200000,10.000000,20.000000,30.000000,0.000000,0.233000,0.233000,0,0.932000,0.233000,0.932000,0.233000,0.932000,0.959166,0.959166,0.150000,0.000000,0.001873,0.000233,0.001873,0.000233,0.031222,0.031222
2025-08-30 15:00:00,0.073000,0.292000,idle,0.000000,0,0.000000,0,0.000000,True,0.200000,10.000000,20.000000,30.000000,0.000000,0.073000,0.073000,0,0.292000,0.073000,0.292000,0.073000,0.292000,0.959166,0.959166,0.150000,0.000000,0.000587,0.000073,0.000587,0.000073,0.009782,0.009782
2025-08-30 15:15:00,0.084000,0.336000,idle,0.000000,0,0.000000,0,0.000000,True,0.200000,10.000000,20.000000,30.000000,0.000000,0.084000,0.084000,0,0.336000,0.084000,0.336000,0.084000,0.336000,0.959166,0.959166,0.150000,0.000000,0.000675,0.000084,0.000675,0.000084,0.011256,0.011256
2025-08-30 15:30:00,0.110000,0.440000,idle,0.000000,0,0.000000,0,0.000000,True,0.200000,10.000000,20.000000,30.000000,0.000000,0.110000,0.110000,0,0.440000,0.110000,0.440000,0.110000,0.440000,0.959166,0.959166,0.150000,0.000000,0.000884,0.000110,0.000884,0.000110,0.014740,0.014740
2025-08-30 15:45:00,0.089000,0.356000,idle,0.000000,0,0.000000,0,0.000000,True,0.200000,10.000000,20.000000,30.000000,0.000000,0.089000,0.089000,0,0.356000,0.089000,0.356000,0.089000,0.356000,0.959166,0.959166,0.150000,0.000000,0.000716,0.000089,0.000716,0.000089,0.011926,0.011926
2025-08-30 16:00:00,0.082000,0.328000,idle,0.000000,0,0.000000,0,0.000000,True,0.200000,10.000000,20.000000,30.000000,0.000000,0.082000,0.082000,0,0.328000,0.082000,0.328000,0.082000,0.328000,0.959166,0.959166,0.150000,0.000000,0.000659,0.000082,0.000659,0.000082,0.010988,0.010988
2025-08-30 16:15:00,0.230000,0.920000,idle,0.000000,0,0.000000,0,0.000000,True,0.200000,10.000000,20.000000,30.000000,0.000000,0.230000,0.230000,0,0.920000,0.230000,0.920000,0.230000,0.920000,0.959166,0.959166,0.150000,0.000000,0.001849,0.000230,0.001849,0.000230,0.030820,0.030820
2025-08-30 16:30:00,0.592000,2.368000,idle,0.000000,0,0.000000,0,0.000000,True,0.200000,10.000000,20.000000,30.000000,0.000000,0.592000,0.592000,0,2.368000,0.592000,2.368000,0.592000,2.368000,0.959166,0.959166,0.150000,0.000000,0.004760,0.000592,0.004760,0.000592,0.079328,0.079328
2025-08-30 16:45:00,0.154000,0.616000,idle,0.000000,0,0.000000,0,0.000000,True,0.200000,10.000000,20.000000,30.000000,0.000000,0.154000,0.154000,0,0.616000,0.154000,0.616000,0.154000,0.616000,0.959166,0.959166,0.150000,0.000000,0.001238,0.000154,0.001238,0.000154,0.020636,0.020636
2025-08-30 17:00:00,0.081000,0.324000,idle,0.000000,0,0.000000,0,0.000000,True,0.200000,10.000000,20.000000,30.000000,0.000000,0.081000,0.081000,0,0.324000,0.081000,0.324000,0.081000,0.324000,0.959166,0.959166,0.150000,0.000000,0.000651,0.000081,0.000651,0.000081,0.010854,0.010854
2025-08-30 17:15:00,0.100000,0.400000,idle,0.000000,0,0.000000,0,0.000000,True,0.200000,10.000000,20.000000,30.000000,0.000000,0.100000,0.100000,0,0.400000,0.100000,0.400000,0.100000,0.400000,0.959166,0.959166,0.150000,0.000000,0.000804,0.000100,0.000804,0.000100,0.013400,0.013400
2025-08-30 17:30:00,0.100000,0.400000,idle,0.000000,0,0.000000,0,0.000000,True,0.200000,10.000000,20.000000,30.000000,0.000000,0.100000,0.100000,0,0.400000,0.100000,0.400000,0.100000,0.400000,0.959166,0.959166,0.150000,0.000000,0.000804,0.000100,0.000804,0.000100,0.013400,0.013400
2025-08-30 17:45:00,0.060000,0.240000,idle,0.000000,0,0.000000,0,0.000000,True,0.200000,10.000000,20.000000,30.000000,0.000000,0.060000,0.060000,0,0.240000,0.060000,0.240000,0.060000,0.240000,0.959166,0.959166,0.150000,0.000000,0.000482,0.000060,0.000482,0.000060,0.008040,0.008040
2025-08-30 18:00:00,0.126000,0.504000,idle,0.000000,0,0.000000,0,0.000000,True,0.200000,10.000000,20.000000,30.000000,0.000000,0.126000,0.126000,0,0.504000,0.126000,0.504000,0.126000,0.504000,0.959166,0.959166,0.150000,0.000000,0.001013,0.000126,0.001013,0.000126,0.016884,0.016884
2025-08-30 18:15:00,0.181000,0.724000,idle,0.000000,0,0.000000,0,0.000000,True,0.200000,10.000000,20.000000,30.000000,0.000000,0.181000,0.181000,0,0.724000,0.181000,0.724000,0.181000,0.724000,0.959166,0.959166,0.150000,0.000000,0.001455,0.000181,0.001455,0.000181,0.024254,0.024254
2025-08-30 18:30:00,0.175000,0.700000,idle,0.000000,0,0.000000,0,0.000000,True,0.200000,10.000000,20.000000,30.000000,0.000000,0.175000,0.175000,0,0.700000,0.175000,0.700000,0.175000,0.700000,0.959166,0.959166,0.150000,0.000000,0.001407,0.000175,0.001407,0.000175,0.023450,0.023450
2025-08-30 18:45:00,0.160000,0.640000,idle,0.000000,0,0.000000,0,0.000000,True,0.200000,10.000000,20.000000,30.000000,0.000000,0.160000,0.160000,0,0.640000,0.160000,0.640000,0.160000,0.640000,0.959166,0.959166,0.150000,0.000000,0.001286,0.000160,0.001286,0.000160,0.021440,0.021440
2025-08-30 19:00:00,0.167000,0.668000,idle,0.000000,0,0.000000,0,0.000000,True,0.200000,10.000000,20.000000,30.000000,0.000000,0.167000,0.167000,0,0.668000,0.167000,0.668000,0.167000,0.668000,0.959166,0.959166,0.150000,0.000000,0.001343,0.000167,0.001343,0.000167,0.022378,0.022378
2025-08-30 19:15:00,0.170000,0.680000,idle,0.000000,0,0.000000,0,0.000000,True,0.200000,10.000000,20.000000,30.000000,0.000000,0.170000,0.170000,0,0.680000,0.170000,0.680000,0.170000,0.680000,0.959166,0.959166,0.150000,0.000000,0.001367,0.000170,0.001367,0.000170,0.022780,0.022780
2025-08-30 19:30:00,0.186000,0.744000,idle,0.000000,0,0.000000,0,0.000000,True,0.200000,10.000000,20.000000,30.000000,0.000000,0.186000,0.186000,0,0.744000,0.186000,0.744000,0.186000,0.744000,0.959166,0.959166,0.150000,0.000000,0.001495,0.000186,0.001495,0.000186,0.024924,0.024924
2025-08-30 19:45:00,0.193000,0.772000,idle,0.000000,0,0.000000,0,0.000000,True,0.200000,10.000000,20.000000,30.000000,0.000000,0.193000,0.193000,0,0.772000,0.193000,0.772000,0.193000,0.772000,0.959166,0.959166,0.150000,0.000000,0.001552,0.000193,0.001552,0.000193,0.025862,0.025862
2025-08-30 20:00:00,0.103000,0.412000,idle,0.000000,0,0.000000,0,0.000000,True,0.200000,10.000000,20.000000,30.000000,0.000000,0.103000,0.103000,0,0.412000,0.103000,0.412000,0.103000,0.412000,0.959166,0.959166,0.150000,0.000000,0.000828,0.000103,0.000828,0.000103,0.013802,0.013802
2025-08-30 20:15:00,0.043000,0.172000,idle,0.000000,0,0.000000,0,0.000000,True,0.200000,10.000000,20.000000,30.000000,0.000000,0.043000,0.043000,0,0.172000,0.043000,0.172000,0.043000,0.172000,0.959166,0.959166,0.150000,0.000000,0.000346,0.000043,0.000346,0.000043,0.005762,0.005762
2025-08-30 20:30:00,0.077000,0.308000,idle,0.000000,0,0.000000,0,0.000000,True,0.200000,10.000000,20.000000,30.000000,0.000000,0.077000,0.077000,0,0.308000,0.077000,0.308000,0.077000,0.308000,0.959166,0.959166,0.150000,0.000000,0.000619,0.000077,0.000619,0.000077,0.010318,0.010318
2025-08-30 20:45:00,0.055000,0.220000,idle,0.000000,0,0.000000,0,0.000000,True,0.200000,10.000000,20.000000,30.000000,0.000000,0.055000,0.055000,0,0.220000,0.055000,0.220000,0.055000,0.220000,0.959166,0.959166,0.150000,0.000000,0.000442,0.000055,0.000442,0.000055,0.007370,0.007370
2025-08-30 21:00:00,0.051000,0.204000,idle,0.000000,0,0.000000,0,0.000000,True,0.200000,10.000000,20.000000,30.000000,0.000000,0.051000,0.051000,0,0.204000,0.051000,0.204000,0.051000,0.204000,0.959166,0.959166,0.150000,0.000000,0.000410,0.000051,0.000410,0.000051,0.006834,0.006834
2025-08-30 21:15:00,0.074000,0.296000,idle,0.000000,0,0.000000,0,0.000000,True,0.200000,10.000000,20.000000,30.000000,0.000000,0.074000,0.074000,0,0.296000,0.074000,0.296000,0.074000,0.296000,0.959166,0.959166,0.150000,0.000000,0.000595,0.000074,0.000595,0.000074,0.009916,0.009916
2025-08-30 21:30:00,0.062000,0.248000,idle,0.000000,0,0.000000,0,0.000000,True,0.200000,10.000000,20.000000,30.000000,0.000000,0.062000,0.062000,0,0.248000,0.062000,0.248000,0.062000,0.248000,0.959166,0.959166,0.150000,0.000000,0.000498,0.000062,0.000498,0.000062,0.008308,0.008308
2025-08-30 21:45:00,0.052000,0.208000,idle,0.000000,0,0.000000,0,0.000000,True,0.200000,10.000000,20.000000,30.000000,0.000000,0.052000,0.052000,0,0.208000,0.052000,0.208000,0.052000,0.208000,0.959166,0.959166,0.150000,0.000000,0.000418,0.000052,0.000418,0.000052,0.006968,0.006968
2025-08-30 22:00:00,0.067000,0.268000,idle,0.000000,0,0.000000,0,0.000000,True,0.200000,10.000000,20.000000,30.000000,0.000000,0.067000,0.067000,0,0.268000,0.067000,0.268000,0.067000,0.268000,0.959166,0.959166,0.150000,0.000000,0.000539,0.000067,0.000539,0.000067,0.008978,0.008978
2025-08-30 22:15:00,0.087000,0.348000,idle,0.000000,0,0.000000,0,0.000000,True,0.200000,10.000000,20.000000,30.000000,0.000000,0.087000,0.087000,0,0.348000,0.087000,0.348000,0.087000,0.348000,0.959166,0.959166,0.150000,0.000000,0.000699,0.000087,0.000699,0.000087,0.011658,0.011658
2025-08-30 22:30:00,0.087000,0.348000,idle,0.000000,0,0.000000,0,0.000000,True,0.200000,10.000000,20.000000,30.000000,0.000000,0.087000,0.087000,0,0.348000,0.087000,0.348000,0.087000,0.348000,0.959166,0.959166,0.150000,0.000000,0.000699,0.000087,0.000699,0.000087,0.011658,0.011658
2025-08-30 22:45:00,0.095000,0.380000,idle,0.000000,0,0.000000,0,0.000000,True,0.200000,10.000000,20.000000,30.000000,0.000000,0.095000,0.095000,0,0.380000,0.095000,0.380000,0.095000,0.380000,0.959166,0.959166,0.150000,0.000000,0.000764,0.000095,0.000764,0.000095,0.012730,0.012730
2025-08-30 23:00:00,0.118000,0.472000,idle,0.000000,0,0.000000,0,0.000000,True,0.200000,10.000000,20.000000,30.000000,0.000000,0.118000,0.118000,0,0.472000,0.118000,0.472000,0.118000,0.472000,0.959166,0.959166,0.150000,0.000000,0.000949,0.000118,0.000949,0.000118,0.015812,0.015812
2025-08-30 23:15:00,0.094000,0.376000,idle,0.000000,0,0.000000,0,0.000000,True,0.200000,10.000000,20.000000,30.000000,0.000000,0.094000,0.094000,0,0.376000,0.094000,0.376000,0.094000,0.376000,0.959166,0.959166,0.150000,0.000000,0.000756,0.000094,0.000756,0.000094,0.012596,0.012596
2025-08-30 23:30:00,0.093000,0.372000,idle,0.000000,0,0.000000,0,0.000000,True,0.200000,10.000000,20.000000,30.000000,0.000000,0.093000,0.093000,0,0.372000,0.093000,0.372000,0.093000,0.372000,0.959166,0.959166,0.150000,0.000000,0.000748,0.000093,0.000748,0.000093,0.012462,0.012462
2025-08-30 23:45:00,0.108000,0.432000,idle,0.000000,0,0.000000,0,0.000000,True,0.200000,10.000000,20.000000,30.000000,0.000000,0.108000,0.108000,0,0.432000,0.108000,0.432000,0.108000,0.432000,0.959166,0.959166,0.150000,0.000000,0.000868,0.000108,0.000868,0.000108,0.014472,0.014472
2025-08-31 00:00:00,0.095000,0.380000,idle,0.000000,0,0.000000,0,0.000000,True,0.200000,10.000000,20.000000,30.000000,0.000000,0.095000,0.095000,0,0.380000,0.095000,0.380000,0.095000,0.380000,0.959166,0.959166,0.150000,0.000000,0.000764,0.000095,0.000764,0.000095,0.012730,0.012730
2025-08-31 00:15:00,0.085000,0.340000,idle,0.000000,0,0.000000,0,0.000000,True,0.200000,10.000000,20.000000,30.000000,0.000000,0.085000,0.085000,0,0.340000,0.085000,0.340000,0.085000,0.340000,0.959166,0.959166,0.150000,0.000000,0.000683,0.000085,0.000683,0.000085,0.011390,0.011390
2025-08-31 00:30:00,0.093000,0.372000,idle,0.000000,0,0.000000,0,0.000000,True,0.200000,10.000000,20.000000,30.000000,0.000000,0.093000,0.093000,0,0.372000,0.093000,0.372000,0.093000,0.372000,0.959166,0.959166,0.150000,0.000000,0.000748,0.000093,0.000748,0.000093,0.012462,0.012462
2025-08-31 00:45:00,0.056000,0.224000,idle,0.000000,0,0.000000,0,0.000000,True,0.200000,10.000000,20.000000,30.000000,0.000000,0.056000,0.056000,0,0.224000,0.056000,0.224000,0.056000,0.224000,0.959166,0.959166,0.150000,0.000000,0.000450,0.000056,0.000450,0.000056,0.007504,0.007504
2025-08-31 01:00:00,0.042000,0.168000,idle,0.000000,0,0.000000,0,0.000000,True,0.200000,10.000000,20.000000,30.000000,0.000000,0.042000,0.042000,0,0.168000,0.042000,0.168000,0.042000,0.168000,0.959166,0.959166,0.150000,0.000000,0.000338,0.000042,0.000338,0.000042,0.005628,0.005628
2025-08-31 01:15:00,0.038000,0.152000,idle,0.000000,0,0.000000,0,0.000000,True,0.200000,10.000000,20.000000,30.000000,0.000000,0.038000,0.038000,0,0.152000,0.038000,0.152000,0.038000,0.152000,0.959166,0.959166,0.150000,0.000000,0.000306,0.000038,0.000306,0.000038,0.005092,0.005092
2025-08-31 01:30:00,0.040000,0.160000,idle,0.000000,0,0.000000,0,0.000000,True,0.200000,10.000000,20.000000,30.000000,0.000000,0.040000,0.040000,0,0.160000,0.040000,0.160000,0.040000,0.160000,0.959166,0.959166,0.150000,0.000000,0.000322,0.000040,0.000322,0.000040,0.005360,0.005360
2025-08-31 01:45:00,0.017000,0.068000,idle,0.000000,0,0.000000,0,0.000000,True,0.200000,10.000000,20.000000,30.000000,0.000000,0.017000,0.017000,0,0.068000,0.017000,0.068000,0.017000,0.068000,0.959166,0.959166,0.150000,0.000000,0.000137,0.000017,0.000137,0.000017,0.002278,0.002278
2025-08-31 02:00:00,0.022000,0.088000,idle,0.000000,0,0.000000,0,0.000000,True,0.200000,10.000000,20.000000,30.000000,0.000000,0.022000,0.022000,0,0.088000,0.022000,0.088000,0.022000,0.088000,0.959166,0.959166,0.150000,0.000000,0.000177,0.000022,0.000177,0.000022,0.002948,0.002948
2025-08-31 02:15:00,0.058000,0.232000,idle,0.000000,0,0.000000,0,0.000000,True,0.200000,10.000000,20.000000,30.000000,0.000000,0.058000,0.058000,0,0.232000,0.058000,0.232000,0.058000,0.232000,0.959166,0.959166,0.150000,0.000000,0.000466,0.000058,0.000466,0.000058,0.007772,0.007772
2025-08-31 02:30:00,0.034000,0.136000,idle,0.000000,0,0.000000,0,0.000000,True,0.200000,10.000000,20.000000,30.000000,0.000000,0.034000,0.034000,0,0.136000,0.034000,0.136000,0.034000,0.136000,0.959166,0.959166,0.150000,0.000000,0.000273,0.000034,0.000273,0.000034,0.004556,0.004556
2025-08-31 02:45:00,0.031000,0.124000,idle,0.000000,0,0.000000,0,0.000000,True,0.200000,10.000000,20.000000,30.000000,0.000000,0.031000,0.031000,0,0.124000,0.031000,0.124000,0.031000,0.124000,0.959166,0.959166,0.150000,0.000000,0.000249,0.000031,0.000249,0.000031,0.004154,0.004154
2025-08-31 03:00:00,0.052000,0.208000,idle,0.000000,0,0.000000,0,0.000000,True,0.200000,10.000000,20.000000,30.000000,0.000000,0.052000,0.052000,0,0.208000,0.052000,0.208000,0.052000,0.208000,0.959166,0.959166,0.150000,0.000000,0.000418,0.000052,0.000418,0.000052,0.006968,0.006968
2025-08-31 03:15:00,0.042000,0.168000,idle,0.000000,0,0.000000,0,0.000000,True,0.200000,10.000000,20.000000,30.000000,0.000000,0.042000,0.042000,0,0.168000,0.042000,0.168000,0.042000,0.168000,0.959166,0.959166,0.150000,0.000000,0.000338,0.000042,0.000338,0.000042,0.005628,0.005628
2025-08-31 03:30:00,0.031000,0.124000,idle,0.000000,0,0.000000,0,0.000000,True,0.200000,10.000000,20.000000,30.000000,0.000000,0.031000,0.031000,0,0.124000,0.031000,0.124000,0.031000,0.124000,0.959166,0.959166,0.150000,0.000000,0.000249,0.000031,0.000249,0.000031,0.004154,0.004154
2025-08-31 03:45:00,0.045000,0.180000,idle,0.000000,0,0.000000,0,0.000000,True,0.200000,10.000000,20.000000,30.000000,0.000000,0.045000,0.045000,0,0.180000,0.045000,0.180000,0.045000,0.180000,0.959166,0.959166,0.150000,0.000000,0.000362,0.000045,0.000362,0.000045,0.006030,0.006030
2025-08-31 04:00:00,0.048000,0.192000,idle,0.000000,0,0.000000,0,0.000000,True,0.200000,10.000000,20.000000,30.000000,0.000000,0.048000,0.048000,0,0.192000,0.048000,0.192000,0.048000,0.192000,0.959166,0.959166,0.150000,0.000000,0.000386,0.000048,0.000386,0.000048,0.006432,0.006432
2025-08-31 04:15:00,0.032000,0.128000,idle,0.000000,0,0.000000,0,0.000000,True,0.200000,10.000000,20.000000,30.000000,0.000000,0.032000,0.032000,0,0.128000,0.032000,0.128000,0.032000,0.128000,0.959166,0.959166,0.150000,0.000000,0.000257,0.000032,0.000257,0.000032,0.004288,0.004288
2025-08-31 04:30:00,0.037000,0.148000,idle,0.000000,0,0.000000,0,0.000000,True,0.200000,10.000000,20.000000,30.000000,0.000000,0.037000,0.037000,0,0.148000,0.037000,0.148000,0.037000,0.148000,0.959166,0.959166,0.150000,0.000000,0.000297,0.000037,0.000297,0.000037,0.004958,0.004958
2025-08-31 04:45:00,0.056000,0.224000,idle,0.000000,0,0.000000,0,0.000000,True,0.200000,10.000000,20.000000,30.000000,0.000000,0.056000,0.056000,0,0.224000,0.056000,0.224000,0.056000,0.224000,0.959166,0.959166,0.150000,0.000000,0.000450,0.000056,0.000450,0.000056,0.007504,0.007504
2025-08-31 05:00:00,0.031000,0.124000,idle,0.000000,0,0.000000,0,0.000000,True,0.200000,10.000000,20.000000,30.000000,0.000000,0.031000,0.031000,0,0.124000,0.031000,0.124000,0.031000,0.124000,0.959166,0.959166,0.150000,0.000000,0.000249,0.000031,0.000249,0.000031,0.004154,0.004154
2025-08-31 05:15:00,0.031000,0.124000,idle,0.000000,0,0.000000,0,0.000000,True,0.200000,10.000000,20.000000,30.000000,0.000000,0.031000,0.031000,0,0.124000,0.031000,0.124000,0.031000,0.124000,0.959166,0.959166,0.150000,0.000000,0.000249,0.000031,0.000249,0.000031,0.004154,0.004154
2025-08-31 05:30:00,0.057000,0.228000,idle,0.000000,0,0.000000,0,0.000000,True,0.200000,10.000000,20.000000,30.000000,0.000000,0.057000,0.057000,0,0.228000,0.057000,0.228000,0.057000,0.228000,0.959166,0.959166,0.150000,0.000000,0.000458,0.000057,0.000458,0.000057,0.007638,0.007638
2025-08-31 05:45:00,0.036000,0.144000,idle,0.000000,0,0.000000,0,0.000000,True,0.200000,10.000000,20.000000,30.000000,0.000000,0.036000,0.036000,0,0.144000,0.036000,0.144000,0.036000,0.144000,0.959166,0.959166,0.150000,0.000000,0.000289,0.000036,0.000289,0.000036,0.004824,0.004824
2025-08-31 06:00:00,0.031000,0.124000,idle,0.000000,0,0.000000,0,0.000000,True,0.200000,10.000000,20.000000,30.000000,0.000000,0.031000,0.031000,0,0.124000,0.031000,0.124000,0.031000,0.124000,0.959166,0.959166,0.150000,0.000000,0.000249,0.000031,0.000249,0.000031,0.004154,0.004154
2025-08-31 06:15:00,0.050000,0.200000,idle,0.000000,0,0.000000,0,0.000000,True,0.200000,10.000000,20.000000,30.000000,0.000000,0.050000,0.050000,0,0.200000,0.050000,0.200000,0.050000,0.200000,0.959166,0.959166,0.150000,0.000000,0.000402,0.000050,0.000402,0.000050,0.006700,0.006700
2025-08-31 06:30:00,0.043000,0.172000,idle,0.000000,0,0.000000,0,0.000000,True,0.200000,10.000000,20.000000,30.000000,0.000000,0.043000,0.043000,0,0.172000,0.043000,0.172000,0.043000,0.172000,0.959166,0.959166,0.150000,0.000000,0.000346,0.000043,0.000346,0.000043,0.005762,0.005762
2025-08-31 06:45:00,0.031000,0.124000,idle,0.000000,0,0.000000,0,0.000000,True,0.200000,10.000000,20.000000,30.000000,0.000000,0.031000,0.031000,0,0.124000,0.031000,0.124000,0.031000,0.124000,0.959166,0.959166,0.150000,0.000000,0.000249,0.000031,0.000249,0.000031,0.004154,0.004154
2025-08-31 07:00:00,0.042000,0.168000,idle,0.000000,0,0.000000,0,0.000000,True,0.200000,10.000000,20.000000,30.000000,0.000000,0.042000,0.042000,0,0.168000,0.042000,0.168000,0.042000,0.168000,0.959166,0.959166,0.150000,0.000000,0.000338,0.000042,0.000338,0.000042,0.005628,0.005628
2025-08-31 07:15:00,0.051000,0.204000,idle,0.000000,0,0.000000,0,0.000000,True,0.200000,10.000000,20.000000,30.000000,0.000000,0.051000,0.051000,0,0.204000,0.051000,0.204000,0.051000,0.204000,0.959166,0.959166,0.150000,0.000000,0.000410,0.000051,0.000410,0.000051,0.006834,0.006834
2025-08-31 07:30:00,0.030000,0.120000,idle,0.000000,0,0.000000,0,0.000000,True,0.200000,10.000000,20.000000,30.000000,0.000000,0.030000,0.030000,0,0.120000,0.030000,0.120000,0.030000,0.120000,0.959166,0.959166,0.150000,0.000000,0.000241,0.000030,0.000241,0.000030,0.004020,0.004020
2025-08-31 07:45:00,0.035000,0.140000,idle,0.000000,0,0.000000,0,0.000000,True,0.200000,10.000000,20.000000,30.000000,0.000000,0.035000,0.035000,0,0.140000,0.035000,0.140000,0.035000,0.140000,0.959166,0.959166,0.150000,0.000000,0.000281,0.000035,0.000281,0.000035,0.004690,0.004690
2025-08-31 08:00:00,0.057000,0.228000,idle,0.000000,0,0.000000,0,0.000000,True,0.200000,10.000000,20.000000,30.000000,0.000000,0.057000,0.057000,0,0.228000,0.057000,0.228000,0.057000,0.228000,0.959166,0.959166,0.150000,0.000000,0.000458,0.000057,0.000458,0.000057,0.007638,0.007638
2025-08-31 08:15:00,0.033000,0.132000,idle,0.000000,0,0.000000,0,0.000000,True,0.200000,10.000000,20.000000,30.000000,0.000000,0.033000,0.033000,0,0.132000,0.033000,0.132000,0.033000,0.132000,0.959166,0.959166,0.150000,0.000000,0.000265,0.000033,0.000265,0.000033,0.004422,0.004422
2025-08-31 08:30:00,0.031000,0.124000,idle,0.000000,0,0.000000,0,0.000000,True,0.200000,10.000000,20.000000,30.000000,0.000000,0.031000,0.031000,0,0.124000,0.031000,0.124000,0.031000,0.124000,0.959166,0.959166,0.150000,0.000000,0.000249,0.000031,0.000249,0.000031,0.004154,0.004154
2025-08-31 08:45:00,0.052000,0.208000,idle,0.000000,0,0.000000,0,0.000000,True,0.200000,10.000000,20.000000,30.000000,0.000000,0.052000,0.052000,0,0.208000,0.052000,0.208000,0.052000,0.208000,0.959166,0.959166,0.150000,0.000000,0.000418,0.000052,0.000418,0.000052,0.006968,0.006968
2025-08-31 09:00:00,0.041000,0.164000,idle,0.000000,0,0.000000,0,0.000000,True,0.200000,10.000000,20.000000,30.000000,0.000000,0.041000,0.041000,0,0.164000,0.041000,0.164000,0.041000,0.164000,0.959166,0.959166,0.150000,0.000000,0.000330,0.000041,0.000330,0.000041,0.005494,0.005494
2025-08-31 09:15:00,0.032000,0.128000,idle,0.000000,0,0.000000,0,0.000000,True,0.200000,10.000000,20.000000,30.000000,0.000000,0.032000,0.032000,0,0.128000,0.032000,0.128000,0.032000,0.128000,0.959166,0.959166,0.150000,0.000000,0.000257,0.000032,0.000257,0.000032,0.004288,0.004288
2025-08-31 09:30:00,0.044000,0.176000,idle,0.000000,0,0.000000,0,0.000000,True,0.200000,10.000000,20.000000,30.000000,0.000000,0.044000,0.044000,0,0.176000,0.044000,0.176000,0.044000,0.176000,0.959166,0.959166,0.150000,0.000000,0.000354,0.000044,0.000354,0.000044,0.005896,0.005896
2025-08-31 09:45:00,0.049000,0.196000,idle,0.000000,0,0.000000,0,0.000000,True,0.200000,10.000000,20.000000,30.000000,0.000000,0.049000,0.049000,0,0.196000,0.049000,0.196000,0.049000,0.196000,0.959166,0.959166,0.150000,0.000000,0.000394,0.000049,0.000394,0.000049,0.006566,0.006566
2025-08-31 10:00:00,0.031000,0.124000,idle,0.000000,0,0.000000,0,0.000000,True,0.200000,10.000000,20.000000,30.000000,0.000000,0.031000,0.031000,0,0.124000,0.031000,0.124000,0.031000,0.124000,0.959166,0.959166,0.150000,0.000000,0.000249,0.000031,0.000249,0.000031,0.004154,0.004154
2025-08-31 10:15:00,0.082000,0.328000,idle,0.000000,0,0.000000,0,0.000000,True,0.200000,10.000000,20.000000,30.000000,0.000000,0.082000,0.082000,0,0.328000,0.082000,0.328000,0.082000,0.328000,0.959166,0.959166,0.150000,0.000000,0.000659,0.000082,0.000659,0.000082,0.010988,0.010988
2025-08-31 10:30:00,0.127000,0.508000,idle,0.000000,0,0.000000,0,0.000000,True,0.200000,10.000000,20.000000,30.000000,0.000000,0.127000,0.127000,0,0.508000,0.127000,0.508000,0.127000,0.508000,0.959166,0.959166,0.150000,0.000000,0.001021,0.000127,0.001021,0.000127,0.017018,0.017018
2025-08-31 10:45:00,0.132000,0.528000,idle,0.000000,0,0.000000,0,0.000000,True,0.200000,10.000000,20.000000,30.000000,0.000000,0.132000,0.132000,0,0.528000,0.132000,0.528000,0.132000,0.528000,0.959166,0.959166,0.150000,0.000000,0.001061,0.000132,0.001061,0.000132,0.017688,0.017688
2025-08-31 11:00:00,0.131000,0.524000,idle,0.000000,0,0.000000,0,0.000000,True,0.200000,10.000000,20.000000,30.000000,0.000000,0.131000,0.131000,0,0.524000,0.131000,0.524000,0.131000,0.524000,0.959166,0.959166,0.150000,0.000000,0.001053,0.000131,0.001053,0.000131,0.017554,0.017554
2025-08-31 11:15:00,0.156000,0.624000,idle,0.000000,0,0.000000,0,0.000000,True,0.200000,10.000000,20.000000,30.000000,0.000000,0.156000,0.156000,0,0.624000,0.156000,0.624000,0.156000,0.624000,0.959166,0.959166,0.150000,0.000000,0.001254,0.000156,0.001254,0.000156,0.020904,0.020904
2025-08-31 11:30:00,0.139000,0.556000,idle,0.000000,0,0.000000,0,0.000000,True,0.200000,10.000000,20.000000,30.000000,0.000000,0.139000,0.139000,0,0.556000,0.139000,0.556000,0.139000,0.556000,0.959166,0.959166,0.150000,0.000000,0.001118,0.000139,0.001118,0.000139,0.018626,0.018626
2025-08-31 11:45:00,0.132000,0.528000,idle,0.000000,0,0.000000,0,0.000000,True,0.200000,10.000000,20.000000,30.000000,0.000000,0.132000,0.132000,0,0.528000,0.132000,0.528000,0.132000,0.528000,0.959166,0.959166,0.150000,0.000000,0.001061,0.000132,0.001061,0.000132,0.017688,0.017688
2025-08-31 12:00:00,0.146000,0.584000,idle,0.000000,0,0.000000,0,0.000000,True,0.200000,10.000000,20.000000,30.000000,0.000000,0.146000,0.146000,0,0.584000,0.146000,0.584000,0.146000,0.584000,0.959166,0.959166,0.150000,0.000000,0.001174,0.000146,0.001174,0.000146,0.019564,0.019564
2025-08-31 12:15:00,0.147000,0.588000,idle,0.000000,0,0.000000,0,0.000000,True,0.200000,10.000000,20.000000,30.000000,0.000000,0.147000,0.147000,0,0.588000,0.147000,0.588000,0.147000,0.588000,0.959166,0.959166,0.150000,0.000000,0.001182,0.000147,0.001182,0.000147,0.019698,0.019698
2025-08-31 12:30:00,0.062000,0.248000,idle,0.000000,0,0.000000,0,0.000000,True,0.200000,10.000000,20.000000,30.000000,0.000000,0.062000,0.062000,0,0.248000,0.062000,0.248000,0.062000,0.248000,0.959166,0.959166,0.150000,0.000000,0.000498,0.000062,0.000498,0.000062,0.008308,0.008308
2025-08-31 12:45:00,0.050000,0.200000,idle,0.000000,0,0.000000,0,0.000000,True,0.200000,10.000000,20.000000,30.000000,0.000000,0.050000,0.050000,0,0.200000,0.050000,0.200000,0.050000,0.200000,0.959166,0.959166,0.150000,0.000000,0.000402,0.000050,0.000402,0.000050,0.006700,0.006700
2025-08-31 13:00:00,0.072000,0.288000,idle,0.000000,0,0.000000,0,0.000000,True,0.200000,10.000000,20.000000,30.000000,0.000000,0.072000,0.072000,0,0.288000,0.072000,0.288000,0.072000,0.288000,0.959166,0.959166,0.150000,0.000000,0.000579,0.000072,0.000579,0.000072,0.009648,0.009648
2025-08-31 13:15:00,0.057000,0.228000,idle,0.000000,0,0.000000,0,0.000000,True,0.200000,10.000000,20.000000,30.000000,0.000000,0.057000,0.057000,0,0.228000,0.057000,0.228000,0.057000,0.228000,0.959166,0.959166,0.150000,0.000000,0.000458,0.000057,0.000458,0.000057,0.007638,0.007638
2025-08-31 13:30:00,0.059000,0.236000,idle,0.000000,0,0.000000,0,0.000000,True,0.200000,10.000000,20.000000,30.000000,0.000000,0.059000,0.059000,0,0.236000,0.059000,0.236000,0.059000,0.236000,0.959166,0.959166,0.150000,0.000000,0.000474,0.000059,0.000474,0.000059,0.007906,0.007906
2025-08-31 13:45:00,0.081000,0.324000,idle,0.000000,0,0.000000,0,0.000000,True,0.200000,10.000000,20.000000,30.000000,0.000000,0.081000,0.081000,0,0.324000,0.081000,0.324000,0.081000,0.324000,0.959166,0.959166,0.150000,0.000000,0.000651,0.000081,0.000651,0.000081,0.010854,0.010854
2025-08-31 14:00:00,0.070000,0.280000,idle,0.000000,0,0.000000,0,0.000000,True,0.200000,10.000000,20.000000,30.000000,0.000000,0.070000,0.070000,0,0.280000,0.070000,0.280000,0.070000,0.280000,0.959166,0.959166,0.150000,0.000000,0.000563,0.000070,0.000563,0.000070,0.009380,0.009380
2025-08-31 14:15:00,0.060000,0.240000,idle,0.000000,0,0.000000,0,0.000000,True,0.200000,10.000000,20.000000,30.000000,0.000000,0.060000,0.060000,0,0.240000,0.060000,0.240000,0.060000,0.240000,0.959166,0.959166,0.150000,0.000000,0.000482,0.000060,0.000482,0.000060,0.008040,0.008040
2025-08-31 14:30:00,0.084000,0.336000,idle,0.000000,0,0.000000,0,0.000000,True,0.200000,10.000000,20.000000,30.000000,0.000000,0.084000,0.084000,0,0.336000,0.084000,0.336000,0.084000,0.336000,0.959166,0.959166,0.150000,0.000000,0.000675,0.000084,0.000675,0.000084,0.011256,0.011256
2025-08-31 14:45:00,0.068000,0.272000,idle,0.000000,0,0.000000,0,0.000000,True,0.200000,10.000000,20.000000,30.000000,0.000000,0.068000,0.068000,0,0.272000,0.068000,0.272000,0.068000,0.272000,0.959166,0.959166,0.150000,0.000000,0.000547,0.000068,0.000547,0.000068,0.009112,0.009112
2025-08-31 15:00:00,0.058000,0.232000,idle,0.000000,0,0.000000,0,0.000000,True,0.200000,10.000000,20.000000,30.000000,0.000000,0.058000,0.058000,0,0.232000,0.058000,0.232000,0.058000,0.232000,0.959166,0.959166,0.150000,0.000000,0.000466,0.000058,0.000466,0.000058,0.007772,0.007772
2025-08-31 15:15:00,0.064000,0.256000,idle,0.000000,0,0.000000,0,0.000000,True,0.200000,10.000000,20.000000,30.000000,0.000000,0.064000,0.064000,0,0.256000,0.064000,0.256000,0.064000,0.256000,0.959166,0.959166,0.150000,0.000000,0.000515,0.000064,0.000515,0.000064,0.008576,0.008576
2025-08-31 15:30:00,0.056000,0.224000,idle,0.000000,0,0.000000,0,0.000000,True,0.200000,10.000000,20.000000,30.000000,0.000000,0.056000,0.056000,0,0.224000,0.056000,0.224000,0.056000,0.224000,0.959166,0.959166,0.150000,0.000000,0.000450,0.000056,0.000450,0.000056,0.007504,0.007504
2025-08-31 15:45:00,0.057000,0.228000,idle,0.000000,0,0.000000,0,0.000000,True,0.200000,10.000000,20.000000,30.000000,0.000000,0.057000,0.057000,0,0.228000,0.057000,0.228000,0.057000,0.228000,0.959166,0.959166,0.150000,0.000000,0.000458,0.000057,0.000458,0.000057,0.007638,0.007638
2025-08-31 16:00:00,0.089000,0.356000,idle,0.000000,0,0.000000,0,0.000000,True,0.200000,10.000000,20.000000,30.000000,0.000000,0.089000,0.089000,0,0.356000,0.089000,0.356000,0.089000,0.356000,0.959166,0.959166,0.150000,0.000000,0.000716,0.000089,0.000716,0.000089,0.011926,0.011926
2025-08-31 16:15:00,0.070000,0.280000,idle,0.000000,0,0.000000,0,0.000000,True,0.200000,10.000000,20.000000,30.000000,0.000000,0.070000,0.070000,0,0.280000,0.070000,0.280000,0.070000,0.280000,0.959166,0.959166,0.150000,0.000000,0.000563,0.000070,0.000563,0.000070,0.009380,0.009380
2025-08-31 16:30:00,0.059000,0.236000,idle,0.000000,0,0.000000,0,0.000000,True,0.200000,10.000000,20.000000,30.000000,0.000000,0.059000,0.059000,0,0.236000,0.059000,0.236000,0.059000,0.236000,0.959166,0.959166,0.150000,0.000000,0.000474,0.000059,0.000474,0.000059,0.007906,0.007906
2025-08-31 16:45:00,0.084000,0.336000,idle,0.000000,0,0.000000,0,0.000000,True,0.200000,10.000000,20.000000,30.000000,0.000000,0.084000,0.084000,0,0.336000,0.084000,0.336000,0.084000,0.336000,0.959166,0.959166,0.150000,0.000000,0.000675,0.000084,0.000675,0.000084,0.011256,0.011256
2025-08-31 17:00:00,0.097000,0.388000,idle,0.000000,0,0.000000,0,0.000000,True,0.200000,10.000000,20.000000,30.000000,0.000000,0.097000,0.097000,0,0.388000,0.097000,0.388000,0.097000,0.388000,0.959166,0.959166,0.150000,0.000000,0.000780,0.000097,0.000780,0.000097,0.012998,0.012998
2025-08-31 17:15:00,0.145000,0.580000,idle,0.000000,0,0.000000,0,0.000000,True,0.200000,10.000000,20.000000,30.000000,0.000000,0.145000,0.145000,0,0.580000,0.145000,0.580000,0.145000,0.580000,0.959166,0.959166,0.150000,0.000000,0.001166,0.000145,0.001166,0.000145,0.019430,0.019430
2025-08-31 17:30:00,0.164000,0.656000,idle,0.000000,0,0.000000,0,0.000000,True,0.200000,10.000000,20.000000,30.000000,0.000000,0.164000,0.164000,0,0.656000,0.164000,0.656000,0.164000,0.656000,0.959166,0.959166,0.150000,0.000000,0.001319,0.000164,0.001319,0.000164,0.021976,0.021976
2025-08-31 17:45:00,0.066000,0.264000,idle,0.000000,0,0.000000,0,0.000000,True,0.200000,10.000000,20.000000,30.000000,0.000000,0.066000,0.066000,0,0.264000,0.066000,0.264000,0.066000,0.264000,0.959166,0.959166,0.150000,0.000000,0.000531,0.000066,0.000531,0.000066,0.008844,0.008844
2025-08-31 18:00:00,0.063000,0.252000,idle,0.000000,0,0.000000,0,0.000000,True,0.200000,10.000000,20.000000,30.000000,0.000000,0.063000,0.063000,0,0.252000,0.063000,0.252000,0.063000,0.252000,0.959166,0.959166,0.150000,0.000000,0.000507,0.000063,0.000507,0.000063,0.008442,0.008442
2025-08-31 18:15:00,0.117000,0.468000,idle,0.000000,0,0.000000,0,0.000000,True,0.200000,10.000000,20.000000,30.000000,0.000000,0.117000,0.117000,0,0.468000,0.117000,0.468000,0.117000,0.468000,0.959166,0.959166,0.150000,0.000000,0.000941,0.000117,0.000941,0.000117,0.015678,0.015678
2025-08-31 18:30:00,0.111000,0.444000,idle,0.000000,0,0.000000,0,0.000000,True,0.200000,10.000000,20.000000,30.000000,0.000000,0.111000,0.111000,0,0.444000,0.111000,0.444000,0.111000,0.444000,0.959166,0.959166,0.150000,0.000000,0.000892,0.000111,0.000892,0.000111,0.014874,0.014874
2025-08-31 18:45:00,0.098000,0.392000,idle,0.000000,0,0.000000,0,0.000000,True,0.200000,10.000000,20.000000,30.000000,0.000000,0.098000,0.098000,0,0.392000,0.098000,0.392000,0.098000,0.392000,0.959166,0.959166,0.150000,0.000000,0.000788,0.000098,0.000788,0.000098,0.013132,0.013132
2025-08-31 19:00:00,0.114000,0.456000,idle,0.000000,0,0.000000,0,0.000000,True,0.200000,10.000000,20.000000,30.000000,0.000000,0.114000,0.114000,0,0.456000,0.114000,0.456000,0.114000,0.456000,0.959166,0.959166,0.150000,0.000000,0.000917,0.000114,0.000917,0.000114,0.015276,0.015276
2025-08-31 19:15:00,0.138000,0.552000,idle,0.000000,0,0.000000,0,0.000000,True,0.200000,10.000000,20.000000,30.000000,0.000000,0.138000,0.138000,0,0.552000,0.138000,0.552000,0.138000,0.552000,0.959166,0.959166,0.150000,0.000000,0.001110,0.000138,0.001110,0.000138,0.018492,0.018492
2025-08-31 19:30:00,0.087000,0.348000,idle,0.000000,0,0.000000,0,0.000000,True,0.200000,10.000000,20.000000,30.000000,0.000000,0.087000,0.087000,0,0.348000,0.087000,0.348000,0.087000,0.348000,0.959166,0.959166,0.150000,0.000000,0.000699,0.000087,0.000699,0.000087,0.011658,0.011658
2025-08-31 19:45:00,0.133000,0.532000,idle,0.000000,0,0.000000,0,0.000000,True,0.200000,10.000000,20.000000,30.000000,0.000000,0.133000,0.133000,0,0.532000,0.133000,0.532000,0.133000,0.532000,0.959166,0.959166,0.150000,0.000000,0.001069,0.000133,0.001069,0.000133,0.017822,0.017822
2025-08-31 20:00:00,0.135000,0.540000,idle,0.000000,0,0.000000,0,0.000000,True,0.200000,10.000000,20.000000,30.000000,0.000000,0.135000,0.135000,0,0.540000,0.135000,0.540000,0.135000,0.540000,0.959166,0.959166,0.150000,0.000000,0.001085,0.000135,0.001085,0.000135,0.018090,0.018090
2025-08-31 20:15:00,0.120000,0.480000,idle,0.000000,0,0.000000,0,0.000000,True,0.200000,10.000000,20.000000,30.000000,0.000000,0.120000,0.120000,0,0.480000,0.120000,0.480000,0.120000,0.480000,0.959166,0.959166,0.150000,0.000000,0.000965,0.000120,0.000965,0.000120,0.016080,0.016080
2025-08-31 20:30:00,0.126000,0.504000,idle,0.000000,0,0.000000,0,0.000000,True,0.200000,10.000000,20.000000,30.000000,0.000000,0.126000,0.126000,0,0.504000,0.126000,0.504000,0.126000,0.504000,0.959166,0.959166,0.150000,0.000000,0.001013,0.000126,0.001013,0.000126,0.016884,0.016884
2025-08-31 20:45:00,0.076000,0.304000,idle,0.000000,0,0.000000,0,0.000000,True,0.200000,10.000000,20.000000,30.000000,0.000000,0.076000,0.076000,0,0.304000,0.076000,0.304000,0.076000,0.304000,0.959166,0.959166,0.150000,0.000000,0.000611,0.000076,0.000611,0.000076,0.010184,0.010184
2025-08-31 21:00:00,0.040000,0.160000,idle,0.000000,0,0.000000,0,0.000000,True,0.200000,10.000000,20.000000,30.000000,0.000000,0.040000,0.040000,0,0.160000,0.040000,0.160000,0.040000,0.160000,0.959166,0.959166,0.150000,0.000000,0.000322,0.000040,0.000322,0.000040,0.005360,0.005360
2025-08-31 21:15:00,0.028000,0.112000,idle,0.000000,0,0.000000,0,0.000000,True,0.200000,10.000000,20.000000,30.000000,0.000000,0.028000,0.028000,0,0.112000,0.028000,0.112000,0.028000,0.112000,0.959166,0.959166,0.150000,0.000000,0.000225,0.000028,0.000225,0.000028,0.003752,0.003752
2025-08-31 21:30:00,0.048000,0.192000,idle,0.000000,0,0.000000,0,0.000000,True,0.200000,10.000000,20.000000,30.000000,0.000000,0.048000,0.048000,0,0.192000,0.048000,0.192000,0.048000,0.192000,0.959166,0.959166,0.150000,0.000000,0.000386,0.000048,0.000386,0.000048,0.006432,0.006432
2025-08-31 21:45:00,0.029000,0.116000,idle,0.000000,0,0.000000,0,0.000000,True,0.200000,10.000000,20.000000,30.000000,0.000000,0.029000,0.029000,0,0.116000,0.029000,0.116000,0.029000,0.116000,0.959166,0.959166,0.150000,0.000000,0.000233,0.000029,0.000233,0.000029,0.003886,0.003886
2025-08-31 22:00:00,0.041000,0.164000,idle,0.000000,0,0.000000,0,0.000000,True,0.200000,10.000000,20.000000,30.000000,0.000000,0.041000,0.041000,0,0.164000,0.041000,0.164000,0.041000,0.164000,0.959166,0.959166,0.150000,0.000000,0.000330,0.000041,0.000330,0.000041,0.005494,0.005494
2025-08-31 22:15:00,0.068000,0.272000,idle,0.000000,0,0.000000,0,0.000000,True,0.200000,10.000000,20.000000,30.000000,0.000000,0.068000,0.068000,0,0.272000,0.068000,0.272000,0.068000,0.272000,0.959166,0.959166,0.150000,0.000000,0.000547,0.000068,0.000547,0.000068,0.009112,0.009112
2025-08-31 22:30:00,0.070000,0.280000,idle,0.000000,0,0.000000,0,0.000000,True,0.200000,10.000000,20.000000,30.000000,0.000000,0.070000,0.070000,0,0.280000,0.070000,0.280000,0.070000,0.280000,0.959166,0.959166,0.150000,0.000000,0.000563,0.000070,0.000563,0.000070,0.009380,0.009380
2025-08-31 22:45:00,0.030000,0.120000,idle,0.000000,0,0.000000,0,0.000000,True,0.200000,10.000000,20.000000,30.000000,0.000000,0.030000,0.030000,0,0.120000,0.030000,0.120000,0.030000,0.120000,0.959166,0.959166,0.150000,0.000000,0.000241,0.000030,0.000241,0.000030,0.004020,0.004020
2025-08-31 23:00:00,0.046000,0.184000,idle,0.000000,0,0.000000,0,0.000000,True,0.200000,10.000000,20.000000,30.000000,0.000000,0.046000,0.046000,0,0.184000,0.046000,0.184000,0.046000,0.184000,0.959166,0.959166,0.150000,0.000000,0.000370,0.000046,0.000370,0.000046,0.006164,0.006164
2025-08-31 23:15:00,0.046000,0.184000,idle,0.000000,0,0.000000,0,0.000000,True,0.200000,10.000000,20.000000,30.000000,0.000000,0.046000,0.046000,0,0.184000,0.046000,0.184000,0.046000,0.184000,0.959166,0.959166,0.150000,0.000000,0.000370,0.000046,0.000370,0.000046,0.006164,0.006164
2025-08-31 23:30:00,0.034000,0.136000,idle,0.000000,0,0.000000,0,0.000000,True,0.200000,10.000000,20.000000,30.000000,0.000000,0.034000,0.034000,0,0.136000,0.034000,0.136000,0.034000,0.136000,0.959166,0.959166,0.150000,0.000000,0.000273,0.000034,0.000273,0.000034,0.004556,0.004556
2025-08-31 23:45:00,0.042000,0.168000,idle,0.000000,0,0.000000,0,0.000000,True,0.200000,10.000000,20.000000,30.000000,0.000000,0.042000,0.042000,0,0.168000,0.042000,0.168000,0.042000,0.168000,0.959166,0.959166,0.150000,0.000000,0.000338,0.000042,0.000338,0.000042,0.005628,0.005628
2025-09-01 00:00:00,0.057000,0.228000,idle,0.000000,0,0.000000,0,0.000000,True,0.200000,10.000000,20.000000,30.000000,0.000000,0.057000,0.057000,0,0.228000,0.057000,0.228000,0.057000,0.228000,0.959166,0.959166,0.150000,0.000000,0.000458,0.000057,0.000458,0.000057,0.007638,0.007638
2025-09-01 00:15:00,0.032000,0.128000,idle,0.000000,0,0.000000,0,0.000000,True,0.200000,10.000000,20.000000,30.000000,0.000000,0.032000,0.032000,0,0.128000,0.032000,0.128000,0.032000,0.128000,0.959166,0.959166,0.150000,0.000000,0.000257,0.000032,0.000257,0.000032,0.004288,0.004288
2025-09-01 00:30:00,0.031000,0.124000,idle,0.000000,0,0.000000,0,0.000000,True,0.200000,10.000000,20.000000,30.000000,0.000000,0.031000,0.031000,0,0.124000,0.031000,0.124000,0.031000,0.124000,0.959166,0.959166,0.150000,0.000000,0.000249,0.000031,0.000249,0.000031,0.004154,0.004154
2025-09-01 00:45:00,0.057000,0.228000,idle,0.000000,0,0.000000,0,0.000000,True,0.200000,10.000000,20.000000,30.000000,0.000000,0.057000,0.057000,0,0.228000,0.057000,0.228000,0.057000,0.228000,0.959166,0.959166,0.150000,0.000000,0.000458,0.000057,0.000458,0.000057,0.007638,0.007638
2025-09-01 01:00:00,0.036000,0.144000,idle,0.000000,0,0.000000,0,0.000000,True,0.200000,10.000000,20.000000,30.000000,0.000000,0.036000,0.036000,0,0.144000,0.036000,0.144000,0.036000,0.144000,0.959166,0.959166,0.150000,0.000000,0.000289,0.000036,0.000289,0.000036,0.004824,0.004824
2025-09-01 01:15:00,0.030000,0.120000,idle,0.000000,0,0.000000,0,0.000000,True,0.200000,10.000000,20.000000,30.000000,0.000000,0.030000,0.030000,0,0.120000,0.030000,0.120000,0.030000,0.120000,0.959166,0.959166,0.150000,0.000000,0.000241,0.000030,0.000241,0.000030,0.004020,0.004020
2025-09-01 01:30:00,0.049000,0.196000,idle,0.000000,0,0.000000,0,0.000000,True,0.200000,10.000000,20.000000,30.000000,0.000000,0.049000,0.049000,0,0.196000,0.049000,0.196000,0.049000,0.196000,0.959166,0.959166,0.150000,0.000000,0.000394,0.000049,0.000394,0.000049,0.006566,0.006566
2025-09-01 01:45:00,0.043000,0.172000,idle,0.000000,0,0.000000,0,0.000000,True,0.200000,10.000000,20.000000,30.000000,0.000000,0.043000,0.043000,0,0.172000,0.043000,0.172000,0.043000,0.172000,0.959166,0.959166,0.150000,0.000000,0.000346,0.000043,0.000346,0.000043,0.005762,0.005762
2025-09-01 02:00:00,0.030000,0.120000,idle,0.000000,0,0.000000,0,0.000000,True,0.200000,10.000000,20.000000,30.000000,0.000000,0.030000,0.030000,0,0.120000,0.030000,0.120000,0.030000,0.120000,0.959166,0.959166,0.150000,0.000000,0.000241,0.000030,0.000241,0.000030,0.004020,0.004020
2025-09-01 02:15:00,0.041000,0.164000,idle,0.000000,0,0.000000,0,0.000000,True,0.200000,10.000000,20.000000,30.000000,0.000000,0.041000,0.041000,0,0.164000,0.041000,0.164000,0.041000,0.164000,0.959166,0.959166,0.150000,0.000000,0.000330,0.000041,0.000330,0.000041,0.005494,0.005494
2025-09-01 02:30:00,0.049000,0.196000,idle,0.000000,0,0.000000,0,0.000000,True,0.200000,10.000000,20.000000,30.000000,0.000000,0.049000,0.049000,0,0.196000,0.049000,0.196000,0.049000,0.196000,0.959166,0.959166,0.150000,0.000000,0.000394,0.000049,0.000394,0.000049,0.006566,0.006566
2025-09-01 02:45:00,0.030000,0.120000,idle,0.000000,0,0.000000,0,0.000000,True,0.200000,10.000000,20.000000,30.000000,0.000000,0.030000,0.030000,0,0.120000,0.030000,0.120000,0.030000,0.120000,0.959166,0.959166,0.150000,0.000000,0.000241,0.000030,0.000241,0.000030,0.004020,0.004020
2025-09-01 03:00:00,0.034000,0.136000,idle,0.000000,0,0.000000,0,0.000000,True,0.200000,10.000000,20.000000,30.000000,0.000000,0.034000,0.034000,0,0.136000,0.034000,0.136000,0.034000,0.136000,0.959166,0.959166,0.150000,0.000000,0.000273,0.000034,0.000273,0.000034,0.004556,0.004556
2025-09-01 03:15:00,0.057000,0.228000,idle,0.000000,0,0.000000,0,0.000000,True,0.200000,10.000000,20.000000,30.000000,0.000000,0.057000,0.057000,0,0.228000,0.057000,0.228000,0.057000,0.228000,0.959166,0.959166,0.150000,0.000000,0.000458,0.000057,0.000458,0.000057,0.007638,0.007638
2025-09-01 03:30:00,0.030000,0.120000,idle,0.000000,0,0.000000,0,0.000000,True,0.200000,10.000000,20.000000,30.000000,0.000000,0.030000,0.030000,0,0.120000,0.030000,0.120000,0.030000,0.120000,0.959166,0.959166,0.150000,0.000000,0.000241,0.000030,0.000241,0.000030,0.004020,0.004020
2025-09-01 03:45:00,0.029000,0.116000,idle,0.000000,0,0.000000,0,0.000000,True,0.200000,10.000000,20.000000,30.000000,0.000000,0.029000,0.029000,0,0.116000,0.029000,0.116000,0.029000,0.116000,0.959166,0.959166,0.150000,0.000000,0.000233,0.000029,0.000233,0.000029,0.003886,0.003886
2025-09-01 04:00:00,0.054000,0.216000,idle,0.000000,0,0.000000,0,0.000000,True,0.200000,10.000000,20.000000,30.000000,0.000000,0.054000,0.054000,0,0.216000,0.054000,0.216000,0.054000,0.216000,0.959166,0.959166,0.150000,0.000000,0.000434,0.000054,0.000434,0.000054,0.007236,0.007236
2025-09-01 04:15:00,0.037000,0.148000,idle,0.000000,0,0.000000,0,0.000000,True,0.200000,10.000000,20.000000,30.000000,0.000000,0.037000,0.037000,0,0.148000,0.037000,0.148000,0.037000,0.148000,0.959166,0.959166,0.150000,0.000000,0.000297,0.000037,0.000297,0.000037,0.004958,0.004958
2025-09-01 04:30:00,0.030000,0.120000,idle,0.000000,0,0.000000,0,0.000000,True,0.200000,10.000000,20.000000,30.000000,0.000000,0.030000,0.030000,0,0.120000,0.030000,0.120000,0.030000,0.120000,0.959166,0.959166,0.150000,0.000000,0.000241,0.000030,0.000241,0.000030,0.004020,0.004020
2025-09-01 04:45:00,0.046000,0.184000,idle,0.000000,0,0.000000,0,0.000000,True,0.200000,10.000000,20.000000,30.000000,0.000000,0.046000,0.046000,0,0.184000,0.046000,0.184000,0.046000,0.184000,0.959166,0.959166,0.150000,0.000000,0.000370,0.000046,0.000370,0.000046,0.006164,0.006164
2025-09-01 05:00:00,0.047000,0.188000,idle,0.000000,0,0.000000,0,0.000000,True,0.200000,10.000000,20.000000,30.000000,0.000000,0.047000,0.047000,0,0.188000,0.047000,0.188000,0.047000,0.188000,0.959166,0.959166,0.150000,0.000000,0.000378,0.000047,0.000378,0.000047,0.006298,0.006298
2025-09-01 05:15:00,0.030000,0.120000,idle,0.000000,0,0.000000,0,0.000000,True,0.200000,10.000000,20.000000,30.000000,0.000000,0.030000,0.030000,0,0.120000,0.030000,0.120000,0.030000,0.120000,0.959166,0.959166,0.150000,0.000000,0.000241,0.000030,0.000241,0.000030,0.004020,0.004020
2025-09-01 05:30:00,0.038000,0.152000,idle,0.000000,0,0.000000,0,0.000000,True,0.200000,10.000000,20.000000,30.000000,0.000000,0.038000,0.038000,0,0.152000,0.038000,0.152000,0.038000,0.152000,0.959166,0.959166,0.150000,0.000000,0.000306,0.000038,0.000306,0.000038,0.005092,0.005092
2025-09-01 05:45:00,0.054000,0.216000,idle,0.000000,0,0.000000,0,0.000000,True,0.200000,10.000000,20.000000,30.000000,0.000000,0.054000,0.054000,0,0.216000,0.054000,0.216000,0.054000,0.216000,0.959166,0.959166,0.150000,0.000000,0.000434,0.000054,0.000434,0.000054,0.007236,0.007236
2025-09-01 06:00:00,0.030000,0.120000,idle,0.000000,0,0.000000,0,0.000000,True,0.200000,10.000000,20.000000,30.000000,0.000000,0.030000,0.030000,0,0.120000,0.030000,0.120000,0.030000,0.120000,0.959166,0.959166,0.150000,0.000000,0.000241,0.000030,0.000241,0.000030,0.004020,0.004020
2025-09-01 06:15:00,0.030000,0.120000,idle,0.000000,0,0.000000,0,0.000000,True,0.200000,10.000000,20.000000,30.000000,0.000000,0.030000,0.030000,0,0.120000,0.030000,0.120000,0.030000,0.120000,0.959166,0.959166,0.150000,0.000000,0.000241,0.000030,0.000241,0.000030,0.004020,0.004020
2025-09-01 06:30:00,0.066000,0.264000,idle,0.000000,0,0.000000,0,0.000000,True,0.200000,10.000000,20.000000,30.000000,0.000000,0.066000,0.066000,0,0.264000,0.066000,0.264000,0.066000,0.264000,0.959166,0.959166,0.150000,0.000000,0.000531,0.000066,0.000531,0.000066,0.008844,0.008844
2025-09-01 06:45:00,0.035000,0.140000,idle,0.000000,0,0.000000,0,0.000000,True,0.200000,10.000000,20.000000,30.000000,0.000000,0.035000,0.035000,0,0.140000,0.035000,0.140000,0.035000,0.140000,0.959166,0.959166,0.150000,0.000000,0.000281,0.000035,0.000281,0.000035,0.004690,0.004690
2025-09-01 07:00:00,0.016000,0.064000,idle,0.000000,0,0.000000,0,0.000000,True,0.200000,10.000000,20.000000,30.000000,0.000000,0.016000,0.016000,0,0.064000,0.016000,0.064000,0.016000,0.064000,0.959166,0.959166,0.150000,0.000000,0.000129,0.000016,0.000129,0.000016,0.002144,0.002144
2025-09-01 07:15:00,0.033000,0.132000,idle,0.000000,0,0.000000,0,0.000000,True,0.200000,10.000000,20.000000,30.000000,0.000000,0.033000,0.033000,0,0.132000,0.033000,0.132000,0.033000,0.132000,0.959166,0.959166,0.150000,0.000000,0.000265,0.000033,0.000265,0.000033,0.004422,0.004422
2025-09-01 07:30:00,0.030000,0.120000,idle,0.000000,0,0.000000,0,0.000000,True,0.200000,10.000000,20.000000,30.000000,0.000000,0.030000,0.030000,0,0.120000,0.030000,0.120000,0.030000,0.120000,0.959166,0.959166,0.150000,0.000000,0.000241,0.000030,0.000241,0.000030,0.004020,0.004020
2025-09-01 07:45:00,0.017000,0.068000,idle,0.000000,0,0.000000,0,0.000000,True,0.200000,10.000000,20.000000,30.000000,0.000000,0.017000,0.017000,0,0.068000,0.017000,0.068000,0.017000,0.068000,0.959166,0.959166,0.150000,0.000000,0.000137,0.000017,0.000137,0.000017,0.002278,0.002278
2025-09-01 08:00:00,0.024000,0.096000,idle,0.000000,0,0.000000,0,0.000000,True,0.200000,10.000000,20.000000,30.000000,0.000000,0.024000,0.024000,0,0.096000,0.024000,0.096000,0.024000,0.096000,0.959166,0.959166,0.150000,0.000000,0.000193,0.000024,0.000193,0.000024,0.003216,0.003216
2025-09-01 08:15:00,0.038000,0.152000,idle,0.000000,0,0.000000,0,0.000000,True,0.200000,10.000000,20.000000,30.000000,0.000000,0.038000,0.038000,0,0.152000,0.038000,0.152000,0.038000,0.152000,0.959166,0.959166,0.150000,0.000000,0.000306,0.000038,0.000306,0.000038,0.005092,0.005092
2025-09-01 08:30:00,0.016000,0.064000,idle,0.000000,0,0.000000,0,0.000000,True,0.200000,10.000000,20.000000,30.000000,0.000000,0.016000,0.016000,0,0.064000,0.016000,0.064000,0.016000,0.064000,0.959166,0.959166,0.150000,0.000000,0.000129,0.000016,0.000129,0.000016,0.002144,0.002144
2025-09-01 08:45:00,0.016000,0.064000,idle,0.000000,0,0.000000,0,0.000000,True,0.200000,10.000000,20.000000,30.000000,0.000000,0.016000,0.016000,0,0.064000,0.016000,0.064000,0.016000,0.064000,0.959166,0.959166,0.150000,0.000000,0.000129,0.000016,0.000129,0.000016,0.002144,0.002144
2025-09-01 09:00:00,0.043000,0.172000,idle,0.000000,0,0.000000,0,0.000000,True,0.200000,10.000000,20.000000,30.000000,0.000000,0.043000,0.043000,0,0.172000,0.043000,0.172000,0.043000,0.172000,0.959166,0.959166,0.150000,0.000000,0.000346,0.000043,0.000346,0.000043,0.005762,0.005762
2025-09-01 09:15:00,0.021000,0.084000,idle,0.000000,0,0.000000,0,0.000000,True,0.200000,10.000000,20.000000,30.000000,0.000000,0.021000,0.021000,0,0.084000,0.021000,0.084000,0.021000,0.084000,0.959166,0.959166,0.150000,0.000000,0.000169,0.000021,0.000169,0.000021,0.002814,0.002814
2025-09-01 09:30:00,0.016000,0.064000,idle,0.000000,0,0.000000,0,0.000000,True,0.200000,10.000000,20.000000,30.000000,0.000000,0.016000,0.016000,0,0.064000,0.016000,0.064000,0.016000,0.064000,0.959166,0.959166,0.150000,0.000000,0.000129,0.000016,0.000129,0.000016,0.002144,0.002144
2025-09-01 09:45:00,0.033000,0.132000,idle,0.000000,0,0.000000,0,0.000000,True,0.200000,10.000000,20.000000,30.000000,0.000000,0.033000,0.033000,0,0.132000,0.033000,0.132000,0.033000,0.132000,0.959166,0.959166,0.150000,0.000000,0.000265,0.000033,0.000265,0.000033,0.004422,0.004422
2025-09-01 10:00:00,0.030000,0.120000,idle,0.000000,0,0.000000,0,0.000000,True,0.200000,10.000000,20.000000,30.000000,0.000000,0.030000,0.030000,0,0.120000,0.030000,0.120000,0.030000,0.120000,0.959166,0.959166,0.150000,0.000000,0.000241,0.000030,0.000241,0.000030,0.004020,0.004020
2025-09-01 10:15:00,0.016000,0.064000,idle,0.000000,0,0.000000,0,0.000000,True,0.200000,10.000000,20.000000,30.000000,0.000000,0.016000,0.016000,0,0.064000,0.016000,0.064000,0.016000,0.064000,0.959166,0.959166,0.150000,0.000000,0.000129,0.000016,0.000129,0.000016,0.002144,0.002144
2025-09-01 10:30:00,0.024000,0.096000,idle,0.000000,0,0.000000,0,0.000000,True,0.200000,10.000000,20.000000,30.000000,0.000000,0.024000,0.024000,0,0.096000,0.024000,0.096000,0.024000,0.096000,0.959166,0.959166,0.150000,0.000000,0.000193,0.000024,0.000193,0.000024,0.003216,0.003216
2025-09-01 10:45:00,0.039000,0.156000,idle,0.000000,0,0.000000,0,0.000000,True,0.200000,10.000000,20.000000,30.000000,0.000000,0.039000,0.039000,0,0.156000,0.039000,0.156000,0.039000,0.156000,0.959166,0.959166,0.150000,0.000000,0.000314,0.000039,0.000314,0.000039,0.005226,0.005226
2025-09-01 11:00:00,0.017000,0.068000,idle,0.000000,0,0.000000,0,0.000000,True,0.200000,10.000000,20.000000,30.000000,0.000000,0.017000,0.017000,0,0.068000,0.017000,0.068000,0.017000,0.068000,0.959166,0.959166,0.150000,0.000000,0.000137,0.000017,0.000137,0.000017,0.002278,0.002278
2025-09-01 11:15:00,0.016000,0.064000,idle,0.000000,0,0.000000,0,0.000000,True,0.200000,10.000000,20.000000,30.000000,0.000000,0.016000,0.016000,0,0.064000,0.016000,0.064000,0.016000,0.064000,0.959166,0.959166,0.150000,0.000000,0.000129,0.000016,0.000129,0.000016,0.002144,0.002144
2025-09-01 11:30:00,0.041000,0.164000,idle,0.000000,0,0.000000,0,0.000000,True,0.200000,10.000000,20.000000,30.000000,0.000000,0.041000,0.041000,0,0.164000,0.041000,0.164000,0.041000,0.164000,0.959166,0.959166,0.150000,0.000000,0.000330,0.000041,0.000330,0.000041,0.005494,0.005494
2025-09-01 11:45:00,0.023000,0.092000,idle,0.000000,0,0.000000,0,0.000000,True,0.200000,10.000000,20.000000,30.000000,0.000000,0.023000,0.023000,0,0.092000,0.023000,0.092000,0.023000,0.092000,0.959166,0.959166,0.150000,0.000000,0.000185,0.000023,0.000185,0.000023,0.003082,0.003082
2025-09-01 12:00:00,0.016000,0.064000,idle,0.000000,0,0.000000,0,0.000000,True,0.200000,10.000000,20.000000,30.000000,0.000000,0.016000,0.016000,0,0.064000,0.016000,0.064000,0.016000,0.064000,0.959166,0.959166,0.150000,0.000000,0.000129,0.000016,0.000129,0.000016,0.002144,0.002144
2025-09-01 12:15:00,0.031000,0.124000,idle,0.000000,0,0.000000,0,0.000000,True,0.200000,10.000000,20.000000,30.000000,0.000000,0.031000,0.031000,0,0.124000,0.031000,0.124000,0.031000,0.124000,0.959166,0.959166,0.150000,0.000000,0.000249,0.000031,0.000249,0.000031,0.004154,0.004154
2025-09-01 12:30:00,0.032000,0.128000,idle,0.000000,0,0.000000,0,0.000000,True,0.200000,10.000000,20.000000,30.000000,0.000000,0.032000,0.032000,0,0.128000,0.032000,0.128000,0.032000,0.128000,0.959166,0.959166,0.150000,0.000000,0.000257,0.000032,0.000257,0.000032,0.004288,0.004288
2025-09-01 12:45:00,0.017000,0.068000,idle,0.000000,0,0.000000,0,0.000000,True,0.200000,10.000000,20.000000,30.000000,0.000000,0.017000,0.017000,0,0.068000,0.017000,0.068000,0.017000,0.068000,0.959166,0.959166,0.150000,0.000000,0.000137,0.000017,0.000137,0.000017,0.002278,0.002278
2025-09-01 13:00:00,0.021000,0.084000,idle,0.000000,0,0.000000,0,0.000000,True,0.200000,10.000000,20.000000,30.000000,0.000000,0.021000,0.021000,0,0.084000,0.021000,0.084000,0.021000,0.084000,0.959166,0.959166,0.150000,0.000000,0.000169,0.000021,0.000169,0.000021,0.002814,0.002814
2025-09-01 13:15:00,0.042000,0.168000,idle,0.000000,0,0.000000,0,0.000000,True,0.200000,10.000000,20.000000,30.000000,0.000000,0.042000,0.042000,0,0.168000,0.042000,0.168000,0.042000,0.168000,0.959166,0.959166,0.150000,0.000000,0.000338,0.000042,0.000338,0.000042,0.005628,0.005628
2025-09-01 13:30:00,0.017000,0.068000,idle,0.000000,0,0.000000,0,0.000000,True,0.200000,10.000000,20.000000,30.000000,0.000000,0.017000,0.017000,0,0.068000,0.017000,0.068000,0.017000,0.068000,0.959166,0.959166,0.150000,0.000000,0.000137,0.000017,0.000137,0.000017,0.002278,0.002278
2025-09-01 13:45:00,0.016000,0.064000,idle,0.000000,0,0.000000,0,0.000000,True,0.200000,10.000000,20.000000,30.000000,0.000000,0.016000,0.016000,0,0.064000,0.016000,0.064000,0.016000,0.064000,0.959166,0.959166,0.150000,0.000000,0.000129,0.000016,0.000129,0.000016,0.002144,0.002144
2025-09-01 14:00:00,0.037000,0.148000,idle,0.000000,0,0.000000,0,0.000000,True,0.200000,10.000000,20.000000,30.000000,0.000000,0.037000,0.037000,0,0.148000,0.037000,0.148000,0.037000,0.148000,0.959166,0.959166,0.150000,0.000000,0.000297,0.000037,0.000297,0.000037,0.004958,0.004958
2025-09-01 14:15:00,0.028000,0.112000,idle,0.000000,0,0.000000,0,0.000000,True,0.200000,10.000000,20.000000,30.000000,0.000000,0.028000,0.028000,0,0.112000,0.028000,0.112000,0.028000,0.112000,0.959166,0.959166,0.150000,0.000000,0.000225,0.000028,0.000225,0.000028,0.003752,0.003752
2025-09-01 14:30:00,0.016000,0.064000,idle,0.000000,0,0.000000,0,0.000000,True,0.200000,10.000000,20.000000,30.000000,0.000000,0.016000,0.016000,0,0.064000,0.016000,0.064000,0.016000,0.064000,0.959166,0.959166,0.150000,0.000000,0.000129,0.000016,0.000129,0.000016,0.002144,0.002144
2025-09-01 14:45:00,0.026000,0.104000,idle,0.000000,0,0.000000,0,0.000000,True,0.200000,10.000000,20.000000,30.000000,0.000000,0.026000,0.026000,0,0.104000,0.026000,0.104000,0.026000,0.104000,0.959166,0.959166,0.150000,0.000000,0.000209,0.000026,0.000209,0.000026,0.003484,0.003484
2025-09-01 15:00:00,0.037000,0.148000,idle,0.000000,0,0.000000,0,0.000000,True,0.200000,10.000000,20.000000,30.000000,0.000000,0.037000,0.037000,0,0.148000,0.037000,0.148000,0.037000,0.148000,0.959166,0.959166,0.150000,0.000000,0.000297,0.000037,0.000297,0.000037,0.004958,0.004958
2025-09-01 15:15:00,0.016000,0.064000,idle,0.000000,0,0.000000,0,0.000000,True,0.200000,10.000000,20.000000,30.000000,0.000000,0.016000,0.016000,0,0.064000,0.016000,0.064000,0.016000,0.064000,0.959166,0.959166,0.150000,0.000000,0.000129,0.000016,0.000129,0.000016,0.002144,0.002144
2025-09-01 15:30:00,0.017000,0.068000,idle,0.000000,0,0.000000,0,0.000000,True,0.200000,10.000000,20.000000,30.000000,0.000000,0.017000,0.017000,0,0.068000,0.017000,0.068000,0.017000,0.068000,0.959166,0.959166,0.150000,0.000000,0.000137,0.000017,0.000137,0.000017,0.002278,0.002278
2025-09-01 15:45:00,0.043000,0.172000,idle,0.000000,0,0.000000,0,0.000000,True,0.200000,10.000000,20.000000,30.000000,0.000000,0.043000,0.043000,0,0.172000,0.043000,0.172000,0.043000,0.172000,0.959166,0.959166,0.150000,0.000000,0.000346,0.000043,0.000346,0.000043,0.005762,0.005762
2025-09-01 16:00:00,0.021000,0.084000,idle,0.000000,0,0.000000,0,0.000000,True,0.200000,10.000000,20.000000,30.000000,0.000000,0.021000,0.021000,0,0.084000,0.021000,0.084000,0.021000,0.084000,0.959166,0.959166,0.150000,0.000000,0.000169,0.000021,0.000169,0.000021,0.002814,0.002814
2025-09-01 16:15:00,0.016000,0.064000,idle,0.000000,0,0.000000,0,0.000000,True,0.200000,10.000000,20.000000,30.000000,0.000000,0.016000,0.016000,0,0.064000,0.016000,0.064000,0.016000,0.064000,0.959166,0.959166,0.150000,0.000000,0.000129,0.000016,0.000129,0.000016,0.002144,0.002144
2025-09-01 16:30:00,0.033000,0.132000,idle,0.000000,0,0.000000,0,0.000000,True,0.200000,10.000000,20.000000,30.000000,0.000000,0.033000,0.033000,0,0.132000,0.033000,0.132000,0.033000,0.132000,0.959166,0.959166,0.150000,0.000000,0.000265,0.000033,0.000265,0.000033,0.004422,0.004422
2025-09-01 16:45:00,0.032000,0.128000,idle,0.000000,0,0.000000,0,0.000000,True,0.200000,10.000000,20.000000,30.000000,0.000000,0.032000,0.032000,0,0.128000,0.032000,0.128000,0.032000,0.128000,0.959166,0.959166,0.150000,0.000000,0.000257,0.000032,0.000257,0.000032,0.004288,0.004288
2025-09-01 17:00:00,0.016000,0.064000,idle,0.000000,0,0.000000,0,0.000000,True,0.200000,10.000000,20.000000,30.000000,0.000000,0.016000,0.016000,0,0.064000,0.016000,0.064000,0.016000,0.064000,0.959166,0.959166,0.150000,0.000000,0.000129,0.000016,0.000129,0.000016,0.002144,0.002144
2025-09-01 17:15:00,0.022000,0.088000,idle,0.000000,0,0.000000,0,0.000000,True,0.200000,10.000000,20.000000,30.000000,0.000000,0.022000,0.022000,0,0.088000,0.022000,0.088000,0.022000,0.088000,0.959166,0.959166,0.150000,0.000000,0.000177,0.000022,0.000177,0.000022,0.002948,0.002948
2025-09-01 17:30:00,0.042000,0.168000,idle,0.000000,0,0.000000,0,0.000000,True,0.200000,10.000000,20.000000,30.000000,0.000000,0.042000,0.042000,0,0.168000,0.042000,0.168000,0.042000,0.168000,0.959166,0.959166,0.150000,0.000000,0.000338,0.000042,0.000338,0.000042,0.005628,0.005628
2025-09-01 17:45:00,0.017000,0.068000,idle,0.000000,0,0.000000,0,0.000000,True,0.200000,10.000000,20.000000,30.000000,0.000000,0.017000,0.017000,0,0.068000,0.017000,0.068000,0.017000,0.068000,0.959166,0.959166,0.150000,0.000000,0.000137,0.000017,0.000137,0.000017,0.002278,0.002278
2025-09-01 18:00:00,0.016000,0.064000,idle,0.000000,0,0.000000,0,0.000000,True,0.200000,10.000000,20.000000,30.000000,0.000000,0.016000,0.016000,0,0.064000,0.016000,0.064000,0.016000,0.064000,0.959166,0.959166,0.150000,0.000000,0.000129,0.000016,0.000129,0.000016,0.002144,0.002144
2025-09-01 18:15:00,0.037000,0.148000,idle,0.000000,0,0.000000,0,0.000000,True,0.200000,10.000000,20.000000,30.000000,0.000000,0.037000,0.037000,0,0.148000,0.037000,0.148000,0.037000,0.148000,0.959166,0.959166,0.150000,0.000000,0.000297,0.000037,0.000297,0.000037,0.004958,0.004958
2025-09-01 18:30:00,0.027000,0.108000,idle,0.000000,0,0.000000,0,0.000000,True,0.200000,10.000000,20.000000,30.000000,0.000000,0.027000,0.027000,0,0.108000,0.027000,0.108000,0.027000,0.108000,0.959166,0.959166,0.150000,0.000000,0.000217,0.000027,0.000217,0.000027,0.003618,0.003618
2025-09-01 18:45:00,0.016000,0.064000,idle,0.000000,0,0.000000,0,0.000000,True,0.200000,10.000000,20.000000,30.000000,0.000000,0.016000,0.016000,0,0.064000,0.016000,0.064000,0.016000,0.064000,0.959166,0.959166,0.150000,0.000000,0.000129,0.000016,0.000129,0.000016,0.002144,0.002144
2025-09-01 19:00:00,0.028000,0.112000,idle,0.000000,0,0.000000,0,0.000000,True,0.200000,10.000000,20.000000,30.000000,0.000000,0.028000,0.028000,0,0.112000,0.028000,0.112000,0.028000,0.112000,0.959166,0.959166,0.150000,0.000000,0.000225,0.000028,0.000225,0.000028,0.003752,0.003752
2025-09-01 19:15:00,0.035000,0.140000,idle,0.000000,0,0.000000,0,0.000000,True,0.200000,10.000000,20.000000,30.000000,0.000000,0.035000,0.035000,0,0.140000,0.035000,0.140000,0.035000,0.140000,0.959166,0.959166,0.150000,0.000000,0.000281,0.000035,0.000281,0.000035,0.004690,0.004690
2025-09-01 19:30:00,0.016000,0.064000,idle,0.000000,0,0.000000,0,0.000000,True,0.200000,10.000000,20.000000,30.000000,0.000000,0.016000,0.016000,0,0.064000,0.016000,0.064000,0.016000,0.064000,0.959166,0.959166,0.150000,0.000000,0.000129,0.000016,0.000129,0.000016,0.002144,0.002144
2025-09-01 19:45:00,0.019000,0.076000,idle,0.000000,0,0.000000,0,0.000000,True,0.200000,10.000000,20.000000,30.000000,0.000000,0.019000,0.019000,0,0.076000,0.019000,0.076000,0.019000,0.076000,0.959166,0.959166,0.150000,0.000000,0.000153,0.000019,0.000153,0.000019,0.002546,0.002546
2025-09-01 20:00:00,0.043000,0.172000,idle,0.000000,0,0.000000,0,0.000000,True,0.200000,10.000000,20.000000,30.000000,0.000000,0.043000,0.043000,0,0.172000,0.043000,0.172000,0.043000,0.172000,0.959166,0.959166,0.150000,0.000000,0.000346,0.000043,0.000346,0.000043,0.005762,0.005762
2025-09-01 20:15:00,0.019000,0.076000,idle,0.000000,0,0.000000,0,0.000000,True,0.200000,10.000000,20.000000,30.000000,0.000000,0.019000,0.019000,0,0.076000,0.019000,0.076000,0.019000,0.076000,0.959166,0.959166,0.150000,0.000000,0.000153,0.000019,0.000153,0.000019,0.002546,0.002546
2025-09-01 20:30:00,0.016000,0.064000,idle,0.000000,0,0.000000,0,0.000000,True,0.200000,10.000000,20.000000,30.000000,0.000000,0.016000,0.016000,0,0.064000,0.016000,0.064000,0.016000,0.064000,0.959166,0.959166,0.150000,0.000000,0.000129,0.000016,0.000129,0.000016,0.002144,0.002144
2025-09-01 20:45:00,0.036000,0.144000,idle,0.000000,0,0.000000,0,0.000000,True,0.200000,10.000000,20.000000,30.000000,0.000000,0.036000,0.036000,0,0.144000,0.036000,0.144000,0.036000,0.144000,0.959166,0.959166,0.150000,0.000000,0.000289,0.000036,0.000289,0.000036,0.004824,0.004824
2025-09-01 21:00:00,0.029000,0.116000,idle,0.000000,0,0.000000,0,0.000000,True,0.200000,10.000000,20.000000,30.000000,0.000000,0.029000,0.029000,0,0.116000,0.029000,0.116000,0.029000,0.116000,0.959166,0.959166,0.150000,0.000000,0.000233,0.000029,0.000233,0.000029,0.003886,0.003886
2025-09-01 21:15:00,0.016000,0.064000,idle,0.000000,0,0.000000,0,0.000000,True,0.200000,10.000000,20.000000,30.000000,0.000000,0.016000,0.016000,0,0.064000,0.016000,0.064000,0.016000,0.064000,0.959166,0.959166,0.150000,0.000000,0.000129,0.000016,0.000129,0.000016,0.002144,0.002144
2025-09-01 21:30:00,0.026000,0.104000,idle,0.000000,0,0.000000,0,0.000000,True,0.200000,10.000000,20.000000,30.000000,0.000000,0.026000,0.026000,0,0.104000,0.026000,0.104000,0.026000,0.104000,0.959166,0.959166,0.150000,0.000000,0.000209,0.000026,0.000209,0.000026,0.003484,0.003484
2025-09-01 21:45:00,0.038000,0.152000,idle,0.000000,0,0.000000,0,0.000000,True,0.200000,10.000000,20.000000,30.000000,0.000000,0.038000,0.038000,0,0.152000,0.038000,0.152000,0.038000,0.152000,0.959166,0.959166,0.150000,0.000000,0.000306,0.000038,0.000306,0.000038,0.005092,0.005092
2025-09-01 22:00:00,0.017000,0.068000,idle,0.000000,0,0.000000,0,0.000000,True,0.200000,10.000000,20.000000,30.000000,0.000000,0.017000,0.017000,0,0.068000,0.017000,0.068000,0.017000,0.068000,0.959166,0.959166,0.150000,0.000000,0.000137,0.000017,0.000137,0.000017,0.002278,0.002278
2025-09-01 22:15:00,0.016000,0.064000,idle,0.000000,0,0.000000,0,0.000000,True,0.200000,10.000000,20.000000,30.000000,0.000000,0.016000,0.016000,0,0.064000,0.016000,0.064000,0.016000,0.064000,0.959166,0.959166,0.150000,0.000000,0.000129,0.000016,0.000129,0.000016,0.002144,0.002144
2025-09-01 22:30:00,0.042000,0.168000,idle,0.000000,0,0.000000,0,0.000000,True,0.200000,10.000000,20.000000,30.000000,0.000000,0.042000,0.042000,0,0.168000,0.042000,0.168000,0.042000,0.168000,0.959166,0.959166,0.150000,0.000000,0.000338,0.000042,0.000338,0.000042,0.005628,0.005628
2025-09-01 22:45:00,0.022000,0.088000,idle,0.000000,0,0.000000,0,0.000000,True,0.200000,10.000000,20.000000,30.000000,0.000000,0.022000,0.022000,0,0.088000,0.022000,0.088000,0.022000,0.088000,0.959166,0.959166,0.150000,0.000000,0.000177,0.000022,0.000177,0.000022,0.002948,0.002948
2025-09-01 23:00:00,0.016000,0.064000,idle,0.000000,0,0.000000,0,0.000000,True,0.200000,10.000000,20.000000,30.000000,0.000000,0.016000,0.016000,0,0.064000,0.016000,0.064000,0.016000,0.064000,0.959166,0.959166,0.150000,0.000000,0.000129,0.000016,0.000129,0.000016,0.002144,0.002144
2025-09-01 23:15:00,0.031000,0.124000,idle,0.000000,0,0.000000,0,0.000000,True,0.200000,10.000000,20.000000,30.000000,0.000000,0.031000,0.031000,0,0.124000,0.031000,0.124000,0.031000,0.124000,0.959166,0.959166,0.150000,0.000000,0.000249,0.000031,0.000249,0.000031,0.004154,0.004154
2025-09-01 23:30:00,0.031000,0.124000,idle,0.000000,0,0.000000,0,0.000000,True,0.200000,10.000000,20.000000,30.000000,0.000000,0.031000,0.031000,0,0.124000,0.031000,0.124000,0.031000,0.124000,0.959166,0.959166,0.150000,0.000000,0.000249,0.000031,0.000249,0.000031,0.004154,0.004154
2025-09-01 23:45:00,0.016000,0.064000,idle,0.000000,0,0.000000,0,0.000000,True,0.200000,10.000000,20.000000,30.000000,0.000000,0.016000,0.016000,0,0.064000,0.016000,0.064000,0.016000,0.064000,0.959166,0.959166,0.150000,0.000000,0.000129,0.000016,0.000129,0.000016,0.002144,0.002144
2025-09-02 00:00:00,0.023000,0.092000,idle,0.000000,0,0.000000,0,0.000000,True,0.200000,10.000000,20.000000,30.000000,0.000000,0.023000,0.023000,0,0.092000,0.023000,0.092000,0.023000,0.092000,0.959166,0.959166,0.150000,0.000000,0.000185,0.000023,0.000185,0.000023,0.003082,0.003082
2025-09-02 00:15:00,0.040000,0.160000,idle,0.000000,0,0.000000,0,0.000000,True,0.200000,10.000000,20.000000,30.000000,0.000000,0.040000,0.040000,0,0.160000,0.040000,0.160000,0.040000,0.160000,0.959166,0.959166,0.150000,0.000000,0.000322,0.000040,0.000322,0.000040,0.005360,0.005360
2025-09-02 00:30:00,0.016000,0.064000,idle,0.000000,0,0.000000,0,0.000000,True,0.200000,10.000000,20.000000,30.000000,0.000000,0.016000,0.016000,0,0.064000,0.016000,0.064000,0.016000,0.064000,0.959166,0.959166,0.150000,0.000000,0.000129,0.000016,0.000129,0.000016,0.002144,0.002144
2025-09-02 00:45:00,0.016000,0.064000,idle,0.000000,0,0.000000,0,0.000000,True,0.200000,10.000000,20.000000,30.000000,0.000000,0.016000,0.016000,0,0.064000,0.016000,0.064000,0.016000,0.064000,0.959166,0.959166,0.150000,0.000000,0.000129,0.000016,0.000129,0.000016,0.002144,0.002144
2025-09-02 01:00:00,0.040000,0.160000,idle,0.000000,0,0.000000,0,0.000000,True,0.200000,10.000000,20.000000,30.000000,0.000000,0.040000,0.040000,0,0.160000,0.040000,0.160000,0.040000,0.160000,0.959166,0.959166,0.150000,0.000000,0.000322,0.000040,0.000322,0.000040,0.005360,0.005360
2025-09-02 01:15:00,0.023000,0.092000,idle,0.000000,0,0.000000,0,0.000000,True,0.200000,10.000000,20.000000,30.000000,0.000000,0.023000,0.023000,0,0.092000,0.023000,0.092000,0.023000,0.092000,0.959166,0.959166,0.150000,0.000000,0.000185,0.000023,0.000185,0.000023,0.003082,0.003082
2025-09-02 01:30:00,0.016000,0.064000,idle,0.000000,0,0.000000,0,0.000000,True,0.200000,10.000000,20.000000,30.000000,0.000000,0.016000,0.016000,0,0.064000,0.016000,0.064000,0.016000,0.064000,0.959166,0.959166,0.150000,0.000000,0.000129,0.000016,0.000129,0.000016,0.002144,0.002144
2025-09-02 01:45:00,0.030000,0.120000,idle,0.000000,0,0.000000,0,0.000000,True,0.200000,10.000000,20.000000,30.000000,0.000000,0.030000,0.030000,0,0.120000,0.030000,0.120000,0.030000,0.120000,0.959166,0.959166,0.150000,0.000000,0.000241,0.000030,0.000241,0.000030,0.004020,0.004020
2025-09-02 02:00:00,0.034000,0.136000,idle,0.000000,0,0.000000,0,0.000000,True,0.200000,10.000000,20.000000,30.000000,0.000000,0.034000,0.034000,0,0.136000,0.034000,0.136000,0.034000,0.136000,0.959166,0.959166,0.150000,0.000000,0.000273,0.000034,0.000273,0.000034,0.004556,0.004556
2025-09-02 02:15:00,0.016000,0.064000,idle,0.000000,0,0.000000,0,0.000000,True,0.200000,10.000000,20.000000,30.000000,0.000000,0.016000,0.016000,0,0.064000,0.016000,0.064000,0.016000,0.064000,0.959166,0.959166,0.150000,0.000000,0.000129,0.000016,0.000129,0.000016,0.002144,0.002144
2025-09-02 02:30:00,0.020000,0.080000,idle,0.000000,0,0.000000,0,0.000000,True,0.200000,10.000000,20.000000,30.000000,0.000000,0.020000,0.020000,0,0.080000,0.020000,0.080000,0.020000,0.080000,0.959166,0.959166,0.150000,0.000000,0.000161,0.000020,0.000161,0.000020,0.002680,0.002680
2025-09-02 02:45:00,0.042000,0.168000,idle,0.000000,0,0.000000,0,0.000000,True,0.200000,10.000000,20.000000,30.000000,0.000000,0.042000,0.042000,0,0.168000,0.042000,0.168000,0.042000,0.168000,0.959166,0.959166,0.150000,0.000000,0.000338,0.000042,0.000338,0.000042,0.005628,0.005628
2025-09-02 03:00:00,0.018000,0.072000,idle,0.000000,0,0.000000,0,0.000000,True,0.200000,10.000000,20.000000,30.000000,0.000000,0.018000,0.018000,0,0.072000,0.018000,0.072000,0.018000,0.072000,0.959166,0.959166,0.150000,0.000000,0.000145,0.000018,0.000145,0.000018,0.002412,0.002412
2025-09-02 03:15:00,0.017000,0.068000,idle,0.000000,0,0.000000,0,0.000000,True,0.200000,10.000000,20.000000,30.000000,0.000000,0.017000,0.017000,0,0.068000,0.017000,0.068000,0.017000,0.068000,0.959166,0.959166,0.150000,0.000000,0.000137,0.000017,0.000137,0.000017,0.002278,0.002278
2025-09-02 03:30:00,0.035000,0.140000,idle,0.000000,0,0.000000,0,0.000000,True,0.200000,10.000000,20.000000,30.000000,0.000000,0.035000,0.035000,0,0.140000,0.035000,0.140000,0.035000,0.140000,0.959166,0.959166,0.150000,0.000000,0.000281,0.000035,0.000281,0.000035,0.004690,0.004690
2025-09-02 03:45:00,0.029000,0.116000,idle,0.000000,0,0.000000,0,0.000000,True,0.200000,10.000000,20.000000,30.000000,0.000000,0.029000,0.029000,0,0.116000,0.029000,0.116000,0.029000,0.116000,0.959166,0.959166,0.150000,0.000000,0.000233,0.000029,0.000233,0.000029,0.003886,0.003886
2025-09-02 04:00:00,0.016000,0.064000,idle,0.000000,0,0.000000,0,0.000000,True,0.200000,10.000000,20.000000,30.000000,0.000000,0.016000,0.016000,0,0.064000,0.016000,0.064000,0.016000,0.064000,0.959166,0.959166,0.150000,0.000000,0.000129,0.000016,0.000129,0.000016,0.002144,0.002144
2025-09-02 04:15:00,0.025000,0.100000,idle,0.000000,0,0.000000,0,0.000000,True,0.200000,10.000000,20.000000,30.000000,0.000000,0.025000,0.025000,0,0.100000,0.025000,0.100000,0.025000,0.100000,0.959166,0.959166,0.150000,0.000000,0.000201,0.000025,0.000201,0.000025,0.003350,0.003350
2025-09-02 04:30:00,0.038000,0.152000,idle,0.000000,0,0.000000,0,0.000000,True,0.200000,10.000000,20.000000,30.000000,0.000000,0.038000,0.038000,0,0.152000,0.038000,0.152000,0.038000,0.152000,0.959166,0.959166,0.150000,0.000000,0.000306,0.000038,0.000306,0.000038,0.005092,0.005092
2025-09-02 04:45:00,0.016000,0.064000,idle,0.000000,0,0.000000,0,0.000000,True,0.200000,10.000000,20.000000,30.000000,0.000000,0.016000,0.016000,0,0.064000,0.016000,0.064000,0.016000,0.064000,0.959166,0.959166,0.150000,0.000000,0.000129,0.000016,0.000129,0.000016,0.002144,0.002144
2025-09-02 05:00:00,0.016000,0.064000,idle,0.000000,0,0.000000,0,0.000000,True,0.200000,10.000000,20.000000,30.000000,0.000000,0.016000,0.016000,0,0.064000,0.016000,0.064000,0.016000,0.064000,0.959166,0.959166,0.150000,0.000000,0.000129,0.000016,0.000129,0.000016,0.002144,0.002144
2025-09-02 05:15:00,0.043000,0.172000,idle,0.000000,0,0.000000,0,0.000000,True,0.200000,10.000000,20.000000,30.000000,0.000000,0.043000,0.043000,0,0.172000,0.043000,0.172000,0.043000,0.172000,0.959166,0.959166,0.150000,0.000000,0.000346,0.000043,0.000346,0.000043,0.005762,0.005762
2025-09-02 05:30:00,0.020000,0.080000,idle,0.000000,0,0.000000,0,0.000000,True,0.200000,10.000000,20.000000,30.000000,0.000000,0.020000,0.020000,0,0.080000,0.020000,0.080000,0.020000,0.080000,0.959166,0.959166,0.150000,0.000000,0.000161,0.000020,0.000161,0.000020,0.002680,0.002680
2025-09-02 05:45:00,0.017000,0.068000,idle,0.000000,0,0.000000,0,0.000000,True,0.200000,10.000000,20.000000,30.000000,0.000000,0.017000,0.017000,0,0.068000,0.017000,0.068000,0.017000,0.068000,0.959166,0.959166,0.150000,0.000000,0.000137,0.000017,0.000137,0.000017,0.002278,0.002278
2025-09-02 06:00:00,0.033000,0.132000,idle,0.000000,0,0.000000,0,0.000000,True,0.200000,10.000000,20.000000,30.000000,0.000000,0.033000,0.033000,0,0.132000,0.033000,0.132000,0.033000,0.132000,0.959166,0.959166,0.150000,0.000000,0.000265,0.000033,0.000265,0.000033,0.004422,0.004422
2025-09-02 06:15:00,0.030000,0.120000,idle,0.000000,0,0.000000,0,0.000000,True,0.200000,10.000000,20.000000,30.000000,0.000000,0.030000,0.030000,0,0.120000,0.030000,0.120000,0.030000,0.120000,0.959166,0.959166,0.150000,0.000000,0.000241,0.000030,0.000241,0.000030,0.004020,0.004020
2025-09-02 06:30:00,0.016000,0.064000,idle,0.000000,0,0.000000,0,0.000000,True,0.200000,10.000000,20.000000,30.000000,0.000000,0.016000,0.016000,0,0.064000,0.016000,0.064000,0.016000,0.064000,0.959166,0.959166,0.150000,0.000000,0.000129,0.000016,0.000129,0.000016,0.002144,0.002144
2025-09-02 06:45:00,0.024000,0.096000,idle,0.000000,0,0.000000,0,0.000000,True,0.200000,10.000000,20.000000,30.000000,0.000000,0.024000,0.024000,0,0.096000,0.024000,0.096000,0.024000,0.096000,0.959166,0.959166,0.150000,0.000000,0.000193,0.000024,0.000193,0.000024,0.003216,0.003216
2025-09-02 07:00:00,0.041000,0.164000,idle,0.000000,0,0.000000,0,0.000000,True,0.200000,10.000000,20.000000,30.000000,0.000000,0.041000,0.041000,0,0.164000,0.041000,0.164000,0.041000,0.164000,0.959166,0.959166,0.150000,0.000000,0.000330,0.000041,0.000330,0.000041,0.005494,0.005494
2025-09-02 07:15:00,0.016000,0.064000,idle,0.000000,0,0.000000,0,0.000000,True,0.200000,10.000000,20.000000,30.000000,0.000000,0.016000,0.016000,0,0.064000,0.016000,0.064000,0.016000,0.064000,0.959166,0.959166,0.150000,0.000000,0.000129,0.000016,0.000129,0.000016,0.002144,0.002144
2025-09-02 07:30:00,0.016000,0.064000,idle,0.000000,0,0.000000,0,0.000000,True,0.200000,10.000000,20.000000,30.000000,0.000000,0.016000,0.016000,0,0.064000,0.016000,0.064000,0.016000,0.064000,0.959166,0.959166,0.150000,0.000000,0.000129,0.000016,0.000129,0.000016,0.002144,0.002144
2025-09-02 07:45:00,0.040000,0.160000,idle,0.000000,0,0.000000,0,0.000000,True,0.200000,10.000000,20.000000,30.000000,0.000000,0.040000,0.040000,0,0.160000,0.040000,0.160000,0.040000,0.160000,0.959166,0.959166,0.150000,0.000000,0.000322,0.000040,0.000322,0.000040,0.005360,0.005360
2025-09-02 08:00:00,0.025000,0.100000,idle,0.000000,0,0.000000,0,0.000000,True,0.200000,10.000000,20.000000,30.000000,0.000000,0.025000,0.025000,0,0.100000,0.025000,0.100000,0.025000,0.100000,0.959166,0.959166,0.150000,0.000000,0.000201,0.000025,0.000201,0.000025,0.003350,0.003350
2025-09-02 08:15:00,0.017000,0.068000,idle,0.000000,0,0.000000,0,0.000000,True,0.200000,10.000000,20.000000,30.000000,0.000000,0.017000,0.017000,0,0.068000,0.017000,0.068000,0.017000,0.068000,0.959166,0.959166,0.150000,0.000000,0.000137,0.000017,0.000137,0.000017,0.002278,0.002278
2025-09-02 08:30:00,0.027000,0.108000,idle,0.000000,0,0.000000,0,0.000000,True,0.200000,10.000000,20.000000,30.000000,0.000000,0.027000,0.027000,0,0.108000,0.027000,0.108000,0.027000,0.108000,0.959166,0.959166,0.150000,0.000000,0.000217,0.000027,0.000217,0.000027,0.003618,0.003618
2025-09-02 08:45:00,0.036000,0.144000,idle,0.000000,0,0.000000,0,0.000000,True,0.200000,10.000000,20.000000,30.000000,0.000000,0.036000,0.036000,0,0.144000,0.036000,0.144000,0.036000,0.144000,0.959166,0.959166,0.150000,0.000000,0.000289,0.000036,0.000289,0.000036,0.004824,0.004824
2025-09-02 09:00:00,0.016000,0.064000,idle,0.000000,0,0.000000,0,0.000000,True,0.200000,10.000000,20.000000,30.000000,0.000000,0.016000,0.016000,0,0.064000,0.016000,0.064000,0.016000,0.064000,0.959166,0.959166,0.150000,0.000000,0.000129,0.000016,0.000129,0.000016,0.002144,0.002144
2025-09-02 09:15:00,0.017000,0.068000,idle,0.000000,0,0.000000,0,0.000000,True,0.200000,10.000000,20.000000,30.000000,0.000000,0.017000,0.017000,0,0.068000,0.017000,0.068000,0.017000,0.068000,0.959166,0.959166,0.150000,0.000000,0.000137,0.000017,0.000137,0.000017,0.002278,0.002278
2025-09-02 09:30:00,0.042000,0.168000,idle,0.000000,0,0.000000,0,0.000000,True,0.200000,10.000000,20.000000,30.000000,0.000000,0.042000,0.042000,0,0.168000,0.042000,0.168000,0.042000,0.168000,0.959166,0.959166,0.150000,0.000000,0.000338,0.000042,0.000338,0.000042,0.005628,0.005628
2025-09-02 09:45:00,0.021000,0.084000,idle,0.000000,0,0.000000,0,0.000000,True,0.200000,10.000000,20.000000,30.000000,0.000000,0.021000,0.021000,0,0.084000,0.021000,0.084000,0.021000,0.084000,0.959166,0.959166,0.150000,0.000000,0.000169,0.000021,0.000169,0.000021,0.002814,0.002814
2025-09-02 10:00:00,0.016000,0.064000,idle,0.000000,0,0.000000,0,0.000000,True,0.200000,10.000000,20.000000,30.000000,0.000000,0.016000,0.016000,0,0.064000,0.016000,0.064000,0.016000,0.064000,0.959166,0.959166,0.150000,0.000000,0.000129,0.000016,0.000129,0.000016,0.002144,0.002144
2025-09-02 10:15:00,0.032000,0.128000,idle,0.000000,0,0.000000,0,0.000000,True,0.200000,10.000000,20.000000,30.000000,0.000000,0.032000,0.032000,0,0.128000,0.032000,0.128000,0.032000,0.128000,0.959166,0.959166,0.150000,0.000000,0.000257,0.000032,0.000257,0.000032,0.004288,0.004288
2025-09-02 10:30:00,0.033000,0.132000,idle,0.000000,0,0.000000,0,0.000000,True,0.200000,10.000000,20.000000,30.000000,0.000000,0.033000,0.033000,0,0.132000,0.033000,0.132000,0.033000,0.132000,0.959166,0.959166,0.150000,0.000000,0.000265,0.000033,0.000265,0.000033,0.004422,0.004422
2025-09-02 10:45:00,0.016000,0.064000,idle,0.000000,0,0.000000,0,0.000000,True,0.200000,10.000000,20.000000,30.000000,0.000000,0.016000,0.016000,0,0.064000,0.016000,0.064000,0.016000,0.064000,0.959166,0.959166,0.150000,0.000000,0.000129,0.000016,0.000129,0.000016,0.002144,0.002144
2025-09-02 11:00:00,0.019000,0.076000,idle,0.000000,0,0.000000,0,0.000000,True,0.200000,10.000000,20.000000,30.000000,0.000000,0.019000,0.019000,0,0.076000,0.019000,0.076000,0.019000,0.076000,0.959166,0.959166,0.150000,0.000000,0.000153,0.000019,0.000153,0.000019,0.002546,0.002546
2025-09-02 11:15:00,0.042000,0.168000,idle,0.000000,0,0.000000,0,0.000000,True,0.200000,10.000000,20.000000,30.000000,0.000000,0.042000,0.042000,0,0.168000,0.042000,0.168000,0.042000,0.168000,0.959166,0.959166,0.150000,0.000000,0.000338,0.000042,0.000338,0.000042,0.005628,0.005628
2025-09-02 11:30:00,0.019000,0.076000,idle,0.000000,0,0.000000,0,0.000000,True,0.200000,10.000000,20.000000,30.000000,0.000000,0.019000,0.019000,0,0.076000,0.019000,0.076000,0.019000,0.076000,0.959166,0.959166,0.150000,0.000000,0.000153,0.000019,0.000153,0.000019,0.002546,0.002546
2025-09-02 11:45:00,0.016000,0.064000,idle,0.000000,0,0.000000,0,0.000000,True,0.200000,10.000000,20.000000,30.000000,0.000000,0.016000,0.016000,0,0.064000,0.016000,0.064000,0.016000,0.064000,0.959166,0.959166,0.150000,0.000000,0.000129,0.000016,0.000129,0.000016,0.002144,0.002144
2025-09-02 12:00:00,0.034000,0.136000,idle,0.000000,0,0.000000,0,0.000000,True,0.200000,10.000000,20.000000,30.000000,0.000000,0.034000,0.034000,0,0.136000,0.034000,0.136000,0.034000,0.136000,0.959166,0.959166,0.150000,0.000000,0.000273,0.000034,0.000273,0.000034,0.004556,0.004556
2025-09-02 12:15:00,0.030000,0.120000,idle,0.000000,0,0.000000,0,0.000000,True,0.200000,10.000000,20.000000,30.000000,0.000000,0.030000,0.030000,0,0.120000,0.030000,0.120000,0.030000,0.120000,0.959166,0.959166,0.150000,0.000000,0.000241,0.000030,0.000241,0.000030,0.004020,0.004020
2025-09-02 12:30:00,0.017000,0.068000,idle,0.000000,0,0.000000,0,0.000000,True,0.200000,10.000000,20.000000,30.000000,0.000000,0.017000,0.017000,0,0.068000,0.017000,0.068000,0.017000,0.068000,0.959166,0.959166,0.150000,0.000000,0.000137,0.000017,0.000137,0.000017,0.002278,0.002278
2025-09-02 12:45:00,0.021000,0.084000,idle,0.000000,0,0.000000,0,0.000000,True,0.200000,10.000000,20.000000,30.000000,0.000000,0.021000,0.021000,0,0.084000,0.021000,0.084000,0.021000,0.084000,0.959166,0.959166,0.150000,0.000000,0.000169,0.000021,0.000169,0.000021,0.002814,0.002814
2025-09-02 13:00:00,0.042000,0.168000,idle,0.000000,0,0.000000,0,0.000000,True,0.200000,10.000000,20.000000,30.000000,0.000000,0.042000,0.042000,0,0.168000,0.042000,0.168000,0.042000,0.168000,0.959166,0.959166,0.150000,0.000000,0.000338,0.000042,0.000338,0.000042,0.005628,0.005628
2025-09-02 13:15:00,0.017000,0.068000,idle,0.000000,0,0.000000,0,0.000000,True,0.200000,10.000000,20.000000,30.000000,0.000000,0.017000,0.017000,0,0.068000,0.017000,0.068000,0.017000,0.068000,0.959166,0.959166,0.150000,0.000000,0.000137,0.000017,0.000137,0.000017,0.002278,0.002278
2025-09-02 13:30:00,0.016000,0.064000,idle,0.000000,0,0.000000,0,0.000000,True,0.200000,10.000000,20.000000,30.000000,0.000000,0.016000,0.016000,0,0.064000,0.016000,0.064000,0.016000,0.064000,0.959166,0.959166,0.150000,0.000000,0.000129,0.000016,0.000129,0.000016,0.002144,0.002144
2025-09-02 13:45:00,0.035000,0.140000,idle,0.000000,0,0.000000,0,0.000000,True,0.200000,10.000000,20.000000,30.000000,0.000000,0.035000,0.035000,0,0.140000,0.035000,0.140000,0.035000,0.140000,0.959166,0.959166,0.150000,0.000000,0.000281,0.000035,0.000281,0.000035,0.004690,0.004690
2025-09-02 14:00:00,0.029000,0.116000,idle,0.000000,0,0.000000,0,0.000000,True,0.200000,10.000000,20.000000,30.000000,0.000000,0.029000,0.029000,0,0.116000,0.029000,0.116000,0.029000,0.116000,0.959166,0.959166,0.150000,0.000000,0.000233,0.000029,0.000233,0.000029,0.003886,0.003886
2025-09-02 14:15:00,0.016000,0.064000,idle,0.000000,0,0.000000,0,0.000000,True,0.200000,10.000000,20.000000,30.000000,0.000000,0.016000,0.016000,0,0.064000,0.016000,0.064000,0.016000,0.064000,0.959166,0.959166,0.150000,0.000000,0.000129,0.000016,0.000129,0.000016,0.002144,0.002144
2025-09-02 14:30:00,0.023000,0.092000,idle,0.000000,0,0.000000,0,0.000000,True,0.200000,10.000000,20.000000,30.000000,0.000000,0.023000,0.023000,0,0.092000,0.023000,0.092000,0.023000,0.092000,0.959166,0.959166,0.150000,0.000000,0.000185,0.000023,0.000185,0.000023,0.003082,0.003082
2025-09-02 14:45:00,0.041000,0.164000,idle,0.000000,0,0.000000,0,0.000000,True,0.200000,10.000000,20.000000,30.000000,0.000000,0.041000,0.041000,0,0.164000,0.041000,0.164000,0.041000,0.164000,0.959166,0.959166,0.150000,0.000000,0.000330,0.000041,0.000330,0.000041,0.005494,0.005494
2025-09-02 15:00:00,0.016000,0.064000,idle,0.000000,0,0.000000,0,0.000000,True,0.200000,10.000000,20.000000,30.000000,0.000000,0.016000,0.016000,0,0.064000,0.016000,0.064000,0.016000,0.064000,0.959166,0.959166,0.150000,0.000000,0.000129,0.000016,0.000129,0.000016,0.002144,0.002144
2025-09-02 15:15:00,0.016000,0.064000,idle,0.000000,0,0.000000,0,0.000000,True,0.200000,10.000000,20.000000,30.000000,0.000000,0.016000,0.016000,0,0.064000,0.016000,0.064000,0.016000,0.064000,0.959166,0.959166,0.150000,0.000000,0.000129,0.000016,0.000129,0.000016,0.002144,0.002144
2025-09-02 15:30:00,0.038000,0.152000,idle,0.000000,0,0.000000,0,0.000000,True,0.200000,10.000000,20.000000,30.000000,0.000000,0.038000,0.038000,0,0.152000,0.038000,0.152000,0.038000,0.152000,0.959166,0.959166,0.150000,0.000000,0.000306,0.000038,0.000306,0.000038,0.005092,0.005092
2025-09-02 15:45:00,0.025000,0.100000,idle,0.000000,0,0.000000,0,0.000000,True,0.200000,10.000000,20.000000,30.000000,0.000000,0.025000,0.025000,0,0.100000,0.025000,0.100000,0.025000,0.100000,0.959166,0.959166,0.150000,0.000000,0.000201,0.000025,0.000201,0.000025,0.003350,0.003350
2025-09-02 16:00:00,0.016000,0.064000,idle,0.000000,0,0.000000,0,0.000000,True,0.200000,10.000000,20.000000,30.000000,0.000000,0.016000,0.016000,0,0.064000,0.016000,0.064000,0.016000,0.064000,0.959166,0.959166,0.150000,0.000000,0.000129,0.000016,0.000129,0.000016,0.002144,0.002144
2025-09-02 16:15:00,0.027000,0.108000,idle,0.000000,0,0.000000,0,0.000000,True,0.200000,10.000000,20.000000,30.000000,0.000000,0.027000,0.027000,0,0.108000,0.027000,0.108000,0.027000,0.108000,0.959166,0.959166,0.150000,0.000000,0.000217,0.000027,0.000217,0.000027,0.003618,0.003618
2025-09-02 16:30:00,0.036000,0.144000,idle,0.000000,0,0.000000,0,0.000000,True,0.200000,10.000000,20.000000,30.000000,0.000000,0.036000,0.036000,0,0.144000,0.036000,0.144000,0.036000,0.144000,0.959166,0.959166,0.150000,0.000000,0.000289,0.000036,0.000289,0.000036,0.004824,0.004824
2025-09-02 16:45:00,0.016000,0.064000,idle,0.000000,0,0.000000,0,0.000000,True,0.200000,10.000000,20.000000,30.000000,0.000000,0.016000,0.016000,0,0.064000,0.016000,0.064000,0.016000,0.064000,0.959166,0.959166,0.150000,0.000000,0.000129,0.000016,0.000129,0.000016,0.002144,0.002144
2025-09-02 17:00:00,0.018000,0.072000,idle,0.000000,0,0.000000,0,0.000000,True,0.200000,10.000000,20.000000,30.000000,0.000000,0.018000,0.018000,0,0.072000,0.018000,0.072000,0.018000,0.072000,0.959166,0.959166,0.150000,0.000000,0.000145,0.000018,0.000145,0.000018,0.002412,0.002412
2025-09-02 17:15:00,0.042000,0.168000,idle,0.000000,0,0.000000,0,0.000000,True,0.200000,10.000000,20.000000,30.000000,0.000000,0.042000,0.042000,0,0.168000,0.042000,0.168000,0.042000,0.168000,0.959166,0.959166,0.150000,0.000000,0.000338,0.000042,0.000338,0.000042,0.005628,0.005628
2025-09-02 17:30:00,0.019000,0.076000,idle,0.000000,0,0.000000,0,0.000000,True,0.200000,10.000000,20.000000,30.000000,0.000000,0.019000,0.019000,0,0.076000,0.019000,0.076000,0.019000,0.076000,0.959166,0.959166,0.150000,0.000000,0.000153,0.000019,0.000153,0.000019,0.002546,0.002546
2025-09-02 17:45:00,0.016000,0.064000,idle,0.000000,0,0.000000,0,0.000000,True,0.200000,10.000000,20.000000,30.000000,0.000000,0.016000,0.016000,0,0.064000,0.016000,0.064000,0.016000,0.064000,0.959166,0.959166,0.150000,0.000000,0.000129,0.000016,0.000129,0.000016,0.002144,0.002144
2025-09-02 18:00:00,0.035000,0.140000,idle,0.000000,0,0.000000,0,0.000000,True,0.200000,10.000000,20.000000,30.000000,0.000000,0.035000,0.035000,0,0.140000,0.035000,0.140000,0.035000,0.140000,0.959166,0.959166,0.150000,0.000000,0.000281,0.000035,0.000281,0.000035,0.004690,0.004690
2025-09-02 18:15:00,0.028000,0.112000,idle,0.000000,0,0.000000,0,0.000000,True,0.200000,10.000000,20.000000,30.000000,0.000000,0.028000,0.028000,0,0.112000,0.028000,0.112000,0.028000,0.112000,0.959166,0.959166,0.150000,0.000000,0.000225,0.000028,0.000225,0.000028,0.003752,0.003752
2025-09-02 18:30:00,0.016000,0.064000,idle,0.000000,0,0.000000,0,0.000000,True,0.200000,10.000000,20.000000,30.000000,0.000000,0.016000,0.016000,0,0.064000,0.016000,0.064000,0.016000,0.064000,0.959166,0.959166,0.150000,0.000000,0.000129,0.000016,0.000129,0.000016,0.002144,0.002144
2025-09-02 18:45:00,0.025000,0.100000,idle,0.000000,0,0.000000,0,0.000000,True,0.200000,10.000000,20.000000,30.000000,0.000000,0.025000,0.025000,0,0.100000,0.025000,0.100000,0.025000,0.100000,0.959166,0.959166,0.150000,0.000000,0.000201,0.000025,0.000201,0.000025,0.003350,0.003350
2025-09-02 19:00:00,0.038000,0.152000,idle,0.000000,0,0.000000,0,0.000000,True,0.200000,10.000000,20.000000,30.000000,0.000000,0.038000,0.038000,0,0.152000,0.038000,0.152000,0.038000,0.152000,0.959166,0.959166,0.150000,0.000000,0.000306,0.000038,0.000306,0.000038,0.005092,0.005092
2025-09-02 19:15:00,0.017000,0.068000,idle,0.000000,0,0.000000,0,0.000000,True,0.200000,10.000000,20.000000,30.000000,0.000000,0.017000,0.017000,0,0.068000,0.017000,0.068000,0.017000,0.068000,0.959166,0.959166,0.150000,0.000000,0.000137,0.000017,0.000137,0.000017,0.002278,0.002278
2025-09-02 19:30:00,0.016000,0.064000,idle,0.000000,0,0.000000,0,0.000000,True,0.200000,10.000000,20.000000,30.000000,0.000000,0.016000,0.016000,0,0.064000,0.016000,0.064000,0.016000,0.064000,0.959166,0.959166,0.150000,0.000000,0.000129,0.000016,0.000129,0.000016,0.002144,0.002144
2025-09-02 19:45:00,0.042000,0.168000,idle,0.000000,0,0.000000,0,0.000000,True,0.200000,10.000000,20.000000,30.000000,0.000000,0.042000,0.042000,0,0.168000,0.042000,0.168000,0.042000,0.168000,0.959166,0.959166,0.150000,0.000000,0.000338,0.000042,0.000338,0.000042,0.005628,0.005628
2025-09-02 20:00:00,0.021000,0.084000,idle,0.000000,0,0.000000,0,0.000000,True,0.200000,10.000000,20.000000,30.000000,0.000000,0.021000,0.021000,0,0.084000,0.021000,0.084000,0.021000,0.084000,0.959166,0.959166,0.150000,0.000000,0.000169,0.000021,0.000169,0.000021,0.002814,0.002814
2025-09-02 20:15:00,0.017000,0.068000,idle,0.000000,0,0.000000,0,0.000000,True,0.200000,10.000000,20.000000,30.000000,0.000000,0.017000,0.017000,0,0.068000,0.017000,0.068000,0.017000,0.068000,0.959166,0.959166,0.150000,0.000000,0.000137,0.000017,0.000137,0.000017,0.002278,0.002278
2025-09-02 20:30:00,0.032000,0.128000,idle,0.000000,0,0.000000,0,0.000000,True,0.200000,10.000000,20.000000,30.000000,0.000000,0.032000,0.032000,0,0.128000,0.032000,0.128000,0.032000,0.128000,0.959166,0.959166,0.150000,0.000000,0.000257,0.000032,0.000257,0.000032,0.004288,0.004288
2025-09-02 20:45:00,0.032000,0.128000,idle,0.000000,0,0.000000,0,0.000000,True,0.200000,10.000000,20.000000,30.000000,0.000000,0.032000,0.032000,0,0.128000,0.032000,0.128000,0.032000,0.128000,0.959166,0.959166,0.150000,0.000000,0.000257,0.000032,0.000257,0.000032,0.004288,0.004288
2025-09-02 21:00:00,0.016000,0.064000,idle,0.000000,0,0.000000,0,0.000000,True,0.200000,10.000000,20.000000,30.000000,0.000000,0.016000,0.016000,0,0.064000,0.016000,0.064000,0.016000,0.064000,0.959166,0.959166,0.150000,0.000000,0.000129,0.000016,0.000129,0.000016,0.002144,0.002144
2025-09-02 21:15:00,0.022000,0.088000,idle,0.000000,0,0.000000,0,0.000000,True,0.200000,10.000000,20.000000,30.000000,0.000000,0.022000,0.022000,0,0.088000,0.022000,0.088000,0.022000,0.088000,0.959166,0.959166,0.150000,0.000000,0.000177,0.000022,0.000177,0.000022,0.002948,0.002948
2025-09-02 21:30:00,0.042000,0.168000,idle,0.000000,0,0.000000,0,0.000000,True,0.200000,10.000000,20.000000,30.000000,0.000000,0.042000,0.042000,0,0.168000,0.042000,0.168000,0.042000,0.168000,0.959166,0.959166,0.150000,0.000000,0.000338,0.000042,0.000338,0.000042,0.005628,0.005628
2025-09-02 21:45:00,0.016000,0.064000,idle,0.000000,0,0.000000,0,0.000000,True,0.200000,10.000000,20.000000,30.000000,0.000000,0.016000,0.016000,0,0.064000,0.016000,0.064000,0.016000,0.064000,0.959166,0.959166,0.150000,0.000000,0.000129,0.000016,0.000129,0.000016,0.002144,0.002144
2025-09-02 22:00:00,0.016000,0.064000,idle,0.000000,0,0.000000,0,0.000000,True,0.200000,10.000000,20.000000,30.000000,0.000000,0.016000,0.016000,0,0.064000,0.016000,0.064000,0.016000,0.064000,0.959166,0.959166,0.150000,0.000000,0.000129,0.000016,0.000129,0.000016,0.002144,0.002144
2025-09-02 22:15:00,0.039000,0.156000,idle,0.000000,0,0.000000,0,0.000000,True,0.200000,10.000000,20.000000,30.000000,0.000000,0.039000,0.039000,0,0.156000,0.039000,0.156000,0.039000,0.156000,0.959166,0.959166,0.150000,0.000000,0.000314,0.000039,0.000314,0.000039,0.005226,0.005226
2025-09-02 22:30:00,0.024000,0.096000,idle,0.000000,0,0.000000,0,0.000000,True,0.200000,10.000000,20.000000,30.000000,0.000000,0.024000,0.024000,0,0.096000,0.024000,0.096000,0.024000,0.096000,0.959166,0.959166,0.150000,0.000000,0.000193,0.000024,0.000193,0.000024,0.003216,0.003216
2025-09-02 22:45:00,0.016000,0.064000,idle,0.000000,0,0.000000,0,0.000000,True,0.200000,10.000000,20.000000,30.000000,0.000000,0.016000,0.016000,0,0.064000,0.016000,0.064000,0.016000,0.064000,0.959166,0.959166,0.150000,0.000000,0.000129,0.000016,0.000129,0.000016,0.002144,0.002144
2025-09-02 23:00:00,0.029000,0.116000,idle,0.000000,0,0.000000,0,0.000000,True,0.200000,10.000000,20.000000,30.000000,0.000000,0.029000,0.029000,0,0.116000,0.029000,0.116000,0.029000,0.116000,0.959166,0.959166,0.150000,0.000000,0.000233,0.000029,0.000233,0.000029,0.003886,0.003886
2025-09-02 23:15:00,0.036000,0.144000,idle,0.000000,0,0.000000,0,0.000000,True,0.200000,10.000000,20.000000,30.000000,0.000000,0.036000,0.036000,0,0.144000,0.036000,0.144000,0.036000,0.144000,0.959166,0.959166,0.150000,0.000000,0.000289,0.000036,0.000289,0.000036,0.004824,0.004824
2025-09-02 23:30:00,0.016000,0.064000,idle,0.000000,0,0.000000,0,0.000000,True,0.200000,10.000000,20.000000,30.000000,0.000000,0.016000,0.016000,0,0.064000,0.016000,0.064000,0.016000,0.064000,0.959166,0.959166,0.150000,0.000000,0.000129,0.000016,0.000129,0.000016,0.002144,0.002144
2025-09-02 23:45:00,0.019000,0.076000,idle,0.000000,0,0.000000,0,0.000000,True,0.200000,10.000000,20.000000,30.000000,0.000000,0.019000,0.019000,0,0.076000,0.019000,0.076000,0.019000,0.076000,0.959166,0.959166,0.150000,0.000000,0.000153,0.000019,0.000153,0.000019,0.002546,0.002546
2025-09-03 00:00:00,0.042000,0.168000,idle,0.000000,0,0.000000,0,0.000000,True,0.200000,10.000000,20.000000,30.000000,0.000000,0.042000,0.042000,0,0.168000,0.042000,0.168000,0.042000,0.168000,0.959166,0.959166,0.150000,0.000000,0.000338,0.000042,0.000338,0.000042,0.005628,0.005628
2025-09-03 00:15:00,0.019000,0.076000,idle,0.000000,0,0.000000,0,0.000000,True,0.200000,10.000000,20.000000,30.000000,0.000000,0.019000,0.019000,0,0.076000,0.019000,0.076000,0.019000,0.076000,0.959166,0.959166,0.150000,0.000000,0.000153,0.000019,0.000153,0.000019,0.002546,0.002546
2025-09-03 00:30:00,0.016000,0.064000,idle,0.000000,0,0.000000,0,0.000000,True,0.200000,10.000000,20.000000,30.000000,0.000000,0.016000,0.016000,0,0.064000,0.016000,0.064000,0.016000,0.064000,0.959166,0.959166,0.150000,0.000000,0.000129,0.000016,0.000129,0.000016,0.002144,0.002144
2025-09-03 00:45:00,0.035000,0.140000,idle,0.000000,0,0.000000,0,0.000000,True,0.200000,10.000000,20.000000,30.000000,0.000000,0.035000,0.035000,0,0.140000,0.035000,0.140000,0.035000,0.140000,0.959166,0.959166,0.150000,0.000000,0.000281,0.000035,0.000281,0.000035,0.004690,0.004690
2025-09-03 01:00:00,0.030000,0.120000,idle,0.000000,0,0.000000,0,0.000000,True,0.200000,10.000000,20.000000,30.000000,0.000000,0.030000,0.030000,0,0.120000,0.030000,0.120000,0.030000,0.120000,0.959166,0.959166,0.150000,0.000000,0.000241,0.000030,0.000241,0.000030,0.004020,0.004020
2025-09-03 01:15:00,0.016000,0.064000,idle,0.000000,0,0.000000,0,0.000000,True,0.200000,10.000000,20.000000,30.000000,0.000000,0.016000,0.016000,0,0.064000,0.016000,0.064000,0.016000,0.064000,0.959166,0.959166,0.150000,0.000000,0.000129,0.000016,0.000129,0.000016,0.002144,0.002144
2025-09-03 01:30:00,0.024000,0.096000,idle,0.000000,0,0.000000,0,0.000000,True,0.200000,10.000000,20.000000,30.000000,0.000000,0.024000,0.024000,0,0.096000,0.024000,0.096000,0.024000,0.096000,0.959166,0.959166,0.150000,0.000000,0.000193,0.000024,0.000193,0.000024,0.003216,0.003216
2025-09-03 01:45:00,0.039000,0.156000,idle,0.000000,0,0.000000,0,0.000000,True,0.200000,10.000000,20.000000,30.000000,0.000000,0.039000,0.039000,0,0.156000,0.039000,0.156000,0.039000,0.156000,0.959166,0.959166,0.150000,0.000000,0.000314,0.000039,0.000314,0.000039,0.005226,0.005226
2025-09-03 02:00:00,0.016000,0.064000,idle,0.000000,0,0.000000,0,0.000000,True,0.200000,10.000000,20.000000,30.000000,0.000000,0.016000,0.016000,0,0.064000,0.016000,0.064000,0.016000,0.064000,0.959166,0.959166,0.150000,0.000000,0.000129,0.000016,0.000129,0.000016,0.002144,0.002144
2025-09-03 02:15:00,0.016000,0.064000,idle,0.000000,0,0.000000,0,0.000000,True,0.200000,10.000000,20.000000,30.000000,0.000000,0.016000,0.016000,0,0.064000,0.016000,0.064000,0.016000,0.064000,0.959166,0.959166,0.150000,0.000000,0.000129,0.000016,0.000129,0.000016,0.002144,0.002144
2025-09-03 02:30:00,0.040000,0.160000,idle,0.000000,0,0.000000,0,0.000000,True,0.200000,10.000000,20.000000,30.000000,0.000000,0.040000,0.040000,0,0.160000,0.040000,0.160000,0.040000,0.160000,0.959166,0.959166,0.150000,0.000000,0.000322,0.000040,0.000322,0.000040,0.005360,0.005360
2025-09-03 02:45:00,0.023000,0.092000,idle,0.000000,0,0.000000,0,0.000000,True,0.200000,10.000000,20.000000,30.000000,0.000000,0.023000,0.023000,0,0.092000,0.023000,0.092000,0.023000,0.092000,0.959166,0.959166,0.150000,0.000000,0.000185,0.000023,0.000185,0.000023,0.003082,0.003082
2025-09-03 03:00:00,0.016000,0.064000,idle,0.000000,0,0.000000,0,0.000000,True,0.200000,10.000000,20.000000,30.000000,0.000000,0.016000,0.016000,0,0.064000,0.016000,0.064000,0.016000,0.064000,0.959166,0.959166,0.150000,0.000000,0.000129,0.000016,0.000129,0.000016,0.002144,0.002144
2025-09-03 03:15:00,0.031000,0.124000,idle,0.000000,0,0.000000,0,0.000000,True,0.200000,10.000000,20.000000,30.000000,0.000000,0.031000,0.031000,0,0.124000,0.031000,0.124000,0.031000,0.124000,0.959166,0.959166,0.150000,0.000000,0.000249,0.000031,0.000249,0.000031,0.004154,0.004154
2025-09-03 03:30:00,0.033000,0.132000,idle,0.000000,0,0.000000,0,0.000000,True,0.200000,10.000000,20.000000,30.000000,0.000000,0.033000,0.033000,0,0.132000,0.033000,0.132000,0.033000,0.132000,0.959166,0.959166,0.150000,0.000000,0.000265,0.000033,0.000265,0.000033,0.004422,0.004422
2025-09-03 03:45:00,0.016000,0.064000,idle,0.000000,0,0.000000,0,0.000000,True,0.200000,10.000000,20.000000,30.000000,0.000000,0.016000,0.016000,0,0.064000,0.016000,0.064000,0.016000,0.064000,0.959166,0.959166,0.150000,0.000000,0.000129,0.000016,0.000129,0.000016,0.002144,0.002144
2025-09-03 04:00:00,0.021000,0.084000,idle,0.000000,0,0.000000,0,0.000000,True,0.200000,10.000000,20.000000,30.000000,0.000000,0.021000,0.021000,0,0.084000,0.021000,0.084000,0.021000,0.084000,0.959166,0.959166,0.150000,0.000000,0.000169,0.000021,0.000169,0.000021,0.002814,0.002814
2025-09-03 04:15:00,0.042000,0.168000,idle,0.000000,0,0.000000,0,0.000000,True,0.200000,10.000000,20.000000,30.000000,0.000000,0.042000,0.042000,0,0.168000,0.042000,0.168000,0.042000,0.168000,0.959166,0.959166,0.150000,0.000000,0.000338,0.000042,0.000338,0.000042,0.005628,0.005628
2025-09-03 04:30:00,0.017000,0.068000,idle,0.000000,0,0.000000,0,0.000000,True,0.200000,10.000000,20.000000,30.000000,0.000000,0.017000,0.017000,0,0.068000,0.017000,0.068000,0.017000,0.068000,0.959166,0.959166,0.150000,0.000000,0.000137,0.000017,0.000137,0.000017,0.002278,0.002278
2025-09-03 04:45:00,0.016000,0.064000,idle,0.000000,0,0.000000,0,0.000000,True,0.200000,10.000000,20.000000,30.000000,0.000000,0.016000,0.016000,0,0.064000,0.016000,0.064000,0.016000,0.064000,0.959166,0.959166,0.150000,0.000000,0.000129,0.000016,0.000129,0.000016,0.002144,0.002144
2025-09-03 05:00:00,0.037000,0.148000,idle,0.000000,0,0.000000,0,0.000000,True,0.200000,10.000000,20.000000,30.000000,0.000000,0.037000,0.037000,0,0.148000,0.037000,0.148000,0.037000,0.148000,0.959166,0.959166,0.150000,0.000000,0.000297,0.000037,0.000297,0.000037,0.004958,0.004958
2025-09-03 05:15:00,0.026000,0.104000,idle,0.000000,0,0.000000,0,0.000000,True,0.200000,10.000000,20.000000,30.000000,0.000000,0.026000,0.026000,0,0.104000,0.026000,0.104000,0.026000,0.104000,0.959166,0.959166,0.150000,0.000000,0.000209,0.000026,0.000209,0.000026,0.003484,0.003484
2025-09-03 05:30:00,0.016000,0.064000,idle,0.000000,0,0.000000,0,0.000000,True,0.200000,10.000000,20.000000,30.000000,0.000000,0.016000,0.016000,0,0.064000,0.016000,0.064000,0.016000,0.064000,0.959166,0.959166,0.150000,0.000000,0.000129,0.000016,0.000129,0.000016,0.002144,0.002144
2025-09-03 05:45:00,0.028000,0.112000,idle,0.000000,0,0.000000,0,0.000000,True,0.200000,10.000000,20.000000,30.000000,0.000000,0.028000,0.028000,0,0.112000,0.028000,0.112000,0.028000,0.112000,0.959166,0.959166,0.150000,0.000000,0.000225,0.000028,0.000225,0.000028,0.003752,0.003752
2025-09-03 06:00:00,0.034000,0.136000,idle,0.000000,0,0.000000,0,0.000000,True,0.200000,10.000000,20.000000,30.000000,0.000000,0.034000,0.034000,0,0.136000,0.034000,0.136000,0.034000,0.136000,0.959166,0.959166,0.150000,0.000000,0.000273,0.000034,0.000273,0.000034,0.004556,0.004556
2025-09-03 06:15:00,0.017000,0.068000,idle,0.000000,0,0.000000,0,0.000000,True,0.200000,10.000000,20.000000,30.000000,0.000000,0.017000,0.017000,0,0.068000,0.017000,0.068000,0.017000,0.068000,0.959166,0.959166,0.150000,0.000000,0.000137,0.000017,0.000137,0.000017,0.002278,0.002278
2025-09-03 06:30:00,0.019000,0.076000,idle,0.000000,0,0.000000,0,0.000000,True,0.200000,10.000000,20.000000,30.000000,0.000000,0.019000,0.019000,0,0.076000,0.019000,0.076000,0.019000,0.076000,0.959166,0.959166,0.150000,0.000000,0.000153,0.000019,0.000153,0.000019,0.002546,0.002546
2025-09-03 06:45:00,0.043000,0.172000,idle,0.000000,0,0.000000,0,0.000000,True,0.200000,10.000000,20.000000,30.000000,0.000000,0.043000,0.043000,0,0.172000,0.043000,0.172000,0.043000,0.172000,0.959166,0.959166,0.150000,0.000000,0.000346,0.000043,0.000346,0.000043,0.005762,0.005762
2025-09-03 07:00:00,0.018000,0.072000,idle,0.000000,0,0.000000,0,0.000000,True,0.200000,10.000000,20.000000,30.000000,0.000000,0.018000,0.018000,0,0.072000,0.018000,0.072000,0.018000,0.072000,0.959166,0.959166,0.150000,0.000000,0.000145,0.000018,0.000145,0.000018,0.002412,0.002412
2025-09-03 07:15:00,0.016000,0.064000,idle,0.000000,0,0.000000,0,0.000000,True,0.200000,10.000000,20.000000,30.000000,0.000000,0.016000,0.016000,0,0.064000,0.016000,0.064000,0.016000,0.064000,0.959166,0.959166,0.150000,0.000000,0.000129,0.000016,0.000129,0.000016,0.002144,0.002144
2025-09-03 07:30:00,0.036000,0.144000,idle,0.000000,0,0.000000,0,0.000000,True,0.200000,10.000000,20.000000,30.000000,0.000000,0.036000,0.036000,0,0.144000,0.036000,0.144000,0.036000,0.144000,0.959166,0.959166,0.150000,0.000000,0.000289,0.000036,0.000289,0.000036,0.004824,0.004824
2025-09-03 07:45:00,0.028000,0.112000,idle,0.000000,0,0.000000,0,0.000000,True,0.200000,10.000000,20.000000,30.000000,0.000000,0.028000,0.028000,0,0.112000,0.028000,0.112000,0.028000,0.112000,0.959166,0.959166,0.150000,0.000000,0.000225,0.000028,0.000225,0.000028,0.003752,0.003752
2025-09-03 08:00:00,0.017000,0.068000,idle,0.000000,0,0.000000,0,0.000000,True,0.200000,10.000000,20.000000,30.000000,0.000000,0.017000,0.017000,0,0.068000,0.017000,0.068000,0.017000,0.068000,0.959166,0.959166,0.150000,0.000000,0.000137,0.000017,0.000137,0.000017,0.002278,0.002278
2025-09-03 08:15:00,0.025000,0.100000,idle,0.000000,0,0.000000,0,0.000000,True,0.200000,10.000000,20.000000,30.000000,0.000000,0.025000,0.025000,0,0.100000,0.025000,0.100000,0.025000,0.100000,0.959166,0.959166,0.150000,0.000000,0.000201,0.000025,0.000201,0.000025,0.003350,0.003350
2025-09-03 08:30:00,0.038000,0.152000,idle,0.000000,0,0.000000,0,0.000000,True,0.200000,10.000000,20.000000,30.000000,0.000000,0.038000,0.038000,0,0.152000,0.038000,0.152000,0.038000,0.152000,0.959166,0.959166,0.150000,0.000000,0.000306,0.000038,0.000306,0.000038,0.005092,0.005092
2025-09-03 08:45:00,0.016000,0.064000,idle,0.000000,0,0.000000,0,0.000000,True,0.200000,10.000000,20.000000,30.000000,0.000000,0.016000,0.016000,0,0.064000,0.016000,0.064000,0.016000,0.064000,0.959166,0.959166,0.150000,0.000000,0.000129,0.000016,0.000129,0.000016,0.002144,0.002144
2025-09-03 09:00:00,0.016000,0.064000,idle,0.000000,0,0.000000,0,0.000000,True,0.200000,10.000000,20.000000,30.000000,0.000000,0.016000,0.016000,0,0.064000,0.016000,0.064000,0.016000,0.064000,0.959166,0.959166,0.150000,0.000000,0.000129,0.000016,0.000129,0.000016,0.002144,0.002144
2025-09-03 09:15:00,0.042000,0.168000,idle,0.000000,0,0.000000,0,0.000000,True,0.200000,10.000000,20.000000,30.000000,0.000000,0.042000,0.042000,0,0.168000,0.042000,0.168000,0.042000,0.168000,0.959166,0.959166,0.150000,0.000000,0.000338,0.000042,0.000338,0.000042,0.005628,0.005628
2025-09-03 09:30:00,0.022000,0.088000,idle,0.000000,0,0.000000,0,0.000000,True,0.200000,10.000000,20.000000,30.000000,0.000000,0.022000,0.022000,0,0.088000,0.022000,0.088000,0.022000,0.088000,0.959166,0.959166,0.150000,0.000000,0.000177,0.000022,0.000177,0.000022,0.002948,0.002948
2025-09-03 09:45:00,0.016000,0.064000,idle,0.000000,0,0.000000,0,0.000000,True,0.200000,10.000000,20.000000,30.000000,0.000000,0.016000,0.016000,0,0.064000,0.016000,0.064000,0.016000,0.064000,0.959166,0.959166,0.150000,0.000000,0.000129,0.000016,0.000129,0.000016,0.002144,0.002144
2025-09-03 10:00:00,0.031000,0.124000,idle,0.000000,0,0.000000,0,0.000000,True,0.200000,10.000000,20.000000,30.000000,0.000000,0.031000,0.031000,0,0.124000,0.031000,0.124000,0.031000,0.124000,0.959166,0.959166,0.150000,0.000000,0.000249,0.000031,0.000249,0.000031,0.004154,0.004154
2025-09-03 10:15:00,0.033000,0.132000,idle,0.000000,0,0.000000,0,0.000000,True,0.200000,10.000000,20.000000,30.000000,0.000000,0.033000,0.033000,0,0.132000,0.033000,0.132000,0.033000,0.132000,0.959166,0.959166,0.150000,0.000000,0.000265,0.000033,0.000265,0.000033,0.004422,0.004422
2025-09-03 10:30:00,0.016000,0.064000,idle,0.000000,0,0.000000,0,0.000000,True,0.200000,10.000000,20.000000,30.000000,0.000000,0.016000,0.016000,0,0.064000,0.016000,0.064000,0.016000,0.064000,0.959166,0.959166,0.150000,0.000000,0.000129,0.000016,0.000129,0.000016,0.002144,0.002144
2025-09-03 10:45:00,0.020000,0.080000,idle,0.000000,0,0.000000,0,0.000000,True,0.200000,10.000000,20.000000,30.000000,0.000000,0.020000,0.020000,0,0.080000,0.020000,0.080000,0.020000,0.080000,0.959166,0.959166,0.150000,0.000000,0.000161,0.000020,0.000161,0.000020,0.002680,0.002680
2025-09-03 11:00:00,0.042000,0.168000,idle,0.000000,0,0.000000,0,0.000000,True,0.200000,10.000000,20.000000,30.000000,0.000000,0.042000,0.042000,0,0.168000,0.042000,0.168000,0.042000,0.168000,0.959166,0.959166,0.150000,0.000000,0.000338,0.000042,0.000338,0.000042,0.005628,0.005628
2025-09-03 11:15:00,0.017000,0.068000,idle,0.000000,0,0.000000,0,0.000000,True,0.200000,10.000000,20.000000,30.000000,0.000000,0.017000,0.017000,0,0.068000,0.017000,0.068000,0.017000,0.068000,0.959166,0.959166,0.150000,0.000000,0.000137,0.000017,0.000137,0.000017,0.002278,0.002278
2025-09-03 11:30:00,0.016000,0.064000,idle,0.000000,0,0.000000,0,0.000000,True,0.200000,10.000000,20.000000,30.000000,0.000000,0.016000,0.016000,0,0.064000,0.016000,0.064000,0.016000,0.064000,0.959166,0.959166,0.150000,0.000000,0.000129,0.000016,0.000129,0.000016,0.002144,0.002144
2025-09-03 11:45:00,0.036000,0.144000,idle,0.000000,0,0.000000,0,0.000000,True,0.200000,10.000000,20.000000,30.000000,0.000000,0.036000,0.036000,0,0.144000,0.036000,0.144000,0.036000,0.144000,0.959166,0.959166,0.150000,0.000000,0.000289,0.000036,0.000289,0.000036,0.004824,0.004824
2025-09-03 12:00:00,0.028000,0.112000,idle,0.000000,0,0.000000,0,0.000000,True,0.200000,10.000000,20.000000,30.000000,0.000000,0.028000,0.028000,0,0.112000,0.028000,0.112000,0.028000,0.112000,0.959166,0.959166,0.150000,0.000000,0.000225,0.000028,0.000225,0.000028,0.003752,0.003752
2025-09-03 12:15:00,0.016000,0.064000,idle,0.000000,0,0.000000,0,0.000000,True,0.200000,10.000000,20.000000,30.000000,0.000000,0.016000,0.016000,0,0.064000,0.016000,0.064000,0.016000,0.064000,0.959166,0.959166,0.150000,0.000000,0.000129,0.000016,0.000129,0.000016,0.002144,0.002144
2025-09-03 12:30:00,0.024000,0.096000,idle,0.000000,0,0.000000,0,0.000000,True,0.200000,10.000000,20.000000,30.000000,0.000000,0.024000,0.024000,0,0.096000,0.024000,0.096000,0.024000,0.096000,0.959166,0.959166,0.150000,0.000000,0.000193,0.000024,0.000193,0.000024,0.003216,0.003216
2025-09-03 12:45:00,0.040000,0.160000,idle,0.000000,0,0.000000,0,0.000000,True,0.200000,10.000000,20.000000,30.000000,0.000000,0.040000,0.040000,0,0.160000,0.040000,0.160000,0.040000,0.160000,0.959166,0.959166,0.150000,0.000000,0.000322,0.000040,0.000322,0.000040,0.005360,0.005360
2025-09-03 13:00:00,0.016000,0.064000,idle,0.000000,0,0.000000,0,0.000000,True,0.200000,10.000000,20.000000,30.000000,0.000000,0.016000,0.016000,0,0.064000,0.016000,0.064000,0.016000,0.064000,0.959166,0.959166,0.150000,0.000000,0.000129,0.000016,0.000129,0.000016,0.002144,0.002144
2025-09-03 13:15:00,0.016000,0.064000,idle,0.000000,0,0.000000,0,0.000000,True,0.200000,10.000000,20.000000,30.000000,0.000000,0.016000,0.016000,0,0.064000,0.016000,0.064000,0.016000,0.064000,0.959166,0.959166,0.150000,0.000000,0.000129,0.000016,0.000129,0.000016,0.002144,0.002144
2025-09-03 13:30:00,0.038000,0.152000,idle,0.000000,0,0.000000,0,0.000000,True,0.200000,10.000000,20.000000,30.000000,0.000000,0.038000,0.038000,0,0.152000,0.038000,0.152000,0.038000,0.152000,0.959166,0.959166,0.150000,0.000000,0.000306,0.000038,0.000306,0.000038,0.005092,0.005092
2025-09-03 13:45:00,0.026000,0.104000,idle,0.000000,0,0.000000,0,0.000000,True,0.200000,10.000000,20.000000,30.000000,0.000000,0.026000,0.026000,0,0.104000,0.026000,0.104000,0.026000,0.104000,0.959166,0.959166,0.150000,0.000000,0.000209,0.000026,0.000209,0.000026,0.003484,0.003484
2025-09-03 14:00:00,0.016000,0.064000,idle,0.000000,0,0.000000,0,0.000000,True,0.200000,10.000000,20.000000,30.000000,0.000000,0.016000,0.016000,0,0.064000,0.016000,0.064000,0.016000,0.064000,0.959166,0.959166,0.150000,0.000000,0.000129,0.000016,0.000129,0.000016,0.002144,0.002144
2025-09-03 14:15:00,0.026000,0.104000,idle,0.000000,0,0.000000,0,0.000000,True,0.200000,10.000000,20.000000,30.000000,0.000000,0.026000,0.026000,0,0.104000,0.026000,0.104000,0.026000,0.104000,0.959166,0.959166,0.150000,0.000000,0.000209,0.000026,0.000209,0.000026,0.003484,0.003484
2025-09-03 14:30:00,0.038000,0.152000,idle,0.000000,0,0.000000,0,0.000000,True,0.200000,10.000000,20.000000,30.000000,0.000000,0.038000,0.038000,0,0.152000,0.038000,0.152000,0.038000,0.152000,0.959166,0.959166,0.150000,0.000000,0.000306,0.000038,0.000306,0.000038,0.005092,0.005092
2025-09-03 14:45:00,0.016000,0.064000,idle,0.000000,0,0.000000,0,0.000000,True,0.200000,10.000000,20.000000,30.000000,0.000000,0.016000,0.016000,0,0.064000,0.016000,0.064000,0.016000,0.064000,0.959166,0.959166,0.150000,0.000000,0.000129,0.000016,0.000129,0.000016,0.002144,0.002144
2025-09-03 15:00:00,0.016000,0.064000,idle,0.000000,0,0.000000,0,0.000000,True,0.200000,10.000000,20.000000,30.000000,0.000000,0.016000,0.016000,0,0.064000,0.016000,0.064000,0.016000,0.064000,0.959166,0.959166,0.150000,0.000000,0.000129,0.000016,0.000129,0.000016,0.002144,0.002144
2025-09-03 15:15:00,0.040000,0.160000,idle,0.000000,0,0.000000,0,0.000000,True,0.200000,10.000000,20.000000,30.000000,0.000000,0.040000,0.040000,0,0.160000,0.040000,0.160000,0.040000,0.160000,0.959166,0.959166,0.150000,0.000000,0.000322,0.000040,0.000322,0.000040,0.005360,0.005360
2025-09-03 15:30:00,0.024000,0.096000,idle,0.000000,0,0.000000,0,0.000000,True,0.200000,10.000000,20.000000,30.000000,0.000000,0.024000,0.024000,0,0.096000,0.024000,0.096000,0.024000,0.096000,0.959166,0.959166,0.150000,0.000000,0.000193,0.000024,0.000193,0.000024,0.003216,0.003216
2025-09-03 15:45:00,0.016000,0.064000,idle,0.000000,0,0.000000,0,0.000000,True,0.200000,10.000000,20.000000,30.000000,0.000000,0.016000,0.016000,0,0.064000,0.016000,0.064000,0.016000,0.064000,0.959166,0.959166,0.150000,0.000000,0.000129,0.000016,0.000129,0.000016,0.002144,0.002144
2025-09-03 16:00:00,0.029000,0.116000,idle,0.000000,0,0.000000,0,0.000000,True,0.200000,10.000000,20.000000,30.000000,0.000000,0.029000,0.029000,0,0.116000,0.029000,0.116000,0.029000,0.116000,0.959166,0.959166,0.150000,0.000000,0.000233,0.000029,0.000233,0.000029,0.003886,0.003886
2025-09-03 16:15:00,0.035000,0.140000,idle,0.000000,0,0.000000,0,0.000000,True,0.200000,10.000000,20.000000,30.000000,0.000000,0.035000,0.035000,0,0.140000,0.035000,0.140000,0.035000,0.140000,0.959166,0.959166,0.150000,0.000000,0.000281,0.000035,0.000281,0.000035,0.004690,0.004690
2025-09-03 16:30:00,0.016000,0.064000,idle,0.000000,0,0.000000,0,0.000000,True,0.200000,10.000000,20.000000,30.000000,0.000000,0.016000,0.016000,0,0.064000,0.016000,0.064000,0.016000,0.064000,0.959166,0.959166,0.150000,0.000000,0.000129,0.000016,0.000129,0.000016,0.002144,0.002144
2025-09-03 16:45:00,0.017000,0.068000,idle,0.000000,0,0.000000,0,0.000000,True,0.200000,10.000000,20.000000,30.000000,0.000000,0.017000,0.017000,0,0.068000,0.017000,0.068000,0.017000,0.068000,0.959166,0.959166,0.150000,0.000000,0.000137,0.000017,0.000137,0.000017,0.002278,0.002278
2025-09-03 17:00:00,0.042000,0.168000,idle,0.000000,0,0.000000,0,0.000000,True,0.200000,10.000000,20.000000,30.000000,0.000000,0.042000,0.042000,0,0.168000,0.042000,0.168000,0.042000,0.168000,0.959166,0.959166,0.150000,0.000000,0.000338,0.000042,0.000338,0.000042,0.005628,0.005628
2025-09-03 17:15:00,0.021000,0.084000,idle,0.000000,0,0.000000,0,0.000000,True,0.200000,10.000000,20.000000,30.000000,0.000000,0.021000,0.021000,0,0.084000,0.021000,0.084000,0.021000,0.084000,0.959166,0.959166,0.150000,0.000000,0.000169,0.000021,0.000169,0.000021,0.002814,0.002814
2025-09-03 17:30:00,0.017000,0.068000,idle,0.000000,0,0.000000,0,0.000000,True,0.200000,10.000000,20.000000,30.000000,0.000000,0.017000,0.017000,0,0.068000,0.017000,0.068000,0.017000,0.068000,0.959166,0.959166,0.150000,0.000000,0.000137,0.000017,0.000137,0.000017,0.002278,0.002278
2025-09-03 17:45:00,0.031000,0.124000,idle,0.000000,0,0.000000,0,0.000000,True,0.200000,10.000000,20.000000,30.000000,0.000000,0.031000,0.031000,0,0.124000,0.031000,0.124000,0.031000,0.124000,0.959166,0.959166,0.150000,0.000000,0.000249,0.000031,0.000249,0.000031,0.004154,0.004154
2025-09-03 18:00:00,0.033000,0.132000,idle,0.000000,0,0.000000,0,0.000000,True,0.200000,10.000000,20.000000,30.000000,0.000000,0.033000,0.033000,0,0.132000,0.033000,0.132000,0.033000,0.132000,0.959166,0.959166,0.150000,0.000000,0.000265,0.000033,0.000265,0.000033,0.004422,0.004422
2025-09-03 18:15:00,0.016000,0.064000,idle,0.000000,0,0.000000,0,0.000000,True,0.200000,10.000000,20.000000,30.000000,0.000000,0.016000,0.016000,0,0.064000,0.016000,0.064000,0.016000,0.064000,0.959166,0.959166,0.150000,0.000000,0.000129,0.000016,0.000129,0.000016,0.002144,0.002144
2025-09-03 18:30:00,0.021000,0.084000,idle,0.000000,0,0.000000,0,0.000000,True,0.200000,10.000000,20.000000,30.000000,0.000000,0.021000,0.021000,0,0.084000,0.021000,0.084000,0.021000,0.084000,0.959166,0.959166,0.150000,0.000000,0.000169,0.000021,0.000169,0.000021,0.002814,0.002814
2025-09-03 18:45:00,0.042000,0.168000,idle,0.000000,0,0.000000,0,0.000000,True,0.200000,10.000000,20.000000,30.000000,0.000000,0.042000,0.042000,0,0.168000,0.042000,0.168000,0.042000,0.168000,0.959166,0.959166,0.150000,0.000000,0.000338,0.000042,0.000338,0.000042,0.005628,0.005628
2025-09-03 19:00:00,0.018000,0.072000,idle,0.000000,0,0.000000,0,0.000000,True,0.200000,10.000000,20.000000,30.000000,0.000000,0.018000,0.018000,0,0.072000,0.018000,0.072000,0.018000,0.072000,0.959166,0.959166,0.150000,0.000000,0.000145,0.000018,0.000145,0.000018,0.002412,0.002412
2025-09-03 19:15:00,0.016000,0.064000,idle,0.000000,0,0.000000,0,0.000000,True,0.200000,10.000000,20.000000,30.000000,0.000000,0.016000,0.016000,0,0.064000,0.016000,0.064000,0.016000,0.064000,0.959166,0.959166,0.150000,0.000000,0.000129,0.000016,0.000129,0.000016,0.002144,0.002144
2025-09-03 19:30:00,0.035000,0.140000,idle,0.000000,0,0.000000,0,0.000000,True,0.200000,10.000000,20.000000,30.000000,0.000000,0.035000,0.035000,0,0.140000,0.035000,0.140000,0.035000,0.140000,0.959166,0.959166,0.150000,0.000000,0.000281,0.000035,0.000281,0.000035,0.004690,0.004690
2025-09-03 19:45:00,0.029000,0.116000,idle,0.000000,0,0.000000,0,0.000000,True,0.200000,10.000000,20.000000,30.000000,0.000000,0.029000,0.029000,0,0.116000,0.029000,0.116000,0.029000,0.116000,0.959166,0.959166,0.150000,0.000000,0.000233,0.000029,0.000233,0.000029,0.003886,0.003886
2025-09-03 20:00:00,0.017000,0.068000,idle,0.000000,0,0.000000,0,0.000000,True,0.200000,10.000000,20.000000,30.000000,0.000000,0.017000,0.017000,0,0.068000,0.017000,0.068000,0.017000,0.068000,0.959166,0.959166,0.150000,0.000000,0.000137,0.000017,0.000137,0.000017,0.002278,0.002278
2025-09-03 20:15:00,0.024000,0.096000,idle,0.000000,0,0.000000,0,0.000000,True,0.200000,10.000000,20.000000,30.000000,0.000000,0.024000,0.024000,0,0.096000,0.024000,0.096000,0.024000,0.096000,0.959166,0.959166,0.150000,0.000000,0.000193,0.000024,0.000193,0.000024,0.003216,0.003216
2025-09-03 20:30:00,0.040000,0.160000,idle,0.000000,0,0.000000,0,0.000000,True,0.200000,10.000000,20.000000,30.000000,0.000000,0.040000,0.040000,0,0.160000,0.040000,0.160000,0.040000,0.160000,0.959166,0.959166,0.150000,0.000000,0.000322,0.000040,0.000322,0.000040,0.005360,0.005360
2025-09-03 20:45:00,0.016000,0.064000,idle,0.000000,0,0.000000,0,0.000000,True,0.200000,10.000000,20.000000,30.000000,0.000000,0.016000,0.016000,0,0.064000,0.016000,0.064000,0.016000,0.064000,0.959166,0.959166,0.150000,0.000000,0.000129,0.000016,0.000129,0.000016,0.002144,0.002144
2025-09-03 21:00:00,0.017000,0.068000,idle,0.000000,0,0.000000,0,0.000000,True,0.200000,10.000000,20.000000,30.000000,0.000000,0.017000,0.017000,0,0.068000,0.017000,0.068000,0.017000,0.068000,0.959166,0.959166,0.150000,0.000000,0.000137,0.000017,0.000137,0.000017,0.002278,0.002278
2025-09-03 21:15:00,0.039000,0.156000,idle,0.000000,0,0.000000,0,0.000000,True,0.200000,10.000000,20.000000,30.000000,0.000000,0.039000,0.039000,0,0.156000,0.039000,0.156000,0.039000,0.156000,0.959166,0.959166,0.150000,0.000000,0.000314,0.000039,0.000314,0.000039,0.005226,0.005226
2025-09-03 21:30:00,0.025000,0.100000,idle,0.000000,0,0.000000,0,0.000000,True,0.200000,10.000000,20.000000,30.000000,0.000000,0.025000,0.025000,0,0.100000,0.025000,0.100000,0.025000,0.100000,0.959166,0.959166,0.150000,0.000000,0.000201,0.000025,0.000201,0.000025,0.003350,0.003350
2025-09-03 21:45:00,0.017000,0.068000,idle,0.000000,0,0.000000,0,0.000000,True,0.200000,10.000000,20.000000,30.000000,0.000000,0.017000,0.017000,0,0.068000,0.017000,0.068000,0.017000,0.068000,0.959166,0.959166,0.150000,0.000000,0.000137,0.000017,0.000137,0.000017,0.002278,0.002278
2025-09-03 22:00:00,0.027000,0.108000,idle,0.000000,0,0.000000,0,0.000000,True,0.200000,10.000000,20.000000,30.000000,0.000000,0.027000,0.027000,0,0.108000,0.027000,0.108000,0.027000,0.108000,0.959166,0.959166,0.150000,0.000000,0.000217,0.000027,0.000217,0.000027,0.003618,0.003618
2025-09-03 22:15:00,0.038000,0.152000,idle,0.000000,0,0.000000,0,0.000000,True,0.200000,10.000000,20.000000,30.000000,0.000000,0.038000,0.038000,0,0.152000,0.038000,0.152000,0.038000,0.152000,0.959166,0.959166,0.150000,0.000000,0.000306,0.000038,0.000306,0.000038,0.005092,0.005092
2025-09-03 22:30:00,0.016000,0.064000,idle,0.000000,0,0.000000,0,0.000000,True,0.200000,10.000000,20.000000,30.000000,0.000000,0.016000,0.016000,0,0.064000,0.016000,0.064000,0.016000,0.064000,0.959166,0.959166,0.150000,0.000000,0.000129,0.000016,0.000129,0.000016,0.002144,0.002144
2025-09-03 22:45:00,0.016000,0.064000,idle,0.000000,0,0.000000,0,0.000000,True,0.200000,10.000000,20.000000,30.000000,0.000000,0.016000,0.016000,0,0.064000,0.016000,0.064000,0.016000,0.064000,0.959166,0.959166,0.150000,0.000000,0.000129,0.000016,0.000129,0.000016,0.002144,0.002144
2025-09-03 23:00:00,0.041000,0.164000,idle,0.000000,0,0.000000,0,0.000000,True,0.200000,10.000000,20.000000,30.000000,0.000000,0.041000,0.041000,0,0.164000,0.041000,0.164000,0.041000,0.164000,0.959166,0.959166,0.150000,0.000000,0.000330,0.000041,0.000330,0.000041,0.005494,0.005494
2025-09-03 23:15:00,0.024000,0.096000,idle,0.000000,0,0.000000,0,0.000000,True,0.200000,10.000000,20.000000,30.000000,0.000000,0.024000,0.024000,0,0.096000,0.024000,0.096000,0.024000,0.096000,0.959166,0.959166,0.150000,0.000000,0.000193,0.000024,0.000193,0.000024,0.003216,0.003216
2025-09-03 23:30:00,0.016000,0.064000,idle,0.000000,0,0.000000,0,0.000000,True,0.200000,10.000000,20.000000,30.000000,0.000000,0.016000,0.016000,0,0.064000,0.016000,0.064000,0.016000,0.064000,0.959166,0.959166,0.150000,0.000000,0.000129,0.000016,0.000129,0.000016,0.002144,0.002144
2025-09-03 23:45:00,0.030000,0.120000,idle,0.000000,0,0.000000,0,0.000000,True,0.200000,10.000000,20.000000,30.000000,0.000000,0.030000,0.030000,0,0.120000,0.030000,0.120000,0.030000,0.120000,0.959166,0.959166,0.150000,0.000000,0.000241,0.000030,0.000241,0.000030,0.004020,0.004020
2025-09-04 00:00:00,0.034000,0.136000,idle,0.000000,0,0.000000,0,0.000000,True,0.200000,10.000000,20.000000,30.000000,0.000000,0.034000,0.034000,0,0.136000,0.034000,0.136000,0.034000,0.136000,0.959166,0.959166,0.150000,0.000000,0.000273,0.000034,0.000273,0.000034,0.004556,0.004556
2025-09-04 00:15:00,0.016000,0.064000,idle,0.000000,0,0.000000,0,0.000000,True,0.200000,10.000000,20.000000,30.000000,0.000000,0.016000,0.016000,0,0.064000,0.016000,0.064000,0.016000,0.064000,0.959166,0.959166,0.150000,0.000000,0.000129,0.000016,0.000129,0.000016,0.002144,0.002144
2025-09-04 00:30:00,0.019000,0.076000,idle,0.000000,0,0.000000,0,0.000000,True,0.200000,10.000000,20.000000,30.000000,0.000000,0.019000,0.019000,0,0.076000,0.019000,0.076000,0.019000,0.076000,0.959166,0.959166,0.150000,0.000000,0.000153,0.000019,0.000153,0.000019,0.002546,0.002546
2025-09-04 00:45:00,0.042000,0.168000,idle,0.000000,0,0.000000,0,0.000000,True,0.200000,10.000000,20.000000,30.000000,0.000000,0.042000,0.042000,0,0.168000,0.042000,0.168000,0.042000,0.168000,0.959166,0.959166,0.150000,0.000000,0.000338,0.000042,0.000338,0.000042,0.005628,0.005628
2025-09-04 01:00:00,0.020000,0.080000,idle,0.000000,0,0.000000,0,0.000000,True,0.200000,10.000000,20.000000,30.000000,0.000000,0.020000,0.020000,0,0.080000,0.020000,0.080000,0.020000,0.080000,0.959166,0.959166,0.150000,0.000000,0.000161,0.000020,0.000161,0.000020,0.002680,0.002680
2025-09-04 01:15:00,0.016000,0.064000,idle,0.000000,0,0.000000,0,0.000000,True,0.200000,10.000000,20.000000,30.000000,0.000000,0.016000,0.016000,0,0.064000,0.016000,0.064000,0.016000,0.064000,0.959166,0.959166,0.150000,0.000000,0.000129,0.000016,0.000129,0.000016,0.002144,0.002144
2025-09-04 01:30:00,0.034000,0.136000,idle,0.000000,0,0.000000,0,0.000000,True,0.200000,10.000000,20.000000,30.000000,0.000000,0.034000,0.034000,0,0.136000,0.034000,0.136000,0.034000,0.136000,0.959166,0.959166,0.150000,0.000000,0.000273,0.000034,0.000273,0.000034,0.004556,0.004556
2025-09-04 01:45:00,0.030000,0.120000,idle,0.000000,0,0.000000,0,0.000000,True,0.200000,10.000000,20.000000,30.000000,0.000000,0.030000,0.030000,0,0.120000,0.030000,0.120000,0.030000,0.120000,0.959166,0.959166,0.150000,0.000000,0.000241,0.000030,0.000241,0.000030,0.004020,0.004020
2025-09-04 02:00:00,0.016000,0.064000,idle,0.000000,0,0.000000,0,0.000000,True,0.200000,10.000000,20.000000,30.000000,0.000000,0.016000,0.016000,0,0.064000,0.016000,0.064000,0.016000,0.064000,0.959166,0.959166,0.150000,0.000000,0.000129,0.000016,0.000129,0.000016,0.002144,0.002144
2025-09-04 02:15:00,0.023000,0.092000,idle,0.000000,0,0.000000,0,0.000000,True,0.200000,10.000000,20.000000,30.000000,0.000000,0.023000,0.023000,0,0.092000,0.023000,0.092000,0.023000,0.092000,0.959166,0.959166,0.150000,0.000000,0.000185,0.000023,0.000185,0.000023,0.003082,0.003082
2025-09-04 02:30:00,0.041000,0.164000,idle,0.000000,0,0.000000,0,0.000000,True,0.200000,10.000000,20.000000,30.000000,0.000000,0.041000,0.041000,0,0.164000,0.041000,0.164000,0.041000,0.164000,0.959166,0.959166,0.150000,0.000000,0.000330,0.000041,0.000330,0.000041,0.005494,0.005494
2025-09-04 02:45:00,0.016000,0.064000,idle,0.000000,0,0.000000,0,0.000000,True,0.200000,10.000000,20.000000,30.000000,0.000000,0.016000,0.016000,0,0.064000,0.016000,0.064000,0.016000,0.064000,0.959166,0.959166,0.150000,0.000000,0.000129,0.000016,0.000129,0.000016,0.002144,0.002144
2025-09-04 03:00:00,0.016000,0.064000,idle,0.000000,0,0.000000,0,0.000000,True,0.200000,10.000000,20.000000,30.000000,0.000000,0.016000,0.016000,0,0.064000,0.016000,0.064000,0.016000,0.064000,0.959166,0.959166,0.150000,0.000000,0.000129,0.000016,0.000129,0.000016,0.002144,0.002144
2025-09-04 03:15:00,0.038000,0.152000,idle,0.000000,0,0.000000,0,0.000000,True,0.200000,10.000000,20.000000,30.000000,0.000000,0.038000,0.038000,0,0.152000,0.038000,0.152000,0.038000,0.152000,0.959166,0.959166,0.150000,0.000000,0.000306,0.000038,0.000306,0.000038,0.005092,0.005092
2025-09-04 03:30:00,0.026000,0.104000,idle,0.000000,0,0.000000,0,0.000000,True,0.200000,10.000000,20.000000,30.000000,0.000000,0.026000,0.026000,0,0.104000,0.026000,0.104000,0.026000,0.104000,0.959166,0.959166,0.150000,0.000000,0.000209,0.000026,0.000209,0.000026,0.003484,0.003484
2025-09-04 03:45:00,0.016000,0.064000,idle,0.000000,0,0.000000,0,0.000000,True,0.200000,10.000000,20.000000,30.000000,0.000000,0.016000,0.016000,0,0.064000,0.016000,0.064000,0.016000,0.064000,0.959166,0.959166,0.150000,0.000000,0.000129,0.000016,0.000129,0.000016,0.002144,0.002144
2025-09-04 04:00:00,0.027000,0.108000,idle,0.000000,0,0.000000,0,0.000000,True,0.200000,10.000000,20.000000,30.000000,0.000000,0.027000,0.027000,0,0.108000,0.027000,0.108000,0.027000,0.108000,0.959166,0.959166,0.150000,0.000000,0.000217,0.000027,0.000217,0.000027,0.003618,0.003618
2025-09-04 04:15:00,0.036000,0.144000,idle,0.000000,0,0.000000,0,0.000000,True,0.200000,10.000000,20.000000,30.000000,0.000000,0.036000,0.036000,0,0.144000,0.036000,0.144000,0.036000,0.144000,0.959166,0.959166,0.150000,0.000000,0.000289,0.000036,0.000289,0.000036,0.004824,0.004824
2025-09-04 04:30:00,0.016000,0.064000,idle,0.000000,0,0.000000,0,0.000000,True,0.200000,10.000000,20.000000,30.000000,0.000000,0.016000,0.016000,0,0.064000,0.016000,0.064000,0.016000,0.064000,0.959166,0.959166,0.150000,0.000000,0.000129,0.000016,0.000129,0.000016,0.002144,0.002144
2025-09-04 04:45:00,0.017000,0.068000,idle,0.000000,0,0.000000,0,0.000000,True,0.200000,10.000000,20.000000,30.000000,0.000000,0.017000,0.017000,0,0.068000,0.017000,0.068000,0.017000,0.068000,0.959166,0.959166,0.150000,0.000000,0.000137,0.000017,0.000137,0.000017,0.002278,0.002278
2025-09-04 05:00:00,0.043000,0.172000,idle,0.000000,0,0.000000,0,0.000000,True,0.200000,10.000000,20.000000,30.000000,0.000000,0.043000,0.043000,0,0.172000,0.043000,0.172000,0.043000,0.172000,0.959166,0.959166,0.150000,0.000000,0.000346,0.000043,0.000346,0.000043,0.005762,0.005762
2025-09-04 05:15:00,0.019000,0.076000,idle,0.000000,0,0.000000,0,0.000000,True,0.200000,10.000000,20.000000,30.000000,0.000000,0.019000,0.019000,0,0.076000,0.019000,0.076000,0.019000,0.076000,0.959166,0.959166,0.150000,0.000000,0.000153,0.000019,0.000153,0.000019,0.002546,0.002546
2025-09-04 05:30:00,0.016000,0.064000,idle,0.000000,0,0.000000,0,0.000000,True,0.200000,10.000000,20.000000,30.000000,0.000000,0.016000,0.016000,0,0.064000,0.016000,0.064000,0.016000,0.064000,0.959166,0.959166,0.150000,0.000000,0.000129,0.000016,0.000129,0.000016,0.002144,0.002144
2025-09-04 05:45:00,0.033000,0.132000,idle,0.000000,0,0.000000,0,0.000000,True,0.200000,10.000000,20.000000,30.000000,0.000000,0.033000,0.033000,0,0.132000,0.033000,0.132000,0.033000,0.132000,0.959166,0.959166,0.150000,0.000000,0.000265,0.000033,0.000265,0.000033,0.004422,0.004422
2025-09-04 06:00:00,0.031000,0.124000,idle,0.000000,0,0.000000,0,0.000000,True,0.200000,10.000000,20.000000,30.000000,0.000000,0.031000,0.031000,0,0.124000,0.031000,0.124000,0.031000,0.124000,0.959166,0.959166,0.150000,0.000000,0.000249,0.000031,0.000249,0.000031,0.004154,0.004154
2025-09-04 06:15:00,0.017000,0.068000,idle,0.000000,0,0.000000,0,0.000000,True,0.200000,10.000000,20.000000,30.000000,0.000000,0.017000,0.017000,0,0.068000,0.017000,0.068000,0.017000,0.068000,0.959166,0.959166,0.150000,0.000000,0.000137,0.000017,0.000137,0.000017,0.002278,0.002278
2025-09-04 06:30:00,0.021000,0.084000,idle,0.000000,0,0.000000,0,0.000000,True,0.200000,10.000000,20.000000,30.000000,0.000000,0.021000,0.021000,0,0.084000,0.021000,0.084000,0.021000,0.084000,0.959166,0.959166,0.150000,0.000000,0.000169,0.000021,0.000169,0.000021,0.002814,0.002814
2025-09-04 06:45:00,0.042000,0.168000,idle,0.000000,0,0.000000,0,0.000000,True,0.200000,10.000000,20.000000,30.000000,0.000000,0.042000,0.042000,0,0.168000,0.042000,0.168000,0.042000,0.168000,0.959166,0.959166,0.150000,0.000000,0.000338,0.000042,0.000338,0.000042,0.005628,0.005628
2025-09-04 07:00:00,0.018000,0.072000,idle,0.000000,0,0.000000,0,0.000000,True,0.200000,10.000000,20.000000,30.000000,0.000000,0.018000,0.018000,0,0.072000,0.018000,0.072000,0.018000,0.072000,0.959166,0.959166,0.150000,0.000000,0.000145,0.000018,0.000145,0.000018,0.002412,0.002412
2025-09-04 07:15:00,0.016000,0.064000,idle,0.000000,0,0.000000,0,0.000000,True,0.200000,10.000000,20.000000,30.000000,0.000000,0.016000,0.016000,0,0.064000,0.016000,0.064000,0.016000,0.064000,0.959166,0.959166,0.150000,0.000000,0.000129,0.000016,0.000129,0.000016,0.002144,0.002144
2025-09-04 07:30:00,0.035000,0.140000,idle,0.000000,0,0.000000,0,0.000000,True,0.200000,10.000000,20.000000,30.000000,0.000000,0.035000,0.035000,0,0.140000,0.035000,0.140000,0.035000,0.140000,0.959166,0.959166,0.150000,0.000000,0.000281,0.000035,0.000281,0.000035,0.004690,0.004690
2025-09-04 07:45:00,0.030000,0.120000,idle,0.000000,0,0.000000,0,0.000000,True,0.200000,10.000000,20.000000,30.000000,0.000000,0.030000,0.030000,0,0.120000,0.030000,0.120000,0.030000,0.120000,0.959166,0.959166,0.150000,0.000000,0.000241,0.000030,0.000241,0.000030,0.004020,0.004020
2025-09-04 08:00:00,0.016000,0.064000,idle,0.000000,0,0.000000,0,0.000000,True,0.200000,10.000000,20.000000,30.000000,0.000000,0.016000,0.016000,0,0.064000,0.016000,0.064000,0.016000,0.064000,0.959166,0.959166,0.150000,0.000000,0.000129,0.000016,0.000129,0.000016,0.002144,0.002144
2025-09-04 08:15:00,0.022000,0.088000,idle,0.000000,0,0.000000,0,0.000000,True,0.200000,10.000000,20.000000,30.000000,0.000000,0.022000,0.022000,0,0.088000,0.022000,0.088000,0.022000,0.088000,0.959166,0.959166,0.150000,0.000000,0.000177,0.000022,0.000177,0.000022,0.002948,0.002948
2025-09-04 08:30:00,0.042000,0.168000,idle,0.000000,0,0.000000,0,0.000000,True,0.200000,10.000000,20.000000,30.000000,0.000000,0.042000,0.042000,0,0.168000,0.042000,0.168000,0.042000,0.168000,0.959166,0.959166,0.150000,0.000000,0.000338,0.000042,0.000338,0.000042,0.005628,0.005628
2025-09-04 08:45:00,0.017000,0.068000,idle,0.000000,0,0.000000,0,0.000000,True,0.200000,10.000000,20.000000,30.000000,0.000000,0.017000,0.017000,0,0.068000,0.017000,0.068000,0.017000,0.068000,0.959166,0.959166,0.150000,0.000000,0.000137,0.000017,0.000137,0.000017,0.002278,0.002278
2025-09-04 09:00:00,0.016000,0.064000,idle,0.000000,0,0.000000,0,0.000000,True,0.200000,10.000000,20.000000,30.000000,0.000000,0.016000,0.016000,0,0.064000,0.016000,0.064000,0.016000,0.064000,0.959166,0.959166,0.150000,0.000000,0.000129,0.000016,0.000129,0.000016,0.002144,0.002144
2025-09-04 09:15:00,0.035000,0.140000,idle,0.000000,0,0.000000,0,0.000000,True,0.200000,10.000000,20.000000,30.000000,0.000000,0.035000,0.035000,0,0.140000,0.035000,0.140000,0.035000,0.140000,0.959166,0.959166,0.150000,0.000000,0.000281,0.000035,0.000281,0.000035,0.004690,0.004690
2025-09-04 09:30:00,0.028000,0.112000,idle,0.000000,0,0.000000,0,0.000000,True,0.200000,10.000000,20.000000,30.000000,0.000000,0.028000,0.028000,0,0.112000,0.028000,0.112000,0.028000,0.112000,0.959166,0.959166,0.150000,0.000000,0.000225,0.000028,0.000225,0.000028,0.003752,0.003752
2025-09-04 09:45:00,0.017000,0.068000,idle,0.000000,0,0.000000,0,0.000000,True,0.200000,10.000000,20.000000,30.000000,0.000000,0.017000,0.017000,0,0.068000,0.017000,0.068000,0.017000,0.068000,0.959166,0.959166,0.150000,0.000000,0.000137,0.000017,0.000137,0.000017,0.002278,0.002278
2025-09-04 10:00:00,0.022000,0.088000,idle,0.000000,0,0.000000,0,0.000000,True,0.200000,10.000000,20.000000,30.000000,0.000000,0.022000,0.022000,0,0.088000,0.022000,0.088000,0.022000,0.088000,0.959166,0.959166,0.150000,0.000000,0.000177,0.000022,0.000177,0.000022,0.002948,0.002948
2025-09-04 10:15:00,0.042000,0.168000,idle,0.000000,0,0.000000,0,0.000000,True,0.200000,10.000000,20.000000,30.000000,0.000000,0.042000,0.042000,0,0.168000,0.042000,0.168000,0.042000,0.168000,0.959166,0.959166,0.150000,0.000000,0.000338,0.000042,0.000338,0.000042,0.005628,0.005628
2025-09-04 10:30:00,0.016000,0.064000,idle,0.000000,0,0.000000,0,0.000000,True,0.200000,10.000000,20.000000,30.000000,0.000000,0.016000,0.016000,0,0.064000,0.016000,0.064000,0.016000,0.064000,0.959166,0.959166,0.150000,0.000000,0.000129,0.000016,0.000129,0.000016,0.002144,0.002144
2025-09-04 10:45:00,0.016000,0.064000,idle,0.000000,0,0.000000,0,0.000000,True,0.200000,10.000000,20.000000,30.000000,0.000000,0.016000,0.016000,0,0.064000,0.016000,0.064000,0.016000,0.064000,0.959166,0.959166,0.150000,0.000000,0.000129,0.000016,0.000129,0.000016,0.002144,0.002144
2025-09-04 11:00:00,0.035000,0.140000,idle,0.000000,0,0.000000,0,0.000000,True,0.200000,10.000000,20.000000,30.000000,0.000000,0.035000,0.035000,0,0.140000,0.035000,0.140000,0.035000,0.140000,0.959166,0.959166,0.150000,0.000000,0.000281,0.000035,0.000281,0.000035,0.004690,0.004690
2025-09-04 11:15:00,0.029000,0.116000,idle,0.000000,0,0.000000,0,0.000000,True,0.200000,10.000000,20.000000,30.000000,0.000000,0.029000,0.029000,0,0.116000,0.029000,0.116000,0.029000,0.116000,0.959166,0.959166,0.150000,0.000000,0.000233,0.000029,0.000233,0.000029,0.003886,0.003886
2025-09-04 11:30:00,0.016000,0.064000,idle,0.000000,0,0.000000,0,0.000000,True,0.200000,10.000000,20.000000,30.000000,0.000000,0.016000,0.016000,0,0.064000,0.016000,0.064000,0.016000,0.064000,0.959166,0.959166,0.150000,0.000000,0.000129,0.000016,0.000129,0.000016,0.002144,0.002144
2025-09-04 11:45:00,0.022000,0.088000,idle,0.000000,0,0.000000,0,0.000000,True,0.200000,10.000000,20.000000,30.000000,0.000000,0.022000,0.022000,0,0.088000,0.022000,0.088000,0.022000,0.088000,0.959166,0.959166,0.150000,0.000000,0.000177,0.000022,0.000177,0.000022,0.002948,0.002948
2025-09-04 12:00:00,0.042000,0.168000,idle,0.000000,0,0.000000,0,0.000000,True,0.200000,10.000000,20.000000,30.000000,0.000000,0.042000,0.042000,0,0.168000,0.042000,0.168000,0.042000,0.168000,0.959166,0.959166,0.150000,0.000000,0.000338,0.000042,0.000338,0.000042,0.005628,0.005628
2025-09-04 12:15:00,0.017000,0.068000,idle,0.000000,0,0.000000,0,0.000000,True,0.200000,10.000000,20.000000,30.000000,0.000000,0.017000,0.017000,0,0.068000,0.017000,0.068000,0.017000,0.068000,0.959166,0.959166,0.150000,0.000000,0.000137,0.000017,0.000137,0.000017,0.002278,0.002278
2025-09-04 12:30:00,0.017000,0.068000,idle,0.000000,0,0.000000,0,0.000000,True,0.200000,10.000000,20.000000,30.000000,0.000000,0.017000,0.017000,0,0.068000,0.017000,0.068000,0.017000,0.068000,0.959166,0.959166,0.150000,0.000000,0.000137,0.000017,0.000137,0.000017,0.002278,0.002278
2025-09-04 12:45:00,0.033000,0.132000,idle,0.000000,0,0.000000,0,0.000000,True,0.200000,10.000000,20.000000,30.000000,0.000000,0.033000,0.033000,0,0.132000,0.033000,0.132000,0.033000,0.132000,0.959166,0.959166,0.150000,0.000000,0.000265,0.000033,0.000265,0.000033,0.004422,0.004422
2025-09-04 13:00:00,0.030000,0.120000,idle,0.000000,0,0.000000,0,0.000000,True,0.200000,10.000000,20.000000,30.000000,0.000000,0.030000,0.030000,0,0.120000,0.030000,0.120000,0.030000,0.120000,0.959166,0.959166,0.150000,0.000000,0.000241,0.000030,0.000241,0.000030,0.004020,0.004020
2025-09-04 13:15:00,0.016000,0.064000,idle,0.000000,0,0.000000,0,0.000000,True,0.200000,10.000000,20.000000,30.000000,0.000000,0.016000,0.016000,0,0.064000,0.016000,0.064000,0.016000,0.064000,0.959166,0.959166,0.150000,0.000000,0.000129,0.000016,0.000129,0.000016,0.002144,0.002144
2025-09-04 13:30:00,0.021000,0.084000,idle,0.000000,0,0.000000,0,0.000000,True,0.200000,10.000000,20.000000,30.000000,0.000000,0.021000,0.021000,0,0.084000,0.021000,0.084000,0.021000,0.084000,0.959166,0.959166,0.150000,0.000000,0.000169,0.000021,0.000169,0.000021,0.002814,0.002814
2025-09-04 13:45:00,0.042000,0.168000,idle,0.000000,0,0.000000,0,0.000000,True,0.200000,10.000000,20.000000,30.000000,0.000000,0.042000,0.042000,0,0.168000,0.042000,0.168000,0.042000,0.168000,0.959166,0.959166,0.150000,0.000000,0.000338,0.000042,0.000338,0.000042,0.005628,0.005628
2025-09-04 14:00:00,0.018000,0.072000,idle,0.000000,0,0.000000,0,0.000000,True,0.200000,10.000000,20.000000,30.000000,0.000000,0.018000,0.018000,0,0.072000,0.018000,0.072000,0.018000,0.072000,0.959166,0.959166,0.150000,0.000000,0.000145,0.000018,0.000145,0.000018,0.002412,0.002412
2025-09-04 14:15:00,0.017000,0.068000,idle,0.000000,0,0.000000,0,0.000000,True,0.200000,10.000000,20.000000,30.000000,0.000000,0.017000,0.017000,0,0.068000,0.017000,0.068000,0.017000,0.068000,0.959166,0.959166,0.150000,0.000000,0.000137,0.000017,0.000137,0.000017,0.002278,0.002278
2025-09-04 14:30:00,0.032000,0.128000,idle,0.000000,0,0.000000,0,0.000000,True,0.200000,10.000000,20.000000,30.000000,0.000000,0.032000,0.032000,0,0.128000,0.032000,0.128000,0.032000,0.128000,0.959166,0.959166,0.150000,0.000000,0.000257,0.000032,0.000257,0.000032,0.004288,0.004288
2025-09-04 14:45:00,0.032000,0.128000,idle,0.000000,0,0.000000,0,0.000000,True,0.200000,10.000000,20.000000,30.000000,0.000000,0.032000,0.032000,0,0.128000,0.032000,0.128000,0.032000,0.128000,0.959166,0.959166,0.150000,0.000000,0.000257,0.000032,0.000257,0.000032,0.004288,0.004288
2025-09-04 15:00:00,0.017000,0.068000,idle,0.000000,0,0.000000,0,0.000000,True,0.200000,10.000000,20.000000,30.000000,0.000000,0.017000,0.017000,0,0.068000,0.017000,0.068000,0.017000,0.068000,0.959166,0.959166,0.150000,0.000000,0.000137,0.000017,0.000137,0.000017,0.002278,0.002278
2025-09-04 15:15:00,0.019000,0.076000,idle,0.000000,0,0.000000,0,0.000000,True,0.200000,10.000000,20.000000,30.000000,0.000000,0.019000,0.019000,0,0.076000,0.019000,0.076000,0.019000,0.076000,0.959166,0.959166,0.150000,0.000000,0.000153,0.000019,0.000153,0.000019,0.002546,0.002546
2025-09-04 15:30:00,0.042000,0.168000,idle,0.000000,0,0.000000,0,0.000000,True,0.200000,10.000000,20.000000,30.000000,0.000000,0.042000,0.042000,0,0.168000,0.042000,0.168000,0.042000,0.168000,0.959166,0.959166,0.150000,0.000000,0.000338,0.000042,0.000338,0.000042,0.005628,0.005628
2025-09-04 15:45:00,0.023000,0.092000,idle,0.000000,0,0.000000,0,0.000000,True,0.200000,10.000000,20.000000,30.000000,0.000000,0.023000,0.023000,0,0.092000,0.023000,0.092000,0.023000,0.092000,0.959166,0.959166,0.150000,0.000000,0.000185,0.000023,0.000185,0.000023,0.003082,0.003082
2025-09-04 16:00:00,0.020000,0.080000,idle,0.000000,0,0.000000,0,0.000000,True,0.200000,10.000000,20.000000,30.000000,0.000000,0.020000,0.020000,0,0.080000,0.020000,0.080000,0.020000,0.080000,0.959166,0.959166,0.150000,0.000000,0.000161,0.000020,0.000161,0.000020,0.002680,0.002680
2025-09-04 16:15:00,0.034000,0.136000,idle,0.000000,0,0.000000,0,0.000000,True,0.200000,10.000000,20.000000,30.000000,0.000000,0.034000,0.034000,0,0.136000,0.034000,0.136000,0.034000,0.136000,0.959166,0.959166,0.150000,0.000000,0.000273,0.000034,0.000273,0.000034,0.004556,0.004556
2025-09-04 16:30:00,0.031000,0.124000,idle,0.000000,0,0.000000,0,0.000000,True,0.200000,10.000000,20.000000,30.000000,0.000000,0.031000,0.031000,0,0.124000,0.031000,0.124000,0.031000,0.124000,0.959166,0.959166,0.150000,0.000000,0.000249,0.000031,0.000249,0.000031,0.004154,0.004154
2025-09-04 16:45:00,0.016000,0.064000,idle,0.000000,0,0.000000,0,0.000000,True,0.200000,10.000000,20.000000,30.000000,0.000000,0.016000,0.016000,0,0.064000,0.016000,0.064000,0.016000,0.064000,0.959166,0.959166,0.150000,0.000000,0.000129,0.000016,0.000129,0.000016,0.002144,0.002144
2025-09-04 17:00:00,0.021000,0.084000,idle,0.000000,0,0.000000,0,0.000000,True,0.200000,10.000000,20.000000,30.000000,0.000000,0.021000,0.021000,0,0.084000,0.021000,0.084000,0.021000,0.084000,0.959166,0.959166,0.150000,0.000000,0.000169,0.000021,0.000169,0.000021,0.002814,0.002814
2025-09-04 17:15:00,0.043000,0.172000,idle,0.000000,0,0.000000,0,0.000000,True,0.200000,10.000000,20.000000,30.000000,0.000000,0.043000,0.043000,0,0.172000,0.043000,0.172000,0.043000,0.172000,0.959166,0.959166,0.150000,0.000000,0.000346,0.000043,0.000346,0.000043,0.005762,0.005762
2025-09-04 17:30:00,0.017000,0.068000,idle,0.000000,0,0.000000,0,0.000000,True,0.200000,10.000000,20.000000,30.000000,0.000000,0.017000,0.017000,0,0.068000,0.017000,0.068000,0.017000,0.068000,0.959166,0.959166,0.150000,0.000000,0.000137,0.000017,0.000137,0.000017,0.002278,0.002278
2025-09-04 17:45:00,0.017000,0.068000,idle,0.000000,0,0.000000,0,0.000000,True,0.200000,10.000000,20.000000,30.000000,0.000000,0.017000,0.017000,0,0.068000,0.017000,0.068000,0.017000,0.068000,0.959166,0.959166,0.150000,0.000000,0.000137,0.000017,0.000137,0.000017,0.002278,0.002278
2025-09-04 18:00:00,0.057000,0.228000,idle,0.000000,0,0.000000,0,0.000000,True,0.200000,10.000000,20.000000,30.000000,0.000000,0.057000,0.057000,0,0.228000,0.057000,0.228000,0.057000,0.228000,0.959166,0.959166,0.150000,0.000000,0.000458,0.000057,0.000458,0.000057,0.007638,0.007638
2025-09-04 18:15:00,0.066000,0.264000,idle,0.000000,0,0.000000,0,0.000000,True,0.200000,10.000000,20.000000,30.000000,0.000000,0.066000,0.066000,0,0.264000,0.066000,0.264000,0.066000,0.264000,0.959166,0.959166,0.150000,0.000000,0.000531,0.000066,0.000531,0.000066,0.008844,0.008844
2025-09-04 18:30:00,0.053000,0.212000,idle,0.000000,0,0.000000,0,0.000000,True,0.200000,10.000000,20.000000,30.000000,0.000000,0.053000,0.053000,0,0.212000,0.053000,0.212000,0.053000,0.212000,0.959166,0.959166,0.150000,0.000000,0.000426,0.000053,0.000426,0.000053,0.007102,0.007102
2025-09-04 18:45:00,0.063000,0.252000,idle,0.000000,0,0.000000,0,0.000000,True,0.200000,10.000000,20.000000,30.000000,0.000000,0.063000,0.063000,0,0.252000,0.063000,0.252000,0.063000,0.252000,0.959166,0.959166,0.150000,0.000000,0.000507,0.000063,0.000507,0.000063,0.008442,0.008442
2025-09-04 19:00:00,0.078000,0.312000,idle,0.000000,0,0.000000,0,0.000000,True,0.200000,10.000000,20.000000,30.000000,0.000000,0.078000,0.078000,0,0.312000,0.078000,0.312000,0.078000,0.312000,0.959166,0.959166,0.150000,0.000000,0.000627,0.000078,0.000627,0.000078,0.010452,0.010452
2025-09-04 19:15:00,0.046000,0.184000,idle,0.000000,0,0.000000,0,0.000000,True,0.200000,10.000000,20.000000,30.000000,0.000000,0.046000,0.046000,0,0.184000,0.046000,0.184000,0.046000,0.184000,0.959166,0.959166,0.150000,0.000000,0.000370,0.000046,0.000370,0.000046,0.006164,0.006164
2025-09-04 19:30:00,0.045000,0.180000,idle,0.000000,0,0.000000,0,0.000000,True,0.200000,10.000000,20.000000,30.000000,0.000000,0.045000,0.045000,0,0.180000,0.045000,0.180000,0.045000,0.180000,0.959166,0.959166,0.150000,0.000000,0.000362,0.000045,0.000362,0.000045,0.006030,0.006030
2025-09-04 19:45:00,0.071000,0.284000,idle,0.000000,0,0.000000,0,0.000000,True,0.200000,10.000000,20.000000,30.000000,0.000000,0.071000,0.071000,0,0.284000,0.071000,0.284000,0.071000,0.284000,0.959166,0.959166,0.150000,0.000000,0.000571,0.000071,0.000571,0.000071,0.009514,0.009514
2025-09-04 20:00:00,0.055000,0.220000,idle,0.000000,0,0.000000,0,0.000000,True,0.200000,10.000000,20.000000,30.000000,0.000000,0.055000,0.055000,0,0.220000,0.055000,0.220000,0.055000,0.220000,0.959166,0.959166,0.150000,0.000000,0.000442,0.000055,0.000442,0.000055,0.007370,0.007370
2025-09-04 20:15:00,0.052000,0.208000,idle,0.000000,0,0.000000,0,0.000000,True,0.200000,10.000000,20.000000,30.000000,0.000000,0.052000,0.052000,0,0.208000,0.052000,0.208000,0.052000,0.208000,0.959166,0.959166,0.150000,0.000000,0.000418,0.000052,0.000418,0.000052,0.006968,0.006968
2025-09-04 20:30:00,0.185000,0.740000,idle,0.000000,0,0.000000,0,0.000000,True,0.200000,10.000000,20.000000,30.000000,0.000000,0.185000,0.185000,0,0.740000,0.185000,0.740000,0.185000,0.740000,0.959166,0.959166,0.150000,0.000000,0.001487,0.000185,0.001487,0.000185,0.024790,0.024790
2025-09-04 20:45:00,0.187000,0.748000,idle,0.000000,0,0.000000,0,0.000000,True,0.200000,10.000000,20.000000,30.000000,0.000000,0.187000,0.187000,0,0.748000,0.187000,0.748000,0.187000,0.748000,0.959166,0.959166,0.150000,0.000000,0.001503,0.000187,0.001503,0.000187,0.025058,0.025058
2025-09-04 21:00:00,0.141000,0.564000,idle,0.000000,0,0.000000,0,0.000000,True,0.200000,10.000000,20.000000,30.000000,0.000000,0.141000,0.141000,0,0.564000,0.141000,0.564000,0.141000,0.564000,0.959166,0.959166,0.150000,0.000000,0.001134,0.000141,0.001134,0.000141,0.018894,0.018894
2025-09-04 21:15:00,0.122000,0.488000,idle,0.000000,0,0.000000,0,0.000000,True,0.200000,10.000000,20.000000,30.000000,0.000000,0.122000,0.122000,0,0.488000,0.122000,0.488000,0.122000,0.488000,0.959166,0.959166,0.150000,0.000000,0.000981,0.000122,0.000981,0.000122,0.016348,0.016348
2025-09-04 21:30:00,0.146000,0.584000,idle,0.000000,0,0.000000,0,0.000000,True,0.200000,10.000000,20.000000,30.000000,0.000000,0.146000,0.146000,0,0.584000,0.146000,0.584000,0.146000,0.584000,0.959166,0.959166,0.150000,0.000000,0.001174,0.000146,0.001174,0.000146,0.019564,0.019564
2025-09-04 21:45:00,0.130000,0.520000,idle,0.000000,0,0.000000,0,0.000000,True,0.200000,10.000000,20.000000,30.000000,0.000000,0.130000,0.130000,0,0.520000,0.130000,0.520000,0.130000,0.520000,0.959166,0.959166,0.150000,0.000000,0.001045,0.000130,0.001045,0.000130,0.017420,0.017420
2025-09-04 22:00:00,0.125000,0.500000,idle,0.000000,0,0.000000,0,0.000000,True,0.200000,10.000000,20.000000,30.000000,0.000000,0.125000,0.125000,0,0.500000,0.125000,0.500000,0.125000,0.500000,0.959166,0.959166,0.150000,0.000000,0.001005,0.000125,0.001005,0.000125,0.016750,0.016750
2025-09-04 22:15:00,0.110000,0.440000,idle,0.000000,0,0.000000,0,0.000000,True,0.200000,10.000000,20.000000,30.000000,0.000000,0.110000,0.110000,0,0.440000,0.110000,0.440000,0.110000,0.440000,0.959166,0.959166,0.150000,0.000000,0.000884,0.000110,0.000884,0.000110,0.014740,0.014740
2025-09-04 22:30:00,0.046000,0.184000,idle,0.000000,0,0.000000,0,0.000000,True,0.200000,10.000000,20.000000,30.000000,0.000000,0.046000,0.046000,0,0.184000,0.046000,0.184000,0.046000,0.184000,0.959166,0.959166,0.150000,0.000000,0.000370,0.000046,0.000370,0.000046,0.006164,0.006164
2025-09-04 22:45:00,0.016000,0.064000,idle,0.000000,0,0.000000,0,0.000000,True,0.200000,10.000000,20.000000,30.000000,0.000000,0.016000,0.016000,0,0.064000,0.016000,0.064000,0.016000,0.064000,0.959166,0.959166,0.150000,0.000000,0.000129,0.000016,0.000129,0.000016,0.002144,0.002144
2025-09-04 23:00:00,0.022000,0.088000,idle,0.000000,0,0.000000,0,0.000000,True,0.200000,10.000000,20.000000,30.000000,0.000000,0.022000,0.022000,0,0.088000,0.022000,0.088000,0.022000,0.088000,0.959166,0.959166,0.150000,0.000000,0.000177,0.000022,0.000177,0.000022,0.002948,0.002948
2025-09-04 23:15:00,0.043000,0.172000,idle,0.000000,0,0.000000,0,0.000000,True,0.200000,10.000000,20.000000,30.000000,0.000000,0.043000,0.043000,0,0.172000,0.043000,0.172000,0.043000,0.172000,0.959166,0.959166,0.150000,0.000000,0.000346,0.000043,0.000346,0.000043,0.005762,0.005762
2025-09-04 23:30:00,0.024000,0.096000,idle,0.000000,0,0.000000,0,0.000000,True,0.200000,10.000000,20.000000,30.000000,0.000000,0.024000,0.024000,0,0.096000,0.024000,0.096000,0.024000,0.096000,0.959166,0.959166,0.150000,0.000000,0.000193,0.000024,0.000193,0.000024,0.003216,0.003216
2025-09-04 23:45:00,0.017000,0.068000,idle,0.000000,0,0.000000,0,0.000000,True,0.200000,10.000000,20.000000,30.000000,0.000000,0.017000,0.017000,0,0.068000,0.017000,0.068000,0.017000,0.068000,0.959166,0.959166,0.150000,0.000000,0.000137,0.000017,0.000137,0.000017,0.002278,0.002278
2025-09-05 00:00:00,0.037000,0.148000,idle,0.000000,0,0.000000,0,0.000000,True,0.200000,10.000000,20.000000,30.000000,0.000000,0.037000,0.037000,0,0.148000,0.037000,0.148000,0.037000,0.148000,0.959166,0.959166,0.150000,0.000000,0.000297,0.000037,0.000297,0.000037,0.004958,0.004958
2025-09-05 00:15:00,0.028000,0.112000,idle,0.000000,0,0.000000,0,0.000000,True,0.200000,10.000000,20.000000,30.000000,0.000000,0.028000,0.028000,0,0.112000,0.028000,0.112000,0.028000,0.112000,0.959166,0.959166,0.150000,0.000000,0.000225,0.000028,0.000225,0.000028,0.003752,0.003752
2025-09-05 00:30:00,0.017000,0.068000,idle,0.000000,0,0.000000,0,0.000000,True,0.200000,10.000000,20.000000,30.000000,0.000000,0.017000,0.017000,0,0.068000,0.017000,0.068000,0.017000,0.068000,0.959166,0.959166,0.150000,0.000000,0.000137,0.000017,0.000137,0.000017,0.002278,0.002278
2025-09-05 00:45:00,0.027000,0.108000,idle,0.000000,0,0.000000,0,0.000000,True,0.200000,10.000000,20.000000,30.000000,0.000000,0.027000,0.027000,0,0.108000,0.027000,0.108000,0.027000,0.108000,0.959166,0.959166,0.150000,0.000000,0.000217,0.000027,0.000217,0.000027,0.003618,0.003618
2025-09-05 01:00:00,0.038000,0.152000,idle,0.000000,0,0.000000,0,0.000000,True,0.200000,10.000000,20.000000,30.000000,0.000000,0.038000,0.038000,0,0.152000,0.038000,0.152000,0.038000,0.152000,0.959166,0.959166,0.150000,0.000000,0.000306,0.000038,0.000306,0.000038,0.005092,0.005092
2025-09-05 01:15:00,0.017000,0.068000,idle,0.000000,0,0.000000,0,0.000000,True,0.200000,10.000000,20.000000,30.000000,0.000000,0.017000,0.017000,0,0.068000,0.017000,0.068000,0.017000,0.068000,0.959166,0.959166,0.150000,0.000000,0.000137,0.000017,0.000137,0.000017,0.002278,0.002278
2025-09-05 01:30:00,0.017000,0.068000,idle,0.000000,0,0.000000,0,0.000000,True,0.200000,10.000000,20.000000,30.000000,0.000000,0.017000,0.017000,0,0.068000,0.017000,0.068000,0.017000,0.068000,0.959166,0.959166,0.150000,0.000000,0.000137,0.000017,0.000137,0.000017,0.002278,0.002278
2025-09-05 01:45:00,0.043000,0.172000,idle,0.000000,0,0.000000,0,0.000000,True,0.200000,10.000000,20.000000,30.000000,0.000000,0.043000,0.043000,0,0.172000,0.043000,0.172000,0.043000,0.172000,0.959166,0.959166,0.150000,0.000000,0.000346,0.000043,0.000346,0.000043,0.005762,0.005762
2025-09-05 02:00:00,0.021000,0.084000,idle,0.000000,0,0.000000,0,0.000000,True,0.200000,10.000000,20.000000,30.000000,0.000000,0.021000,0.021000,0,0.084000,0.021000,0.084000,0.021000,0.084000,0.959166,0.959166,0.150000,0.000000,0.000169,0.000021,0.000169,0.000021,0.002814,0.002814
2025-09-05 02:15:00,0.017000,0.068000,idle,0.000000,0,0.000000,0,0.000000,True,0.200000,10.000000,20.000000,30.000000,0.000000,0.017000,0.017000,0,0.068000,0.017000,0.068000,0.017000,0.068000,0.959166,0.959166,0.150000,0.000000,0.000137,0.000017,0.000137,0.000017,0.002278,0.002278
2025-09-05 02:30:00,0.034000,0.136000,idle,0.000000,0,0.000000,0,0.000000,True,0.200000,10.000000,20.000000,30.000000,0.000000,0.034000,0.034000,0,0.136000,0.034000,0.136000,0.034000,0.136000,0.959166,0.959166,0.150000,0.000000,0.000273,0.000034,0.000273,0.000034,0.004556,0.004556
2025-09-05 02:45:00,0.031000,0.124000,idle,0.000000,0,0.000000,0,0.000000,True,0.200000,10.000000,20.000000,30.000000,0.000000,0.031000,0.031000,0,0.124000,0.031000,0.124000,0.031000,0.124000,0.959166,0.959166,0.150000,0.000000,0.000249,0.000031,0.000249,0.000031,0.004154,0.004154
2025-09-05 03:00:00,0.017000,0.068000,idle,0.000000,0,0.000000,0,0.000000,True,0.200000,10.000000,20.000000,30.000000,0.000000,0.017000,0.017000,0,0.068000,0.017000,0.068000,0.017000,0.068000,0.959166,0.959166,0.150000,0.000000,0.000137,0.000017,0.000137,0.000017,0.002278,0.002278
2025-09-05 03:15:00,0.024000,0.096000,idle,0.000000,0,0.000000,0,0.000000,True,0.200000,10.000000,20.000000,30.000000,0.000000,0.024000,0.024000,0,0.096000,0.024000,0.096000,0.024000,0.096000,0.959166,0.959166,0.150000,0.000000,0.000193,0.000024,0.000193,0.000024,0.003216,0.003216
2025-09-05 03:30:00,0.042000,0.168000,idle,0.000000,0,0.000000,0,0.000000,True,0.200000,10.000000,20.000000,30.000000,0.000000,0.042000,0.042000,0,0.168000,0.042000,0.168000,0.042000,0.168000,0.959166,0.959166,0.150000,0.000000,0.000338,0.000042,0.000338,0.000042,0.005628,0.005628
2025-09-05 03:45:00,0.016000,0.064000,idle,0.000000,0,0.000000,0,0.000000,True,0.200000,10.000000,20.000000,30.000000,0.000000,0.016000,0.016000,0,0.064000,0.016000,0.064000,0.016000,0.064000,0.959166,0.959166,0.150000,0.000000,0.000129,0.000016,0.000129,0.000016,0.002144,0.002144
2025-09-05 04:00:00,0.017000,0.068000,idle,0.000000,0,0.000000,0,0.000000,True,0.200000,10.000000,20.000000,30.000000,0.000000,0.017000,0.017000,0,0.068000,0.017000,0.068000,0.017000,0.068000,0.959166,0.959166,0.150000,0.000000,0.000137,0.000017,0.000137,0.000017,0.002278,0.002278
2025-09-05 04:15:00,0.039000,0.156000,idle,0.000000,0,0.000000,0,0.000000,True,0.200000,10.000000,20.000000,30.000000,0.000000,0.039000,0.039000,0,0.156000,0.039000,0.156000,0.039000,0.156000,0.959166,0.959166,0.150000,0.000000,0.000314,0.000039,0.000314,0.000039,0.005226,0.005226
2025-09-05 04:30:00,0.027000,0.108000,idle,0.000000,0,0.000000,0,0.000000,True,0.200000,10.000000,20.000000,30.000000,0.000000,0.027000,0.027000,0,0.108000,0.027000,0.108000,0.027000,0.108000,0.959166,0.959166,0.150000,0.000000,0.000217,0.000027,0.000217,0.000027,0.003618,0.003618
2025-09-05 04:45:00,0.016000,0.064000,idle,0.000000,0,0.000000,0,0.000000,True,0.200000,10.000000,20.000000,30.000000,0.000000,0.016000,0.016000,0,0.064000,0.016000,0.064000,0.016000,0.064000,0.959166,0.959166,0.150000,0.000000,0.000129,0.000016,0.000129,0.000016,0.002144,0.002144
2025-09-05 05:00:00,0.029000,0.116000,idle,0.000000,0,0.000000,0,0.000000,True,0.200000,10.000000,20.000000,30.000000,0.000000,0.029000,0.029000,0,0.116000,0.029000,0.116000,0.029000,0.116000,0.959166,0.959166,0.150000,0.000000,0.000233,0.000029,0.000233,0.000029,0.003886,0.003886
2025-09-05 05:15:00,0.037000,0.148000,idle,0.000000,0,0.000000,0,0.000000,True,0.200000,10.000000,20.000000,30.000000,0.000000,0.037000,0.037000,0,0.148000,0.037000,0.148000,0.037000,0.148000,0.959166,0.959166,0.150000,0.000000,0.000297,0.000037,0.000297,0.000037,0.004958,0.004958
2025-09-05 05:30:00,0.016000,0.064000,idle,0.000000,0,0.000000,0,0.000000,True,0.200000,10.000000,20.000000,30.000000,0.000000,0.016000,0.016000,0,0.064000,0.016000,0.064000,0.016000,0.064000,0.959166,0.959166,0.150000,0.000000,0.000129,0.000016,0.000129,0.000016,0.002144,0.002144
2025-09-05 05:45:00,0.018000,0.072000,idle,0.000000,0,0.000000,0,0.000000,True,0.200000,10.000000,20.000000,30.000000,0.000000,0.018000,0.018000,0,0.072000,0.018000,0.072000,0.018000,0.072000,0.959166,0.959166,0.150000,0.000000,0.000145,0.000018,0.000145,0.000018,0.002412,0.002412
2025-09-05 06:00:00,0.043000,0.172000,idle,0.000000,0,0.000000,0,0.000000,True,0.200000,10.000000,20.000000,30.000000,0.000000,0.043000,0.043000,0,0.172000,0.043000,0.172000,0.043000,0.172000,0.959166,0.959166,0.150000,0.000000,0.000346,0.000043,0.000346,0.000043,0.005762,0.005762
2025-09-05 06:15:00,0.021000,0.084000,idle,0.000000,0,0.000000,0,0.000000,True,0.200000,10.000000,20.000000,30.000000,0.000000,0.021000,0.021000,0,0.084000,0.021000,0.084000,0.021000,0.084000,0.959166,0.959166,0.150000,0.000000,0.000169,0.000021,0.000169,0.000021,0.002814,0.002814
2025-09-05 06:30:00,0.017000,0.068000,idle,0.000000,0,0.000000,0,0.000000,True,0.200000,10.000000,20.000000,30.000000,0.000000,0.017000,0.017000,0,0.068000,0.017000,0.068000,0.017000,0.068000,0.959166,0.959166,0.150000,0.000000,0.000137,0.000017,0.000137,0.000017,0.002278,0.002278
2025-09-05 06:45:00,0.033000,0.132000,idle,0.000000,0,0.000000,0,0.000000,True,0.200000,10.000000,20.000000,30.000000,0.000000,0.033000,0.033000,0,0.132000,0.033000,0.132000,0.033000,0.132000,0.959166,0.959166,0.150000,0.000000,0.000265,0.000033,0.000265,0.000033,0.004422,0.004422
2025-09-05 07:00:00,0.031000,0.124000,idle,0.000000,0,0.000000,0,0.000000,True,0.200000,10.000000,20.000000,30.000000,0.000000,0.031000,0.031000,0,0.124000,0.031000,0.124000,0.031000,0.124000,0.959166,0.959166,0.150000,0.000000,0.000249,0.000031,0.000249,0.000031,0.004154,0.004154
2025-09-05 07:15:00,0.017000,0.068000,idle,0.000000,0,0.000000,0,0.000000,True,0.200000,10.000000,20.000000,30.000000,0.000000,0.017000,0.017000,0,0.068000,0.017000,0.068000,0.017000,0.068000,0.959166,0.959166,0.150000,0.000000,0.000137,0.000017,0.000137,0.000017,0.002278,0.002278
2025-09-05 07:30:00,0.022000,0.088000,idle,0.000000,0,0.000000,0,0.000000,True,0.200000,10.000000,20.000000,30.000000,0.000000,0.022000,0.022000,0,0.088000,0.022000,0.088000,0.022000,0.088000,0.959166,0.959166,0.150000,0.000000,0.000177,0.000022,0.000177,0.000022,0.002948,0.002948
2025-09-05 07:45:00,0.042000,0.168000,idle,0.000000,0,0.000000,0,0.000000,True,0.200000,10.000000,20.000000,30.000000,0.000000,0.042000,0.042000,0,0.168000,0.042000,0.168000,0.042000,0.168000,0.959166,0.959166,0.150000,0.000000,0.000338,0.000042,0.000338,0.000042,0.005628,0.005628
2025-09-05 08:00:00,0.019000,0.076000,idle,0.000000,0,0.000000,0,0.000000,True,0.200000,10.000000,20.000000,30.000000,0.000000,0.019000,0.019000,0,0.076000,0.019000,0.076000,0.019000,0.076000,0.959166,0.959166,0.150000,0.000000,0.000153,0.000019,0.000153,0.000019,0.002546,0.002546
2025-09-05 08:15:00,0.017000,0.068000,idle,0.000000,0,0.000000,0,0.000000,True,0.200000,10.000000,20.000000,30.000000,0.000000,0.017000,0.017000,0,0.068000,0.017000,0.068000,0.017000,0.068000,0.959166,0.959166,0.150000,0.000000,0.000137,0.000017,0.000137,0.000017,0.002278,0.002278
2025-09-05 08:30:00,0.034000,0.136000,idle,0.000000,0,0.000000,0,0.000000,True,0.200000,10.000000,20.000000,30.000000,0.000000,0.034000,0.034000,0,0.136000,0.034000,0.136000,0.034000,0.136000,0.959166,0.959166,0.150000,0.000000,0.000273,0.000034,0.000273,0.000034,0.004556,0.004556
2025-09-05 08:45:00,0.032000,0.128000,idle,0.000000,0,0.000000,0,0.000000,True,0.200000,10.000000,20.000000,30.000000,0.000000,0.032000,0.032000,0,0.128000,0.032000,0.128000,0.032000,0.128000,0.959166,0.959166,0.150000,0.000000,0.000257,0.000032,0.000257,0.000032,0.004288,0.004288
2025-09-05 09:00:00,0.017000,0.068000,idle,0.000000,0,0.000000,0,0.000000,True,0.200000,10.000000,20.000000,30.000000,0.000000,0.017000,0.017000,0,0.068000,0.017000,0.068000,0.017000,0.068000,0.959166,0.959166,0.150000,0.000000,0.000137,0.000017,0.000137,0.000017,0.002278,0.002278
2025-09-05 09:15:00,0.021000,0.084000,idle,0.000000,0,0.000000,0,0.000000,True,0.200000,10.000000,20.000000,30.000000,0.000000,0.021000,0.021000,0,0.084000,0.021000,0.084000,0.021000,0.084000,0.959166,0.959166,0.150000,0.000000,0.000169,0.000021,0.000169,0.000021,0.002814,0.002814
2025-09-05 09:30:00,0.043000,0.172000,idle,0.000000,0,0.000000,0,0.000000,True,0.200000,10.000000,20.000000,30.000000,0.000000,0.043000,0.043000,0,0.172000,0.043000,0.172000,0.043000,0.172000,0.959166,0.959166,0.150000,0.000000,0.000346,0.000043,0.000346,0.000043,0.005762,0.005762
2025-09-05 09:45:00,0.018000,0.072000,idle,0.000000,0,0.000000,0,0.000000,True,0.200000,10.000000,20.000000,30.000000,0.000000,0.018000,0.018000,0,0.072000,0.018000,0.072000,0.018000,0.072000,0.959166,0.959166,0.150000,0.000000,0.000145,0.000018,0.000145,0.000018,0.002412,0.002412
2025-09-05 10:00:00,0.024000,0.096000,idle,0.000000,0,0.000000,0,0.000000,True,0.200000,10.000000,20.000000,30.000000,0.000000,0.024000,0.024000,0,0.096000,0.024000,0.096000,0.024000,0.096000,0.959166,0.959166,0.150000,0.000000,0.000193,0.000024,0.000193,0.000024,0.003216,0.003216
2025-09-05 10:15:00,0.039000,0.156000,idle,0.000000,0,0.000000,0,0.000000,True,0.200000,10.000000,20.000000,30.000000,0.000000,0.039000,0.039000,0,0.156000,0.039000,0.156000,0.039000,0.156000,0.959166,0.959166,0.150000,0.000000,0.000314,0.000039,0.000314,0.000039,0.005226,0.005226
2025-09-05 10:30:00,0.030000,0.120000,idle,0.000000,0,0.000000,0,0.000000,True,0.200000,10.000000,20.000000,30.000000,0.000000,0.030000,0.030000,0,0.120000,0.030000,0.120000,0.030000,0.120000,0.959166,0.959166,0.150000,0.000000,0.000241,0.000030,0.000241,0.000030,0.004020,0.004020
2025-09-05 10:45:00,0.016000,0.064000,idle,0.000000,0,0.000000,0,0.000000,True,0.200000,10.000000,20.000000,30.000000,0.000000,0.016000,0.016000,0,0.064000,0.016000,0.064000,0.016000,0.064000,0.959166,0.959166,0.150000,0.000000,0.000129,0.000016,0.000129,0.000016,0.002144,0.002144
2025-09-05 11:00:00,0.022000,0.088000,idle,0.000000,0,0.000000,0,0.000000,True,0.200000,10.000000,20.000000,30.000000,0.000000,0.022000,0.022000,0,0.088000,0.022000,0.088000,0.022000,0.088000,0.959166,0.959166,0.150000,0.000000,0.000177,0.000022,0.000177,0.000022,0.002948,0.002948
2025-09-05 11:15:00,0.041000,0.164000,idle,0.000000,0,0.000000,0,0.000000,True,0.200000,10.000000,20.000000,30.000000,0.000000,0.041000,0.041000,0,0.164000,0.041000,0.164000,0.041000,0.164000,0.959166,0.959166,0.150000,0.000000,0.000330,0.000041,0.000330,0.000041,0.005494,0.005494
2025-09-05 11:30:00,0.016000,0.064000,idle,0.000000,0,0.000000,0,0.000000,True,0.200000,10.000000,20.000000,30.000000,0.000000,0.016000,0.016000,0,0.064000,0.016000,0.064000,0.016000,0.064000,0.959166,0.959166,0.150000,0.000000,0.000129,0.000016,0.000129,0.000016,0.002144,0.002144
2025-09-05 11:45:00,0.016000,0.064000,idle,0.000000,0,0.000000,0,0.000000,True,0.200000,10.000000,20.000000,30.000000,0.000000,0.016000,0.016000,0,0.064000,0.016000,0.064000,0.016000,0.064000,0.959166,0.959166,0.150000,0.000000,0.000129,0.000016,0.000129,0.000016,0.002144,0.002144
2025-09-05 12:00:00,0.037000,0.148000,idle,0.000000,0,0.000000,0,0.000000,True,0.200000,10.000000,20.000000,30.000000,0.000000,0.037000,0.037000,0,0.148000,0.037000,0.148000,0.037000,0.148000,0.959166,0.959166,0.150000,0.000000,0.000297,0.000037,0.000297,0.000037,0.004958,0.004958
2025-09-05 12:15:00,0.027000,0.108000,idle,0.000000,0,0.000000,0,0.000000,True,0.200000,10.000000,20.000000,30.000000,0.000000,0.027000,0.027000,0,0.108000,0.027000,0.108000,0.027000,0.108000,0.959166,0.959166,0.150000,0.000000,0.000217,0.000027,0.000217,0.000027,0.003618,0.003618
2025-09-05 12:30:00,0.016000,0.064000,idle,0.000000,0,0.000000,0,0.000000,True,0.200000,10.000000,20.000000,30.000000,0.000000,0.016000,0.016000,0,0.064000,0.016000,0.064000,0.016000,0.064000,0.959166,0.959166,0.150000,0.000000,0.000129,0.000016,0.000129,0.000016,0.002144,0.002144
2025-09-05 12:45:00,0.025000,0.100000,idle,0.000000,0,0.000000,0,0.000000,True,0.200000,10.000000,20.000000,30.000000,0.000000,0.025000,0.025000,0,0.100000,0.025000,0.100000,0.025000,0.100000,0.959166,0.959166,0.150000,0.000000,0.000201,0.000025,0.000201,0.000025,0.003350,0.003350
2025-09-05 13:00:00,0.040000,0.160000,idle,0.000000,0,0.000000,0,0.000000,True,0.200000,10.000000,20.000000,30.000000,0.000000,0.040000,0.040000,0,0.160000,0.040000,0.160000,0.040000,0.160000,0.959166,0.959166,0.150000,0.000000,0.000322,0.000040,0.000322,0.000040,0.005360,0.005360
2025-09-05 13:15:00,0.016000,0.064000,idle,0.000000,0,0.000000,0,0.000000,True,0.200000,10.000000,20.000000,30.000000,0.000000,0.016000,0.016000,0,0.064000,0.016000,0.064000,0.016000,0.064000,0.959166,0.959166,0.150000,0.000000,0.000129,0.000016,0.000129,0.000016,0.002144,0.002144
2025-09-05 13:30:00,0.022000,0.088000,idle,0.000000,0,0.000000,0,0.000000,True,0.200000,10.000000,20.000000,30.000000,0.000000,0.022000,0.022000,0,0.088000,0.022000,0.088000,0.022000,0.088000,0.959166,0.959166,0.150000,0.000000,0.000177,0.000022,0.000177,0.000022,0.002948,0.002948
2025-09-05 13:45:00,0.074000,0.296000,idle,0.000000,0,0.000000,0,0.000000,True,0.200000,10.000000,20.000000,30.000000,0.000000,0.074000,0.074000,0,0.296000,0.074000,0.296000,0.074000,0.296000,0.959166,0.959166,0.150000,0.000000,0.000595,0.000074,0.000595,0.000074,0.009916,0.009916
2025-09-05 14:00:00,0.059000,0.236000,idle,0.000000,0,0.000000,0,0.000000,True,0.200000,10.000000,20.000000,30.000000,0.000000,0.059000,0.059000,0,0.236000,0.059000,0.236000,0.059000,0.236000,0.959166,0.959166,0.150000,0.000000,0.000474,0.000059,0.000474,0.000059,0.007906,0.007906
2025-09-05 14:15:00,0.046000,0.184000,idle,0.000000,0,0.000000,0,0.000000,True,0.200000,10.000000,20.000000,30.000000,0.000000,0.046000,0.046000,0,0.184000,0.046000,0.184000,0.046000,0.184000,0.959166,0.959166,0.150000,0.000000,0.000370,0.000046,0.000370,0.000046,0.006164,0.006164
2025-09-05 14:30:00,0.050000,0.200000,idle,0.000000,0,0.000000,0,0.000000,True,0.200000,10.000000,20.000000,30.000000,0.000000,0.050000,0.050000,0,0.200000,0.050000,0.200000,0.050000,0.200000,0.959166,0.959166,0.150000,0.000000,0.000402,0.000050,0.000402,0.000050,0.006700,0.006700
2025-09-05 14:45:00,0.068000,0.272000,idle,0.000000,0,0.000000,0,0.000000,True,0.200000,10.000000,20.000000,30.000000,0.000000,0.068000,0.068000,0,0.272000,0.068000,0.272000,0.068000,0.272000,0.959166,0.959166,0.150000,0.000000,0.000547,0.000068,0.000547,0.000068,0.009112,0.009112
2025-09-05 15:00:00,0.056000,0.224000,idle,0.000000,0,0.000000,0,0.000000,True,0.200000,10.000000,20.000000,30.000000,0.000000,0.056000,0.056000,0,0.224000,0.056000,0.224000,0.056000,0.224000,0.959166,0.959166,0.150000,0.000000,0.000450,0.000056,0.000450,0.000056,0.007504,0.007504
2025-09-05 15:15:00,0.075000,0.300000,idle,0.000000,0,0.000000,0,0.000000,True,0.200000,10.000000,20.000000,30.000000,0.000000,0.075000,0.075000,0,0.300000,0.075000,0.300000,0.075000,0.300000,0.959166,0.959166,0.150000,0.000000,0.000603,0.000075,0.000603,0.000075,0.010050,0.010050
2025-09-05 15:30:00,0.028000,0.112000,idle,0.000000,0,0.000000,0,0.000000,True,0.200000,10.000000,20.000000,30.000000,0.000000,0.028000,0.028000,0,0.112000,0.028000,0.112000,0.028000,0.112000,0.959166,0.959166,0.150000,0.000000,0.000225,0.000028,0.000225,0.000028,0.003752,0.003752
2025-09-05 15:45:00,0.000000,0.000000,idle,0.000000,0,0.000000,0,0.000000,True,0.200000,10.000000,20.000000,30.000000,0.000000,0.000000,0.000000,0,0.000000,0.000000,0.000000,0.000000,0.000000,0.959166,0.959166,0.150000,0.000000,0.000000,0.000000,0.000000,0.000000,0.000000,0.000000
2025-09-05 16:00:00,0.000000,0.000000,idle,0.000000,0,0.000000,0,0.000000,True,0.200000,10.000000,20.000000,30.000000,0.000000,0.000000,0.000000,0,0.000000,0.000000,0.000000,0.000000,0.000000,0.959166,0.959166,0.150000,0.000000,0.000000,0.000000,0.000000,0.000000,0.000000,0.000000
2025-09-05 16:15:00,0.000000,0.000000,idle,0.000000,0,0.000000,0,0.000000,True,0.200000,10.000000,20.000000,30.000000,0.000000,0.000000,0.000000,0,0.000000,0.000000,0.000000,0.000000,0.000000,0.959166,0.959166,0.150000,0.000000,0.000000,0.000000,0.000000,0.000000,0.000000,0.000000
2025-09-05 16:30:00,0.000000,0.000000,idle,0.000000,0,0.000000,0,0.000000,True,0.200000,10.000000,20.000000,30.000000,0.000000,0.000000,0.000000,0,0.000000,0.000000,0.000000,0.000000,0.000000,0.959166,0.959166,0.150000,0.000000,0.000000,0.000000,0.000000,0.000000,0.000000,0.000000
2025-09-05 16:45:00,0.063000,0.252000,idle,0.000000,0,0.000000,0,0.000000,True,0.200000,10.000000,20.000000,30.000000,0.000000,0.063000,0.063000,0,0.252000,0.063000,0.252000,0.063000,0.252000,0.959166,0.959166,0.150000,0.000000,0.000507,0.000063,0.000507,0.000063,0.008442,0.008442
2025-09-05 17:00:00,0.155000,0.620000,idle,0.000000,0,0.000000,0,0.000000,True,0.200000,10.000000,20.000000,30.000000,0.000000,0.155000,0.155000,0,0.620000,0.155000,0.620000,0.155000,0.620000,0.959166,0.959166,0.150000,0.000000,0.001246,0.000155,0.001246,0.000155,0.020770,0.020770
2025-09-05 17:15:00,0.140000,0.560000,idle,0.000000,0,0.000000,0,0.000000,True,0.200000,10.000000,20.000000,30.000000,0.000000,0.140000,0.140000,0,0.560000,0.140000,0.560000,0.140000,0.560000,0.959166,0.959166,0.150000,0.000000,0.001126,0.000140,0.001126,0.000140,0.018760,0.018760
2025-09-05 17:30:00,0.070000,0.280000,idle,0.000000,0,0.000000,0,0.000000,True,0.200000,10.000000,20.000000,30.000000,0.000000,0.070000,0.070000,0,0.280000,0.070000,0.280000,0.070000,0.280000,0.959166,0.959166,0.150000,0.000000,0.000563,0.000070,0.000563,0.000070,0.009380,0.009380
2025-09-05 17:45:00,0.042000,0.168000,idle,0.000000,0,0.000000,0,0.000000,True,0.200000,10.000000,20.000000,30.000000,0.000000,0.042000,0.042000,0,0.168000,0.042000,0.168000,0.042000,0.168000,0.959166,0.959166,0.150000,0.000000,0.000338,0.000042,0.000338,0.000042,0.005628,0.005628
2025-09-05 18:00:00,0.036000,0.144000,idle,0.000000,0,0.000000,0,0.000000,True,0.200000,10.000000,20.000000,30.000000,0.000000,0.036000,0.036000,0,0.144000,0.036000,0.144000,0.036000,0.144000,0.959166,0.959166,0.150000,0.000000,0.000289,0.000036,0.000289,0.000036,0.004824,0.004824
2025-09-05 18:15:00,0.048000,0.192000,idle,0.000000,0,0.000000,0,0.000000,True,0.200000,10.000000,20.000000,30.000000,0.000000,0.048000,0.048000,0,0.192000,0.048000,0.192000,0.048000,0.192000,0.959166,0.959166,0.150000,0.000000,0.000386,0.000048,0.000386,0.000048,0.006432,0.006432
2025-09-05 18:30:00,0.067000,0.268000,idle,0.000000,0,0.000000,0,0.000000,True,0.200000,10.000000,20.000000,30.000000,0.000000,0.067000,0.067000,0,0.268000,0.067000,0.268000,0.067000,0.268000,0.959166,0.959166,0.150000,0.000000,0.000539,0.000067,0.000539,0.000067,0.008978,0.008978
2025-09-05 18:45:00,0.087000,0.348000,idle,0.000000,0,0.000000,0,0.000000,True,0.200000,10.000000,20.000000,30.000000,0.000000,0.087000,0.087000,0,0.348000,0.087000,0.348000,0.087000,0.348000,0.959166,0.959166,0.150000,0.000000,0.000699,0.000087,0.000699,0.000087,0.011658,0.011658
2025-09-05 19:00:00,0.065000,0.260000,idle,0.000000,0,0.000000,0,0.000000,True,0.200000,10.000000,20.000000,30.000000,0.000000,0.065000,0.065000,0,0.260000,0.065000,0.260000,0.065000,0.260000,0.959166,0.959166,0.150000,0.000000,0.000523,0.000065,0.000523,0.000065,0.008710,0.008710
2025-09-05 19:15:00,0.072000,0.288000,idle,0.000000,0,0.000000,0,0.000000,True,0.200000,10.000000,20.000000,30.000000,0.000000,0.072000,0.072000,0,0.288000,0.072000,0.288000,0.072000,0.288000,0.959166,0.959166,0.150000,0.000000,0.000579,0.000072,0.000579,0.000072,0.009648,0.009648
2025-09-05 19:30:00,0.083000,0.332000,idle,0.000000,0,0.000000,0,0.000000,True,0.200000,10.000000,20.000000,30.000000,0.000000,0.083000,0.083000,0,0.332000,0.083000,0.332000,0.083000,0.332000,0.959166,0.959166,0.150000,0.000000,0.000667,0.000083,0.000667,0.000083,0.011122,0.011122
2025-09-05 19:45:00,0.061000,0.244000,idle,0.000000,0,0.000000,0,0.000000,True,0.200000,10.000000,20.000000,30.000000,0.000000,0.061000,0.061000,0,0.244000,0.061000,0.244000,0.061000,0.244000,0.959166,0.959166,0.150000,0.000000,0.000490,0.000061,0.000490,0.000061,0.008174,0.008174
2025-09-05 20:00:00,0.055000,0.220000,idle,0.000000,0,0.000000,0,0.000000,True,0.200000,10.000000,20.000000,30.000000,0.000000,0.055000,0.055000,0,0.220000,0.055000,0.220000,0.055000,0.220000,0.959166,0.959166,0.150000,0.000000,0.000442,0.000055,0.000442,0.000055,0.007370,0.007370
2025-09-05 20:15:00,0.077000,0.308000,idle,0.000000,0,0.000000,0,0.000000,True,0.200000,10.000000,20.000000,30.000000,0.000000,0.077000,0.077000,0,0.308000,0.077000,0.308000,0.077000,0.308000,0.959166,0.959166,0.150000,0.000000,0.000619,0.000077,0.000619,0.000077,0.010318,0.010318
2025-09-05 20:30:00,0.057000,0.228000,idle,0.000000,0,0.000000,0,0.000000,True,0.200000,10.000000,20.000000,30.000000,0.000000,0.057000,0.057000,0,0.228000,0.057000,0.228000,0.057000,0.228000,0.959166,0.959166,0.150000,0.000000,0.000458,0.000057,0.000458,0.000057,0.007638,0.007638
2025-09-05 20:45:00,0.021000,0.084000,idle,0.000000,0,0.000000,0,0.000000,True,0.200000,10.000000,20.000000,30.000000,0.000000,0.021000,0.021000,0,0.084000,0.021000,0.084000,0.021000,0.084000,0.959166,0.959166,0.150000,0.000000,0.000169,0.000021,0.000169,0.000021,0.002814,0.002814
2025-09-05 21:00:00,0.028000,0.112000,idle,0.000000,0,0.000000,0,0.000000,True,0.200000,10.000000,20.000000,30.000000,0.000000,0.028000,0.028000,0,0.112000,0.028000,0.112000,0.028000,0.112000,0.959166,0.959166,0.150000,0.000000,0.000225,0.000028,0.000225,0.000028,0.003752,0.003752
2025-09-05 21:15:00,0.046000,0.184000,idle,0.000000,0,0.000000,0,0.000000,True,0.200000,10.000000,20.000000,30.000000,0.000000,0.046000,0.046000,0,0.184000,0.046000,0.184000,0.046000,0.184000,0.959166,0.959166,0.150000,0.000000,0.000370,0.000046,0.000370,0.000046,0.006164,0.006164
2025-09-05 21:30:00,0.021000,0.084000,idle,0.000000,0,0.000000,0,0.000000,True,0.200000,10.000000,20.000000,30.000000,0.000000,0.021000,0.021000,0,0.084000,0.021000,0.084000,0.021000,0.084000,0.959166,0.959166,0.150000,0.000000,0.000169,0.000021,0.000169,0.000021,0.002814,0.002814
2025-09-05 21:45:00,0.028000,0.112000,idle,0.000000,0,0.000000,0,0.000000,True,0.200000,10.000000,20.000000,30.000000,0.000000,0.028000,0.028000,0,0.112000,0.028000,0.112000,0.028000,0.112000,0.959166,0.959166,0.150000,0.000000,0.000225,0.000028,0.000225,0.000028,0.003752,0.003752
2025-09-05 22:00:00,0.070000,0.280000,idle,0.000000,0,0.000000,0,0.000000,True,0.200000,10.000000,20.000000,30.000000,0.000000,0.070000,0.070000,0,0.280000,0.070000,0.280000,0.070000,0.280000,0.959166,0.959166,0.150000,0.000000,0.000563,0.000070,0.000563,0.000070,0.009380,0.009380
2025-09-05 22:15:00,0.045000,0.180000,idle,0.000000,0,0.000000,0,0.000000,True,0.200000,10.000000,20.000000,30.000000,0.000000,0.045000,0.045000,0,0.180000,0.045000,0.180000,0.045000,0.180000,0.959166,0.959166,0.150000,0.000000,0.000362,0.000045,0.000362,0.000045,0.006030,0.006030
2025-09-05 22:30:00,0.057000,0.228000,idle,0.000000,0,0.000000,0,0.000000,True,0.200000,10.000000,20.000000,30.000000,0.000000,0.057000,0.057000,0,0.228000,0.057000,0.228000,0.057000,0.228000,0.959166,0.959166,0.150000,0.000000,0.000458,0.000057,0.000458,0.000057,0.007638,0.007638
2025-09-05 22:45:00,0.061000,0.244000,idle,0.000000,0,0.000000,0,0.000000,True,0.200000,10.000000,20.000000,30.000000,0.000000,0.061000,0.061000,0,0.244000,0.061000,0.244000,0.061000,0.244000,0.959166,0.959166,0.150000,0.000000,0.000490,0.000061,0.000490,0.000061,0.008174,0.008174
2025-09-05 23:00:00,0.086000,0.344000,idle,0.000000,0,0.000000,0,0.000000,True,0.200000,10.000000,20.000000,30.000000,0.000000,0.086000,0.086000,0,0.344000,0.086000,0.344000,0.086000,0.344000,0.959166,0.959166,0.150000,0.000000,0.000691,0.000086,0.000691,0.000086,0.011524,0.011524
2025-09-05 23:15:00,0.130000,0.520000,idle,0.000000,0,0.000000,0,0.000000,True,0.200000,10.000000,20.000000,30.000000,0.000000,0.130000,0.130000,0,0.520000,0.130000,0.520000,0.130000,0.520000,0.959166,0.959166,0.150000,0.000000,0.001045,0.000130,0.001045,0.000130,0.017420,0.017420
2025-09-05 23:30:00,0.084000,0.336000,idle,0.000000,0,0.000000,0,0.000000,True,0.200000,10.000000,20.000000,30.000000,0.000000,0.084000,0.084000,0,0.336000,0.084000,0.336000,0.084000,0.336000,0.959166,0.959166,0.150000,0.000000,0.000675,0.000084,0.000675,0.000084,0.011256,0.011256
2025-09-05 23:45:00,0.071000,0.284000,idle,0.000000,0,0.000000,0,0.000000,True,0.200000,10.000000,20.000000,30.000000,0.000000,0.071000,0.071000,0,0.284000,0.071000,0.284000,0.071000,0.284000,0.959166,0.959166,0.150000,0.000000,0.000571,0.000071,0.000571,0.000071,0.009514,0.009514
2025-09-06 00:00:00,0.025000,0.100000,idle,0.000000,0,0.000000,0,0.000000,True,0.200000,10.000000,20.000000,30.000000,0.000000,0.025000,0.025000,0,0.100000,0.025000,0.100000,0.025000,0.100000,0.959166,0.959166,0.150000,0.000000,0.000201,0.000025,0.000201,0.000025,0.003350,0.003350
2025-09-06 00:15:00,0.020000,0.080000,idle,0.000000,0,0.000000,0,0.000000,True,0.200000,10.000000,20.000000,30.000000,0.000000,0.020000,0.020000,0,0.080000,0.020000,0.080000,0.020000,0.080000,0.959166,0.959166,0.150000,0.000000,0.000161,0.000020,0.000161,0.000020,0.002680,0.002680
2025-09-06 00:30:00,0.052000,0.208000,idle,0.000000,0,0.000000,0,0.000000,True,0.200000,10.000000,20.000000,30.000000,0.000000,0.052000,0.052000,0,0.208000,0.052000,0.208000,0.052000,0.208000,0.959166,0.959166,0.150000,0.000000,0.000418,0.000052,0.000418,0.000052,0.006968,0.006968
2025-09-06 00:45:00,0.049000,0.196000,idle,0.000000,0,0.000000,0,0.000000,True,0.200000,10.000000,20.000000,30.000000,0.000000,0.049000,0.049000,0,0.196000,0.049000,0.196000,0.049000,0.196000,0.959166,0.959166,0.150000,0.000000,0.000394,0.000049,0.000394,0.000049,0.006566,0.006566
2025-09-06 01:00:00,0.036000,0.144000,idle,0.000000,0,0.000000,0,0.000000,True,0.200000,10.000000,20.000000,30.000000,0.000000,0.036000,0.036000,0,0.144000,0.036000,0.144000,0.036000,0.144000,0.959166,0.959166,0.150000,0.000000,0.000289,0.000036,0.000289,0.000036,0.004824,0.004824
2025-09-06 01:15:00,0.044000,0.176000,idle,0.000000,0,0.000000,0,0.000000,True,0.200000,10.000000,20.000000,30.000000,0.000000,0.044000,0.044000,0,0.176000,0.044000,0.176000,0.044000,0.176000,0.959166,0.959166,0.150000,0.000000,0.000354,0.000044,0.000354,0.000044,0.005896,0.005896
2025-09-06 01:30:00,0.059000,0.236000,idle,0.000000,0,0.000000,0,0.000000,True,0.200000,10.000000,20.000000,30.000000,0.000000,0.059000,0.059000,0,0.236000,0.059000,0.236000,0.059000,0.236000,0.959166,0.959166,0.150000,0.000000,0.000474,0.000059,0.000474,0.000059,0.007906,0.007906
2025-09-06 01:45:00,0.035000,0.140000,idle,0.000000,0,0.000000,0,0.000000,True,0.200000,10.000000,20.000000,30.000000,0.000000,0.035000,0.035000,0,0.140000,0.035000,0.140000,0.035000,0.140000,0.959166,0.959166,0.150000,0.000000,0.000281,0.000035,0.000281,0.000035,0.004690,0.004690
2025-09-06 02:00:00,0.033000,0.132000,idle,0.000000,0,0.000000,0,0.000000,True,0.200000,10.000000,20.000000,30.000000,0.000000,0.033000,0.033000,0,0.132000,0.033000,0.132000,0.033000,0.132000,0.959166,0.959166,0.150000,0.000000,0.000265,0.000033,0.000265,0.000033,0.004422,0.004422
2025-09-06 02:15:00,0.045000,0.180000,idle,0.000000,0,0.000000,0,0.000000,True,0.200000,10.000000,20.000000,30.000000,0.000000,0.045000,0.045000,0,0.180000,0.045000,0.180000,0.045000,0.180000,0.959166,0.959166,0.150000,0.000000,0.000362,0.000045,0.000362,0.000045,0.006030,0.006030
2025-09-06 02:30:00,0.026000,0.104000,idle,0.000000,0,0.000000,0,0.000000,True,0.200000,10.000000,20.000000,30.000000,0.000000,0.026000,0.026000,0,0.104000,0.026000,0.104000,0.026000,0.104000,0.959166,0.959166,0.150000,0.000000,0.000209,0.000026,0.000209,0.000026,0.003484,0.003484
2025-09-06 02:45:00,0.021000,0.084000,idle,0.000000,0,0.000000,0,0.000000,True,0.200000,10.000000,20.000000,30.000000,0.000000,0.021000,0.021000,0,0.084000,0.021000,0.084000,0.021000,0.084000,0.959166,0.959166,0.150000,0.000000,0.000169,0.000021,0.000169,0.000021,0.002814,0.002814
2025-09-06 03:00:00,0.035000,0.140000,idle,0.000000,0,0.000000,0,0.000000,True,0.200000,10.000000,20.000000,30.000000,0.000000,0.035000,0.035000,0,0.140000,0.035000,0.140000,0.035000,0.140000,0.959166,0.959166,0.150000,0.000000,0.000281,0.000035,0.000281,0.000035,0.004690,0.004690
2025-09-06 03:15:00,0.047000,0.188000,idle,0.000000,0,0.000000,0,0.000000,True,0.200000,10.000000,20.000000,30.000000,0.000000,0.047000,0.047000,0,0.188000,0.047000,0.188000,0.047000,0.188000,0.959166,0.959166,0.150000,0.000000,0.000378,0.000047,0.000378,0.000047,0.006298,0.006298
2025-09-06 03:30:00,0.035000,0.140000,idle,0.000000,0,0.000000,0,0.000000,True,0.200000,10.000000,20.000000,30.000000,0.000000,0.035000,0.035000,0,0.140000,0.035000,0.140000,0.035000,0.140000,0.959166,0.959166,0.150000,0.000000,0.000281,0.000035,0.000281,0.000035,0.004690,0.004690
2025-09-06 03:45:00,0.041000,0.164000,idle,0.000000,0,0.000000,0,0.000000,True,0.200000,10.000000,20.000000,30.000000,0.000000,0.041000,0.041000,0,0.164000,0.041000,0.164000,0.041000,0.164000,0.959166,0.959166,0.150000,0.000000,0.000330,0.000041,0.000330,0.000041,0.005494,0.005494
2025-09-06 04:00:00,0.061000,0.244000,idle,0.000000,0,0.000000,0,0.000000,True,0.200000,10.000000,20.000000,30.000000,0.000000,0.061000,0.061000,0,0.244000,0.061000,0.244000,0.061000,0.244000,0.959166,0.959166,0.150000,0.000000,0.000490,0.000061,0.000490,0.000061,0.008174,0.008174
2025-09-06 04:15:00,0.150000,0.600000,idle,0.000000,0,0.000000,0,0.000000,True,0.200000,10.000000,20.000000,30.000000,0.000000,0.150000,0.150000,0,0.600000,0.150000,0.600000,0.150000,0.600000,0.959166,0.959166,0.150000,0.000000,0.001206,0.000150,0.001206,0.000150,0.020100,0.020100
2025-09-06 04:30:00,0.119000,0.476000,idle,0.000000,0,0.000000,0,0.000000,True,0.200000,10.000000,20.000000,30.000000,0.000000,0.119000,0.119000,0,0.476000,0.119000,0.476000,0.119000,0.476000,0.959166,0.959166,0.150000,0.000000,0.000957,0.000119,0.000957,0.000119,0.015946,0.015946
2025-09-06 04:45:00,0.102000,0.408000,idle,0.000000,0,0.000000,0,0.000000,True,0.200000,10.000000,20.000000,30.000000,0.000000,0.102000,0.102000,0,0.408000,0.102000,0.408000,0.102000,0.408000,0.959166,0.959166,0.150000,0.000000,0.000820,0.000102,0.000820,0.000102,0.013668,0.013668
2025-09-06 05:00:00,0.053000,0.212000,idle,0.000000,0,0.000000,0,0.000000,True,0.200000,10.000000,20.000000,30.000000,0.000000,0.053000,0.053000,0,0.212000,0.053000,0.212000,0.053000,0.212000,0.959166,0.959166,0.150000,0.000000,0.000426,0.000053,0.000426,0.000053,0.007102,0.007102
2025-09-06 05:15:00,0.029000,0.116000,idle,0.000000,0,0.000000,0,0.000000,True,0.200000,10.000000,20.000000,30.000000,0.000000,0.029000,0.029000,0,0.116000,0.029000,0.116000,0.029000,0.116000,0.959166,0.959166,0.150000,0.000000,0.000233,0.000029,0.000233,0.000029,0.003886,0.003886
2025-09-06 05:30:00,0.029000,0.116000,idle,0.000000,0,0.000000,0,0.000000,True,0.200000,10.000000,20.000000,30.000000,0.000000,0.029000,0.029000,0,0.116000,0.029000,0.116000,0.029000,0.116000,0.959166,0.959166,0.150000,0.000000,0.000233,0.000029,0.000233,0.000029,0.003886,0.003886
2025-09-06 05:45:00,0.037000,0.148000,idle,0.000000,0,0.000000,0,0.000000,True,0.200000,10.000000,20.000000,30.000000,0.000000,0.037000,0.037000,0,0.148000,0.037000,0.148000,0.037000,0.148000,0.959166,0.959166,0.150000,0.000000,0.000297,0.000037,0.000297,0.000037,0.004958,0.004958
2025-09-06 06:00:00,0.017000,0.068000,idle,0.000000,0,0.000000,0,0.000000,True,0.200000,10.000000,20.000000,30.000000,0.000000,0.017000,0.017000,0,0.068000,0.017000,0.068000,0.017000,0.068000,0.959166,0.959166,0.150000,0.000000,0.000137,0.000017,0.000137,0.000017,0.002278,0.002278
2025-09-06 06:15:00,0.018000,0.072000,idle,0.000000,0,0.000000,0,0.000000,True,0.200000,10.000000,20.000000,30.000000,0.000000,0.018000,0.018000,0,0.072000,0.018000,0.072000,0.018000,0.072000,0.959166,0.959166,0.150000,0.000000,0.000145,0.000018,0.000145,0.000018,0.002412,0.002412
2025-09-06 06:30:00,0.043000,0.172000,idle,0.000000,0,0.000000,0,0.000000,True,0.200000,10.000000,20.000000,30.000000,0.000000,0.043000,0.043000,0,0.172000,0.043000,0.172000,0.043000,0.172000,0.959166,0.959166,0.150000,0.000000,0.000346,0.000043,0.000346,0.000043,0.005762,0.005762
2025-09-06 06:45:00,0.021000,0.084000,idle,0.000000,0,0.000000,0,0.000000,True,0.200000,10.000000,20.000000,30.000000,0.000000,0.021000,0.021000,0,0.084000,0.021000,0.084000,0.021000,0.084000,0.959166,0.959166,0.150000,0.000000,0.000169,0.000021,0.000169,0.000021,0.002814,0.002814
2025-09-06 07:00:00,0.017000,0.068000,idle,0.000000,0,0.000000,0,0.000000,True,0.200000,10.000000,20.000000,30.000000,0.000000,0.017000,0.017000,0,0.068000,0.017000,0.068000,0.017000,0.068000,0.959166,0.959166,0.150000,0.000000,0.000137,0.000017,0.000137,0.000017,0.002278,0.002278
2025-09-06 07:15:00,0.033000,0.132000,idle,0.000000,0,0.000000,0,0.000000,True,0.200000,10.000000,20.000000,30.000000,0.000000,0.033000,0.033000,0,0.132000,0.033000,0.132000,0.033000,0.132000,0.959166,0.959166,0.150000,0.000000,0.000265,0.000033,0.000265,0.000033,0.004422,0.004422
2025-09-06 07:30:00,0.033000,0.132000,idle,0.000000,0,0.000000,0,0.000000,True,0.200000,10.000000,20.000000,30.000000,0.000000,0.033000,0.033000,0,0.132000,0.033000,0.132000,0.033000,0.132000,0.959166,0.959166,0.150000,0.000000,0.000265,0.000033,0.000265,0.000033,0.004422,0.004422
2025-09-06 07:45:00,0.016000,0.064000,idle,0.000000,0,0.000000,0,0.000000,True,0.200000,10.000000,20.000000,30.000000,0.000000,0.016000,0.016000,0,0.064000,0.016000,0.064000,0.016000,0.064000,0.959166,0.959166,0.150000,0.000000,0.000129,0.000016,0.000129,0.000016,0.002144,0.002144
2025-09-06 08:00:00,0.022000,0.088000,idle,0.000000,0,0.000000,0,0.000000,True,0.200000,10.000000,20.000000,30.000000,0.000000,0.022000,0.022000,0,0.088000,0.022000,0.088000,0.022000,0.088000,0.959166,0.959166,0.150000,0.000000,0.000177,0.000022,0.000177,0.000022,0.002948,0.002948
2025-09-06 08:15:00,0.043000,0.172000,idle,0.000000,0,0.000000,0,0.000000,True,0.200000,10.000000,20.000000,30.000000,0.000000,0.043000,0.043000,0,0.172000,0.043000,0.172000,0.043000,0.172000,0.959166,0.959166,0.150000,0.000000,0.000346,0.000043,0.000346,0.000043,0.005762,0.005762
2025-09-06 08:30:00,0.017000,0.068000,idle,0.000000,0,0.000000,0,0.000000,True,0.200000,10.000000,20.000000,30.000000,0.000000,0.017000,0.017000,0,0.068000,0.017000,0.068000,0.017000,0.068000,0.959166,0.959166,0.150000,0.000000,0.000137,0.000017,0.000137,0.000017,0.002278,0.002278
2025-09-06 08:45:00,0.017000,0.068000,idle,0.000000,0,0.000000,0,0.000000,True,0.200000,10.000000,20.000000,30.000000,0.000000,0.017000,0.017000,0,0.068000,0.017000,0.068000,0.017000,0.068000,0.959166,0.959166,0.150000,0.000000,0.000137,0.000017,0.000137,0.000017,0.002278,0.002278
2025-09-06 09:00:00,0.036000,0.144000,idle,0.000000,0,0.000000,0,0.000000,True,0.200000,10.000000,20.000000,30.000000,0.000000,0.036000,0.036000,0,0.144000,0.036000,0.144000,0.036000,0.144000,0.959166,0.959166,0.150000,0.000000,0.000289,0.000036,0.000289,0.000036,0.004824,0.004824
2025-09-06 09:15:00,0.030000,0.120000,idle,0.000000,0,0.000000,0,0.000000,True,0.200000,10.000000,20.000000,30.000000,0.000000,0.030000,0.030000,0,0.120000,0.030000,0.120000,0.030000,0.120000,0.959166,0.959166,0.150000,0.000000,0.000241,0.000030,0.000241,0.000030,0.004020,0.004020
2025-09-06 09:30:00,0.017000,0.068000,idle,0.000000,0,0.000000,0,0.000000,True,0.200000,10.000000,20.000000,30.000000,0.000000,0.017000,0.017000,0,0.068000,0.017000,0.068000,0.017000,0.068000,0.959166,0.959166,0.150000,0.000000,0.000137,0.000017,0.000137,0.000017,0.002278,0.002278
2025-09-06 09:45:00,0.024000,0.096000,idle,0.000000,0,0.000000,0,0.000000,True,0.200000,10.000000,20.000000,30.000000,0.000000,0.024000,0.024000,0,0.096000,0.024000,0.096000,0.024000,0.096000,0.959166,0.959166,0.150000,0.000000,0.000193,0.000024,0.000193,0.000024,0.003216,0.003216
2025-09-06 10:00:00,0.041000,0.164000,idle,0.000000,0,0.000000,0,0.000000,True,0.200000,10.000000,20.000000,30.000000,0.000000,0.041000,0.041000,0,0.164000,0.041000,0.164000,0.041000,0.164000,0.959166,0.959166,0.150000,0.000000,0.000330,0.000041,0.000330,0.000041,0.005494,0.005494
2025-09-06 10:15:00,0.017000,0.068000,idle,0.000000,0,0.000000,0,0.000000,True,0.200000,10.000000,20.000000,30.000000,0.000000,0.017000,0.017000,0,0.068000,0.017000,0.068000,0.017000,0.068000,0.959166,0.959166,0.150000,0.000000,0.000137,0.000017,0.000137,0.000017,0.002278,0.002278
2025-09-06 10:30:00,0.017000,0.068000,idle,0.000000,0,0.000000,0,0.000000,True,0.200000,10.000000,20.000000,30.000000,0.000000,0.017000,0.017000,0,0.068000,0.017000,0.068000,0.017000,0.068000,0.959166,0.959166,0.150000,0.000000,0.000137,0.000017,0.000137,0.000017,0.002278,0.002278
2025-09-06 10:45:00,0.040000,0.160000,idle,0.000000,0,0.000000,0,0.000000,True,0.200000,10.000000,20.000000,30.000000,0.000000,0.040000,0.040000,0,0.160000,0.040000,0.160000,0.040000,0.160000,0.959166,0.959166,0.150000,0.000000,0.000322,0.000040,0.000322,0.000040,0.005360,0.005360
2025-09-06 11:00:00,0.028000,0.112000,idle,0.000000,0,0.000000,0,0.000000,True,0.200000,10.000000,20.000000,30.000000,0.000000,0.028000,0.028000,0,0.112000,0.028000,0.112000,0.028000,0.112000,0.959166,0.959166,0.150000,0.000000,0.000225,0.000028,0.000225,0.000028,0.003752,0.003752
2025-09-06 11:15:00,0.019000,0.076000,idle,0.000000,0,0.000000,0,0.000000,True,0.200000,10.000000,20.000000,30.000000,0.000000,0.019000,0.019000,0,0.076000,0.019000,0.076000,0.019000,0.076000,0.959166,0.959166,0.150000,0.000000,0.000153,0.000019,0.000153,0.000019,0.002546,0.002546
2025-09-06 11:30:00,0.029000,0.116000,idle,0.000000,0,0.000000,0,0.000000,True,0.200000,10.000000,20.000000,30.000000,0.000000,0.029000,0.029000,0,0.116000,0.029000,0.116000,0.029000,0.116000,0.959166,0.959166,0.150000,0.000000,0.000233,0.000029,0.000233,0.000029,0.003886,0.003886
2025-09-06 11:45:00,0.040000,0.160000,idle,0.000000,0,0.000000,0,0.000000,True,0.200000,10.000000,20.000000,30.000000,0.000000,0.040000,0.040000,0,0.160000,0.040000,0.160000,0.040000,0.160000,0.959166,0.959166,0.150000,0.000000,0.000322,0.000040,0.000322,0.000040,0.005360,0.005360
2025-09-06 12:00:00,0.019000,0.076000,idle,0.000000,0,0.000000,0,0.000000,True,0.200000,10.000000,20.000000,30.000000,0.000000,0.019000,0.019000,0,0.076000,0.019000,0.076000,0.019000,0.076000,0.959166,0.959166,0.150000,0.000000,0.000153,0.000019,0.000153,0.000019,0.002546,0.002546
2025-09-06 12:15:00,0.019000,0.076000,idle,0.000000,0,0.000000,0,0.000000,True,0.200000,10.000000,20.000000,30.000000,0.000000,0.019000,0.019000,0,0.076000,0.019000,0.076000,0.019000,0.076000,0.959166,0.959166,0.150000,0.000000,0.000153,0.000019,0.000153,0.000019,0.002546,0.002546
2025-09-06 12:30:00,0.042000,0.168000,idle,0.000000,0,0.000000,0,0.000000,True,0.200000,10.000000,20.000000,30.000000,0.000000,0.042000,0.042000,0,0.168000,0.042000,0.168000,0.042000,0.168000,0.959166,0.959166,0.150000,0.000000,0.000338,0.000042,0.000338,0.000042,0.005628,0.005628
2025-09-06 12:45:00,0.028000,0.112000,idle,0.000000,0,0.000000,0,0.000000,True,0.200000,10.000000,20.000000,30.000000,0.000000,0.028000,0.028000,0,0.112000,0.028000,0.112000,0.028000,0.112000,0.959166,0.959166,0.150000,0.000000,0.000225,0.000028,0.000225,0.000028,0.003752,0.003752
2025-09-06 13:00:00,0.036000,0.144000,idle,0.000000,0,0.000000,0,0.000000,True,0.200000,10.000000,20.000000,30.000000,0.000000,0.036000,0.036000,0,0.144000,0.036000,0.144000,0.036000,0.144000,0.959166,0.959166,0.150000,0.000000,0.000289,0.000036,0.000289,0.000036,0.004824,0.004824
2025-09-06 13:15:00,0.068000,0.272000,idle,0.000000,0,0.000000,0,0.000000,True,0.200000,10.000000,20.000000,30.000000,0.000000,0.068000,0.068000,0,0.272000,0.068000,0.272000,0.068000,0.272000,0.959166,0.959166,0.150000,0.000000,0.000547,0.000068,0.000547,0.000068,0.009112,0.009112
2025-09-06 13:30:00,0.077000,0.308000,idle,0.000000,0,0.000000,0,0.000000,True,0.200000,10.000000,20.000000,30.000000,0.000000,0.077000,0.077000,0,0.308000,0.077000,0.308000,0.077000,0.308000,0.959166,0.959166,0.150000,0.000000,0.000619,0.000077,0.000619,0.000077,0.010318,0.010318
2025-09-06 13:45:00,0.044000,0.176000,idle,0.000000,0,0.000000,0,0.000000,True,0.200000,10.000000,20.000000,30.000000,0.000000,0.044000,0.044000,0,0.176000,0.044000,0.176000,0.044000,0.176000,0.959166,0.959166,0.150000,0.000000,0.000354,0.000044,0.000354,0.000044,0.005896,0.005896
2025-09-06 14:00:00,0.048000,0.192000,idle,0.000000,0,0.000000,0,0.000000,True,0.200000,10.000000,20.000000,30.000000,0.000000,0.048000,0.048000,0,0.192000,0.048000,0.192000,0.048000,0.192000,0.959166,0.959166,0.150000,0.000000,0.000386,0.000048,0.000386,0.000048,0.006432,0.006432
2025-09-06 14:15:00,0.061000,0.244000,idle,0.000000,0,0.000000,0,0.000000,True,0.200000,10.000000,20.000000,30.000000,0.000000,0.061000,0.061000,0,0.244000,0.061000,0.244000,0.061000,0.244000,0.959166,0.959166,0.150000,0.000000,0.000490,0.000061,0.000490,0.000061,0.008174,0.008174
2025-09-06 14:30:00,0.043000,0.172000,idle,0.000000,0,0.000000,0,0.000000,True,0.200000,10.000000,20.000000,30.000000,0.000000,0.043000,0.043000,0,0.172000,0.043000,0.172000,0.043000,0.172000,0.959166,0.959166,0.150000,0.000000,0.000346,0.000043,0.000346,0.000043,0.005762,0.005762
2025-09-06 14:45:00,0.052000,0.208000,idle,0.000000,0,0.000000,0,0.000000,True,0.200000,10.000000,20.000000,30.000000,0.000000,0.052000,0.052000,0,0.208000,0.052000,0.208000,0.052000,0.208000,0.959166,0.959166,0.150000,0.000000,0.000418,0.000052,0.000418,0.000052,0.006968,0.006968
2025-09-06 15:00:00,0.067000,0.268000,idle,0.000000,0,0.000000,0,0.000000,True,0.200000,10.000000,20.000000,30.000000,0.000000,0.067000,0.067000,0,0.268000,0.067000,0.268000,0.067000,0.268000,0.959166,0.959166,0.150000,0.000000,0.000539,0.000067,0.000539,0.000067,0.008978,0.008978
2025-09-06 15:15:00,0.075000,0.300000,idle,0.000000,0,0.000000,0,0.000000,True,0.200000,10.000000,20.000000,30.000000,0.000000,0.075000,0.075000,0,0.300000,0.075000,0.300000,0.075000,0.300000,0.959166,0.959166,0.150000,0.000000,0.000603,0.000075,0.000603,0.000075,0.010050,0.010050
2025-09-06 15:30:00,0.082000,0.328000,idle,0.000000,0,0.000000,0,0.000000,True,0.200000,10.000000,20.000000,30.000000,0.000000,0.082000,0.082000,0,0.328000,0.082000,0.328000,0.082000,0.328000,0.959166,0.959166,0.150000,0.000000,0.000659,0.000082,0.000659,0.000082,0.010988,0.010988
2025-09-06 15:45:00,0.036000,0.144000,idle,0.000000,0,0.000000,0,0.000000,True,0.200000,10.000000,20.000000,30.000000,0.000000,0.036000,0.036000,0,0.144000,0.036000,0.144000,0.036000,0.144000,0.959166,0.959166,0.150000,0.000000,0.000289,0.000036,0.000289,0.000036,0.004824,0.004824
2025-09-06 16:00:00,0.040000,0.160000,idle,0.000000,0,0.000000,0,0.000000,True,0.200000,10.000000,20.000000,30.000000,0.000000,0.040000,0.040000,0,0.160000,0.040000,0.160000,0.040000,0.160000,0.959166,0.959166,0.150000,0.000000,0.000322,0.000040,0.000322,0.000040,0.005360,0.005360
2025-09-06 16:15:00,0.026000,0.104000,idle,0.000000,0,0.000000,0,0.000000,True,0.200000,10.000000,20.000000,30.000000,0.000000,0.026000,0.026000,0,0.104000,0.026000,0.104000,0.026000,0.104000,0.959166,0.959166,0.150000,0.000000,0.000209,0.000026,0.000209,0.000026,0.003484,0.003484
2025-09-06 16:30:00,0.016000,0.064000,idle,0.000000,0,0.000000,0,0.000000,True,0.200000,10.000000,20.000000,30.000000,0.000000,0.016000,0.016000,0,0.064000,0.016000,0.064000,0.016000,0.064000,0.959166,0.959166,0.150000,0.000000,0.000129,0.000016,0.000129,0.000016,0.002144,0.002144
2025-09-06 16:45:00,0.029000,0.116000,idle,0.000000,0,0.000000,0,0.000000,True,0.200000,10.000000,20.000000,30.000000,0.000000,0.029000,0.029000,0,0.116000,0.029000,0.116000,0.029000,0.116000,0.959166,0.959166,0.150000,0.000000,0.000233,0.000029,0.000233,0.000029,0.003886,0.003886
2025-09-06 17:00:00,0.036000,0.144000,idle,0.000000,0,0.000000,0,0.000000,True,0.200000,10.000000,20.000000,30.000000,0.000000,0.036000,0.036000,0,0.144000,0.036000,0.144000,0.036000,0.144000,0.959166,0.959166,0.150000,0.000000,0.000289,0.000036,0.000289,0.000036,0.004824,0.004824
2025-09-06 17:15:00,0.016000,0.064000,idle,0.000000,0,0.000000,0,0.000000,True,0.200000,10.000000,20.000000,30.000000,0.000000,0.016000,0.016000,0,0.064000,0.016000,0.064000,0.016000,0.064000,0.959166,0.959166,0.150000,0.000000,0.000129,0.000016,0.000129,0.000016,0.002144,0.002144
2025-09-06 17:30:00,0.018000,0.072000,idle,0.000000,0,0.000000,0,0.000000,True,0.200000,10.000000,20.000000,30.000000,0.000000,0.018000,0.018000,0,0.072000,0.018000,0.072000,0.018000,0.072000,0.959166,0.959166,0.150000,0.000000,0.000145,0.000018,0.000145,0.000018,0.002412,0.002412
2025-09-06 17:45:00,0.047000,0.188000,idle,0.000000,0,0.000000,0,0.000000,True,0.200000,10.000000,20.000000,30.000000,0.000000,0.047000,0.047000,0,0.188000,0.047000,0.188000,0.047000,0.188000,0.959166,0.959166,0.150000,0.000000,0.000378,0.000047,0.000378,0.000047,0.006298,0.006298
2025-09-06 18:00:00,0.029000,0.116000,idle,0.000000,0,0.000000,0,0.000000,True,0.200000,10.000000,20.000000,30.000000,0.000000,0.029000,0.029000,0,0.116000,0.029000,0.116000,0.029000,0.116000,0.959166,0.959166,0.150000,0.000000,0.000233,0.000029,0.000233,0.000029,0.003886,0.003886
2025-09-06 18:15:00,0.022000,0.088000,idle,0.000000,0,0.000000,0,0.000000,True,0.200000,10.000000,20.000000,30.000000,0.000000,0.022000,0.022000,0,0.088000,0.022000,0.088000,0.022000,0.088000,0.959166,0.959166,0.150000,0.000000,0.000177,0.000022,0.000177,0.000022,0.002948,0.002948
2025-09-06 18:30:00,0.093000,0.372000,idle,0.000000,0,0.000000,0,0.000000,True,0.200000,10.000000,20.000000,30.000000,0.000000,0.093000,0.093000,0,0.372000,0.093000,0.372000,0.093000,0.372000,0.959166,0.959166,0.150000,0.000000,0.000748,0.000093,0.000748,0.000093,0.012462,0.012462
2025-09-06 18:45:00,0.137000,0.548000,idle,0.000000,0,0.000000,0,0.000000,True,0.200000,10.000000,20.000000,30.000000,0.000000,0.137000,0.137000,0,0.548000,0.137000,0.548000,0.137000,0.548000,0.959166,0.959166,0.150000,0.000000,0.001101,0.000137,0.001101,0.000137,0.018358,0.018358
2025-09-06 19:00:00,0.119000,0.476000,idle,0.000000,0,0.000000,0,0.000000,True,0.200000,10.000000,20.000000,30.000000,0.000000,0.119000,0.119000,0,0.476000,0.119000,0.476000,0.119000,0.476000,0.959166,0.959166,0.150000,0.000000,0.000957,0.000119,0.000957,0.000119,0.015946,0.015946
2025-09-06 19:15:00,0.068000,0.272000,idle,0.000000,0,0.000000,0,0.000000,True,0.200000,10.000000,20.000000,30.000000,0.000000,0.068000,0.068000,0,0.272000,0.068000,0.272000,0.068000,0.272000,0.959166,0.959166,0.150000,0.000000,0.000547,0.000068,0.000547,0.000068,0.009112,0.009112
2025-09-06 19:30:00,0.088000,0.352000,idle,0.000000,0,0.000000,0,0.000000,True,0.200000,10.000000,20.000000,30.000000,0.000000,0.088000,0.088000,0,0.352000,0.088000,0.352000,0.088000,0.352000,0.959166,0.959166,0.150000,0.000000,0.000708,0.000088,0.000708,0.000088,0.011792,0.011792
2025-09-06 19:45:00,0.066000,0.264000,idle,0.000000,0,0.000000,0,0.000000,True,0.200000,10.000000,20.000000,30.000000,0.000000,0.066000,0.066000,0,0.264000,0.066000,0.264000,0.066000,0.264000,0.959166,0.959166,0.150000,0.000000,0.000531,0.000066,0.000531,0.000066,0.008844,0.008844
2025-09-06 20:00:00,0.069000,0.276000,idle,0.000000,0,0.000000,0,0.000000,True,0.200000,10.000000,20.000000,30.000000,0.000000,0.069000,0.069000,0,0.276000,0.069000,0.276000,0.069000,0.276000,0.959166,0.959166,0.150000,0.000000,0.000555,0.000069,0.000555,0.000069,0.009246,0.009246
2025-09-06 20:15:00,0.085000,0.340000,idle,0.000000,0,0.000000,0,0.000000,True,0.200000,10.000000,20.000000,30.000000,0.000000,0.085000,0.085000,0,0.340000,0.085000,0.340000,0.085000,0.340000,0.959166,0.959166,0.150000,0.000000,0.000683,0.000085,0.000683,0.000085,0.011390,0.011390
2025-09-06 20:30:00,0.084000,0.336000,idle,0.000000,0,0.000000,0,0.000000,True,0.200000,10.000000,20.000000,30.000000,0.000000,0.084000,0.084000,0,0.336000,0.084000,0.336000,0.084000,0.336000,0.959166,0.959166,0.150000,0.000000,0.000675,0.000084,0.000675,0.000084,0.011256,0.011256
2025-09-06 20:45:00,0.130000,0.520000,idle,0.000000,0,0.000000,0,0.000000,True,0.200000,10.000000,20.000000,30.000000,0.000000,0.130000,0.130000,0,0.520000,0.130000,0.520000,0.130000,0.520000,0.959166,0.959166,0.150000,0.000000,0.001045,0.000130,0.001045,0.000130,0.017420,0.017420
2025-09-06 21:00:00,0.149000,0.596000,idle,0.000000,0,0.000000,0,0.000000,True,0.200000,10.000000,20.000000,30.000000,0.000000,0.149000,0.149000,0,0.596000,0.149000,0.596000,0.149000,0.596000,0.959166,0.959166,0.150000,0.000000,0.001198,0.000149,0.001198,0.000149,0.019966,0.019966
2025-09-06 21:15:00,0.177000,0.708000,idle,0.000000,0,0.000000,0,0.000000,True,0.200000,10.000000,20.000000,30.000000,0.000000,0.177000,0.177000,0,0.708000,0.177000,0.708000,0.177000,0.708000,0.959166,0.959166,0.150000,0.000000,0.001423,0.000177,0.001423,0.000177,0.023718,0.023718
2025-09-06 21:30:00,0.150000,0.600000,idle,0.000000,0,0.000000,0,0.000000,True,0.200000,10.000000,20.000000,30.000000,0.000000,0.150000,0.150000,0,0.600000,0.150000,0.600000,0.150000,0.600000,0.959166,0.959166,0.150000,0.000000,0.001206,0.000150,0.001206,0.000150,0.020100,0.020100
2025-09-06 21:45:00,0.153000,0.612000,idle,0.000000,0,0.000000,0,0.000000,True,0.200000,10.000000,20.000000,30.000000,0.000000,0.153000,0.153000,0,0.612000,0.153000,0.612000,0.153000,0.612000,0.959166,0.959166,0.150000,0.000000,0.001230,0.000153,0.001230,0.000153,0.020502,0.020502
2025-09-06 22:00:00,0.131000,0.524000,idle,0.000000,0,0.000000,0,0.000000,True,0.200000,10.000000,20.000000,30.000000,0.000000,0.131000,0.131000,0,0.524000,0.131000,0.524000,0.131000,0.524000,0.959166,0.959166,0.150000,0.000000,0.001053,0.000131,0.001053,0.000131,0.017554,0.017554
2025-09-06 22:15:00,0.110000,0.440000,idle,0.000000,0,0.000000,0,0.000000,True,0.200000,10.000000,20.000000,30.000000,0.000000,0.110000,0.110000,0,0.440000,0.110000,0.440000,0.110000,0.440000,0.959166,0.959166,0.150000,0.000000,0.000884,0.000110,0.000884,0.000110,0.014740,0.014740
2025-09-06 22:30:00,0.088000,0.352000,idle,0.000000,0,0.000000,0,0.000000,True,0.200000,10.000000,20.000000,30.000000,0.000000,0.088000,0.088000,0,0.352000,0.088000,0.352000,0.088000,0.352000,0.959166,0.959166,0.150000,0.000000,0.000708,0.000088,0.000708,0.000088,0.011792,0.011792
2025-09-06 22:45:00,0.088000,0.352000,idle,0.000000,0,0.000000,0,0.000000,True,0.200000,10.000000,20.000000,30.000000,0.000000,0.088000,0.088000,0,0.352000,0.088000,0.352000,0.088000,0.352000,0.959166,0.959166,0.150000,0.000000,0.000708,0.000088,0.000708,0.000088,0.011792,0.011792
2025-09-06 23:00:00,0.103000,0.412000,idle,0.000000,0,0.000000,0,0.000000,True,0.200000,10.000000,20.000000,30.000000,0.000000,0.103000,0.103000,0,0.412000,0.103000,0.412000,0.103000,0.412000,0.959166,0.959166,0.150000,0.000000,0.000828,0.000103,0.000828,0.000103,0.013802,0.013802
2025-09-06 23:15:00,0.103000,0.412000,idle,0.000000,0,0.000000,0,0.000000,True,0.200000,10.000000,20.000000,30.000000,0.000000,0.103000,0.103000,0,0.412000,0.103000,0.412000,0.103000,0.412000,0.959166,0.959166,0.150000,0.000000,0.000828,0.000103,0.000828,0.000103,0.013802,0.013802
2025-09-06 23:30:00,0.083000,0.332000,idle,0.000000,0,0.000000,0,0.000000,True,0.200000,10.000000,20.000000,30.000000,0.000000,0.083000,0.083000,0,0.332000,0.083000,0.332000,0.083000,0.332000,0.959166,0.959166,0.150000,0.000000,0.000667,0.000083,0.000667,0.000083,0.011122,0.011122
2025-09-06 23:45:00,0.094000,0.376000,idle,0.000000,0,0.000000,0,0.000000,True,0.200000,10.000000,20.000000,30.000000,0.000000,0.094000,0.094000,0,0.376000,0.094000,0.376000,0.094000,0.376000,0.959166,0.959166,0.150000,0.000000,0.000756,0.000094,0.000756,0.000094,0.012596,0.012596
2025-09-07 00:00:00,0.104000,0.416000,idle,0.000000,0,0.000000,0,0.000000,True,0.200000,10.000000,20.000000,30.000000,0.000000,0.104000,0.104000,0,0.416000,0.104000,0.416000,0.104000,0.416000,0.959166,0.959166,0.150000,0.000000,0.000836,0.000104,0.000836,0.000104,0.013936,0.013936
2025-09-07 00:15:00,0.078000,0.312000,idle,0.000000,0,0.000000,0,0.000000,True,0.200000,10.000000,20.000000,30.000000,0.000000,0.078000,0.078000,0,0.312000,0.078000,0.312000,0.078000,0.312000,0.959166,0.959166,0.150000,0.000000,0.000627,0.000078,0.000627,0.000078,0.010452,0.010452
2025-09-07 00:30:00,0.096000,0.384000,idle,0.000000,0,0.000000,0,0.000000,True,0.200000,10.000000,20.000000,30.000000,0.000000,0.096000,0.096000,0,0.384000,0.096000,0.384000,0.096000,0.384000,0.959166,0.959166,0.150000,0.000000,0.000772,0.000096,0.000772,0.000096,0.012864,0.012864
2025-09-07 00:45:00,0.088000,0.352000,idle,0.000000,0,0.000000,0,0.000000,True,0.200000,10.000000,20.000000,30.000000,0.000000,0.088000,0.088000,0,0.352000,0.088000,0.352000,0.088000,0.352000,0.959166,0.959166,0.150000,0.000000,0.000708,0.000088,0.000708,0.000088,0.011792,0.011792
2025-09-07 01:00:00,0.078000,0.312000,idle,0.000000,0,0.000000,0,0.000000,True,0.200000,10.000000,20.000000,30.000000,0.000000,0.078000,0.078000,0,0.312000,0.078000,0.312000,0.078000,0.312000,0.959166,0.959166,0.150000,0.000000,0.000627,0.000078,0.000627,0.000078,0.010452,0.010452
2025-09-07 01:15:00,0.067000,0.268000,idle,0.000000,0,0.000000,0,0.000000,True,0.200000,10.000000,20.000000,30.000000,0.000000,0.067000,0.067000,0,0.268000,0.067000,0.268000,0.067000,0.268000,0.959166,0.959166,0.150000,0.000000,0.000539,0.000067,0.000539,0.000067,0.008978,0.008978
2025-09-07 01:30:00,0.082000,0.328000,idle,0.000000,0,0.000000,0,0.000000,True,0.200000,10.000000,20.000000,30.000000,0.000000,0.082000,0.082000,0,0.328000,0.082000,0.328000,0.082000,0.328000,0.959166,0.959166,0.150000,0.000000,0.000659,0.000082,0.000659,0.000082,0.010988,0.010988
2025-09-07 01:45:00,0.114000,0.456000,idle,0.000000,0,0.000000,0,0.000000,True,0.200000,10.000000,20.000000,30.000000,0.000000,0.114000,0.114000,0,0.456000,0.114000,0.456000,0.114000,0.456000,0.959166,0.959166,0.150000,0.000000,0.000917,0.000114,0.000917,0.000114,0.015276,0.015276
2025-09-07 02:00:00,0.079000,0.316000,idle,0.000000,0,0.000000,0,0.000000,True,0.200000,10.000000,20.000000,30.000000,0.000000,0.079000,0.079000,0,0.316000,0.079000,0.316000,0.079000,0.316000,0.959166,0.959166,0.150000,0.000000,0.000635,0.000079,0.000635,0.000079,0.010586,0.010586
2025-09-07 02:15:00,0.071000,0.284000,idle,0.000000,0,0.000000,0,0.000000,True,0.200000,10.000000,20.000000,30.000000,0.000000,0.071000,0.071000,0,0.284000,0.071000,0.284000,0.071000,0.284000,0.959166,0.959166,0.150000,0.000000,0.000571,0.000071,0.000571,0.000071,0.009514,0.009514
2025-09-07 02:30:00,0.059000,0.236000,idle,0.000000,0,0.000000,0,0.000000,True,0.200000,10.000000,20.000000,30.000000,0.000000,0.059000,0.059000,0,0.236000,0.059000,0.236000,0.059000,0.236000,0.959166,0.959166,0.150000,0.000000,0.000474,0.000059,0.000474,0.000059,0.007906,0.007906
2025-09-07 02:45:00,0.025000,0.100000,idle,0.000000,0,0.000000,0,0.000000,True,0.200000,10.000000,20.000000,30.000000,0.000000,0.025000,0.025000,0,0.100000,0.025000,0.100000,0.025000,0.100000,0.959166,0.959166,0.150000,0.000000,0.000201,0.000025,0.000201,0.000025,0.003350,0.003350
2025-09-07 03:00:00,0.012000,0.048000,idle,0.000000,0,0.000000,0,0.000000,True,0.200000,10.000000,20.000000,30.000000,0.000000,0.012000,0.012000,0,0.048000,0.012000,0.048000,0.012000,0.048000,0.959166,0.959166,0.150000,0.000000,0.000096,0.000012,0.000096,0.000012,0.001608,0.001608
2025-09-07 03:15:00,0.036000,0.144000,idle,0.000000,0,0.000000,0,0.000000,True,0.200000,10.000000,20.000000,30.000000,0.000000,0.036000,0.036000,0,0.144000,0.036000,0.144000,0.036000,0.144000,0.959166,0.959166,0.150000,0.000000,0.000289,0.000036,0.000289,0.000036,0.004824,0.004824
2025-09-07 03:30:00,0.019000,0.076000,idle,0.000000,0,0.000000,0,0.000000,True,0.200000,10.000000,20.000000,30.000000,0.000000,0.019000,0.019000,0,0.076000,0.019000,0.076000,0.019000,0.076000,0.959166,0.959166,0.150000,0.000000,0.000153,0.000019,0.000153,0.000019,0.002546,0.002546
2025-09-07 03:45:00,0.010000,0.040000,idle,0.000000,0,0.000000,0,0.000000,True,0.200000,10.000000,20.000000,30.000000,0.000000,0.010000,0.010000,0,0.040000,0.010000,0.040000,0.010000,0.040000,0.959166,0.959166,0.150000,0.000000,0.000080,0.000010,0.000080,0.000010,0.001340,0.001340
2025-09-07 04:00:00,0.022000,0.088000,idle,0.000000,0,0.000000,0,0.000000,True,0.200000,10.000000,20.000000,30.000000,0.000000,0.022000,0.022000,0,0.088000,0.022000,0.088000,0.022000,0.088000,0.959166,0.959166,0.150000,0.000000,0.000177,0.000022,0.000177,0.000022,0.002948,0.002948
2025-09-07 04:15:00,0.032000,0.128000,idle,0.000000,0,0.000000,0,0.000000,True,0.200000,10.000000,20.000000,30.000000,0.000000,0.032000,0.032000,0,0.128000,0.032000,0.128000,0.032000,0.128000,0.959166,0.959166,0.150000,0.000000,0.000257,0.000032,0.000257,0.000032,0.004288,0.004288
2025-09-07 04:30:00,0.009000,0.036000,idle,0.000000,0,0.000000,0,0.000000,True,0.200000,10.000000,20.000000,30.000000,0.000000,0.009000,0.009000,0,0.036000,0.009000,0.036000,0.009000,0.036000,0.959166,0.959166,0.150000,0.000000,0.000072,0.000009,0.000072,0.000009,0.001206,0.001206
2025-09-07 04:45:00,0.010000,0.040000,idle,0.000000,0,0.000000,0,0.000000,True,0.200000,10.000000,20.000000,30.000000,0.000000,0.010000,0.010000,0,0.040000,0.010000,0.040000,0.010000,0.040000,0.959166,0.959166,0.150000,0.000000,0.000080,0.000010,0.000080,0.000010,0.001340,0.001340
2025-09-07 05:00:00,0.029000,0.116000,idle,0.000000,0,0.000000,0,0.000000,True,0.200000,10.000000,20.000000,30.000000,0.000000,0.029000,0.029000,0,0.116000,0.029000,0.116000,0.029000,0.116000,0.959166,0.959166,0.150000,0.000000,0.000233,0.000029,0.000233,0.000029,0.003886,0.003886
2025-09-07 05:15:00,0.025000,0.100000,idle,0.000000,0,0.000000,0,0.000000,True,0.200000,10.000000,20.000000,30.000000,0.000000,0.025000,0.025000,0,0.100000,0.025000,0.100000,0.025000,0.100000,0.959166,0.959166,0.150000,0.000000,0.000201,0.000025,0.000201,0.000025,0.003350,0.003350
2025-09-07 05:30:00,0.009000,0.036000,idle,0.000000,0,0.000000,0,0.000000,True,0.200000,10.000000,20.000000,30.000000,0.000000,0.009000,0.009000,0,0.036000,0.009000,0.036000,0.009000,0.036000,0.959166,0.959166,0.150000,0.000000,0.000072,0.000009,0.000072,0.000009,0.001206,0.001206
2025-09-07 05:45:00,0.010000,0.040000,idle,0.000000,0,0.000000,0,0.000000,True,0.200000,10.000000,20.000000,30.000000,0.000000,0.010000,0.010000,0,0.040000,0.010000,0.040000,0.010000,0.040000,0.959166,0.959166,0.150000,0.000000,0.000080,0.000010,0.000080,0.000010,0.001340,0.001340
2025-09-07 06:00:00,0.037000,0.148000,idle,0.000000,0,0.000000,0,0.000000,True,0.200000,10.000000,20.000000,30.000000,0.000000,0.037000,0.037000,0,0.148000,0.037000,0.148000,0.037000,0.148000,0.959166,0.959166,0.150000,0.000000,0.000297,0.000037,0.000297,0.000037,0.004958,0.004958
2025-09-07 06:15:00,0.017000,0.068000,idle,0.000000,0,0.000000,0,0.000000,True,0.200000,10.000000,20.000000,30.000000,0.000000,0.017000,0.017000,0,0.068000,0.017000,0.068000,0.017000,0.068000,0.959166,0.959166,0.150000,0.000000,0.000137,0.000017,0.000137,0.000017,0.002278,0.002278
2025-09-07 06:30:00,0.010000,0.040000,idle,0.000000,0,0.000000,0,0.000000,True,0.200000,10.000000,20.000000,30.000000,0.000000,0.010000,0.010000,0,0.040000,0.010000,0.040000,0.010000,0.040000,0.959166,0.959166,0.150000,0.000000,0.000080,0.000010,0.000080,0.000010,0.001340,0.001340
2025-09-07 06:45:00,0.017000,0.068000,idle,0.000000,0,0.000000,0,0.000000,True,0.200000,10.000000,20.000000,30.000000,0.000000,0.017000,0.017000,0,0.068000,0.017000,0.068000,0.017000,0.068000,0.959166,0.959166,0.150000,0.000000,0.000137,0.000017,0.000137,0.000017,0.002278,0.002278
2025-09-07 07:00:00,0.036000,0.144000,idle,0.000000,0,0.000000,0,0.000000,True,0.200000,10.000000,20.000000,30.000000,0.000000,0.036000,0.036000,0,0.144000,0.036000,0.144000,0.036000,0.144000,0.959166,0.959166,0.150000,0.000000,0.000289,0.000036,0.000289,0.000036,0.004824,0.004824
2025-09-07 07:15:00,0.011000,0.044000,idle,0.000000,0,0.000000,0,0.000000,True,0.200000,10.000000,20.000000,30.000000,0.000000,0.011000,0.011000,0,0.044000,0.011000,0.044000,0.011000,0.044000,0.959166,0.959166,0.150000,0.000000,0.000088,0.000011,0.000088,0.000011,0.001474,0.001474
2025-09-07 07:30:00,0.010000,0.040000,idle,0.000000,0,0.000000,0,0.000000,True,0.200000,10.000000,20.000000,30.000000,0.000000,0.010000,0.010000,0,0.040000,0.010000,0.040000,0.010000,0.040000,0.959166,0.959166,0.150000,0.000000,0.000080,0.000010,0.000080,0.000010,0.001340,0.001340
2025-09-07 07:45:00,0.022000,0.088000,idle,0.000000,0,0.000000,0,0.000000,True,0.200000,10.000000,20.000000,30.000000,0.000000,0.022000,0.022000,0,0.088000,0.022000,0.088000,0.022000,0.088000,0.959166,0.959166,0.150000,0.000000,0.000177,0.000022,0.000177,0.000022,0.002948,0.002948
2025-09-07 08:00:00,0.032000,0.128000,idle,0.000000,0,0.000000,0,0.000000,True,0.200000,10.000000,20.000000,30.000000,0.000000,0.032000,0.032000,0,0.128000,0.032000,0.128000,0.032000,0.128000,0.959166,0.959166,0.150000,0.000000,0.000257,0.000032,0.000257,0.000032,0.004288,0.004288
2025-09-07 08:15:00,0.010000,0.040000,idle,0.000000,0,0.000000,0,0.000000,True,0.200000,10.000000,20.000000,30.000000,0.000000,0.010000,0.010000,0,0.040000,0.010000,0.040000,0.010000,0.040000,0.959166,0.959166,0.150000,0.000000,0.000080,0.000010,0.000080,0.000010,0.001340,0.001340
2025-09-07 08:30:00,0.009000,0.036000,idle,0.000000,0,0.000000,0,0.000000,True,0.200000,10.000000,20.000000,30.000000,0.000000,0.009000,0.009000,0,0.036000,0.009000,0.036000,0.009000,0.036000,0.959166,0.959166,0.150000,0.000000,0.000072,0.000009,0.000072,0.000009,0.001206,0.001206
2025-09-07 08:45:00,0.028000,0.112000,idle,0.000000,0,0.000000,0,0.000000,True,0.200000,10.000000,20.000000,30.000000,0.000000,0.028000,0.028000,0,0.112000,0.028000,0.112000,0.028000,0.112000,0.959166,0.959166,0.150000,0.000000,0.000225,0.000028,0.000225,0.000028,0.003752,0.003752
2025-09-07 09:00:00,0.027000,0.108000,idle,0.000000,0,0.000000,0,0.000000,True,0.200000,10.000000,20.000000,30.000000,0.000000,0.027000,0.027000,0,0.108000,0.027000,0.108000,0.027000,0.108000,0.959166,0.959166,0.150000,0.000000,0.000217,0.000027,0.000217,0.000027,0.003618,0.003618
2025-09-07 09:15:00,0.009000,0.036000,idle,0.000000,0,0.000000,0,0.000000,True,0.200000,10.000000,20.000000,30.000000,0.000000,0.009000,0.009000,0,0.036000,0.009000,0.036000,0.009000,0.036000,0.959166,0.959166,0.150000,0.000000,0.000072,0.000009,0.000072,0.000009,0.001206,0.001206
2025-09-07 09:30:00,0.010000,0.040000,idle,0.000000,0,0.000000,0,0.000000,True,0.200000,10.000000,20.000000,30.000000,0.000000,0.010000,0.010000,0,0.040000,0.010000,0.040000,0.010000,0.040000,0.959166,0.959166,0.150000,0.000000,0.000080,0.000010,0.000080,0.000010,0.001340,0.001340
2025-09-07 09:45:00,0.033000,0.132000,idle,0.000000,0,0.000000,0,0.000000,True,0.200000,10.000000,20.000000,30.000000,0.000000,0.033000,0.033000,0,0.132000,0.033000,0.132000,0.033000,0.132000,0.959166,0.959166,0.150000,0.000000,0.000265,0.000033,0.000265,0.000033,0.004422,0.004422
2025-09-07 10:00:00,0.022000,0.088000,idle,0.000000,0,0.000000,0,0.000000,True,0.200000,10.000000,20.000000,30.000000,0.000000,0.022000,0.022000,0,0.088000,0.022000,0.088000,0.022000,0.088000,0.959166,0.959166,0.150000,0.000000,0.000177,0.000022,0.000177,0.000022,0.002948,0.002948
2025-09-07 10:15:00,0.009000,0.036000,idle,0.000000,0,0.000000,0,0.000000,True,0.200000,10.000000,20.000000,30.000000,0.000000,0.009000,0.009000,0,0.036000,0.009000,0.036000,0.009000,0.036000,0.959166,0.959166,0.150000,0.000000,0.000072,0.000009,0.000072,0.000009,0.001206,0.001206
2025-09-07 10:30:00,0.011000,0.044000,idle,0.000000,0,0.000000,0,0.000000,True,0.200000,10.000000,20.000000,30.000000,0.000000,0.011000,0.011000,0,0.044000,0.011000,0.044000,0.011000,0.044000,0.959166,0.959166,0.150000,0.000000,0.000088,0.000011,0.000088,0.000011,0.001474,0.001474
2025-09-07 10:45:00,0.036000,0.144000,idle,0.000000,0,0.000000,0,0.000000,True,0.200000,10.000000,20.000000,30.000000,0.000000,0.036000,0.036000,0,0.144000,0.036000,0.144000,0.036000,0.144000,0.959166,0.959166,0.150000,0.000000,0.000289,0.000036,0.000289,0.000036,0.004824,0.004824
2025-09-07 11:00:00,0.018000,0.072000,idle,0.000000,0,0.000000,0,0.000000,True,0.200000,10.000000,20.000000,30.000000,0.000000,0.018000,0.018000,0,0.072000,0.018000,0.072000,0.018000,0.072000,0.959166,0.959166,0.150000,0.000000,0.000145,0.000018,0.000145,0.000018,0.002412,0.002412
2025-09-07 11:15:00,0.010000,0.040000,idle,0.000000,0,0.000000,0,0.000000,True,0.200000,10.000000,20.000000,30.000000,0.000000,0.010000,0.010000,0,0.040000,0.010000,0.040000,0.010000,0.040000,0.959166,0.959166,0.150000,0.000000,0.000080,0.000010,0.000080,0.000010,0.001340,0.001340
2025-09-07 11:30:00,0.016000,0.064000,idle,0.000000,0,0.000000,0,0.000000,True,0.200000,10.000000,20.000000,30.000000,0.000000,0.016000,0.016000,0,0.064000,0.016000,0.064000,0.016000,0.064000,0.959166,0.959166,0.150000,0.000000,0.000129,0.000016,0.000129,0.000016,0.002144,0.002144
2025-09-07 11:45:00,0.035000,0.140000,idle,0.000000,0,0.000000,0,0.000000,True,0.200000,10.000000,20.000000,30.000000,0.000000,0.035000,0.035000,0,0.140000,0.035000,0.140000,0.035000,0.140000,0.959166,0.959166,0.150000,0.000000,0.000281,0.000035,0.000281,0.000035,0.004690,0.004690
2025-09-07 12:00:00,0.013000,0.052000,idle,0.000000,0,0.000000,0,0.000000,True,0.200000,10.000000,20.000000,30.000000,0.000000,0.013000,0.013000,0,0.052000,0.013000,0.052000,0.013000,0.052000,0.959166,0.959166,0.150000,0.000000,0.000105,0.000013,0.000105,0.000013,0.001742,0.001742
2025-09-07 12:15:00,0.010000,0.040000,idle,0.000000,0,0.000000,0,0.000000,True,0.200000,10.000000,20.000000,30.000000,0.000000,0.010000,0.010000,0,0.040000,0.010000,0.040000,0.010000,0.040000,0.959166,0.959166,0.150000,0.000000,0.000080,0.000010,0.000080,0.000010,0.001340,0.001340
2025-09-07 12:30:00,0.022000,0.088000,idle,0.000000,0,0.000000,0,0.000000,True,0.200000,10.000000,20.000000,30.000000,0.000000,0.022000,0.022000,0,0.088000,0.022000,0.088000,0.022000,0.088000,0.959166,0.959166,0.150000,0.000000,0.000177,0.000022,0.000177,0.000022,0.002948,0.002948
2025-09-07 12:45:00,0.036000,0.144000,idle,0.000000,0,0.000000,0,0.000000,True,0.200000,10.000000,20.000000,30.000000,0.000000,0.036000,0.036000,0,0.144000,0.036000,0.144000,0.036000,0.144000,0.959166,0.959166,0.150000,0.000000,0.000289,0.000036,0.000289,0.000036,0.004824,0.004824
2025-09-07 13:00:00,0.015000,0.060000,idle,0.000000,0,0.000000,0,0.000000,True,0.200000,10.000000,20.000000,30.000000,0.000000,0.015000,0.015000,0,0.060000,0.015000,0.060000,0.015000,0.060000,0.959166,0.959166,0.150000,0.000000,0.000121,0.000015,0.000121,0.000015,0.002010,0.002010
2025-09-07 13:15:00,0.012000,0.048000,idle,0.000000,0,0.000000,0,0.000000,True,0.200000,10.000000,20.000000,30.000000,0.000000,0.012000,0.012000,0,0.048000,0.012000,0.048000,0.012000,0.048000,0.959166,0.959166,0.150000,0.000000,0.000096,0.000012,0.000096,0.000012,0.001608,0.001608
2025-09-07 13:30:00,0.032000,0.128000,idle,0.000000,0,0.000000,0,0.000000,True,0.200000,10.000000,20.000000,30.000000,0.000000,0.032000,0.032000,0,0.128000,0.032000,0.128000,0.032000,0.128000,0.959166,0.959166,0.150000,0.000000,0.000257,0.000032,0.000257,0.000032,0.004288,0.004288
2025-09-07 13:45:00,0.041000,0.164000,idle,0.000000,0,0.000000,0,0.000000,True,0.200000,10.000000,20.000000,30.000000,0.000000,0.041000,0.041000,0,0.164000,0.041000,0.164000,0.041000,0.164000,0.959166,0.959166,0.150000,0.000000,0.000330,0.000041,0.000330,0.000041,0.005494,0.005494
2025-09-07 14:00:00,0.040000,0.160000,idle,0.000000,0,0.000000,0,0.000000,True,0.200000,10.000000,20.000000,30.000000,0.000000,0.040000,0.040000,0,0.160000,0.040000,0.160000,0.040000,0.160000,0.959166,0.959166,0.150000,0.000000,0.000322,0.000040,0.000322,0.000040,0.005360,0.005360
2025-09-07 14:15:00,0.043000,0.172000,idle,0.000000,0,0.000000,0,0.000000,True,0.200000,10.000000,20.000000,30.000000,0.000000,0.043000,0.043000,0,0.172000,0.043000,0.172000,0.043000,0.172000,0.959166,0.959166,0.150000,0.000000,0.000346,0.000043,0.000346,0.000043,0.005762,0.005762
2025-09-07 14:30:00,0.066000,0.264000,idle,0.000000,0,0.000000,0,0.000000,True,0.200000,10.000000,20.000000,30.000000,0.000000,0.066000,0.066000,0,0.264000,0.066000,0.264000,0.066000,0.264000,0.959166,0.959166,0.150000,0.000000,0.000531,0.000066,0.000531,0.000066,0.008844,0.008844
2025-09-07 14:45:00,0.050000,0.200000,idle,0.000000,0,0.000000,0,0.000000,True,0.200000,10.000000,20.000000,30.000000,0.000000,0.050000,0.050000,0,0.200000,0.050000,0.200000,0.050000,0.200000,0.959166,0.959166,0.150000,0.000000,0.000402,0.000050,0.000402,0.000050,0.006700,0.006700
2025-09-07 15:00:00,0.038000,0.152000,idle,0.000000,0,0.000000,0,0.000000,True,0.200000,10.000000,20.000000,30.000000,0.000000,0.038000,0.038000,0,0.152000,0.038000,0.152000,0.038000,0.152000,0.959166,0.959166,0.150000,0.000000,0.000306,0.000038,0.000306,0.000038,0.005092,0.005092
2025-09-07 15:15:00,0.041000,0.164000,idle,0.000000,0,0.000000,0,0.000000,True,0.200000,10.000000,20.000000,30.000000,0.000000,0.041000,0.041000,0,0.164000,0.041000,0.164000,0.041000,0.164000,0.959166,0.959166,0.150000,0.000000,0.000330,0.000041,0.000330,0.000041,0.005494,0.005494
2025-09-07 15:30:00,0.060000,0.240000,idle,0.000000,0,0.000000,0,0.000000,True,0.200000,10.000000,20.000000,30.000000,0.000000,0.060000,0.060000,0,0.240000,0.060000,0.240000,0.060000,0.240000,0.959166,0.959166,0.150000,0.000000,0.000482,0.000060,0.000482,0.000060,0.008040,0.008040
2025-09-07 15:45:00,0.037000,0.148000,idle,0.000000,0,0.000000,0,0.000000,True,0.200000,10.000000,20.000000,30.000000,0.000000,0.037000,0.037000,0,0.148000,0.037000,0.148000,0.037000,0.148000,0.959166,0.959166,0.150000,0.000000,0.000297,0.000037,0.000297,0.000037,0.004958,0.004958
2025-09-07 16:00:00,0.034000,0.136000,idle,0.000000,0,0.000000,0,0.000000,True,0.200000,10.000000,20.000000,30.000000,0.000000,0.034000,0.034000,0,0.136000,0.034000,0.136000,0.034000,0.136000,0.959166,0.959166,0.150000,0.000000,0.000273,0.000034,0.000273,0.000034,0.004556,0.004556
2025-09-07 16:15:00,0.060000,0.240000,idle,0.000000,0,0.000000,0,0.000000,True,0.200000,10.000000,20.000000,30.000000,0.000000,0.060000,0.060000,0,0.240000,0.060000,0.240000,0.060000,0.240000,0.959166,0.959166,0.150000,0.000000,0.000482,0.000060,0.000482,0.000060,0.008040,0.008040
2025-09-07 16:30:00,0.064000,0.256000,idle,0.000000,0,0.000000,0,0.000000,True,0.200000,10.000000,20.000000,30.000000,0.000000,0.064000,0.064000,0,0.256000,0.064000,0.256000,0.064000,0.256000,0.959166,0.959166,0.150000,0.000000,0.000515,0.000064,0.000515,0.000064,0.008576,0.008576
2025-09-07 16:45:00,0.041000,0.164000,idle,0.000000,0,0.000000,0,0.000000,True,0.200000,10.000000,20.000000,30.000000,0.000000,0.041000,0.041000,0,0.164000,0.041000,0.164000,0.041000,0.164000,0.959166,0.959166,0.150000,0.000000,0.000330,0.000041,0.000330,0.000041,0.005494,0.005494
2025-09-07 17:00:00,0.047000,0.188000,idle,0.000000,0,0.000000,0,0.000000,True,0.200000,10.000000,20.000000,30.000000,0.000000,0.047000,0.047000,0,0.188000,0.047000,0.188000,0.047000,0.188000,0.959166,0.959166,0.150000,0.000000,0.000378,0.000047,0.000378,0.000047,0.006298,0.006298
2025-09-07 17:15:00,0.112000,0.448000,idle,0.000000,0,0.000000,0,0.000000,True,0.200000,10.000000,20.000000,30.000000,0.000000,0.112000,0.112000,0,0.448000,0.112000,0.448000,0.112000,0.448000,0.959166,0.959166,0.150000,0.000000,0.000900,0.000112,0.000900,0.000112,0.015008,0.015008
2025-09-07 17:30:00,0.113000,0.452000,idle,0.000000,0,0.000000,0,0.000000,True,0.200000,10.000000,20.000000,30.000000,0.000000,0.113000,0.113000,0,0.452000,0.113000,0.452000,0.113000,0.452000,0.959166,0.959166,0.150000,0.000000,0.000909,0.000113,0.000909,0.000113,0.015142,0.015142
2025-09-07 17:45:00,0.060000,0.240000,idle,0.000000,0,0.000000,0,0.000000,True,0.200000,10.000000,20.000000,30.000000,0.000000,0.060000,0.060000,0,0.240000,0.060000,0.240000,0.060000,0.240000,0.959166,0.959166,0.150000,0.000000,0.000482,0.000060,0.000482,0.000060,0.008040,0.008040
2025-09-07 18:00:00,0.068000,0.272000,idle,0.000000,0,0.000000,0,0.000000,True,0.200000,10.000000,20.000000,30.000000,0.000000,0.068000,0.068000,0,0.272000,0.068000,0.272000,0.068000,0.272000,0.959166,0.959166,0.150000,0.000000,0.000547,0.000068,0.000547,0.000068,0.009112,0.009112
2025-09-07 18:15:00,0.083000,0.332000,idle,0.000000,0,0.000000,0,0.000000,True,0.200000,10.000000,20.000000,30.000000,0.000000,0.083000,0.083000,0,0.332000,0.083000,0.332000,0.083000,0.332000,0.959166,0.959166,0.150000,0.000000,0.000667,0.000083,0.000667,0.000083,0.011122,0.011122
2025-09-07 18:30:00,0.067000,0.268000,idle,0.000000,0,0.000000,0,0.000000,True,0.200000,10.000000,20.000000,30.000000,0.000000,0.067000,0.067000,0,0.268000,0.067000,0.268000,0.067000,0.268000,0.959166,0.959166,0.150000,0.000000,0.000539,0.000067,0.000539,0.000067,0.008978,0.008978
2025-09-07 18:45:00,0.063000,0.252000,idle,0.000000,0,0.000000,0,0.000000,True,0.200000,10.000000,20.000000,30.000000,0.000000,0.063000,0.063000,0,0.252000,0.063000,0.252000,0.063000,0.252000,0.959166,0.959166,0.150000,0.000000,0.000507,0.000063,0.000507,0.000063,0.008442,0.008442
2025-09-07 19:00:00,0.076000,0.304000,idle,0.000000,0,0.000000,0,0.000000,True,0.200000,10.000000,20.000000,30.000000,0.000000,0.076000,0.076000,0,0.304000,0.076000,0.304000,0.076000,0.304000,0.959166,0.959166,0.150000,0.000000,0.000611,0.000076,0.000611,0.000076,0.010184,0.010184
2025-09-07 19:15:00,0.067000,0.268000,idle,0.000000,0,0.000000,0,0.000000,True,0.200000,10.000000,20.000000,30.000000,0.000000,0.067000,0.067000,0,0.268000,0.067000,0.268000,0.067000,0.268000,0.959166,0.959166,0.150000,0.000000,0.000539,0.000067,0.000539,0.000067,0.008978,0.008978
2025-09-07 19:30:00,0.055000,0.220000,idle,0.000000,0,0.000000,0,0.000000,True,0.200000,10.000000,20.000000,30.000000,0.000000,0.055000,0.055000,0,0.220000,0.055000,0.220000,0.055000,0.220000,0.959166,0.959166,0.150000,0.000000,0.000442,0.000055,0.000442,0.000055,0.007370,0.007370
2025-09-07 19:45:00,0.054000,0.216000,idle,0.000000,0,0.000000,0,0.000000,True,0.200000,10.000000,20.000000,30.000000,0.000000,0.054000,0.054000,0,0.216000,0.054000,0.216000,0.054000,0.216000,0.959166,0.959166,0.150000,0.000000,0.000434,0.000054,0.000434,0.000054,0.007236,0.007236
2025-09-07 20:00:00,0.079000,0.316000,idle,0.000000,0,0.000000,0,0.000000,True,0.200000,10.000000,20.000000,30.000000,0.000000,0.079000,0.079000,0,0.316000,0.079000,0.316000,0.079000,0.316000,0.959166,0.959166,0.150000,0.000000,0.000635,0.000079,0.000635,0.000079,0.010586,0.010586
2025-09-07 20:15:00,0.054000,0.216000,idle,0.000000,0,0.000000,0,0.000000,True,0.200000,10.000000,20.000000,30.000000,0.000000,0.054000,0.054000,0,0.216000,0.054000,0.216000,0.054000,0.216000,0.959166,0.959166,0.150000,0.000000,0.000434,0.000054,0.000434,0.000054,0.007236,0.007236
2025-09-07 20:30:00,0.044000,0.176000,idle,0.000000,0,0.000000,0,0.000000,True,0.200000,10.000000,20.000000,30.000000,0.000000,0.044000,0.044000,0,0.176000,0.044000,0.176000,0.044000,0.176000,0.959166,0.959166,0.150000,0.000000,0.000354,0.000044,0.000354,0.000044,0.005896,0.005896
2025-09-07 20:45:00,0.059000,0.236000,idle,0.000000,0,0.000000,0,0.000000,True,0.200000,10.000000,20.000000,30.000000,0.000000,0.059000,0.059000,0,0.236000,0.059000,0.236000,0.059000,0.236000,0.959166,0.959166,0.150000,0.000000,0.000474,0.000059,0.000474,0.000059,0.007906,0.007906
2025-09-07 21:00:00,0.069000,0.276000,idle,0.000000,0,0.000000,0,0.000000,True,0.200000,10.000000,20.000000,30.000000,0.000000,0.069000,0.069000,0,0.276000,0.069000,0.276000,0.069000,0.276000,0.959166,0.959166,0.150000,0.000000,0.000555,0.000069,0.000555,0.000069,0.009246,0.009246
2025-09-07 21:15:00,0.063000,0.252000,idle,0.000000,0,0.000000,0,0.000000,True,0.200000,10.000000,20.000000,30.000000,0.000000,0.063000,0.063000,0,0.252000,0.063000,0.252000,0.063000,0.252000,0.959166,0.959166,0.150000,0.000000,0.000507,0.000063,0.000507,0.000063,0.008442,0.008442
2025-09-07 21:30:00,0.065000,0.260000,idle,0.000000,0,0.000000,0,0.000000,True,0.200000,10.000000,20.000000,30.000000,0.000000,0.065000,0.065000,0,0.260000,0.065000,0.260000,0.065000,0.260000,0.959166,0.959166,0.150000,0.000000,0.000523,0.000065,0.000523,0.000065,0.008710,0.008710
2025-09-07 21:45:00,0.102000,0.408000,idle,0.000000,0,0.000000,0,0.000000,True,0.200000,10.000000,20.000000,30.000000,0.000000,0.102000,0.102000,0,0.408000,0.102000,0.408000,0.102000,0.408000,0.959166,0.959166,0.150000,0.000000,0.000820,0.000102,0.000820,0.000102,0.013668,0.013668
2025-09-07 22:00:00,0.139000,0.556000,idle,0.000000,0,0.000000,0,0.000000,True,0.200000,10.000000,20.000000,30.000000,0.000000,0.139000,0.139000,0,0.556000,0.139000,0.556000,0.139000,0.556000,0.959166,0.959166,0.150000,0.000000,0.001118,0.000139,0.001118,0.000139,0.018626,0.018626
2025-09-07 22:15:00,0.159000,0.636000,idle,0.000000,0,0.000000,0,0.000000,True,0.200000,10.000000,20.000000,30.000000,0.000000,0.159000,0.159000,0,0.636000,0.159000,0.636000,0.159000,0.636000,0.959166,0.959166,0.150000,0.000000,0.001278,0.000159,0.001278,0.000159,0.021306,0.021306
2025-09-07 22:30:00,0.173000,0.692000,idle,0.000000,0,0.000000,0,0.000000,True,0.200000,10.000000,20.000000,30.000000,0.000000,0.173000,0.173000,0,0.692000,0.173000,0.692000,0.173000,0.692000,0.959166,0.959166,0.150000,0.000000,0.001391,0.000173,0.001391,0.000173,0.023182,0.023182
2025-09-07 22:45:00,0.184000,0.736000,idle,0.000000,0,0.000000,0,0.000000,True,0.200000,10.000000,20.000000,30.000000,0.000000,0.184000,0.184000,0,0.736000,0.184000,0.736000,0.184000,0.736000,0.959166,0.959166,0.150000,0.000000,0.001479,0.000184,0.001479,0.000184,0.024656,0.024656
2025-09-07 23:00:00,0.162000,0.648000,idle,0.000000,0,0.000000,0,0.000000,True,0.200000,10.000000,20.000000,30.000000,0.000000,0.162000,0.162000,0,0.648000,0.162000,0.648000,0.162000,0.648000,0.959166,0.959166,0.150000,0.000000,0.001302,0.000162,0.001302,0.000162,0.021708,0.021708
2025-09-07 23:15:00,0.094000,0.376000,idle,0.000000,0,0.000000,0,0.000000,True,0.200000,10.000000,20.000000,30.000000,0.000000,0.094000,0.094000,0,0.376000,0.094000,0.376000,0.094000,0.376000,0.959166,0.959166,0.150000,0.000000,0.000756,0.000094,0.000756,0.000094,0.012596,0.012596
2025-09-07 23:30:00,0.027000,0.108000,idle,0.000000,0,0.000000,0,0.000000,True,0.200000,10.000000,20.000000,30.000000,0.000000,0.027000,0.027000,0,0.108000,0.027000,0.108000,0.027000,0.108000,0.959166,0.959166,0.150000,0.000000,0.000217,0.000027,0.000217,0.000027,0.003618,0.003618
2025-09-07 23:45:00,0.018000,0.072000,idle,0.000000,0,0.000000,0,0.000000,True,0.200000,10.000000,20.000000,30.000000,0.000000,0.018000,0.018000,0,0.072000,0.018000,0.072000,0.018000,0.072000,0.959166,0.959166,0.150000,0.000000,0.000145,0.000018,0.000145,0.000018,0.002412,0.002412
2025-09-08 00:00:00,0.006000,0.024000,idle,0.000000,0,0.000000,0,0.000000,True,0.200000,10.000000,20.000000,30.000000,0.000000,0.006000,0.006000,0,0.024000,0.006000,0.024000,0.006000,0.024000,0.959166,0.959166,0.150000,0.000000,0.000048,0.000006,0.000048,0.000006,0.000804,0.000804
2025-09-08 00:15:00,0.013000,0.052000,idle,0.000000,0,0.000000,0,0.000000,True,0.200000,10.000000,20.000000,30.000000,0.000000,0.013000,0.013000,0,0.052000,0.013000,0.052000,0.013000,0.052000,0.959166,0.959166,0.150000,0.000000,0.000105,0.000013,0.000105,0.000013,0.001742,0.001742
2025-09-08 00:30:00,0.033000,0.132000,idle,0.000000,0,0.000000,0,0.000000,True,0.200000,10.000000,20.000000,30.000000,0.000000,0.033000,0.033000,0,0.132000,0.033000,0.132000,0.033000,0.132000,0.959166,0.959166,0.150000,0.000000,0.000265,0.000033,0.000265,0.000033,0.004422,0.004422
2025-09-08 00:45:00,0.006000,0.024000,idle,0.000000,0,0.000000,0,0.000000,True,0.200000,10.000000,20.000000,30.000000,0.000000,0.006000,0.006000,0,0.024000,0.006000,0.024000,0.006000,0.024000,0.959166,0.959166,0.150000,0.000000,0.000048,0.000006,0.000048,0.000006,0.000804,0.000804
2025-09-08 01:00:00,0.006000,0.024000,idle,0.000000,0,0.000000,0,0.000000,True,0.200000,10.000000,20.000000,30.000000,0.000000,0.006000,0.006000,0,0.024000,0.006000,0.024000,0.006000,0.024000,0.959166,0.959166,0.150000,0.000000,0.000048,0.000006,0.000048,0.000006,0.000804,0.000804
2025-09-08 01:15:00,0.025000,0.100000,idle,0.000000,0,0.000000,0,0.000000,True,0.200000,10.000000,20.000000,30.000000,0.000000,0.025000,0.025000,0,0.100000,0.025000,0.100000,0.025000,0.100000,0.959166,0.959166,0.150000,0.000000,0.000201,0.000025,0.000201,0.000025,0.003350,0.003350
2025-09-08 01:30:00,0.021000,0.084000,idle,0.000000,0,0.000000,0,0.000000,True,0.200000,10.000000,20.000000,30.000000,0.000000,0.021000,0.021000,0,0.084000,0.021000,0.084000,0.021000,0.084000,0.959166,0.959166,0.150000,0.000000,0.000169,0.000021,0.000169,0.000021,0.002814,0.002814
2025-09-08 01:45:00,0.006000,0.024000,idle,0.000000,0,0.000000,0,0.000000,True,0.200000,10.000000,20.000000,30.000000,0.000000,0.006000,0.006000,0,0.024000,0.006000,0.024000,0.006000,0.024000,0.959166,0.959166,0.150000,0.000000,0.000048,0.000006,0.000048,0.000006,0.000804,0.000804
2025-09-08 02:00:00,0.010000,0.040000,idle,0.000000,0,0.000000,0,0.000000,True,0.200000,10.000000,20.000000,30.000000,0.000000,0.010000,0.010000,0,0.040000,0.010000,0.040000,0.010000,0.040000,0.959166,0.959166,0.150000,0.000000,0.000080,0.000010,0.000080,0.000010,0.001340,0.001340
2025-09-08 02:15:00,0.032000,0.128000,idle,0.000000,0,0.000000,0,0.000000,True,0.200000,10.000000,20.000000,30.000000,0.000000,0.032000,0.032000,0,0.128000,0.032000,0.128000,0.032000,0.128000,0.959166,0.959166,0.150000,0.000000,0.000257,0.000032,0.000257,0.000032,0.004288,0.004288
2025-09-08 02:30:00,0.009000,0.036000,idle,0.000000,0,0.000000,0,0.000000,True,0.200000,10.000000,20.000000,30.000000,0.000000,0.009000,0.009000,0,0.036000,0.009000,0.036000,0.009000,0.036000,0.959166,0.959166,0.150000,0.000000,0.000072,0.000009,0.000072,0.000009,0.001206,0.001206
2025-09-08 02:45:00,0.006000,0.024000,idle,0.000000,0,0.000000,0,0.000000,True,0.200000,10.000000,20.000000,30.000000,0.000000,0.006000,0.006000,0,0.024000,0.006000,0.024000,0.006000,0.024000,0.959166,0.959166,0.150000,0.000000,0.000048,0.000006,0.000048,0.000006,0.000804,0.000804
2025-09-08 03:00:00,0.022000,0.088000,idle,0.000000,0,0.000000,0,0.000000,True,0.200000,10.000000,20.000000,30.000000,0.000000,0.022000,0.022000,0,0.088000,0.022000,0.088000,0.022000,0.088000,0.959166,0.959166,0.150000,0.000000,0.000177,0.000022,0.000177,0.000022,0.002948,0.002948
2025-09-08 03:15:00,0.023000,0.092000,idle,0.000000,0,0.000000,0,0.000000,True,0.200000,10.000000,20.000000,30.000000,0.000000,0.023000,0.023000,0,0.092000,0.023000,0.092000,0.023000,0.092000,0.959166,0.959166,0.150000,0.000000,0.000185,0.000023,0.000185,0.000023,0.003082,0.003082
2025-09-08 03:30:00,0.006000,0.024000,idle,0.000000,0,0.000000,0,0.000000,True,0.200000,10.000000,20.000000,30.000000,0.000000,0.006000,0.006000,0,0.024000,0.006000,0.024000,0.006000,0.024000,0.959166,0.959166,0.150000,0.000000,0.000048,0.000006,0.000048,0.000006,0.000804,0.000804
2025-09-08 03:45:00,0.008000,0.032000,idle,0.000000,0,0.000000,0,0.000000,True,0.200000,10.000000,20.000000,30.000000,0.000000,0.008000,0.008000,0,0.032000,0.008000,0.032000,0.008000,0.032000,0.959166,0.959166,0.150000,0.000000,0.000064,0.000008,0.000064,0.000008,0.001072,0.001072
2025-09-08 04:00:00,0.033000,0.132000,idle,0.000000,0,0.000000,0,0.000000,True,0.200000,10.000000,20.000000,30.000000,0.000000,0.033000,0.033000,0,0.132000,0.033000,0.132000,0.033000,0.132000,0.959166,0.959166,0.150000,0.000000,0.000265,0.000033,0.000265,0.000033,0.004422,0.004422
2025-09-08 04:15:00,0.011000,0.044000,idle,0.000000,0,0.000000,0,0.000000,True,0.200000,10.000000,20.000000,30.000000,0.000000,0.011000,0.011000,0,0.044000,0.011000,0.044000,0.011000,0.044000,0.959166,0.959166,0.150000,0.000000,0.000088,0.000011,0.000088,0.000011,0.001474,0.001474
2025-09-08 04:30:00,0.006000,0.024000,idle,0.000000,0,0.000000,0,0.000000,True,0.200000,10.000000,20.000000,30.000000,0.000000,0.006000,0.006000,0,0.024000,0.006000,0.024000,0.006000,0.024000,0.959166,0.959166,0.150000,0.000000,0.000048,0.000006,0.000048,0.000006,0.000804,0.000804
2025-09-08 04:45:00,0.020000,0.080000,idle,0.000000,0,0.000000,0,0.000000,True,0.200000,10.000000,20.000000,30.000000,0.000000,0.020000,0.020000,0,0.080000,0.020000,0.080000,0.020000,0.080000,0.959166,0.959166,0.150000,0.000000,0.000161,0.000020,0.000161,0.000020,0.002680,0.002680
2025-09-08 05:00:00,0.024000,0.096000,idle,0.000000,0,0.000000,0,0.000000,True,0.200000,10.000000,20.000000,30.000000,0.000000,0.024000,0.024000,0,0.096000,0.024000,0.096000,0.024000,0.096000,0.959166,0.959166,0.150000,0.000000,0.000193,0.000024,0.000193,0.000024,0.003216,0.003216
2025-09-08 05:15:00,0.006000,0.024000,idle,0.000000,0,0.000000,0,0.000000,True,0.200000,10.000000,20.000000,30.000000,0.000000,0.006000,0.006000,0,0.024000,0.006000,0.024000,0.006000,0.024000,0.959166,0.959166,0.150000,0.000000,0.000048,0.000006,0.000048,0.000006,0.000804,0.000804
2025-09-08 05:30:00,0.007000,0.028000,idle,0.000000,0,0.000000,0,0.000000,True,0.200000,10.000000,20.000000,30.000000,0.000000,0.007000,0.007000,0,0.028000,0.007000,0.028000,0.007000,0.028000,0.959166,0.959166,0.150000,0.000000,0.000056,0.000007,0.000056,0.000007,0.000938,0.000938
2025-09-08 05:45:00,0.033000,0.132000,idle,0.000000,0,0.000000,0,0.000000,True,0.200000,10.000000,20.000000,30.000000,0.000000,0.033000,0.033000,0,0.132000,0.033000,0.132000,0.033000,0.132000,0.959166,0.959166,0.150000,0.000000,0.000265,0.000033,0.000265,0.000033,0.004422,0.004422
2025-09-08 06:00:00,0.011000,0.044000,idle,0.000000,0,0.000000,0,0.000000,True,0.200000,10.000000,20.000000,30.000000,0.000000,0.011000,0.011000,0,0.044000,0.011000,0.044000,0.011000,0.044000,0.959166,0.959166,0.150000,0.000000,0.000088,0.000011,0.000088,0.000011,0.001474,0.001474
2025-09-08 06:15:00,0.006000,0.024000,idle,0.000000,0,0.000000,0,0.000000,True,0.200000,10.000000,20.000000,30.000000,0.000000,0.006000,0.006000,0,0.024000,0.006000,0.024000,0.006000,0.024000,0.959166,0.959166,0.150000,0.000000,0.000048,0.000006,0.000048,0.000006,0.000804,0.000804
2025-09-08 06:30:00,0.020000,0.080000,idle,0.000000,0,0.000000,0,0.000000,True,0.200000,10.000000,20.000000,30.000000,0.000000,0.020000,0.020000,0,0.080000,0.020000,0.080000,0.020000,0.080000,0.959166,0.959166,0.150000,0.000000,0.000161,0.000020,0.000161,0.000020,0.002680,0.002680
2025-09-08 06:45:00,0.025000,0.100000,idle,0.000000,0,0.000000,0,0.000000,True,0.200000,10.000000,20.000000,30.000000,0.000000,0.025000,0.025000,0,0.100000,0.025000,0.100000,0.025000,0.100000,0.959166,0.959166,0.150000,0.000000,0.000201,0.000025,0.000201,0.000025,0.003350,0.003350
2025-09-08 07:00:00,0.007000,0.028000,idle,0.000000,0,0.000000,0,0.000000,True,0.200000,10.000000,20.000000,30.000000,0.000000,0.007000,0.007000,0,0.028000,0.007000,0.028000,0.007000,0.028000,0.959166,0.959166,0.150000,0.000000,0.000056,0.000007,0.000056,0.000007,0.000938,0.000938
2025-09-08 07:15:00,0.006000,0.024000,idle,0.000000,0,0.000000,0,0.000000,True,0.200000,10.000000,20.000000,30.000000,0.000000,0.006000,0.006000,0,0.024000,0.006000,0.024000,0.006000,0.024000,0.959166,0.959166,0.150000,0.000000,0.000048,0.000006,0.000048,0.000006,0.000804,0.000804
2025-09-08 07:30:00,0.030000,0.120000,idle,0.000000,0,0.000000,0,0.000000,True,0.200000,10.000000,20.000000,30.000000,0.000000,0.030000,0.030000,0,0.120000,0.030000,0.120000,0.030000,0.120000,0.959166,0.959166,0.150000,0.000000,0.000241,0.000030,0.000241,0.000030,0.004020,0.004020
2025-09-08 07:45:00,0.015000,0.060000,idle,0.000000,0,0.000000,0,0.000000,True,0.200000,10.000000,20.000000,30.000000,0.000000,0.015000,0.015000,0,0.060000,0.015000,0.060000,0.015000,0.060000,0.959166,0.959166,0.150000,0.000000,0.000121,0.000015,0.000121,0.000015,0.002010,0.002010
2025-09-08 08:00:00,0.006000,0.024000,idle,0.000000,0,0.000000,0,0.000000,True,0.200000,10.000000,20.000000,30.000000,0.000000,0.006000,0.006000,0,0.024000,0.006000,0.024000,0.006000,0.024000,0.959166,0.959166,0.150000,0.000000,0.000048,0.000006,0.000048,0.000006,0.000804,0.000804
2025-09-08 08:15:00,0.015000,0.060000,idle,0.000000,0,0.000000,0,0.000000,True,0.200000,10.000000,20.000000,30.000000,0.000000,0.015000,0.015000,0,0.060000,0.015000,0.060000,0.015000,0.060000,0.959166,0.959166,0.150000,0.000000,0.000121,0.000015,0.000121,0.000015,0.002010,0.002010
2025-09-08 08:30:00,0.031000,0.124000,idle,0.000000,0,0.000000,0,0.000000,True,0.200000,10.000000,20.000000,30.000000,0.000000,0.031000,0.031000,0,0.124000,0.031000,0.124000,0.031000,0.124000,0.959166,0.959166,0.150000,0.000000,0.000249,0.000031,0.000249,0.000031,0.004154,0.004154
2025-09-08 08:45:00,0.006000,0.024000,idle,0.000000,0,0.000000,0,0.000000,True,0.200000,10.000000,20.000000,30.000000,0.000000,0.006000,0.006000,0,0.024000,0.006000,0.024000,0.006000,0.024000,0.959166,0.959166,0.150000,0.000000,0.000048,0.000006,0.000048,0.000006,0.000804,0.000804
2025-09-08 09:00:00,0.006000,0.024000,idle,0.000000,0,0.000000,0,0.000000,True,0.200000,10.000000,20.000000,30.000000,0.000000,0.006000,0.006000,0,0.024000,0.006000,0.024000,0.006000,0.024000,0.959166,0.959166,0.150000,0.000000,0.000048,0.000006,0.000048,0.000006,0.000804,0.000804
2025-09-08 09:15:00,0.025000,0.100000,idle,0.000000,0,0.000000,0,0.000000,True,0.200000,10.000000,20.000000,30.000000,0.000000,0.025000,0.025000,0,0.100000,0.025000,0.100000,0.025000,0.100000,0.959166,0.959166,0.150000,0.000000,0.000201,0.000025,0.000201,0.000025,0.003350,0.003350
2025-09-08 09:30:00,0.020000,0.080000,idle,0.000000,0,0.000000,0,0.000000,True,0.200000,10.000000,20.000000,30.000000,0.000000,0.020000,0.020000,0,0.080000,0.020000,0.080000,0.020000,0.080000,0.959166,0.959166,0.150000,0.000000,0.000161,0.000020,0.000161,0.000020,0.002680,0.002680
2025-09-08 09:45:00,0.006000,0.024000,idle,0.000000,0,0.000000,0,0.000000,True,0.200000,10.000000,20.000000,30.000000,0.000000,0.006000,0.006000,0,0.024000,0.006000,0.024000,0.006000,0.024000,0.959166,0.959166,0.150000,0.000000,0.000048,0.000006,0.000048,0.000006,0.000804,0.000804
2025-09-08 10:00:00,0.010000,0.040000,idle,0.000000,0,0.000000,0,0.000000,True,0.200000,10.000000,20.000000,30.000000,0.000000,0.010000,0.010000,0,0.040000,0.010000,0.040000,0.010000,0.040000,0.959166,0.959166,0.150000,0.000000,0.000080,0.000010,0.000080,0.000010,0.001340,0.001340
2025-09-08 10:15:00,0.043000,0.172000,idle,0.000000,0,0.000000,0,0.000000,True,0.200000,10.000000,20.000000,30.000000,0.000000,0.043000,0.043000,0,0.172000,0.043000,0.172000,0.043000,0.172000,0.959166,0.959166,0.150000,0.000000,0.000346,0.000043,0.000346,0.000043,0.005762,0.005762
2025-09-08 10:30:00,0.015000,0.060000,idle,0.000000,0,0.000000,0,0.000000,True,0.200000,10.000000,20.000000,30.000000,0.000000,0.015000,0.015000,0,0.060000,0.015000,0.060000,0.015000,0.060000,0.959166,0.959166,0.150000,0.000000,0.000121,0.000015,0.000121,0.000015,0.002010,0.002010
2025-09-08 10:45:00,0.006000,0.024000,idle,0.000000,0,0.000000,0,0.000000,True,0.200000,10.000000,20.000000,30.000000,0.000000,0.006000,0.006000,0,0.024000,0.006000,0.024000,0.006000,0.024000,0.959166,0.959166,0.150000,0.000000,0.000048,0.000006,0.000048,0.000006,0.000804,0.000804
2025-09-08 11:00:00,0.034000,0.136000,idle,0.000000,0,0.000000,0,0.000000,True,0.200000,10.000000,20.000000,30.000000,0.000000,0.034000,0.034000,0,0.136000,0.034000,0.136000,0.034000,0.136000,0.959166,0.959166,0.150000,0.000000,0.000273,0.000034,0.000273,0.000034,0.004556,0.004556
2025-09-08 11:15:00,0.046000,0.184000,idle,0.000000,0,0.000000,0,0.000000,True,0.200000,10.000000,20.000000,30.000000,0.000000,0.046000,0.046000,0,0.184000,0.046000,0.184000,0.046000,0.184000,0.959166,0.959166,0.150000,0.000000,0.000370,0.000046,0.000370,0.000046,0.006164,0.006164
2025-09-08 11:30:00,0.040000,0.160000,idle,0.000000,0,0.000000,0,0.000000,True,0.200000,10.000000,20.000000,30.000000,0.000000,0.040000,0.040000,0,0.160000,0.040000,0.160000,0.040000,0.160000,0.959166,0.959166,0.150000,0.000000,0.000322,0.000040,0.000322,0.000040,0.005360,0.005360
2025-09-08 11:45:00,0.032000,0.128000,idle,0.000000,0,0.000000,0,0.000000,True,0.200000,10.000000,20.000000,30.000000,0.000000,0.032000,0.032000,0,0.128000,0.032000,0.128000,0.032000,0.128000,0.959166,0.959166,0.150000,0.000000,0.000257,0.000032,0.000257,0.000032,0.004288,0.004288
2025-09-08 12:00:00,0.048000,0.192000,idle,0.000000,0,0.000000,0,0.000000,True,0.200000,10.000000,20.000000,30.000000,0.000000,0.048000,0.048000,0,0.192000,0.048000,0.192000,0.048000,0.192000,0.959166,0.959166,0.150000,0.000000,0.000386,0.000048,0.000386,0.000048,0.006432,0.006432
2025-09-08 12:15:00,0.048000,0.192000,idle,0.000000,0,0.000000,0,0.000000,True,0.200000,10.000000,20.000000,30.000000,0.000000,0.048000,0.048000,0,0.192000,0.048000,0.192000,0.048000,0.192000,0.959166,0.959166,0.150000,0.000000,0.000386,0.000048,0.000386,0.000048,0.006432,0.006432
2025-09-08 12:30:00,0.044000,0.176000,idle,0.000000,0,0.000000,0,0.000000,True,0.200000,10.000000,20.000000,30.000000,0.000000,0.044000,0.044000,0,0.176000,0.044000,0.176000,0.044000,0.176000,0.959166,0.959166,0.150000,0.000000,0.000354,0.000044,0.000354,0.000044,0.005896,0.005896
2025-09-08 12:45:00,0.045000,0.180000,idle,0.000000,0,0.000000,0,0.000000,True,0.200000,10.000000,20.000000,30.000000,0.000000,0.045000,0.045000,0,0.180000,0.045000,0.180000,0.045000,0.180000,0.959166,0.959166,0.150000,0.000000,0.000362,0.000045,0.000362,0.000045,0.006030,0.006030
2025-09-08 13:00:00,0.046000,0.184000,idle,0.000000,0,0.000000,0,0.000000,True,0.200000,10.000000,20.000000,30.000000,0.000000,0.046000,0.046000,0,0.184000,0.046000,0.184000,0.046000,0.184000,0.959166,0.959166,0.150000,0.000000,0.000370,0.000046,0.000370,0.000046,0.006164,0.006164
2025-09-08 13:15:00,0.019000,0.076000,idle,0.000000,0,0.000000,0,0.000000,True,0.200000,10.000000,20.000000,30.000000,0.000000,0.019000,0.019000,0,0.076000,0.019000,0.076000,0.019000,0.076000,0.959166,0.959166,0.150000,0.000000,0.000153,0.000019,0.000153,0.000019,0.002546,0.002546
2025-09-08 13:30:00,0.025000,0.100000,idle,0.000000,0,0.000000,0,0.000000,True,0.200000,10.000000,20.000000,30.000000,0.000000,0.025000,0.025000,0,0.100000,0.025000,0.100000,0.025000,0.100000,0.959166,0.959166,0.150000,0.000000,0.000201,0.000025,0.000201,0.000025,0.003350,0.003350
2025-09-08 13:45:00,0.046000,0.184000,idle,0.000000,0,0.000000,0,0.000000,True,0.200000,10.000000,20.000000,30.000000,0.000000,0.046000,0.046000,0,0.184000,0.046000,0.184000,0.046000,0.184000,0.959166,0.959166,0.150000,0.000000,0.000370,0.000046,0.000370,0.000046,0.006164,0.006164
2025-09-08 14:00:00,0.047000,0.188000,idle,0.000000,0,0.000000,0,0.000000,True,0.200000,10.000000,20.000000,30.000000,0.000000,0.047000,0.047000,0,0.188000,0.047000,0.188000,0.047000,0.188000,0.959166,0.959166,0.150000,0.000000,0.000378,0.000047,0.000378,0.000047,0.006298,0.006298
2025-09-08 14:15:00,0.025000,0.100000,idle,0.000000,0,0.000000,0,0.000000,True,0.200000,10.000000,20.000000,30.000000,0.000000,0.025000,0.025000,0,0.100000,0.025000,0.100000,0.025000,0.100000,0.959166,0.959166,0.150000,0.000000,0.000201,0.000025,0.000201,0.000025,0.003350,0.003350
2025-09-08 14:30:00,0.017000,0.068000,idle,0.000000,0,0.000000,0,0.000000,True,0.200000,10.000000,20.000000,30.000000,0.000000,0.017000,0.017000,0,0.068000,0.017000,0.068000,0.017000,0.068000,0.959166,0.959166,0.150000,0.000000,0.000137,0.000017,0.000137,0.000017,0.002278,0.002278
2025-09-08 14:45:00,0.042000,0.168000,idle,0.000000,0,0.000000,0,0.000000,True,0.200000,10.000000,20.000000,30.000000,0.000000,0.042000,0.042000,0,0.168000,0.042000,0.168000,0.042000,0.168000,0.959166,0.959166,0.150000,0.000000,0.000338,0.000042,0.000338,0.000042,0.005628,0.005628
2025-09-08 15:00:00,0.033000,0.132000,idle,0.000000,0,0.000000,0,0.000000,True,0.200000,10.000000,20.000000,30.000000,0.000000,0.033000,0.033000,0,0.132000,0.033000,0.132000,0.033000,0.132000,0.959166,0.959166,0.150000,0.000000,0.000265,0.000033,0.000265,0.000033,0.004422,0.004422
2025-09-08 15:15:00,0.035000,0.140000,idle,0.000000,0,0.000000,0,0.000000,True,0.200000,10.000000,20.000000,30.000000,0.000000,0.035000,0.035000,0,0.140000,0.035000,0.140000,0.035000,0.140000,0.959166,0.959166,0.150000,0.000000,0.000281,0.000035,0.000281,0.000035,0.004690,0.004690
2025-09-08 15:30:00,0.043000,0.172000,idle,0.000000,0,0.000000,0,0.000000,True,0.200000,10.000000,20.000000,30.000000,0.000000,0.043000,0.043000,0,0.172000,0.043000,0.172000,0.043000,0.172000,0.959166,0.959166,0.150000,0.000000,0.000346,0.000043,0.000346,0.000043,0.005762,0.005762
2025-09-08 15:45:00,0.063000,0.252000,idle,0.000000,0,0.000000,0,0.000000,True,0.200000,10.000000,20.000000,30.000000,0.000000,0.063000,0.063000,0,0.252000,0.063000,0.252000,0.063000,0.252000,0.959166,0.959166,0.150000,0.000000,0.000507,0.000063,0.000507,0.000063,0.008442,0.008442
2025-09-08 16:00:00,0.039000,0.156000,idle,0.000000,0,0.000000,0,0.000000,True,0.200000,10.000000,20.000000,30.000000,0.000000,0.039000,0.039000,0,0.156000,0.039000,0.156000,0.039000,0.156000,0.959166,0.959166,0.150000,0.000000,0.000314,0.000039,0.000314,0.000039,0.005226,0.005226
2025-09-08 16:15:00,0.038000,0.152000,idle,0.000000,0,0.000000,0,0.000000,True,0.200000,10.000000,20.000000,30.000000,0.000000,0.038000,0.038000,0,0.152000,0.038000,0.152000,0.038000,0.152000,0.959166,0.959166,0.150000,0.000000,0.000306,0.000038,0.000306,0.000038,0.005092,0.005092
2025-09-08 16:30:00,0.051000,0.204000,idle,0.000000,0,0.000000,0,0.000000,True,0.200000,10.000000,20.000000,30.000000,0.000000,0.051000,0.051000,0,0.204000,0.051000,0.204000,0.051000,0.204000,0.959166,0.959166,0.150000,0.000000,0.000410,0.000051,0.000410,0.000051,0.006834,0.006834
2025-09-08 16:45:00,0.056000,0.224000,idle,0.000000,0,0.000000,0,0.000000,True,0.200000,10.000000,20.000000,30.000000,0.000000,0.056000,0.056000,0,0.224000,0.056000,0.224000,0.056000,0.224000,0.959166,0.959166,0.150000,0.000000,0.000450,0.000056,0.000450,0.000056,0.007504,0.007504
2025-09-08 17:00:00,0.036000,0.144000,idle,0.000000,0,0.000000,0,0.000000,True,0.200000,10.000000,20.000000,30.000000,0.000000,0.036000,0.036000,0,0.144000,0.036000,0.144000,0.036000,0.144000,0.959166,0.959166,0.150000,0.000000,0.000289,0.000036,0.000289,0.000036,0.004824,0.004824
2025-09-08 17:15:00,0.040000,0.160000,idle,0.000000,0,0.000000,0,0.000000,True,0.200000,10.000000,20.000000,30.000000,0.000000,0.040000,0.040000,0,0.160000,0.040000,0.160000,0.040000,0.160000,0.959166,0.959166,0.150000,0.000000,0.000322,0.000040,0.000322,0.000040,0.005360,0.005360
2025-09-08 17:30:00,0.103000,0.412000,idle,0.000000,0,0.000000,0,0.000000,True,0.200000,10.000000,20.000000,30.000000,0.000000,0.103000,0.103000,0,0.412000,0.103000,0.412000,0.103000,0.412000,0.959166,0.959166,0.150000,0.000000,0.000828,0.000103,0.000828,0.000103,0.013802,0.013802
2025-09-08 17:45:00,0.103000,0.412000,idle,0.000000,0,0.000000,0,0.000000,True,0.200000,10.000000,20.000000,30.000000,0.000000,0.103000,0.103000,0,0.412000,0.103000,0.412000,0.103000,0.412000,0.959166,0.959166,0.150000,0.000000,0.000828,0.000103,0.000828,0.000103,0.013802,0.013802
2025-09-08 18:00:00,0.077000,0.308000,idle,0.000000,0,0.000000,0,0.000000,True,0.200000,10.000000,20.000000,30.000000,0.000000,0.077000,0.077000,0,0.308000,0.077000,0.308000,0.077000,0.308000,0.959166,0.959166,0.150000,0.000000,0.000619,0.000077,0.000619,0.000077,0.010318,0.010318
2025-09-08 18:15:00,0.086000,0.344000,idle,0.000000,0,0.000000,0,0.000000,True,0.200000,10.000000,20.000000,30.000000,0.000000,0.086000,0.086000,0,0.344000,0.086000,0.344000,0.086000,0.344000,0.959166,0.959166,0.150000,0.000000,0.000691,0.000086,0.000691,0.000086,0.011524,0.011524
2025-09-08 18:30:00,0.095000,0.380000,idle,0.000000,0,0.000000,0,0.000000,True,0.200000,10.000000,20.000000,30.000000,0.000000,0.095000,0.095000,0,0.380000,0.095000,0.380000,0.095000,0.380000,0.959166,0.959166,0.150000,0.000000,0.000764,0.000095,0.000764,0.000095,0.012730,0.012730
2025-09-08 18:45:00,0.072000,0.288000,idle,0.000000,0,0.000000,0,0.000000,True,0.200000,10.000000,20.000000,30.000000,0.000000,0.072000,0.072000,0,0.288000,0.072000,0.288000,0.072000,0.288000,0.959166,0.959166,0.150000,0.000000,0.000579,0.000072,0.000579,0.000072,0.009648,0.009648
2025-09-08 19:00:00,0.072000,0.288000,idle,0.000000,0,0.000000,0,0.000000,True,0.200000,10.000000,20.000000,30.000000,0.000000,0.072000,0.072000,0,0.288000,0.072000,0.288000,0.072000,0.288000,0.959166,0.959166,0.150000,0.000000,0.000579,0.000072,0.000579,0.000072,0.009648,0.009648
2025-09-08 19:15:00,0.096000,0.384000,idle,0.000000,0,0.000000,0,0.000000,True,0.200000,10.000000,20.000000,30.000000,0.000000,0.096000,0.096000,0,0.384000,0.096000,0.384000,0.096000,0.384000,0.959166,0.959166,0.150000,0.000000,0.000772,0.000096,0.000772,0.000096,0.012864,0.012864
2025-09-08 19:30:00,0.077000,0.308000,idle,0.000000,0,0.000000,0,0.000000,True,0.200000,10.000000,20.000000,30.000000,0.000000,0.077000,0.077000,0,0.308000,0.077000,0.308000,0.077000,0.308000,0.959166,0.959166,0.150000,0.000000,0.000619,0.000077,0.000619,0.000077,0.010318,0.010318
2025-09-08 19:45:00,0.034000,0.136000,idle,0.000000,0,0.000000,0,0.000000,True,0.200000,10.000000,20.000000,30.000000,0.000000,0.034000,0.034000,0,0.136000,0.034000,0.136000,0.034000,0.136000,0.959166,0.959166,0.150000,0.000000,0.000273,0.000034,0.000273,0.000034,0.004556,0.004556
2025-09-08 20:00:00,0.019000,0.076000,idle,0.000000,0,0.000000,0,0.000000,True,0.200000,10.000000,20.000000,30.000000,0.000000,0.019000,0.019000,0,0.076000,0.019000,0.076000,0.019000,0.076000,0.959166,0.959166,0.150000,0.000000,0.000153,0.000019,0.000153,0.000019,0.002546,0.002546
2025-09-08 20:15:00,0.033000,0.132000,idle,0.000000,0,0.000000,0,0.000000,True,0.200000,10.000000,20.000000,30.000000,0.000000,0.033000,0.033000,0,0.132000,0.033000,0.132000,0.033000,0.132000,0.959166,0.959166,0.150000,0.000000,0.000265,0.000033,0.000265,0.000033,0.004422,0.004422
2025-09-08 20:30:00,0.008000,0.032000,idle,0.000000,0,0.000000,0,0.000000,True,0.200000,10.000000,20.000000,30.000000,0.000000,0.008000,0.008000,0,0.032000,0.008000,0.032000,0.008000,0.032000,0.959166,0.959166,0.150000,0.000000,0.000064,0.000008,0.000064,0.000008,0.001072,0.001072
2025-09-08 20:45:00,0.016000,0.064000,idle,0.000000,0,0.000000,0,0.000000,True,0.200000,10.000000,20.000000,30.000000,0.000000,0.016000,0.016000,0,0.064000,0.016000,0.064000,0.016000,0.064000,0.959166,0.959166,0.150000,0.000000,0.000129,0.000016,0.000129,0.000016,0.002144,0.002144
2025-09-08 21:00:00,0.048000,0.192000,idle,0.000000,0,0.000000,0,0.000000,True,0.200000,10.000000,20.000000,30.000000,0.000000,0.048000,0.048000,0,0.192000,0.048000,0.192000,0.048000,0.192000,0.959166,0.959166,0.150000,0.000000,0.000386,0.000048,0.000386,0.000048,0.006432,0.006432
2025-09-08 21:15:00,0.054000,0.216000,idle,0.000000,0,0.000000,0,0.000000,True,0.200000,10.000000,20.000000,30.000000,0.000000,0.054000,0.054000,0,0.216000,0.054000,0.216000,0.054000,0.216000,0.959166,0.959166,0.150000,0.000000,0.000434,0.000054,0.000434,0.000054,0.007236,0.007236
2025-09-08 21:30:00,0.033000,0.132000,idle,0.000000,0,0.000000,0,0.000000,True,0.200000,10.000000,20.000000,30.000000,0.000000,0.033000,0.033000,0,0.132000,0.033000,0.132000,0.033000,0.132000,0.959166,0.959166,0.150000,0.000000,0.000265,0.000033,0.000265,0.000033,0.004422,0.004422
2025-09-08 21:45:00,0.036000,0.144000,idle,0.000000,0,0.000000,0,0.000000,True,0.200000,10.000000,20.000000,30.000000,0.000000,0.036000,0.036000,0,0.144000,0.036000,0.144000,0.036000,0.144000,0.959166,0.959166,0.150000,0.000000,0.000289,0.000036,0.000289,0.000036,0.004824,0.004824
2025-09-08 22:00:00,0.059000,0.236000,idle,0.000000,0,0.000000,0,0.000000,True,0.200000,10.000000,20.000000,30.000000,0.000000,0.059000,0.059000,0,0.236000,0.059000,0.236000,0.059000,0.236000,0.959166,0.959166,0.150000,0.000000,0.000474,0.000059,0.000474,0.000059,0.007906,0.007906
2025-09-08 22:15:00,0.037000,0.148000,idle,0.000000,0,0.000000,0,0.000000,True,0.200000,10.000000,20.000000,30.000000,0.000000,0.037000,0.037000,0,0.148000,0.037000,0.148000,0.037000,0.148000,0.959166,0.959166,0.150000,0.000000,0.000297,0.000037,0.000297,0.000037,0.004958,0.004958
2025-09-08 22:30:00,0.032000,0.128000,idle,0.000000,0,0.000000,0,0.000000,True,0.200000,10.000000,20.000000,30.000000,0.000000,0.032000,0.032000,0,0.128000,0.032000,0.128000,0.032000,0.128000,0.959166,0.959166,0.150000,0.000000,0.000257,0.000032,0.000257,0.000032,0.004288,0.004288
2025-09-08 22:45:00,0.054000,0.216000,idle,0.000000,0,0.000000,0,0.000000,True,0.200000,10.000000,20.000000,30.000000,0.000000,0.054000,0.054000,0,0.216000,0.054000,0.216000,0.054000,0.216000,0.959166,0.959166,0.150000,0.000000,0.000434,0.000054,0.000434,0.000054,0.007236,0.007236
2025-09-08 23:00:00,0.049000,0.196000,idle,0.000000,0,0.000000,0,0.000000,True,0.200000,10.000000,20.000000,30.000000,0.000000,0.049000,0.049000,0,0.196000,0.049000,0.196000,0.049000,0.196000,0.959166,0.959166,0.150000,0.000000,0.000394,0.000049,0.000394,0.000049,0.006566,0.006566
2025-09-08 23:15:00,0.012000,0.048000,idle,0.000000,0,0.000000,0,0.000000,True,0.200000,10.000000,20.000000,30.000000,0.000000,0.012000,0.012000,0,0.048000,0.012000,0.048000,0.012000,0.048000,0.959166,0.959166,0.150000,0.000000,0.000096,0.000012,0.000096,0.000012,0.001608,0.001608
2025-09-08 23:30:00,0.011000,0.044000,idle,0.000000,0,0.000000,0,0.000000,True,0.200000,10.000000,20.000000,30.000000,0.000000,0.011000,0.011000,0,0.044000,0.011000,0.044000,0.011000,0.044000,0.959166,0.959166,0.150000,0.000000,0.000088,0.000011,0.000088,0.000011,0.001474,0.001474
2025-09-08 23:45:00,0.035000,0.140000,idle,0.000000,0,0.000000,0,0.000000,True,0.200000,10.000000,20.000000,30.000000,0.000000,0.035000,0.035000,0,0.140000,0.035000,0.140000,0.035000,0.140000,0.959166,0.959166,0.150000,0.000000,0.000281,0.000035,0.000281,0.000035,0.004690,0.004690
2025-09-09 00:00:00,0.018000,0.072000,idle,0.000000,0,0.000000,0,0.000000,True,0.200000,10.000000,20.000000,30.000000,0.000000,0.018000,0.018000,0,0.072000,0.018000,0.072000,0.018000,0.072000,0.959166,0.959166,0.150000,0.000000,0.000145,0.000018,0.000145,0.000018,0.002412,0.002412
2025-09-09 00:15:00,0.009000,0.036000,idle,0.000000,0,0.000000,0,0.000000,True,0.200000,10.000000,20.000000,30.000000,0.000000,0.009000,0.009000,0,0.036000,0.009000,0.036000,0.009000,0.036000,0.959166,0.959166,0.150000,0.000000,0.000072,0.000009,0.000072,0.000009,0.001206,0.001206
2025-09-09 00:30:00,0.017000,0.068000,idle,0.000000,0,0.000000,0,0.000000,True,0.200000,10.000000,20.000000,30.000000,0.000000,0.017000,0.017000,0,0.068000,0.017000,0.068000,0.017000,0.068000,0.959166,0.959166,0.150000,0.000000,0.000137,0.000017,0.000137,0.000017,0.002278,0.002278
2025-09-09 00:45:00,0.032000,0.128000,idle,0.000000,0,0.000000,0,0.000000,True,0.200000,10.000000,20.000000,30.000000,0.000000,0.032000,0.032000,0,0.128000,0.032000,0.128000,0.032000,0.128000,0.959166,0.959166,0.150000,0.000000,0.000257,0.000032,0.000257,0.000032,0.004288,0.004288
2025-09-09 01:00:00,0.007000,0.028000,idle,0.000000,0,0.000000,0,0.000000,True,0.200000,10.000000,20.000000,30.000000,0.000000,0.007000,0.007000,0,0.028000,0.007000,0.028000,0.007000,0.028000,0.959166,0.959166,0.150000,0.000000,0.000056,0.000007,0.000056,0.000007,0.000938,0.000938
2025-09-09 01:15:00,0.007000,0.028000,idle,0.000000,0,0.000000,0,0.000000,True,0.200000,10.000000,20.000000,30.000000,0.000000,0.007000,0.007000,0,0.028000,0.007000,0.028000,0.007000,0.028000,0.959166,0.959166,0.150000,0.000000,0.000056,0.000007,0.000056,0.000007,0.000938,0.000938
2025-09-09 01:30:00,0.028000,0.112000,idle,0.000000,0,0.000000,0,0.000000,True,0.200000,10.000000,20.000000,30.000000,0.000000,0.028000,0.028000,0,0.112000,0.028000,0.112000,0.028000,0.112000,0.959166,0.959166,0.150000,0.000000,0.000225,0.000028,0.000225,0.000028,0.003752,0.003752
2025-09-09 01:45:00,0.020000,0.080000,idle,0.000000,0,0.000000,0,0.000000,True,0.200000,10.000000,20.000000,30.000000,0.000000,0.020000,0.020000,0,0.080000,0.020000,0.080000,0.020000,0.080000,0.959166,0.959166,0.150000,0.000000,0.000161,0.000020,0.000161,0.000020,0.002680,0.002680
2025-09-09 02:00:00,0.007000,0.028000,idle,0.000000,0,0.000000,0,0.000000,True,0.200000,10.000000,20.000000,30.000000,0.000000,0.007000,0.007000,0,0.028000,0.007000,0.028000,0.007000,0.028000,0.959166,0.959166,0.150000,0.000000,0.000056,0.000007,0.000056,0.000007,0.000938,0.000938
2025-09-09 02:15:00,0.013000,0.052000,idle,0.000000,0,0.000000,0,0.000000,True,0.200000,10.000000,20.000000,30.000000,0.000000,0.013000,0.013000,0,0.052000,0.013000,0.052000,0.013000,0.052000,0.959166,0.959166,0.150000,0.000000,0.000105,0.000013,0.000105,0.000013,0.001742,0.001742
2025-09-09 02:30:00,0.034000,0.136000,idle,0.000000,0,0.000000,0,0.000000,True,0.200000,10.000000,20.000000,30.000000,0.000000,0.034000,0.034000,0,0.136000,0.034000,0.136000,0.034000,0.136000,0.959166,0.959166,0.150000,0.000000,0.000273,0.000034,0.000273,0.000034,0.004556,0.004556
2025-09-09 02:45:00,0.008000,0.032000,idle,0.000000,0,0.000000,0,0.000000,True,0.200000,10.000000,20.000000,30.000000,0.000000,0.008000,0.008000,0,0.032000,0.008000,0.032000,0.008000,0.032000,0.959166,0.959166,0.150000,0.000000,0.000064,0.000008,0.000064,0.000008,0.001072,0.001072
2025-09-09 03:00:00,0.007000,0.028000,idle,0.000000,0,0.000000,0,0.000000,True,0.200000,10.000000,20.000000,30.000000,0.000000,0.007000,0.007000,0,0.028000,0.007000,0.028000,0.007000,0.028000,0.959166,0.959166,0.150000,0.000000,0.000056,0.000007,0.000056,0.000007,0.000938,0.000938
2025-09-09 03:15:00,0.025000,0.100000,idle,0.000000,0,0.000000,0,0.000000,True,0.200000,10.000000,20.000000,30.000000,0.000000,0.025000,0.025000,0,0.100000,0.025000,0.100000,0.025000,0.100000,0.959166,0.959166,0.150000,0.000000,0.000201,0.000025,0.000201,0.000025,0.003350,0.003350
2025-09-09 03:30:00,0.023000,0.092000,idle,0.000000,0,0.000000,0,0.000000,True,0.200000,10.000000,20.000000,30.000000,0.000000,0.023000,0.023000,0,0.092000,0.023000,0.092000,0.023000,0.092000,0.959166,0.959166,0.150000,0.000000,0.000185,0.000023,0.000185,0.000023,0.003082,0.003082
2025-09-09 03:45:00,0.007000,0.028000,idle,0.000000,0,0.000000,0,0.000000,True,0.200000,10.000000,20.000000,30.000000,0.000000,0.007000,0.007000,0,0.028000,0.007000,0.028000,0.007000,0.028000,0.959166,0.959166,0.150000,0.000000,0.000056,0.000007,0.000056,0.000007,0.000938,0.000938
2025-09-09 04:00:00,0.010000,0.040000,idle,0.000000,0,0.000000,0,0.000000,True,0.200000,10.000000,20.000000,30.000000,0.000000,0.010000,0.010000,0,0.040000,0.010000,0.040000,0.010000,0.040000,0.959166,0.959166,0.150000,0.000000,0.000080,0.000010,0.000080,0.000010,0.001340,0.001340
2025-09-09 04:15:00,0.033000,0.132000,idle,0.000000,0,0.000000,0,0.000000,True,0.200000,10.000000,20.000000,30.000000,0.000000,0.033000,0.033000,0,0.132000,0.033000,0.132000,0.033000,0.132000,0.959166,0.959166,0.150000,0.000000,0.000265,0.000033,0.000265,0.000033,0.004422,0.004422
2025-09-09 04:30:00,0.011000,0.044000,idle,0.000000,0,0.000000,0,0.000000,True,0.200000,10.000000,20.000000,30.000000,0.000000,0.011000,0.011000,0,0.044000,0.011000,0.044000,0.011000,0.044000,0.959166,0.959166,0.150000,0.000000,0.000088,0.000011,0.000088,0.000011,0.001474,0.001474
2025-09-09 04:45:00,0.007000,0.028000,idle,0.000000,0,0.000000,0,0.000000,True,0.200000,10.000000,20.000000,30.000000,0.000000,0.007000,0.007000,0,0.028000,0.007000,0.028000,0.007000,0.028000,0.959166,0.959166,0.150000,0.000000,0.000056,0.000007,0.000056,0.000007,0.000938,0.000938
2025-09-09 05:00:00,0.022000,0.088000,idle,0.000000,0,0.000000,0,0.000000,True,0.200000,10.000000,20.000000,30.000000,0.000000,0.022000,0.022000,0,0.088000,0.022000,0.088000,0.022000,0.088000,0.959166,0.959166,0.150000,0.000000,0.000177,0.000022,0.000177,0.000022,0.002948,0.002948
2025-09-09 05:15:00,0.027000,0.108000,idle,0.000000,0,0.000000,0,0.000000,True,0.200000,10.000000,20.000000,30.000000,0.000000,0.027000,0.027000,0,0.108000,0.027000,0.108000,0.027000,0.108000,0.959166,0.959166,0.150000,0.000000,0.000217,0.000027,0.000217,0.000027,0.003618,0.003618
2025-09-09 05:30:00,0.006000,0.024000,idle,0.000000,0,0.000000,0,0.000000,True,0.200000,10.000000,20.000000,30.000000,0.000000,0.006000,0.006000,0,0.024000,0.006000,0.024000,0.006000,0.024000,0.959166,0.959166,0.150000,0.000000,0.000048,0.000006,0.000048,0.000006,0.000804,0.000804
2025-09-09 05:45:00,0.007000,0.028000,idle,0.000000,0,0.000000,0,0.000000,True,0.200000,10.000000,20.000000,30.000000,0.000000,0.007000,0.007000,0,0.028000,0.007000,0.028000,0.007000,0.028000,0.959166,0.959166,0.150000,0.000000,0.000056,0.000007,0.000056,0.000007,0.000938,0.000938
2025-09-09 06:00:00,0.033000,0.132000,idle,0.000000,0,0.000000,0,0.000000,True,0.200000,10.000000,20.000000,30.000000,0.000000,0.033000,0.033000,0,0.132000,0.033000,0.132000,0.033000,0.132000,0.959166,0.959166,0.150000,0.000000,0.000265,0.000033,0.000265,0.000033,0.004422,0.004422
2025-09-09 06:15:00,0.015000,0.060000,idle,0.000000,0,0.000000,0,0.000000,True,0.200000,10.000000,20.000000,30.000000,0.000000,0.015000,0.015000,0,0.060000,0.015000,0.060000,0.015000,0.060000,0.959166,0.959166,0.150000,0.000000,0.000121,0.000015,0.000121,0.000015,0.002010,0.002010
2025-09-09 06:30:00,0.007000,0.028000,idle,0.000000,0,0.000000,0,0.000000,True,0.200000,10.000000,20.000000,30.000000,0.000000,0.007000,0.007000,0,0.028000,0.007000,0.028000,0.007000,0.028000,0.959166,0.959166,0.150000,0.000000,0.000056,0.000007,0.000056,0.000007,0.000938,0.000938
2025-09-09 06:45:00,0.017000,0.068000,idle,0.000000,0,0.000000,0,0.000000,True,0.200000,10.000000,20.000000,30.000000,0.000000,0.017000,0.017000,0,0.068000,0.017000,0.068000,0.017000,0.068000,0.959166,0.959166,0.150000,0.000000,0.000137,0.000017,0.000137,0.000017,0.002278,0.002278
2025-09-09 07:00:00,0.031000,0.124000,idle,0.000000,0,0.000000,0,0.000000,True,0.200000,10.000000,20.000000,30.000000,0.000000,0.031000,0.031000,0,0.124000,0.031000,0.124000,0.031000,0.124000,0.959166,0.959166,0.150000,0.000000,0.000249,0.000031,0.000249,0.000031,0.004154,0.004154
2025-09-09 07:15:00,0.007000,0.028000,idle,0.000000,0,0.000000,0,0.000000,True,0.200000,10.000000,20.000000,30.000000,0.000000,0.007000,0.007000,0,0.028000,0.007000,0.028000,0.007000,0.028000,0.959166,0.959166,0.150000,0.000000,0.000056,0.000007,0.000056,0.000007,0.000938,0.000938
2025-09-09 07:30:00,0.007000,0.028000,idle,0.000000,0,0.000000,0,0.000000,True,0.200000,10.000000,20.000000,30.000000,0.000000,0.007000,0.007000,0,0.028000,0.007000,0.028000,0.007000,0.028000,0.959166,0.959166,0.150000,0.000000,0.000056,0.000007,0.000056,0.000007,0.000938,0.000938
2025-09-09 07:45:00,0.028000,0.112000,idle,0.000000,0,0.000000,0,0.000000,True,0.200000,10.000000,20.000000,30.000000,0.000000,0.028000,0.028000,0,0.112000,0.028000,0.112000,0.028000,0.112000,0.959166,0.959166,0.150000,0.000000,0.000225,0.000028,0.000225,0.000028,0.003752,0.003752
2025-09-09 08:00:00,0.025000,0.100000,idle,0.000000,0,0.000000,0,0.000000,True,0.200000,10.000000,20.000000,30.000000,0.000000,0.025000,0.025000,0,0.100000,0.025000,0.100000,0.025000,0.100000,0.959166,0.959166,0.150000,0.000000,0.000201,0.000025,0.000201,0.000025,0.003350,0.003350
2025-09-09 08:15:00,0.014000,0.056000,idle,0.000000,0,0.000000,0,0.000000,True,0.200000,10.000000,20.000000,30.000000,0.000000,0.014000,0.014000,0,0.056000,0.014000,0.056000,0.014000,0.056000,0.959166,0.959166,0.150000,0.000000,0.000113,0.000014,0.000113,0.000014,0.001876,0.001876
2025-09-09 08:30:00,0.010000,0.040000,idle,0.000000,0,0.000000,0,0.000000,True,0.200000,10.000000,20.000000,30.000000,0.000000,0.010000,0.010000,0,0.040000,0.010000,0.040000,0.010000,0.040000,0.959166,0.959166,0.150000,0.000000,0.000080,0.000010,0.000080,0.000010,0.001340,0.001340
2025-09-09 08:45:00,0.033000,0.132000,idle,0.000000,0,0.000000,0,0.000000,True,0.200000,10.000000,20.000000,30.000000,0.000000,0.033000,0.033000,0,0.132000,0.033000,0.132000,0.033000,0.132000,0.959166,0.959166,0.150000,0.000000,0.000265,0.000033,0.000265,0.000033,0.004422,0.004422
2025-09-09 09:00:00,0.011000,0.044000,idle,0.000000,0,0.000000,0,0.000000,True,0.200000,10.000000,20.000000,30.000000,0.000000,0.011000,0.011000,0,0.044000,0.011000,0.044000,0.011000,0.044000,0.959166,0.959166,0.150000,0.000000,0.000088,0.000011,0.000088,0.000011,0.001474,0.001474
2025-09-09 09:15:00,0.007000,0.028000,idle,0.000000,0,0.000000,0,0.000000,True,0.200000,10.000000,20.000000,30.000000,0.000000,0.007000,0.007000,0,0.028000,0.007000,0.028000,0.007000,0.028000,0.959166,0.959166,0.150000,0.000000,0.000056,0.000007,0.000056,0.000007,0.000938,0.000938
2025-09-09 09:30:00,0.020000,0.080000,idle,0.000000,0,0.000000,0,0.000000,True,0.200000,10.000000,20.000000,30.000000,0.000000,0.020000,0.020000,0,0.080000,0.020000,0.080000,0.020000,0.080000,0.959166,0.959166,0.150000,0.000000,0.000161,0.000020,0.000161,0.000020,0.002680,0.002680
2025-09-09 09:45:00,0.029000,0.116000,idle,0.000000,0,0.000000,0,0.000000,True,0.200000,10.000000,20.000000,30.000000,0.000000,0.029000,0.029000,0,0.116000,0.029000,0.116000,0.029000,0.116000,0.959166,0.959166,0.150000,0.000000,0.000233,0.000029,0.000233,0.000029,0.003886,0.003886
2025-09-09 10:00:00,0.007000,0.028000,idle,0.000000,0,0.000000,0,0.000000,True,0.200000,10.000000,20.000000,30.000000,0.000000,0.007000,0.007000,0,0.028000,0.007000,0.028000,0.007000,0.028000,0.959166,0.959166,0.150000,0.000000,0.000056,0.000007,0.000056,0.000007,0.000938,0.000938
2025-09-09 10:15:00,0.007000,0.028000,idle,0.000000,0,0.000000,0,0.000000,True,0.200000,10.000000,20.000000,30.000000,0.000000,0.007000,0.007000,0,0.028000,0.007000,0.028000,0.007000,0.028000,0.959166,0.959166,0.150000,0.000000,0.000056,0.000007,0.000056,0.000007,0.000938,0.000938
2025-09-09 10:30:00,0.028000,0.112000,idle,0.000000,0,0.000000,0,0.000000,True,0.200000,10.000000,20.000000,30.000000,0.000000,0.028000,0.028000,0,0.112000,0.028000,0.112000,0.028000,0.112000,0.959166,0.959166,0.150000,0.000000,0.000225,0.000028,0.000225,0.000028,0.003752,0.003752
2025-09-09 10:45:00,0.019000,0.076000,idle,0.000000,0,0.000000,0,0.000000,True,0.200000,10.000000,20.000000,30.000000,0.000000,0.019000,0.019000,0,0.076000,0.019000,0.076000,0.019000,0.076000,0.959166,0.959166,0.150000,0.000000,0.000153,0.000019,0.000153,0.000019,0.002546,0.002546
2025-09-09 11:00:00,0.007000,0.028000,idle,0.000000,0,0.000000,0,0.000000,True,0.200000,10.000000,20.000000,30.000000,0.000000,0.007000,0.007000,0,0.028000,0.007000,0.028000,0.007000,0.028000,0.959166,0.959166,0.150000,0.000000,0.000056,0.000007,0.000056,0.000007,0.000938,0.000938
2025-09-09 11:15:00,0.012000,0.048000,idle,0.000000,0,0.000000,0,0.000000,True,0.200000,10.000000,20.000000,30.000000,0.000000,0.012000,0.012000,0,0.048000,0.012000,0.048000,0.012000,0.048000,0.959166,0.959166,0.150000,0.000000,0.000096,0.000012,0.000096,0.000012,0.001608,0.001608
2025-09-09 11:30:00,0.033000,0.132000,idle,0.000000,0,0.000000,0,0.000000,True,0.200000,10.000000,20.000000,30.000000,0.000000,0.033000,0.033000,0,0.132000,0.033000,0.132000,0.033000,0.132000,0.959166,0.959166,0.150000,0.000000,0.000265,0.000033,0.000265,0.000033,0.004422,0.004422
2025-09-09 11:45:00,0.010000,0.040000,idle,0.000000,0,0.000000,0,0.000000,True,0.200000,10.000000,20.000000,30.000000,0.000000,0.010000,0.010000,0,0.040000,0.010000,0.040000,0.010000,0.040000,0.959166,0.959166,0.150000,0.000000,0.000080,0.000010,0.000080,0.000010,0.001340,0.001340
2025-09-09 12:00:00,0.007000,0.028000,idle,0.000000,0,0.000000,0,0.000000,True,0.200000,10.000000,20.000000,30.000000,0.000000,0.007000,0.007000,0,0.028000,0.007000,0.028000,0.007000,0.028000,0.959166,0.959166,0.150000,0.000000,0.000056,0.000007,0.000056,0.000007,0.000938,0.000938
2025-09-09 12:15:00,0.020000,0.080000,idle,0.000000,0,0.000000,0,0.000000,True,0.200000,10.000000,20.000000,30.000000,0.000000,0.020000,0.020000,0,0.080000,0.020000,0.080000,0.020000,0.080000,0.959166,0.959166,0.150000,0.000000,0.000161,0.000020,0.000161,0.000020,0.002680,0.002680
2025-09-09 12:30:00,0.029000,0.116000,idle,0.000000,0,0.000000,0,0.000000,True,0.200000,10.000000,20.000000,30.000000,0.000000,0.029000,0.029000,0,0.116000,0.029000,0.116000,0.029000,0.116000,0.959166,0.959166,0.150000,0.000000,0.000233,0.000029,0.000233,0.000029,0.003886,0.003886
2025-09-09 12:45:00,0.007000,0.028000,idle,0.000000,0,0.000000,0,0.000000,True,0.200000,10.000000,20.000000,30.000000,0.000000,0.007000,0.007000,0,0.028000,0.007000,0.028000,0.007000,0.028000,0.959166,0.959166,0.150000,0.000000,0.000056,0.000007,0.000056,0.000007,0.000938,0.000938
2025-09-09 13:00:00,0.007000,0.028000,idle,0.000000,0,0.000000,0,0.000000,True,0.200000,10.000000,20.000000,30.000000,0.000000,0.007000,0.007000,0,0.028000,0.007000,0.028000,0.007000,0.028000,0.959166,0.959166,0.150000,0.000000,0.000056,0.000007,0.000056,0.000007,0.000938,0.000938
2025-09-09 13:15:00,0.027000,0.108000,idle,0.000000,0,0.000000,0,0.000000,True,0.200000,10.000000,20.000000,30.000000,0.000000,0.027000,0.027000,0,0.108000,0.027000,0.108000,0.027000,0.108000,0.959166,0.959166,0.150000,0.000000,0.000217,0.000027,0.000217,0.000027,0.003618,0.003618
2025-09-09 13:30:00,0.021000,0.084000,idle,0.000000,0,0.000000,0,0.000000,True,0.200000,10.000000,20.000000,30.000000,0.000000,0.021000,0.021000,0,0.084000,0.021000,0.084000,0.021000,0.084000,0.959166,0.959166,0.150000,0.000000,0.000169,0.000021,0.000169,0.000021,0.002814,0.002814
2025-09-09 13:45:00,0.007000,0.028000,idle,0.000000,0,0.000000,0,0.000000,True,0.200000,10.000000,20.000000,30.000000,0.000000,0.007000,0.007000,0,0.028000,0.007000,0.028000,0.007000,0.028000,0.959166,0.959166,0.150000,0.000000,0.000056,0.000007,0.000056,0.000007,0.000938,0.000938
2025-09-09 14:00:00,0.009000,0.036000,idle,0.000000,0,0.000000,0,0.000000,True,0.200000,10.000000,20.000000,30.000000,0.000000,0.009000,0.009000,0,0.036000,0.009000,0.036000,0.009000,0.036000,0.959166,0.959166,0.150000,0.000000,0.000072,0.000009,0.000072,0.000009,0.001206,0.001206
2025-09-09 14:15:00,0.033000,0.132000,idle,0.000000,0,0.000000,0,0.000000,True,0.200000,10.000000,20.000000,30.000000,0.000000,0.033000,0.033000,0,0.132000,0.033000,0.132000,0.033000,0.132000,0.959166,0.959166,0.150000,0.000000,0.000265,0.000033,0.000265,0.000033,0.004422,0.004422
2025-09-09 14:30:00,0.013000,0.052000,idle,0.000000,0,0.000000,0,0.000000,True,0.200000,10.000000,20.000000,30.000000,0.000000,0.013000,0.013000,0,0.052000,0.013000,0.052000,0.013000,0.052000,0.959166,0.959166,0.150000,0.000000,0.000105,0.000013,0.000105,0.000013,0.001742,0.001742
2025-09-09 14:45:00,0.007000,0.028000,idle,0.000000,0,0.000000,0,0.000000,True,0.200000,10.000000,20.000000,30.000000,0.000000,0.007000,0.007000,0,0.028000,0.007000,0.028000,0.007000,0.028000,0.959166,0.959166,0.150000,0.000000,0.000056,0.000007,0.000056,0.000007,0.000938,0.000938
2025-09-09 15:00:00,0.017000,0.068000,idle,0.000000,0,0.000000,0,0.000000,True,0.200000,10.000000,20.000000,30.000000,0.000000,0.017000,0.017000,0,0.068000,0.017000,0.068000,0.017000,0.068000,0.959166,0.959166,0.150000,0.000000,0.000137,0.000017,0.000137,0.000017,0.002278,0.002278
2025-09-09 15:15:00,0.032000,0.128000,idle,0.000000,0,0.000000,0,0.000000,True,0.200000,10.000000,20.000000,30.000000,0.000000,0.032000,0.032000,0,0.128000,0.032000,0.128000,0.032000,0.128000,0.959166,0.959166,0.150000,0.000000,0.000257,0.000032,0.000257,0.000032,0.004288,0.004288
2025-09-09 15:30:00,0.007000,0.028000,idle,0.000000,0,0.000000,0,0.000000,True,0.200000,10.000000,20.000000,30.000000,0.000000,0.007000,0.007000,0,0.028000,0.007000,0.028000,0.007000,0.028000,0.959166,0.959166,0.150000,0.000000,0.000056,0.000007,0.000056,0.000007,0.000938,0.000938
2025-09-09 15:45:00,0.007000,0.028000,idle,0.000000,0,0.000000,0,0.000000,True,0.200000,10.000000,20.000000,30.000000,0.000000,0.007000,0.007000,0,0.028000,0.007000,0.028000,0.007000,0.028000,0.959166,0.959166,0.150000,0.000000,0.000056,0.000007,0.000056,0.000007,0.000938,0.000938
2025-09-09 16:00:00,0.024000,0.096000,idle,0.000000,0,0.000000,0,0.000000,True,0.200000,10.000000,20.000000,30.000000,0.000000,0.024000,0.024000,0,0.096000,0.024000,0.096000,0.024000,0.096000,0.959166,0.959166,0.150000,0.000000,0.000193,0.000024,0.000193,0.000024,0.003216,0.003216
2025-09-09 16:15:00,0.024000,0.096000,idle,0.000000,0,0.000000,0,0.000000,True,0.200000,10.000000,20.000000,30.000000,0.000000,0.024000,0.024000,0,0.096000,0.024000,0.096000,0.024000,0.096000,0.959166,0.959166,0.150000,0.000000,0.000193,0.000024,0.000193,0.000024,0.003216,0.003216
2025-09-09 16:30:00,0.006000,0.024000,idle,0.000000,0,0.000000,0,0.000000,True,0.200000,10.000000,20.000000,30.000000,0.000000,0.006000,0.006000,0,0.024000,0.006000,0.024000,0.006000,0.024000,0.959166,0.959166,0.150000,0.000000,0.000048,0.000006,0.000048,0.000006,0.000804,0.000804
2025-09-09 16:45:00,0.008000,0.032000,idle,0.000000,0,0.000000,0,0.000000,True,0.200000,10.000000,20.000000,30.000000,0.000000,0.008000,0.008000,0,0.032000,0.008000,0.032000,0.008000,0.032000,0.959166,0.959166,0.150000,0.000000,0.000064,0.000008,0.000064,0.000008,0.001072,0.001072
2025-09-09 17:00:00,0.033000,0.132000,idle,0.000000,0,0.000000,0,0.000000,True,0.200000,10.000000,20.000000,30.000000,0.000000,0.033000,0.033000,0,0.132000,0.033000,0.132000,0.033000,0.132000,0.959166,0.959166,0.150000,0.000000,0.000265,0.000033,0.000265,0.000033,0.004422,0.004422
2025-09-09 17:15:00,0.014000,0.056000,idle,0.000000,0,0.000000,0,0.000000,True,0.200000,10.000000,20.000000,30.000000,0.000000,0.014000,0.014000,0,0.056000,0.014000,0.056000,0.014000,0.056000,0.959166,0.959166,0.150000,0.000000,0.000113,0.000014,0.000113,0.000014,0.001876,0.001876
2025-09-09 17:30:00,0.007000,0.028000,idle,0.000000,0,0.000000,0,0.000000,True,0.200000,10.000000,20.000000,30.000000,0.000000,0.007000,0.007000,0,0.028000,0.007000,0.028000,0.007000,0.028000,0.959166,0.959166,0.150000,0.000000,0.000056,0.000007,0.000056,0.000007,0.000938,0.000938
2025-09-09 17:45:00,0.016000,0.064000,idle,0.000000,0,0.000000,0,0.000000,True,0.200000,10.000000,20.000000,30.000000,0.000000,0.016000,0.016000,0,0.064000,0.016000,0.064000,0.016000,0.064000,0.959166,0.959166,0.150000,0.000000,0.000129,0.000016,0.000129,0.000016,0.002144,0.002144
2025-09-09 18:00:00,0.032000,0.128000,idle,0.000000,0,0.000000,0,0.000000,True,0.200000,10.000000,20.000000,30.000000,0.000000,0.032000,0.032000,0,0.128000,0.032000,0.128000,0.032000,0.128000,0.959166,0.959166,0.150000,0.000000,0.000257,0.000032,0.000257,0.000032,0.004288,0.004288
2025-09-09 18:15:00,0.010000,0.040000,idle,0.000000,0,0.000000,0,0.000000,True,0.200000,10.000000,20.000000,30.000000,0.000000,0.010000,0.010000,0,0.040000,0.010000,0.040000,0.010000,0.040000,0.959166,0.959166,0.150000,0.000000,0.000080,0.000010,0.000080,0.000010,0.001340,0.001340
2025-09-09 18:30:00,0.065000,0.260000,idle,0.000000,0,0.000000,0,0.000000,True,0.200000,10.000000,20.000000,30.000000,0.000000,0.065000,0.065000,0,0.260000,0.065000,0.260000,0.065000,0.260000,0.959166,0.959166,0.150000,0.000000,0.000523,0.000065,0.000523,0.000065,0.008710,0.008710
2025-09-09 18:45:00,0.086000,0.344000,idle,0.000000,0,0.000000,0,0.000000,True,0.200000,10.000000,20.000000,30.000000,0.000000,0.086000,0.086000,0,0.344000,0.086000,0.344000,0.086000,0.344000,0.959166,0.959166,0.150000,0.000000,0.000691,0.000086,0.000691,0.000086,0.011524,0.011524
2025-09-09 19:00:00,0.078000,0.312000,idle,0.000000,0,0.000000,0,0.000000,True,0.200000,10.000000,20.000000,30.000000,0.000000,0.078000,0.078000,0,0.312000,0.078000,0.312000,0.078000,0.312000,0.959166,0.959166,0.150000,0.000000,0.000627,0.000078,0.000627,0.000078,0.010452,0.010452
2025-09-09 19:15:00,0.065000,0.260000,idle,0.000000,0,0.000000,0,0.000000,True,0.200000,10.000000,20.000000,30.000000,0.000000,0.065000,0.065000,0,0.260000,0.065000,0.260000,0.065000,0.260000,0.959166,0.959166,0.150000,0.000000,0.000523,0.000065,0.000523,0.000065,0.008710,0.008710
2025-09-09 19:30:00,0.065000,0.260000,idle,0.000000,0,0.000000,0,0.000000,True,0.200000,10.000000,20.000000,30.000000,0.000000,0.065000,0.065000,0,0.260000,0.065000,0.260000,0.065000,0.260000,0.959166,0.959166,0.150000,0.000000,0.000523,0.000065,0.000523,0.000065,0.008710,0.008710
2025-09-09 19:45:00,0.093000,0.372000,idle,0.000000,0,0.000000,0,0.000000,True,0.200000,10.000000,20.000000,30.000000,0.000000,0.093000,0.093000,0,0.372000,0.093000,0.372000,0.093000,0.372000,0.959166,0.959166,0.150000,0.000000,0.000748,0.000093,0.000748,0.000093,0.012462,0.012462
2025-09-09 20:00:00,0.070000,0.280000,idle,0.000000,0,0.000000,0,0.000000,True,0.200000,10.000000,20.000000,30.000000,0.000000,0.070000,0.070000,0,0.280000,0.070000,0.280000,0.070000,0.280000,0.959166,0.959166,0.150000,0.000000,0.000563,0.000070,0.000563,0.000070,0.009380,0.009380
2025-09-09 20:15:00,0.079000,0.316000,idle,0.000000,0,0.000000,0,0.000000,True,0.200000,10.000000,20.000000,30.000000,0.000000,0.079000,0.079000,0,0.316000,0.079000,0.316000,0.079000,0.316000,0.959166,0.959166,0.150000,0.000000,0.000635,0.000079,0.000635,0.000079,0.010586,0.010586
2025-09-09 20:30:00,0.056000,0.224000,idle,0.000000,0,0.000000,0,0.000000,True,0.200000,10.000000,20.000000,30.000000,0.000000,0.056000,0.056000,0,0.224000,0.056000,0.224000,0.056000,0.224000,0.959166,0.959166,0.150000,0.000000,0.000450,0.000056,0.000450,0.000056,0.007504,0.007504
2025-09-09 20:45:00,0.059000,0.236000,idle,0.000000,0,0.000000,0,0.000000,True,0.200000,10.000000,20.000000,30.000000,0.000000,0.059000,0.059000,0,0.236000,0.059000,0.236000,0.059000,0.236000,0.959166,0.959166,0.150000,0.000000,0.000474,0.000059,0.000474,0.000059,0.007906,0.007906
2025-09-09 21:00:00,0.031000,0.124000,idle,0.000000,0,0.000000,0,0.000000,True,0.200000,10.000000,20.000000,30.000000,0.000000,0.031000,0.031000,0,0.124000,0.031000,0.124000,0.031000,0.124000,0.959166,0.959166,0.150000,0.000000,0.000249,0.000031,0.000249,0.000031,0.004154,0.004154
2025-09-09 21:15:00,0.014000,0.056000,idle,0.000000,0,0.000000,0,0.000000,True,0.200000,10.000000,20.000000,30.000000,0.000000,0.014000,0.014000,0,0.056000,0.014000,0.056000,0.014000,0.056000,0.959166,0.959166,0.150000,0.000000,0.000113,0.000014,0.000113,0.000014,0.001876,0.001876
2025-09-09 21:30:00,0.027000,0.108000,idle,0.000000,0,0.000000,0,0.000000,True,0.200000,10.000000,20.000000,30.000000,0.000000,0.027000,0.027000,0,0.108000,0.027000,0.108000,0.027000,0.108000,0.959166,0.959166,0.150000,0.000000,0.000217,0.000027,0.000217,0.000027,0.003618,0.003618
2025-09-09 21:45:00,0.078000,0.312000,idle,0.000000,0,0.000000,0,0.000000,True,0.200000,10.000000,20.000000,30.000000,0.000000,0.078000,0.078000,0,0.312000,0.078000,0.312000,0.078000,0.312000,0.959166,0.959166,0.150000,0.000000,0.000627,0.000078,0.000627,0.000078,0.010452,0.010452
2025-09-09 22:00:00,0.117000,0.468000,idle,0.000000,0,0.000000,0,0.000000,True,0.200000,10.000000,20.000000,30.000000,0.000000,0.117000,0.117000,0,0.468000,0.117000,0.468000,0.117000,0.468000,0.959166,0.959166,0.150000,0.000000,0.000941,0.000117,0.000941,0.000117,0.015678,0.015678
2025-09-09 22:15:00,0.122000,0.488000,idle,0.000000,0,0.000000,0,0.000000,True,0.200000,10.000000,20.000000,30.000000,0.000000,0.122000,0.122000,0,0.488000,0.122000,0.488000,0.122000,0.488000,0.959166,0.959166,0.150000,0.000000,0.000981,0.000122,0.000981,0.000122,0.016348,0.016348
2025-09-09 22:30:00,0.142000,0.568000,idle,0.000000,0,0.000000,0,0.000000,True,0.200000,10.000000,20.000000,30.000000,0.000000,0.142000,0.142000,0,0.568000,0.142000,0.568000,0.142000,0.568000,0.959166,0.959166,0.150000,0.000000,0.001142,0.000142,0.001142,0.000142,0.019028,0.019028
2025-09-09 22:45:00,0.123000,0.492000,idle,0.000000,0,0.000000,0,0.000000,True,0.200000,10.000000,20.000000,30.000000,0.000000,0.123000,0.123000,0,0.492000,0.123000,0.492000,0.123000,0.492000,0.959166,0.959166,0.150000,0.000000,0.000989,0.000123,0.000989,0.000123,0.016482,0.016482
2025-09-09 23:00:00,0.108000,0.432000,idle,0.000000,0,0.000000,0,0.000000,True,0.200000,10.000000,20.000000,30.000000,0.000000,0.108000,0.108000,0,0.432000,0.108000,0.432000,0.108000,0.432000,0.959166,0.959166,0.150000,0.000000,0.000868,0.000108,0.000868,0.000108,0.014472,0.014472
2025-09-09 23:15:00,0.098000,0.392000,idle,0.000000,0,0.000000,0,0.000000,True,0.200000,10.000000,20.000000,30.000000,0.000000,0.098000,0.098000,0,0.392000,0.098000,0.392000,0.098000,0.392000,0.959166,0.959166,0.150000,0.000000,0.000788,0.000098,0.000788,0.000098,0.013132,0.013132
2025-09-09 23:30:00,0.049000,0.196000,idle,0.000000,0,0.000000,0,0.000000,True,0.200000,10.000000,20.000000,30.000000,0.000000,0.049000,0.049000,0,0.196000,0.049000,0.196000,0.049000,0.196000,0.959166,0.959166,0.150000,0.000000,0.000394,0.000049,0.000394,0.000049,0.006566,0.006566
2025-09-09 23:45:00,0.014000,0.056000,idle,0.000000,0,0.000000,0,0.000000,True,0.200000,10.000000,20.000000,30.000000,0.000000,0.014000,0.014000,0,0.056000,0.014000,0.056000,0.014000,0.056000,0.959166,0.959166,0.150000,0.000000,0.000113,0.000014,0.000113,0.000014,0.001876,0.001876
2025-09-10 00:00:00,0.007000,0.028000,idle,0.000000,0,0.000000,0,0.000000,True,0.200000,10.000000,20.000000,30.000000,0.000000,0.007000,0.007000,0,0.028000,0.007000,0.028000,0.007000,0.028000,0.959166,0.959166,0.150000,0.000000,0.000056,0.000007,0.000056,0.000007,0.000938,0.000938
2025-09-10 00:15:00,0.016000,0.064000,idle,0.000000,0,0.000000,0,0.000000,True,0.200000,10.000000,20.000000,30.000000,0.000000,0.016000,0.016000,0,0.064000,0.016000,0.064000,0.016000,0.064000,0.959166,0.959166,0.150000,0.000000,0.000129,0.000016,0.000129,0.000016,0.002144,0.002144
2025-09-10 00:30:00,0.032000,0.128000,idle,0.000000,0,0.000000,0,0.000000,True,0.200000,10.000000,20.000000,30.000000,0.000000,0.032000,0.032000,0,0.128000,0.032000,0.128000,0.032000,0.128000,0.959166,0.959166,0.150000,0.000000,0.000257,0.000032,0.000257,0.000032,0.004288,0.004288
2025-09-10 00:45:00,0.007000,0.028000,idle,0.000000,0,0.000000,0,0.000000,True,0.200000,10.000000,20.000000,30.000000,0.000000,0.007000,0.007000,0,0.028000,0.007000,0.028000,0.007000,0.028000,0.959166,0.959166,0.150000,0.000000,0.000056,0.000007,0.000056,0.000007,0.000938,0.000938
2025-09-10 01:00:00,0.007000,0.028000,idle,0.000000,0,0.000000,0,0.000000,True,0.200000,10.000000,20.000000,30.000000,0.000000,0.007000,0.007000,0,0.028000,0.007000,0.028000,0.007000,0.028000,0.959166,0.959166,0.150000,0.000000,0.000056,0.000007,0.000056,0.000007,0.000938,0.000938
2025-09-10 01:15:00,0.023000,0.092000,idle,0.000000,0,0.000000,0,0.000000,True,0.200000,10.000000,20.000000,30.000000,0.000000,0.023000,0.023000,0,0.092000,0.023000,0.092000,0.023000,0.092000,0.959166,0.959166,0.150000,0.000000,0.000185,0.000023,0.000185,0.000023,0.003082,0.003082
2025-09-10 01:30:00,0.024000,0.096000,idle,0.000000,0,0.000000,0,0.000000,True,0.200000,10.000000,20.000000,30.000000,0.000000,0.024000,0.024000,0,0.096000,0.024000,0.096000,0.024000,0.096000,0.959166,0.959166,0.150000,0.000000,0.000193,0.000024,0.000193,0.000024,0.003216,0.003216
2025-09-10 01:45:00,0.007000,0.028000,idle,0.000000,0,0.000000,0,0.000000,True,0.200000,10.000000,20.000000,30.000000,0.000000,0.007000,0.007000,0,0.028000,0.007000,0.028000,0.007000,0.028000,0.959166,0.959166,0.150000,0.000000,0.000056,0.000007,0.000056,0.000007,0.000938,0.000938
2025-09-10 02:00:00,0.007000,0.028000,idle,0.000000,0,0.000000,0,0.000000,True,0.200000,10.000000,20.000000,30.000000,0.000000,0.007000,0.007000,0,0.028000,0.007000,0.028000,0.007000,0.028000,0.959166,0.959166,0.150000,0.000000,0.000056,0.000007,0.000056,0.000007,0.000938,0.000938
2025-09-10 02:15:00,0.033000,0.132000,idle,0.000000,0,0.000000,0,0.000000,True,0.200000,10.000000,20.000000,30.000000,0.000000,0.033000,0.033000,0,0.132000,0.033000,0.132000,0.033000,0.132000,0.959166,0.959166,0.150000,0.000000,0.000265,0.000033,0.000265,0.000033,0.004422,0.004422
2025-09-10 02:30:00,0.015000,0.060000,idle,0.000000,0,0.000000,0,0.000000,True,0.200000,10.000000,20.000000,30.000000,0.000000,0.015000,0.015000,0,0.060000,0.015000,0.060000,0.015000,0.060000,0.959166,0.959166,0.150000,0.000000,0.000121,0.000015,0.000121,0.000015,0.002010,0.002010
2025-09-10 02:45:00,0.007000,0.028000,idle,0.000000,0,0.000000,0,0.000000,True,0.200000,10.000000,20.000000,30.000000,0.000000,0.007000,0.007000,0,0.028000,0.007000,0.028000,0.007000,0.028000,0.959166,0.959166,0.150000,0.000000,0.000056,0.000007,0.000056,0.000007,0.000938,0.000938
2025-09-10 03:00:00,0.015000,0.060000,idle,0.000000,0,0.000000,0,0.000000,True,0.200000,10.000000,20.000000,30.000000,0.000000,0.015000,0.015000,0,0.060000,0.015000,0.060000,0.015000,0.060000,0.959166,0.959166,0.150000,0.000000,0.000121,0.000015,0.000121,0.000015,0.002010,0.002010
2025-09-10 03:15:00,0.033000,0.132000,idle,0.000000,0,0.000000,0,0.000000,True,0.200000,10.000000,20.000000,30.000000,0.000000,0.033000,0.033000,0,0.132000,0.033000,0.132000,0.033000,0.132000,0.959166,0.959166,0.150000,0.000000,0.000265,0.000033,0.000265,0.000033,0.004422,0.004422
2025-09-10 03:30:00,0.007000,0.028000,idle,0.000000,0,0.000000,0,0.000000,True,0.200000,10.000000,20.000000,30.000000,0.000000,0.007000,0.007000,0,0.028000,0.007000,0.028000,0.007000,0.028000,0.959166,0.959166,0.150000,0.000000,0.000056,0.000007,0.000056,0.000007,0.000938,0.000938
2025-09-10 03:45:00,0.007000,0.028000,idle,0.000000,0,0.000000,0,0.000000,True,0.200000,10.000000,20.000000,30.000000,0.000000,0.007000,0.007000,0,0.028000,0.007000,0.028000,0.007000,0.028000,0.959166,0.959166,0.150000,0.000000,0.000056,0.000007,0.000056,0.000007,0.000938,0.000938
2025-09-10 04:00:00,0.023000,0.092000,idle,0.000000,0,0.000000,0,0.000000,True,0.200000,10.000000,20.000000,30.000000,0.000000,0.023000,0.023000,0,0.092000,0.023000,0.092000,0.023000,0.092000,0.959166,0.959166,0.150000,0.000000,0.000185,0.000023,0.000185,0.000023,0.003082,0.003082
2025-09-10 04:15:00,0.025000,0.100000,idle,0.000000,0,0.000000,0,0.000000,True,0.200000,10.000000,20.000000,30.000000,0.000000,0.025000,0.025000,0,0.100000,0.025000,0.100000,0.025000,0.100000,0.959166,0.959166,0.150000,0.000000,0.000201,0.000025,0.000201,0.000025,0.003350,0.003350
2025-09-10 04:30:00,0.007000,0.028000,idle,0.000000,0,0.000000,0,0.000000,True,0.200000,10.000000,20.000000,30.000000,0.000000,0.007000,0.007000,0,0.028000,0.007000,0.028000,0.007000,0.028000,0.959166,0.959166,0.150000,0.000000,0.000056,0.000007,0.000056,0.000007,0.000938,0.000938
2025-09-10 04:45:00,0.007000,0.028000,idle,0.000000,0,0.000000,0,0.000000,True,0.200000,10.000000,20.000000,30.000000,0.000000,0.007000,0.007000,0,0.028000,0.007000,0.028000,0.007000,0.028000,0.959166,0.959166,0.150000,0.000000,0.000056,0.000007,0.000056,0.000007,0.000938,0.000938
2025-09-10 05:00:00,0.031000,0.124000,idle,0.000000,0,0.000000,0,0.000000,True,0.200000,10.000000,20.000000,30.000000,0.000000,0.031000,0.031000,0,0.124000,0.031000,0.124000,0.031000,0.124000,0.959166,0.959166,0.150000,0.000000,0.000249,0.000031,0.000249,0.000031,0.004154,0.004154
2025-09-10 05:15:00,0.017000,0.068000,idle,0.000000,0,0.000000,0,0.000000,True,0.200000,10.000000,20.000000,30.000000,0.000000,0.017000,0.017000,0,0.068000,0.017000,0.068000,0.017000,0.068000,0.959166,0.959166,0.150000,0.000000,0.000137,0.000017,0.000137,0.000017,0.002278,0.002278
2025-09-10 05:30:00,0.007000,0.028000,idle,0.000000,0,0.000000,0,0.000000,True,0.200000,10.000000,20.000000,30.000000,0.000000,0.007000,0.007000,0,0.028000,0.007000,0.028000,0.007000,0.028000,0.959166,0.959166,0.150000,0.000000,0.000056,0.000007,0.000056,0.000007,0.000938,0.000938
2025-09-10 05:45:00,0.014000,0.056000,idle,0.000000,0,0.000000,0,0.000000,True,0.200000,10.000000,20.000000,30.000000,0.000000,0.014000,0.014000,0,0.056000,0.014000,0.056000,0.014000,0.056000,0.959166,0.959166,0.150000,0.000000,0.000113,0.000014,0.000113,0.000014,0.001876,0.001876
2025-09-10 06:00:00,0.033000,0.132000,idle,0.000000,0,0.000000,0,0.000000,True,0.200000,10.000000,20.000000,30.000000,0.000000,0.033000,0.033000,0,0.132000,0.033000,0.132000,0.033000,0.132000,0.959166,0.959166,0.150000,0.000000,0.000265,0.000033,0.000265,0.000033,0.004422,0.004422
2025-09-10 06:15:00,0.007000,0.028000,idle,0.000000,0,0.000000,0,0.000000,True,0.200000,10.000000,20.000000,30.000000,0.000000,0.007000,0.007000,0,0.028000,0.007000,0.028000,0.007000,0.028000,0.959166,0.959166,0.150000,0.000000,0.000056,0.000007,0.000056,0.000007,0.000938,0.000938
2025-09-10 06:30:00,0.007000,0.028000,idle,0.000000,0,0.000000,0,0.000000,True,0.200000,10.000000,20.000000,30.000000,0.000000,0.007000,0.007000,0,0.028000,0.007000,0.028000,0.007000,0.028000,0.959166,0.959166,0.150000,0.000000,0.000056,0.000007,0.000056,0.000007,0.000938,0.000938
2025-09-10 06:45:00,0.023000,0.092000,idle,0.000000,0,0.000000,0,0.000000,True,0.200000,10.000000,20.000000,30.000000,0.000000,0.023000,0.023000,0,0.092000,0.023000,0.092000,0.023000,0.092000,0.959166,0.959166,0.150000,0.000000,0.000185,0.000023,0.000185,0.000023,0.003082,0.003082
2025-09-10 07:00:00,0.026000,0.104000,idle,0.000000,0,0.000000,0,0.000000,True,0.200000,10.000000,20.000000,30.000000,0.000000,0.026000,0.026000,0,0.104000,0.026000,0.104000,0.026000,0.104000,0.959166,0.959166,0.150000,0.000000,0.000209,0.000026,0.000209,0.000026,0.003484,0.003484
2025-09-10 07:15:00,0.007000,0.028000,idle,0.000000,0,0.000000,0,0.000000,True,0.200000,10.000000,20.000000,30.000000,0.000000,0.007000,0.007000,0,0.028000,0.007000,0.028000,0.007000,0.028000,0.959166,0.959166,0.150000,0.000000,0.000056,0.000007,0.000056,0.000007,0.000938,0.000938
2025-09-10 07:30:00,0.007000,0.028000,idle,0.000000,0,0.000000,0,0.000000,True,0.200000,10.000000,20.000000,30.000000,0.000000,0.007000,0.007000,0,0.028000,0.007000,0.028000,0.007000,0.028000,0.959166,0.959166,0.150000,0.000000,0.000056,0.000007,0.000056,0.000007,0.000938,0.000938
2025-09-10 07:45:00,0.030000,0.120000,idle,0.000000,0,0.000000,0,0.000000,True,0.200000,10.000000,20.000000,30.000000,0.000000,0.030000,0.030000,0,0.120000,0.030000,0.120000,0.030000,0.120000,0.959166,0.959166,0.150000,0.000000,0.000241,0.000030,0.000241,0.000030,0.004020,0.004020
2025-09-10 08:00:00,0.017000,0.068000,idle,0.000000,0,0.000000,0,0.000000,True,0.200000,10.000000,20.000000,30.000000,0.000000,0.017000,0.017000,0,0.068000,0.017000,0.068000,0.017000,0.068000,0.959166,0.959166,0.150000,0.000000,0.000137,0.000017,0.000137,0.000017,0.002278,0.002278
2025-09-10 08:15:00,0.007000,0.028000,idle,0.000000,0,0.000000,0,0.000000,True,0.200000,10.000000,20.000000,30.000000,0.000000,0.007000,0.007000,0,0.028000,0.007000,0.028000,0.007000,0.028000,0.959166,0.959166,0.150000,0.000000,0.000056,0.000007,0.000056,0.000007,0.000938,0.000938
2025-09-10 08:30:00,0.012000,0.048000,idle,0.000000,0,0.000000,0,0.000000,True,0.200000,10.000000,20.000000,30.000000,0.000000,0.012000,0.012000,0,0.048000,0.012000,0.048000,0.012000,0.048000,0.959166,0.959166,0.150000,0.000000,0.000096,0.000012,0.000096,0.000012,0.001608,0.001608
2025-09-10 08:45:00,0.033000,0.132000,idle,0.000000,0,0.000000,0,0.000000,True,0.200000,10.000000,20.000000,30.000000,0.000000,0.033000,0.033000,0,0.132000,0.033000,0.132000,0.033000,0.132000,0.959166,0.959166,0.150000,0.000000,0.000265,0.000033,0.000265,0.000033,0.004422,0.004422
2025-09-10 09:00:00,0.010000,0.040000,idle,0.000000,0,0.000000,0,0.000000,True,0.200000,10.000000,20.000000,30.000000,0.000000,0.010000,0.010000,0,0.040000,0.010000,0.040000,0.010000,0.040000,0.959166,0.959166,0.150000,0.000000,0.000080,0.000010,0.000080,0.000010,0.001340,0.001340
2025-09-10 09:15:00,0.011000,0.044000,idle,0.000000,0,0.000000,0,0.000000,True,0.200000,10.000000,20.000000,30.000000,0.000000,0.011000,0.011000,0,0.044000,0.011000,0.044000,0.011000,0.044000,0.959166,0.959166,0.150000,0.000000,0.000088,0.000011,0.000088,0.000011,0.001474,0.001474
2025-09-10 09:30:00,0.028000,0.112000,idle,0.000000,0,0.000000,0,0.000000,True,0.200000,10.000000,20.000000,30.000000,0.000000,0.028000,0.028000,0,0.112000,0.028000,0.112000,0.028000,0.112000,0.959166,0.959166,0.150000,0.000000,0.000225,0.000028,0.000225,0.000028,0.003752,0.003752
2025-09-10 09:45:00,0.031000,0.124000,idle,0.000000,0,0.000000,0,0.000000,True,0.200000,10.000000,20.000000,30.000000,0.000000,0.031000,0.031000,0,0.124000,0.031000,0.124000,0.031000,0.124000,0.959166,0.959166,0.150000,0.000000,0.000249,0.000031,0.000249,0.000031,0.004154,0.004154
2025-09-10 10:00:00,0.041000,0.164000,idle,0.000000,0,0.000000,0,0.000000,True,0.200000,10.000000,20.000000,30.000000,0.000000,0.041000,0.041000,0,0.164000,0.041000,0.164000,0.041000,0.164000,0.959166,0.959166,0.150000,0.000000,0.000330,0.000041,0.000330,0.000041,0.005494,0.005494
2025-09-10 10:15:00,0.049000,0.196000,idle,0.000000,0,0.000000,0,0.000000,True,0.200000,10.000000,20.000000,30.000000,0.000000,0.049000,0.049000,0,0.196000,0.049000,0.196000,0.049000,0.196000,0.959166,0.959166,0.150000,0.000000,0.000394,0.000049,0.000394,0.000049,0.006566,0.006566
2025-09-10 10:30:00,0.065000,0.260000,idle,0.000000,0,0.000000,0,0.000000,True,0.200000,10.000000,20.000000,30.000000,0.000000,0.065000,0.065000,0,0.260000,0.065000,0.260000,0.065000,0.260000,0.959166,0.959166,0.150000,0.000000,0.000523,0.000065,0.000523,0.000065,0.008710,0.008710
2025-09-10 10:45:00,0.056000,0.224000,idle,0.000000,0,0.000000,0,0.000000,True,0.200000,10.000000,20.000000,30.000000,0.000000,0.056000,0.056000,0,0.224000,0.056000,0.224000,0.056000,0.224000,0.959166,0.959166,0.150000,0.000000,0.000450,0.000056,0.000450,0.000056,0.007504,0.007504
2025-09-10 11:00:00,0.034000,0.136000,idle,0.000000,0,0.000000,0,0.000000,True,0.200000,10.000000,20.000000,30.000000,0.000000,0.034000,0.034000,0,0.136000,0.034000,0.136000,0.034000,0.136000,0.959166,0.959166,0.150000,0.000000,0.000273,0.000034,0.000273,0.000034,0.004556,0.004556
2025-09-10 11:15:00,0.035000,0.140000,idle,0.000000,0,0.000000,0,0.000000,True,0.200000,10.000000,20.000000,30.000000,0.000000,0.035000,0.035000,0,0.140000,0.035000,0.140000,0.035000,0.140000,0.959166,0.959166,0.150000,0.000000,0.000281,0.000035,0.000281,0.000035,0.004690,0.004690
2025-09-10 11:30:00,0.057000,0.228000,idle,0.000000,0,0.000000,0,0.000000,True,0.200000,10.000000,20.000000,30.000000,0.000000,0.057000,0.057000,0,0.228000,0.057000,0.228000,0.057000,0.228000,0.959166,0.959166,0.150000,0.000000,0.000458,0.000057,0.000458,0.000057,0.007638,0.007638
2025-09-10 11:45:00,0.026000,0.104000,idle,0.000000,0,0.000000,0,0.000000,True,0.200000,10.000000,20.000000,30.000000,0.000000,0.026000,0.026000,0,0.104000,0.026000,0.104000,0.026000,0.104000,0.959166,0.959166,0.150000,0.000000,0.000209,0.000026,0.000209,0.000026,0.003484,0.003484
2025-09-10 12:00:00,0.024000,0.096000,idle,0.000000,0,0.000000,0,0.000000,True,0.200000,10.000000,20.000000,30.000000,0.000000,0.024000,0.024000,0,0.096000,0.024000,0.096000,0.024000,0.096000,0.959166,0.959166,0.150000,0.000000,0.000193,0.000024,0.000193,0.000024,0.003216,0.003216
2025-09-10 12:15:00,0.037000,0.148000,idle,0.000000,0,0.000000,0,0.000000,True,0.200000,10.000000,20.000000,30.000000,0.000000,0.037000,0.037000,0,0.148000,0.037000,0.148000,0.037000,0.148000,0.959166,0.959166,0.150000,0.000000,0.000297,0.000037,0.000297,0.000037,0.004958,0.004958
2025-09-10 12:30:00,0.034000,0.136000,idle,0.000000,0,0.000000,0,0.000000,True,0.200000,10.000000,20.000000,30.000000,0.000000,0.034000,0.034000,0,0.136000,0.034000,0.136000,0.034000,0.136000,0.959166,0.959166,0.150000,0.000000,0.000273,0.000034,0.000273,0.000034,0.004556,0.004556
2025-09-10 12:45:00,0.011000,0.044000,idle,0.000000,0,0.000000,0,0.000000,True,0.200000,10.000000,20.000000,30.000000,0.000000,0.011000,0.011000,0,0.044000,0.011000,0.044000,0.011000,0.044000,0.959166,0.959166,0.150000,0.000000,0.000088,0.000011,0.000088,0.000011,0.001474,0.001474
2025-09-10 13:00:00,0.008000,0.032000,idle,0.000000,0,0.000000,0,0.000000,True,0.200000,10.000000,20.000000,30.000000,0.000000,0.008000,0.008000,0,0.032000,0.008000,0.032000,0.008000,0.032000,0.959166,0.959166,0.150000,0.000000,0.000064,0.000008,0.000064,0.000008,0.001072,0.001072
2025-09-10 13:15:00,0.021000,0.084000,idle,0.000000,0,0.000000,0,0.000000,True,0.200000,10.000000,20.000000,30.000000,0.000000,0.021000,0.021000,0,0.084000,0.021000,0.084000,0.021000,0.084000,0.959166,0.959166,0.150000,0.000000,0.000169,0.000021,0.000169,0.000021,0.002814,0.002814
2025-09-10 13:30:00,0.030000,0.120000,idle,0.000000,0,0.000000,0,0.000000,True,0.200000,10.000000,20.000000,30.000000,0.000000,0.030000,0.030000,0,0.120000,0.030000,0.120000,0.030000,0.120000,0.959166,0.959166,0.150000,0.000000,0.000241,0.000030,0.000241,0.000030,0.004020,0.004020
2025-09-10 13:45:00,0.029000,0.116000,idle,0.000000,0,0.000000,0,0.000000,True,0.200000,10.000000,20.000000,30.000000,0.000000,0.029000,0.029000,0,0.116000,0.029000,0.116000,0.029000,0.116000,0.959166,0.959166,0.150000,0.000000,0.000233,0.000029,0.000233,0.000029,0.003886,0.003886
2025-09-10 14:00:00,0.036000,0.144000,idle,0.000000,0,0.000000,0,0.000000,True,0.200000,10.000000,20.000000,30.000000,0.000000,0.036000,0.036000,0,0.144000,0.036000,0.144000,0.036000,0.144000,0.959166,0.959166,0.150000,0.000000,0.000289,0.000036,0.000289,0.000036,0.004824,0.004824
2025-09-10 14:15:00,0.059000,0.236000,idle,0.000000,0,0.000000,0,0.000000,True,0.200000,10.000000,20.000000,30.000000,0.000000,0.059000,0.059000,0,0.236000,0.059000,0.236000,0.059000,0.236000,0.959166,0.959166,0.150000,0.000000,0.000474,0.000059,0.000474,0.000059,0.007906,0.007906
2025-09-10 14:30:00,0.065000,0.260000,idle,0.000000,0,0.000000,0,0.000000,True,0.200000,10.000000,20.000000,30.000000,0.000000,0.065000,0.065000,0,0.260000,0.065000,0.260000,0.065000,0.260000,0.959166,0.959166,0.150000,0.000000,0.000523,0.000065,0.000523,0.000065,0.008710,0.008710
2025-09-10 14:45:00,0.047000,0.188000,idle,0.000000,0,0.000000,0,0.000000,True,0.200000,10.000000,20.000000,30.000000,0.000000,0.047000,0.047000,0,0.188000,0.047000,0.188000,0.047000,0.188000,0.959166,0.959166,0.150000,0.000000,0.000378,0.000047,0.000378,0.000047,0.006298,0.006298
2025-09-10 15:00:00,0.045000,0.180000,idle,0.000000,0,0.000000,0,0.000000,True,0.200000,10.000000,20.000000,30.000000,0.000000,0.045000,0.045000,0,0.180000,0.045000,0.180000,0.045000,0.180000,0.959166,0.959166,0.150000,0.000000,0.000362,0.000045,0.000362,0.000045,0.006030,0.006030
2025-09-10 15:15:00,0.066000,0.264000,idle,0.000000,0,0.000000,0,0.000000,True,0.200000,10.000000,20.000000,30.000000,0.000000,0.066000,0.066000,0,0.264000,0.066000,0.264000,0.066000,0.264000,0.959166,0.959166,0.150000,0.000000,0.000531,0.000066,0.000531,0.000066,0.008844,0.008844
2025-09-10 15:30:00,0.047000,0.188000,idle,0.000000,0,0.000000,0,0.000000,True,0.200000,10.000000,20.000000,30.000000,0.000000,0.047000,0.047000,0,0.188000,0.047000,0.188000,0.047000,0.188000,0.959166,0.959166,0.150000,0.000000,0.000378,0.000047,0.000378,0.000047,0.006298,0.006298
2025-09-10 15:45:00,0.036000,0.144000,idle,0.000000,0,0.000000,0,0.000000,True,0.200000,10.000000,20.000000,30.000000,0.000000,0.036000,0.036000,0,0.144000,0.036000,0.144000,0.036000,0.144000,0.959166,0.959166,0.150000,0.000000,0.000289,0.000036,0.000289,0.000036,0.004824,0.004824
2025-09-10 16:00:00,0.041000,0.164000,idle,0.000000,0,0.000000,0,0.000000,True,0.200000,10.000000,20.000000,30.000000,0.000000,0.041000,0.041000,0,0.164000,0.041000,0.164000,0.041000,0.164000,0.959166,0.959166,0.150000,0.000000,0.000330,0.000041,0.000330,0.000041,0.005494,0.005494
2025-09-10 16:15:00,0.121000,0.484000,idle,0.000000,0,0.000000,0,0.000000,True,0.200000,10.000000,20.000000,30.000000,0.000000,0.121000,0.121000,0,0.484000,0.121000,0.484000,0.121000,0.484000,0.959166,0.959166,0.150000,0.000000,0.000973,0.000121,0.000973,0.000121,0.016214,0.016214
2025-09-10 16:30:00,0.095000,0.380000,idle,0.000000,0,0.000000,0,0.000000,True,0.200000,10.000000,20.000000,30.000000,0.000000,0.095000,0.095000,0,0.380000,0.095000,0.380000,0.095000,0.380000,0.959166,0.959166,0.150000,0.000000,0.000764,0.000095,0.000764,0.000095,0.012730,0.012730
2025-09-10 16:45:00,0.046000,0.184000,idle,0.000000,0,0.000000,0,0.000000,True,0.200000,10.000000,20.000000,30.000000,0.000000,0.046000,0.046000,0,0.184000,0.046000,0.184000,0.046000,0.184000,0.959166,0.959166,0.150000,0.000000,0.000370,0.000046,0.000370,0.000046,0.006164,0.006164
2025-09-10 17:00:00,0.078000,0.312000,idle,0.000000,0,0.000000,0,0.000000,True,0.200000,10.000000,20.000000,30.000000,0.000000,0.078000,0.078000,0,0.312000,0.078000,0.312000,0.078000,0.312000,0.959166,0.959166,0.150000,0.000000,0.000627,0.000078,0.000627,0.000078,0.010452,0.010452
2025-09-10 17:15:00,0.081000,0.324000,idle,0.000000,0,0.000000,0,0.000000,True,0.200000,10.000000,20.000000,30.000000,0.000000,0.081000,0.081000,0,0.324000,0.081000,0.324000,0.081000,0.324000,0.959166,0.959166,0.150000,0.000000,0.000651,0.000081,0.000651,0.000081,0.010854,0.010854
2025-09-10 17:30:00,0.080000,0.320000,idle,0.000000,0,0.000000,0,0.000000,True,0.200000,10.000000,20.000000,30.000000,0.000000,0.080000,0.080000,0,0.320000,0.080000,0.320000,0.080000,0.320000,0.959166,0.959166,0.150000,0.000000,0.000643,0.000080,0.000643,0.000080,0.010720,0.010720
2025-09-10 17:45:00,0.103000,0.412000,idle,0.000000,0,0.000000,0,0.000000,True,0.200000,10.000000,20.000000,30.000000,0.000000,0.103000,0.103000,0,0.412000,0.103000,0.412000,0.103000,0.412000,0.959166,0.959166,0.150000,0.000000,0.000828,0.000103,0.000828,0.000103,0.013802,0.013802
2025-09-10 18:00:00,0.095000,0.380000,idle,0.000000,0,0.000000,0,0.000000,True,0.200000,10.000000,20.000000,30.000000,0.000000,0.095000,0.095000,0,0.380000,0.095000,0.380000,0.095000,0.380000,0.959166,0.959166,0.150000,0.000000,0.000764,0.000095,0.000764,0.000095,0.012730,0.012730
2025-09-10 18:15:00,0.124000,0.496000,idle,0.000000,0,0.000000,0,0.000000,True,0.200000,10.000000,20.000000,30.000000,0.000000,0.124000,0.124000,0,0.496000,0.124000,0.496000,0.124000,0.496000,0.959166,0.959166,0.150000,0.000000,0.000997,0.000124,0.000997,0.000124,0.016616,0.016616
2025-09-10 18:30:00,0.070000,0.280000,idle,0.000000,0,0.000000,0,0.000000,True,0.200000,10.000000,20.000000,30.000000,0.000000,0.070000,0.070000,0,0.280000,0.070000,0.280000,0.070000,0.280000,0.959166,0.959166,0.150000,0.000000,0.000563,0.000070,0.000563,0.000070,0.009380,0.009380
2025-09-10 18:45:00,0.076000,0.304000,idle,0.000000,0,0.000000,0,0.000000,True,0.200000,10.000000,20.000000,30.000000,0.000000,0.076000,0.076000,0,0.304000,0.076000,0.304000,0.076000,0.304000,0.959166,0.959166,0.150000,0.000000,0.000611,0.000076,0.000611,0.000076,0.010184,0.010184
2025-09-10 19:00:00,0.079000,0.316000,idle,0.000000,0,0.000000,0,0.000000,True,0.200000,10.000000,20.000000,30.000000,0.000000,0.079000,0.079000,0,0.316000,0.079000,0.316000,0.079000,0.316000,0.959166,0.959166,0.150000,0.000000,0.000635,0.000079,0.000635,0.000079,0.010586,0.010586
2025-09-10 19:15:00,0.041000,0.164000,idle,0.000000,0,0.000000,0,0.000000,True,0.200000,10.000000,20.000000,30.000000,0.000000,0.041000,0.041000,0,0.164000,0.041000,0.164000,0.041000,0.164000,0.959166,0.959166,0.150000,0.000000,0.000330,0.000041,0.000330,0.000041,0.005494,0.005494
2025-09-10 19:30:00,0.048000,0.192000,idle,0.000000,0,0.000000,0,0.000000,True,0.200000,10.000000,20.000000,30.000000,0.000000,0.048000,0.048000,0,0.192000,0.048000,0.192000,0.048000,0.192000,0.959166,0.959166,0.150000,0.000000,0.000386,0.000048,0.000386,0.000048,0.006432,0.006432
2025-09-10 19:45:00,0.079000,0.316000,idle,0.000000,0,0.000000,0,0.000000,True,0.200000,10.000000,20.000000,30.000000,0.000000,0.079000,0.079000,0,0.316000,0.079000,0.316000,0.079000,0.316000,0.959166,0.959166,0.150000,0.000000,0.000635,0.000079,0.000635,0.000079,0.010586,0.010586
2025-09-10 20:00:00,0.076000,0.304000,idle,0.000000,0,0.000000,0,0.000000,True,0.200000,10.000000,20.000000,30.000000,0.000000,0.076000,0.076000,0,0.304000,0.076000,0.304000,0.076000,0.304000,0.959166,0.959166,0.150000,0.000000,0.000611,0.000076,0.000611,0.000076,0.010184,0.010184
2025-09-10 20:15:00,0.059000,0.236000,idle,0.000000,0,0.000000,0,0.000000,True,0.200000,10.000000,20.000000,30.000000,0.000000,0.059000,0.059000,0,0.236000,0.059000,0.236000,0.059000,0.236000,0.959166,0.959166,0.150000,0.000000,0.000474,0.000059,0.000474,0.000059,0.007906,0.007906
2025-09-10 20:30:00,0.056000,0.224000,idle,0.000000,0,0.000000,0,0.000000,True,0.200000,10.000000,20.000000,30.000000,0.000000,0.056000,0.056000,0,0.224000,0.056000,0.224000,0.056000,0.224000,0.959166,0.959166,0.150000,0.000000,0.000450,0.000056,0.000450,0.000056,0.007504,0.007504
2025-09-10 20:45:00,0.083000,0.332000,idle,0.000000,0,0.000000,0,0.000000,True,0.200000,10.000000,20.000000,30.000000,0.000000,0.083000,0.083000,0,0.332000,0.083000,0.332000,0.083000,0.332000,0.959166,0.959166,0.150000,0.000000,0.000667,0.000083,0.000667,0.000083,0.011122,0.011122
2025-09-10 21:00:00,0.069000,0.276000,idle,0.000000,0,0.000000,0,0.000000,True,0.200000,10.000000,20.000000,30.000000,0.000000,0.069000,0.069000,0,0.276000,0.069000,0.276000,0.069000,0.276000,0.959166,0.959166,0.150000,0.000000,0.000555,0.000069,0.000555,0.000069,0.009246,0.009246
2025-09-10 21:15:00,0.060000,0.240000,idle,0.000000,0,0.000000,0,0.000000,True,0.200000,10.000000,20.000000,30.000000,0.000000,0.060000,0.060000,0,0.240000,0.060000,0.240000,0.060000,0.240000,0.959166,0.959166,0.150000,0.000000,0.000482,0.000060,0.000482,0.000060,0.008040,0.008040
2025-09-10 21:30:00,0.079000,0.316000,idle,0.000000,0,0.000000,0,0.000000,True,0.200000,10.000000,20.000000,30.000000,0.000000,0.079000,0.079000,0,0.316000,0.079000,0.316000,0.079000,0.316000,0.959166,0.959166,0.150000,0.000000,0.000635,0.000079,0.000635,0.000079,0.010586,0.010586
2025-09-10 21:45:00,0.104000,0.416000,idle,0.000000,0,0.000000,0,0.000000,True,0.200000,10.000000,20.000000,30.000000,0.000000,0.104000,0.104000,0,0.416000,0.104000,0.416000,0.104000,0.416000,0.959166,0.959166,0.150000,0.000000,0.000836,0.000104,0.000836,0.000104,0.013936,0.013936
2025-09-10 22:00:00,0.078000,0.312000,idle,0.000000,0,0.000000,0,0.000000,True,0.200000,10.000000,20.000000,30.000000,0.000000,0.078000,0.078000,0,0.312000,0.078000,0.312000,0.078000,0.312000,0.959166,0.959166,0.150000,0.000000,0.000627,0.000078,0.000627,0.000078,0.010452,0.010452
2025-09-10 22:15:00,0.078000,0.312000,idle,0.000000,0,0.000000,0,0.000000,True,0.200000,10.000000,20.000000,30.000000,0.000000,0.078000,0.078000,0,0.312000,0.078000,0.312000,0.078000,0.312000,0.959166,0.959166,0.150000,0.000000,0.000627,0.000078,0.000627,0.000078,0.010452,0.010452
2025-09-10 22:30:00,0.079000,0.316000,idle,0.000000,0,0.000000,0,0.000000,True,0.200000,10.000000,20.000000,30.000000,0.000000,0.079000,0.079000,0,0.316000,0.079000,0.316000,0.079000,0.316000,0.959166,0.959166,0.150000,0.000000,0.000635,0.000079,0.000635,0.000079,0.010586,0.010586
2025-09-10 22:45:00,0.031000,0.124000,idle,0.000000,0,0.000000,0,0.000000,True,0.200000,10.000000,20.000000,30.000000,0.000000,0.031000,0.031000,0,0.124000,0.031000,0.124000,0.031000,0.124000,0.959166,0.959166,0.150000,0.000000,0.000249,0.000031,0.000249,0.000031,0.004154,0.004154
2025-09-10 23:00:00,0.018000,0.072000,idle,0.000000,0,0.000000,0,0.000000,True,0.200000,10.000000,20.000000,30.000000,0.000000,0.018000,0.018000,0,0.072000,0.018000,0.072000,0.018000,0.072000,0.959166,0.959166,0.150000,0.000000,0.000145,0.000018,0.000145,0.000018,0.002412,0.002412
2025-09-10 23:15:00,0.036000,0.144000,idle,0.000000,0,0.000000,0,0.000000,True,0.200000,10.000000,20.000000,30.000000,0.000000,0.036000,0.036000,0,0.144000,0.036000,0.144000,0.036000,0.144000,0.959166,0.959166,0.150000,0.000000,0.000289,0.000036,0.000289,0.000036,0.004824,0.004824
2025-09-10 23:30:00,0.041000,0.164000,idle,0.000000,0,0.000000,0,0.000000,True,0.200000,10.000000,20.000000,30.000000,0.000000,0.041000,0.041000,0,0.164000,0.041000,0.164000,0.041000,0.164000,0.959166,0.959166,0.150000,0.000000,0.000330,0.000041,0.000330,0.000041,0.005494,0.005494
2025-09-10 23:45:00,0.021000,0.084000,idle,0.000000,0,0.000000,0,0.000000,True,0.200000,10.000000,20.000000,30.000000,0.000000,0.021000,0.021000,0,0.084000,0.021000,0.084000,0.021000,0.084000,0.959166,0.959166,0.150000,0.000000,0.000169,0.000021,0.000169,0.000021,0.002814,0.002814
2025-09-11 00:00:00,0.021000,0.084000,idle,0.000000,0,0.000000,0,0.000000,True,0.200000,10.000000,20.000000,30.000000,0.000000,0.021000,0.021000,0,0.084000,0.021000,0.084000,0.021000,0.084000,0.959166,0.959166,0.150000,0.000000,0.000169,0.000021,0.000169,0.000021,0.002814,0.002814
2025-09-11 00:15:00,0.043000,0.172000,idle,0.000000,0,0.000000,0,0.000000,True,0.200000,10.000000,20.000000,30.000000,0.000000,0.043000,0.043000,0,0.172000,0.043000,0.172000,0.043000,0.172000,0.959166,0.959166,0.150000,0.000000,0.000346,0.000043,0.000346,0.000043,0.005762,0.005762
2025-09-11 00:30:00,0.028000,0.112000,idle,0.000000,0,0.000000,0,0.000000,True,0.200000,10.000000,20.000000,30.000000,0.000000,0.028000,0.028000,0,0.112000,0.028000,0.112000,0.028000,0.112000,0.959166,0.959166,0.150000,0.000000,0.000225,0.000028,0.000225,0.000028,0.003752,0.003752
2025-09-11 00:45:00,0.018000,0.072000,idle,0.000000,0,0.000000,0,0.000000,True,0.200000,10.000000,20.000000,30.000000,0.000000,0.018000,0.018000,0,0.072000,0.018000,0.072000,0.018000,0.072000,0.959166,0.959166,0.150000,0.000000,0.000145,0.000018,0.000145,0.000018,0.002412,0.002412
2025-09-11 01:00:00,0.022000,0.088000,idle,0.000000,0,0.000000,0,0.000000,True,0.200000,10.000000,20.000000,30.000000,0.000000,0.022000,0.022000,0,0.088000,0.022000,0.088000,0.022000,0.088000,0.959166,0.959166,0.150000,0.000000,0.000177,0.000022,0.000177,0.000022,0.002948,0.002948
2025-09-11 01:15:00,0.044000,0.176000,idle,0.000000,0,0.000000,0,0.000000,True,0.200000,10.000000,20.000000,30.000000,0.000000,0.044000,0.044000,0,0.176000,0.044000,0.176000,0.044000,0.176000,0.959166,0.959166,0.150000,0.000000,0.000354,0.000044,0.000354,0.000044,0.005896,0.005896
2025-09-11 01:30:00,0.024000,0.096000,idle,0.000000,0,0.000000,0,0.000000,True,0.200000,10.000000,20.000000,30.000000,0.000000,0.024000,0.024000,0,0.096000,0.024000,0.096000,0.024000,0.096000,0.959166,0.959166,0.150000,0.000000,0.000193,0.000024,0.000193,0.000024,0.003216,0.003216
2025-09-11 01:45:00,0.016000,0.064000,idle,0.000000,0,0.000000,0,0.000000,True,0.200000,10.000000,20.000000,30.000000,0.000000,0.016000,0.016000,0,0.064000,0.016000,0.064000,0.016000,0.064000,0.959166,0.959166,0.150000,0.000000,0.000129,0.000016,0.000129,0.000016,0.002144,0.002144
2025-09-11 02:00:00,0.015000,0.060000,idle,0.000000,0,0.000000,0,0.000000,True,0.200000,10.000000,20.000000,30.000000,0.000000,0.015000,0.015000,0,0.060000,0.015000,0.060000,0.015000,0.060000,0.959166,0.959166,0.150000,0.000000,0.000121,0.000015,0.000121,0.000015,0.002010,0.002010
2025-09-11 02:15:00,0.034000,0.136000,idle,0.000000,0,0.000000,0,0.000000,True,0.200000,10.000000,20.000000,30.000000,0.000000,0.034000,0.034000,0,0.136000,0.034000,0.136000,0.034000,0.136000,0.959166,0.959166,0.150000,0.000000,0.000273,0.000034,0.000273,0.000034,0.004556,0.004556
2025-09-11 02:30:00,0.007000,0.028000,idle,0.000000,0,0.000000,0,0.000000,True,0.200000,10.000000,20.000000,30.000000,0.000000,0.007000,0.007000,0,0.028000,0.007000,0.028000,0.007000,0.028000,0.959166,0.959166,0.150000,0.000000,0.000056,0.000007,0.000056,0.000007,0.000938,0.000938
2025-09-11 02:45:00,0.007000,0.028000,idle,0.000000,0,0.000000,0,0.000000,True,0.200000,10.000000,20.000000,30.000000,0.000000,0.007000,0.007000,0,0.028000,0.007000,0.028000,0.007000,0.028000,0.959166,0.959166,0.150000,0.000000,0.000056,0.000007,0.000056,0.000007,0.000938,0.000938
2025-09-11 03:00:00,0.019000,0.076000,idle,0.000000,0,0.000000,0,0.000000,True,0.200000,10.000000,20.000000,30.000000,0.000000,0.019000,0.019000,0,0.076000,0.019000,0.076000,0.019000,0.076000,0.959166,0.959166,0.150000,0.000000,0.000153,0.000019,0.000153,0.000019,0.002546,0.002546
2025-09-11 03:15:00,0.032000,0.128000,idle,0.000000,0,0.000000,0,0.000000,True,0.200000,10.000000,20.000000,30.000000,0.000000,0.032000,0.032000,0,0.128000,0.032000,0.128000,0.032000,0.128000,0.959166,0.959166,0.150000,0.000000,0.000257,0.000032,0.000257,0.000032,0.004288,0.004288
2025-09-11 03:30:00,0.006000,0.024000,idle,0.000000,0,0.000000,0,0.000000,True,0.200000,10.000000,20.000000,30.000000,0.000000,0.006000,0.006000,0,0.024000,0.006000,0.024000,0.006000,0.024000,0.959166,0.959166,0.150000,0.000000,0.000048,0.000006,0.000048,0.000006,0.000804,0.000804
2025-09-11 03:45:00,0.007000,0.028000,idle,0.000000,0,0.000000,0,0.000000,True,0.200000,10.000000,20.000000,30.000000,0.000000,0.007000,0.007000,0,0.028000,0.007000,0.028000,0.007000,0.028000,0.959166,0.959166,0.150000,0.000000,0.000056,0.000007,0.000056,0.000007,0.000938,0.000938
2025-09-11 04:00:00,0.020000,0.080000,idle,0.000000,0,0.000000,0,0.000000,True,0.200000,10.000000,20.000000,30.000000,0.000000,0.020000,0.020000,0,0.080000,0.020000,0.080000,0.020000,0.080000,0.959166,0.959166,0.150000,0.000000,0.000161,0.000020,0.000161,0.000020,0.002680,0.002680
2025-09-11 04:15:00,0.031000,0.124000,idle,0.000000,0,0.000000,0,0.000000,True,0.200000,10.000000,20.000000,30.000000,0.000000,0.031000,0.031000,0,0.124000,0.031000,0.124000,0.031000,0.124000,0.959166,0.959166,0.150000,0.000000,0.000249,0.000031,0.000249,0.000031,0.004154,0.004154
2025-09-11 04:30:00,0.008000,0.032000,idle,0.000000,0,0.000000,0,0.000000,True,0.200000,10.000000,20.000000,30.000000,0.000000,0.008000,0.008000,0,0.032000,0.008000,0.032000,0.008000,0.032000,0.959166,0.959166,0.150000,0.000000,0.000064,0.000008,0.000064,0.000008,0.001072,0.001072
2025-09-11 04:45:00,0.008000,0.032000,idle,0.000000,0,0.000000,0,0.000000,True,0.200000,10.000000,20.000000,30.000000,0.000000,0.008000,0.008000,0,0.032000,0.008000,0.032000,0.008000,0.032000,0.959166,0.959166,0.150000,0.000000,0.000064,0.000008,0.000064,0.000008,0.001072,0.001072
2025-09-11 05:00:00,0.023000,0.092000,idle,0.000000,0,0.000000,0,0.000000,True,0.200000,10.000000,20.000000,30.000000,0.000000,0.023000,0.023000,0,0.092000,0.023000,0.092000,0.023000,0.092000,0.959166,0.959166,0.150000,0.000000,0.000185,0.000023,0.000185,0.000023,0.003082,0.003082
2025-09-11 05:15:00,0.029000,0.116000,idle,0.000000,0,0.000000,0,0.000000,True,0.200000,10.000000,20.000000,30.000000,0.000000,0.029000,0.029000,0,0.116000,0.029000,0.116000,0.029000,0.116000,0.959166,0.959166,0.150000,0.000000,0.000233,0.000029,0.000233,0.000029,0.003886,0.003886
2025-09-11 05:30:00,0.007000,0.028000,idle,0.000000,0,0.000000,0,0.000000,True,0.200000,10.000000,20.000000,30.000000,0.000000,0.007000,0.007000,0,0.028000,0.007000,0.028000,0.007000,0.028000,0.959166,0.959166,0.150000,0.000000,0.000056,0.000007,0.000056,0.000007,0.000938,0.000938
2025-09-11 05:45:00,0.007000,0.028000,idle,0.000000,0,0.000000,0,0.000000,True,0.200000,10.000000,20.000000,30.000000,0.000000,0.007000,0.007000,0,0.028000,0.007000,0.028000,0.007000,0.028000,0.959166,0.959166,0.150000,0.000000,0.000056,0.000007,0.000056,0.000007,0.000938,0.000938
2025-09-11 06:00:00,0.024000,0.096000,idle,0.000000,0,0.000000,0,0.000000,True,0.200000,10.000000,20.000000,30.000000,0.000000,0.024000,0.024000,0,0.096000,0.024000,0.096000,0.024000,0.096000,0.959166,0.959166,0.150000,0.000000,0.000193,0.000024,0.000193,0.000024,0.003216,0.003216
2025-09-11 06:15:00,0.026000,0.104000,idle,0.000000,0,0.000000,0,0.000000,True,0.200000,10.000000,20.000000,30.000000,0.000000,0.026000,0.026000,0,0.104000,0.026000,0.104000,0.026000,0.104000,0.959166,0.959166,0.150000,0.000000,0.000209,0.000026,0.000209,0.000026,0.003484,0.003484
2025-09-11 06:30:00,0.007000,0.028000,idle,0.000000,0,0.000000,0,0.000000,True,0.200000,10.000000,20.000000,30.000000,0.000000,0.007000,0.007000,0,0.028000,0.007000,0.028000,0.007000,0.028000,0.959166,0.959166,0.150000,0.000000,0.000056,0.000007,0.000056,0.000007,0.000938,0.000938
2025-09-11 06:45:00,0.007000,0.028000,idle,0.000000,0,0.000000,0,0.000000,True,0.200000,10.000000,20.000000,30.000000,0.000000,0.007000,0.007000,0,0.028000,0.007000,0.028000,0.007000,0.028000,0.959166,0.959166,0.150000,0.000000,0.000056,0.000007,0.000056,0.000007,0.000938,0.000938
2025-09-11 07:00:00,0.025000,0.100000,idle,0.000000,0,0.000000,0,0.000000,True,0.200000,10.000000,20.000000,30.000000,0.000000,0.025000,0.025000,0,0.100000,0.025000,0.100000,0.025000,0.100000,0.959166,0.959166,0.150000,0.000000,0.000201,0.000025,0.000201,0.000025,0.003350,0.003350
2025-09-11 07:15:00,0.026000,0.104000,idle,0.000000,0,0.000000,0,0.000000,True,0.200000,10.000000,20.000000,30.000000,0.000000,0.026000,0.026000,0,0.104000,0.026000,0.104000,0.026000,0.104000,0.959166,0.959166,0.150000,0.000000,0.000209,0.000026,0.000209,0.000026,0.003484,0.003484
2025-09-11 07:30:00,0.007000,0.028000,idle,0.000000,0,0.000000,0,0.000000,True,0.200000,10.000000,20.000000,30.000000,0.000000,0.007000,0.007000,0,0.028000,0.007000,0.028000,0.007000,0.028000,0.959166,0.959166,0.150000,0.000000,0.000056,0.000007,0.000056,0.000007,0.000938,0.000938
2025-09-11 07:45:00,0.007000,0.028000,idle,0.000000,0,0.000000,0,0.000000,True,0.200000,10.000000,20.000000,30.000000,0.000000,0.007000,0.007000,0,0.028000,0.007000,0.028000,0.007000,0.028000,0.959166,0.959166,0.150000,0.000000,0.000056,0.000007,0.000056,0.000007,0.000938,0.000938
2025-09-11 08:00:00,0.025000,0.100000,idle,0.000000,0,0.000000,0,0.000000,True,0.200000,10.000000,20.000000,30.000000,0.000000,0.025000,0.025000,0,0.100000,0.025000,0.100000,0.025000,0.100000,0.959166,0.959166,0.150000,0.000000,0.000201,0.000025,0.000201,0.000025,0.003350,0.003350
2025-09-11 08:15:00,0.119000,0.476000,idle,0.000000,0,0.000000,0,0.000000,True,0.200000,10.000000,20.000000,30.000000,0.000000,0.119000,0.119000,0,0.476000,0.119000,0.476000,0.119000,0.476000,0.959166,0.959166,0.150000,0.000000,0.000957,0.000119,0.000957,0.000119,0.015946,0.015946
2025-09-11 08:30:00,0.010000,0.040000,idle,0.000000,0,0.000000,0,0.000000,True,0.200000,10.000000,20.000000,30.000000,0.000000,0.010000,0.010000,0,0.040000,0.010000,0.040000,0.010000,0.040000,0.959166,0.959166,0.150000,0.000000,0.000080,0.000010,0.000080,0.000010,0.001340,0.001340
2025-09-11 08:45:00,0.027000,0.108000,idle,0.000000,0,0.000000,0,0.000000,True,0.200000,10.000000,20.000000,30.000000,0.000000,0.027000,0.027000,0,0.108000,0.027000,0.108000,0.027000,0.108000,0.959166,0.959166,0.150000,0.000000,0.000217,0.000027,0.000217,0.000027,0.003618,0.003618
2025-09-11 09:00:00,0.061000,0.244000,idle,0.000000,0,0.000000,0,0.000000,True,0.200000,10.000000,20.000000,30.000000,0.000000,0.061000,0.061000,0,0.244000,0.061000,0.244000,0.061000,0.244000,0.959166,0.959166,0.150000,0.000000,0.000490,0.000061,0.000490,0.000061,0.008174,0.008174
2025-09-11 09:15:00,0.054000,0.216000,idle,0.000000,0,0.000000,0,0.000000,True,0.200000,10.000000,20.000000,30.000000,0.000000,0.054000,0.054000,0,0.216000,0.054000,0.216000,0.054000,0.216000,0.959166,0.959166,0.150000,0.000000,0.000434,0.000054,0.000434,0.000054,0.007236,0.007236
2025-09-11 09:30:00,0.033000,0.132000,idle,0.000000,0,0.000000,0,0.000000,True,0.200000,10.000000,20.000000,30.000000,0.000000,0.033000,0.033000,0,0.132000,0.033000,0.132000,0.033000,0.132000,0.959166,0.959166,0.150000,0.000000,0.000265,0.000033,0.000265,0.000033,0.004422,0.004422
2025-09-11 09:45:00,0.022000,0.088000,idle,0.000000,0,0.000000,0,0.000000,True,0.200000,10.000000,20.000000,30.000000,0.000000,0.022000,0.022000,0,0.088000,0.022000,0.088000,0.022000,0.088000,0.959166,0.959166,0.150000,0.000000,0.000177,0.000022,0.000177,0.000022,0.002948,0.002948
2025-09-11 10:00:00,0.047000,0.188000,idle,0.000000,0,0.000000,0,0.000000,True,0.200000,10.000000,20.000000,30.000000,0.000000,0.047000,0.047000,0,0.188000,0.047000,0.188000,0.047000,0.188000,0.959166,0.959166,0.150000,0.000000,0.000378,0.000047,0.000378,0.000047,0.006298,0.006298
2025-09-11 10:15:00,0.057000,0.228000,idle,0.000000,0,0.000000,0,0.000000,True,0.200000,10.000000,20.000000,30.000000,0.000000,0.057000,0.057000,0,0.228000,0.057000,0.228000,0.057000,0.228000,0.959166,0.959166,0.150000,0.000000,0.000458,0.000057,0.000458,0.000057,0.007638,0.007638
2025-09-11 10:30:00,0.038000,0.152000,idle,0.000000,0,0.000000,0,0.000000,True,0.200000,10.000000,20.000000,30.000000,0.000000,0.038000,0.038000,0,0.152000,0.038000,0.152000,0.038000,0.152000,0.959166,0.959166,0.150000,0.000000,0.000306,0.000038,0.000306,0.000038,0.005092,0.005092
2025-09-11 10:45:00,0.313000,1.252000,idle,0.000000,0,0.000000,0,0.000000,True,0.200000,10.000000,20.000000,30.000000,0.000000,0.313000,0.313000,0,1.252000,0.313000,1.252000,0.313000,1.252000,0.959166,0.959166,0.150000,0.000000,0.002517,0.000313,0.002517,0.000313,0.041942,0.041942
2025-09-11 11:00:00,0.147000,0.588000,idle,0.000000,0,0.000000,0,0.000000,True,0.200000,10.000000,20.000000,30.000000,0.000000,0.147000,0.147000,0,0.588000,0.147000,0.588000,0.147000,0.588000,0.959166,0.959166,0.150000,0.000000,0.001182,0.000147,0.001182,0.000147,0.019698,0.019698
2025-09-11 11:15:00,0.070000,0.280000,idle,0.000000,0,0.000000,0,0.000000,True,0.200000,10.000000,20.000000,30.000000,0.000000,0.070000,0.070000,0,0.280000,0.070000,0.280000,0.070000,0.280000,0.959166,0.959166,0.150000,0.000000,0.000563,0.000070,0.000563,0.000070,0.009380,0.009380
2025-09-11 11:30:00,0.077000,0.308000,idle,0.000000,0,0.000000,0,0.000000,True,0.200000,10.000000,20.000000,30.000000,0.000000,0.077000,0.077000,0,0.308000,0.077000,0.308000,0.077000,0.308000,0.959166,0.959166,0.150000,0.000000,0.000619,0.000077,0.000619,0.000077,0.010318,0.010318
2025-09-11 11:45:00,0.595000,2.380000,idle,0.000000,0,0.000000,0,0.000000,True,0.200000,10.000000,20.000000,30.000000,0.000000,0.595000,0.595000,0,2.380000,0.595000,2.380000,0.595000,2.380000,0.959166,0.959166,0.150000,0.000000,0.004784,0.000595,0.004784,0.000595,0.079730,0.079730
2025-09-11 12:00:00,0.183000,0.732000,idle,0.000000,0,0.000000,0,0.000000,True,0.200000,10.000000,20.000000,30.000000,0.000000,0.183000,0.183000,0,0.732000,0.183000,0.732000,0.183000,0.732000,0.959166,0.959166,0.150000,0.000000,0.001471,0.000183,0.001471,0.000183,0.024522,0.024522
2025-09-11 12:15:00,0.074000,0.296000,idle,0.000000,0,0.000000,0,0.000000,True,0.200000,10.000000,20.000000,30.000000,0.000000,0.074000,0.074000,0,0.296000,0.074000,0.296000,0.074000,0.296000,0.959166,0.959166,0.150000,0.000000,0.000595,0.000074,0.000595,0.000074,0.009916,0.009916
2025-09-11 12:30:00,0.052000,0.208000,idle,0.000000,0,0.000000,0,0.000000,True,0.200000,10.000000,20.000000,30.000000,0.000000,0.052000,0.052000,0,0.208000,0.052000,0.208000,0.052000,0.208000,0.959166,0.959166,0.150000,0.000000,0.000418,0.000052,0.000418,0.000052,0.006968,0.006968
2025-09-11 12:45:00,0.031000,0.124000,idle,0.000000,0,0.000000,0,0.000000,True,0.200000,10.000000,20.000000,30.000000,0.000000,0.031000,0.031000,0,0.124000,0.031000,0.124000,0.031000,0.124000,0.959166,0.959166,0.150000,0.000000,0.000249,0.000031,0.000249,0.000031,0.004154,0.004154
2025-09-11 13:00:00,0.041000,0.164000,idle,0.000000,0,0.000000,0,0.000000,True,0.200000,10.000000,20.000000,30.000000,0.000000,0.041000,0.041000,0,0.164000,0.041000,0.164000,0.041000,0.164000,0.959166,0.959166,0.150000,0.000000,0.000330,0.000041,0.000330,0.000041,0.005494,0.005494
2025-09-11 13:15:00,0.041000,0.164000,idle,0.000000,0,0.000000,0,0.000000,True,0.200000,10.000000,20.000000,30.000000,0.000000,0.041000,0.041000,0,0.164000,0.041000,0.164000,0.041000,0.164000,0.959166,0.959166,0.150000,0.000000,0.000330,0.000041,0.000330,0.000041,0.005494,0.005494
2025-09-11 13:30:00,0.021000,0.084000,idle,0.000000,0,0.000000,0,0.000000,True,0.200000,10.000000,20.000000,30.000000,0.000000,0.021000,0.021000,0,0.084000,0.021000,0.084000,0.021000,0.084000,0.959166,0.959166,0.150000,0.000000,0.000169,0.000021,0.000169,0.000021,0.002814,0.002814
2025-09-11 13:45:00,0.031000,0.124000,idle,0.000000,0,0.000000,0,0.000000,True,0.200000,10.000000,20.000000,30.000000,0.000000,0.031000,0.031000,0,0.124000,0.031000,0.124000,0.031000,0.124000,0.959166,0.959166,0.150000,0.000000,0.000249,0.000031,0.000249,0.000031,0.004154,0.004154
2025-09-11 14:00:00,0.050000,0.200000,idle,0.000000,0,0.000000,0,0.000000,True,0.200000,10.000000,20.000000,30.000000,0.000000,0.050000,0.050000,0,0.200000,0.050000,0.200000,0.050000,0.200000,0.959166,0.959166,0.150000,0.000000,0.000402,0.000050,0.000402,0.000050,0.006700,0.006700
2025-09-11 14:15:00,0.039000,0.156000,idle,0.000000,0,0.000000,0,0.000000,True,0.200000,10.000000,20.000000,30.000000,0.000000,0.039000,0.039000,0,0.156000,0.039000,0.156000,0.039000,0.156000,0.959166,0.959166,0.150000,0.000000,0.000314,0.000039,0.000314,0.000039,0.005226,0.005226
2025-09-11 14:30:00,0.017000,0.068000,idle,0.000000,0,0.000000,0,0.000000,True,0.200000,10.000000,20.000000,30.000000,0.000000,0.017000,0.017000,0,0.068000,0.017000,0.068000,0.017000,0.068000,0.959166,0.959166,0.150000,0.000000,0.000137,0.000017,0.000137,0.000017,0.002278,0.002278
2025-09-11 14:45:00,0.018000,0.072000,idle,0.000000,0,0.000000,0,0.000000,True,0.200000,10.000000,20.000000,30.000000,0.000000,0.018000,0.018000,0,0.072000,0.018000,0.072000,0.018000,0.072000,0.959166,0.959166,0.150000,0.000000,0.000145,0.000018,0.000145,0.000018,0.002412,0.002412
2025-09-11 15:00:00,0.043000,0.172000,idle,0.000000,0,0.000000,0,0.000000,True,0.200000,10.000000,20.000000,30.000000,0.000000,0.043000,0.043000,0,0.172000,0.043000,0.172000,0.043000,0.172000,0.959166,0.959166,0.150000,0.000000,0.000346,0.000043,0.000346,0.000043,0.005762,0.005762
2025-09-11 15:15:00,0.025000,0.100000,idle,0.000000,0,0.000000,0,0.000000,True,0.200000,10.000000,20.000000,30.000000,0.000000,0.025000,0.025000,0,0.100000,0.025000,0.100000,0.025000,0.100000,0.959166,0.959166,0.150000,0.000000,0.000201,0.000025,0.000201,0.000025,0.003350,0.003350
2025-09-11 15:30:00,0.017000,0.068000,idle,0.000000,0,0.000000,0,0.000000,True,0.200000,10.000000,20.000000,30.000000,0.000000,0.017000,0.017000,0,0.068000,0.017000,0.068000,0.017000,0.068000,0.959166,0.959166,0.150000,0.000000,0.000137,0.000017,0.000137,0.000017,0.002278,0.002278
2025-09-11 15:45:00,0.025000,0.100000,idle,0.000000,0,0.000000,0,0.000000,True,0.200000,10.000000,20.000000,30.000000,0.000000,0.025000,0.025000,0,0.100000,0.025000,0.100000,0.025000,0.100000,0.959166,0.959166,0.150000,0.000000,0.000201,0.000025,0.000201,0.000025,0.003350,0.003350
2025-09-11 16:00:00,0.043000,0.172000,idle,0.000000,0,0.000000,0,0.000000,True,0.200000,10.000000,20.000000,30.000000,0.000000,0.043000,0.043000,0,0.172000,0.043000,0.172000,0.043000,0.172000,0.959166,0.959166,0.150000,0.000000,0.000346,0.000043,0.000346,0.000043,0.005762,0.005762
2025-09-11 16:15:00,0.018000,0.072000,idle,0.000000,0,0.000000,0,0.000000,True,0.200000,10.000000,20.000000,30.000000,0.000000,0.018000,0.018000,0,0.072000,0.018000,0.072000,0.018000,0.072000,0.959166,0.959166,0.150000,0.000000,0.000145,0.000018,0.000145,0.000018,0.002412,0.002412
2025-09-11 16:30:00,0.017000,0.068000,idle,0.000000,0,0.000000,0,0.000000,True,0.200000,10.000000,20.000000,30.000000,0.000000,0.017000,0.017000,0,0.068000,0.017000,0.068000,0.017000,0.068000,0.959166,0.959166,0.150000,0.000000,0.000137,0.000017,0.000137,0.000017,0.002278,0.002278
2025-09-11 16:45:00,0.031000,0.124000,idle,0.000000,0,0.000000,0,0.000000,True,0.200000,10.000000,20.000000,30.000000,0.000000,0.031000,0.031000,0,0.124000,0.031000,0.124000,0.031000,0.124000,0.959166,0.959166,0.150000,0.000000,0.000249,0.000031,0.000249,0.000031,0.004154,0.004154
2025-09-11 17:00:00,0.039000,0.156000,idle,0.000000,0,0.000000,0,0.000000,True,0.200000,10.000000,20.000000,30.000000,0.000000,0.039000,0.039000,0,0.156000,0.039000,0.156000,0.039000,0.156000,0.959166,0.959166,0.150000,0.000000,0.000314,0.000039,0.000314,0.000039,0.005226,0.005226
2025-09-11 17:15:00,0.017000,0.068000,idle,0.000000,0,0.000000,0,0.000000,True,0.200000,10.000000,20.000000,30.000000,0.000000,0.017000,0.017000,0,0.068000,0.017000,0.068000,0.017000,0.068000,0.959166,0.959166,0.150000,0.000000,0.000137,0.000017,0.000137,0.000017,0.002278,0.002278
2025-09-11 17:30:00,0.015000,0.060000,idle,0.000000,0,0.000000,0,0.000000,True,0.200000,10.000000,20.000000,30.000000,0.000000,0.015000,0.015000,0,0.060000,0.015000,0.060000,0.015000,0.060000,0.959166,0.959166,0.150000,0.000000,0.000121,0.000015,0.000121,0.000015,0.002010,0.002010
2025-09-11 17:45:00,0.024000,0.096000,idle,0.000000,0,0.000000,0,0.000000,True,0.200000,10.000000,20.000000,30.000000,0.000000,0.024000,0.024000,0,0.096000,0.024000,0.096000,0.024000,0.096000,0.959166,0.959166,0.150000,0.000000,0.000193,0.000024,0.000193,0.000024,0.003216,0.003216
2025-09-11 18:00:00,0.025000,0.100000,idle,0.000000,0,0.000000,0,0.000000,True,0.200000,10.000000,20.000000,30.000000,0.000000,0.025000,0.025000,0,0.100000,0.025000,0.100000,0.025000,0.100000,0.959166,0.959166,0.150000,0.000000,0.000201,0.000025,0.000201,0.000025,0.003350,0.003350
2025-09-11 18:15:00,0.029000,0.116000,idle,0.000000,0,0.000000,0,0.000000,True,0.200000,10.000000,20.000000,30.000000,0.000000,0.029000,0.029000,0,0.116000,0.029000,0.116000,0.029000,0.116000,0.959166,0.959166,0.150000,0.000000,0.000233,0.000029,0.000233,0.000029,0.003886,0.003886
2025-09-11 18:30:00,0.047000,0.188000,idle,0.000000,0,0.000000,0,0.000000,True,0.200000,10.000000,20.000000,30.000000,0.000000,0.047000,0.047000,0,0.188000,0.047000,0.188000,0.047000,0.188000,0.959166,0.959166,0.150000,0.000000,0.000378,0.000047,0.000378,0.000047,0.006298,0.006298
2025-09-11 18:45:00,0.061000,0.244000,idle,0.000000,0,0.000000,0,0.000000,True,0.200000,10.000000,20.000000,30.000000,0.000000,0.061000,0.061000,0,0.244000,0.061000,0.244000,0.061000,0.244000,0.959166,0.959166,0.150000,0.000000,0.000490,0.000061,0.000490,0.000061,0.008174,0.008174
2025-09-11 19:00:00,0.035000,0.140000,idle,0.000000,0,0.000000,0,0.000000,True,0.200000,10.000000,20.000000,30.000000,0.000000,0.035000,0.035000,0,0.140000,0.035000,0.140000,0.035000,0.140000,0.959166,0.959166,0.150000,0.000000,0.000281,0.000035,0.000281,0.000035,0.004690,0.004690
2025-09-11 19:15:00,0.064000,0.256000,idle,0.000000,0,0.000000,0,0.000000,True,0.200000,10.000000,20.000000,30.000000,0.000000,0.064000,0.064000,0,0.256000,0.064000,0.256000,0.064000,0.256000,0.959166,0.959166,0.150000,0.000000,0.000515,0.000064,0.000515,0.000064,0.008576,0.008576
2025-09-11 19:30:00,0.062000,0.248000,idle,0.000000,0,0.000000,0,0.000000,True,0.200000,10.000000,20.000000,30.000000,0.000000,0.062000,0.062000,0,0.248000,0.062000,0.248000,0.062000,0.248000,0.959166,0.959166,0.150000,0.000000,0.000498,0.000062,0.000498,0.000062,0.008308,0.008308
2025-09-11 19:45:00,0.056000,0.224000,idle,0.000000,0,0.000000,0,0.000000,True,0.200000,10.000000,20.000000,30.000000,0.000000,0.056000,0.056000,0,0.224000,0.056000,0.224000,0.056000,0.224000,0.959166,0.959166,0.150000,0.000000,0.000450,0.000056,0.000450,0.000056,0.007504,0.007504
2025-09-11 20:00:00,0.044000,0.176000,idle,0.000000,0,0.000000,0,0.000000,True,0.200000,10.000000,20.000000,30.000000,0.000000,0.044000,0.044000,0,0.176000,0.044000,0.176000,0.044000,0.176000,0.959166,0.959166,0.150000,0.000000,0.000354,0.000044,0.000354,0.000044,0.005896,0.005896
2025-09-11 20:15:00,0.050000,0.200000,idle,0.000000,0,0.000000,0,0.000000,True,0.200000,10.000000,20.000000,30.000000,0.000000,0.050000,0.050000,0,0.200000,0.050000,0.200000,0.050000,0.200000,0.959166,0.959166,0.150000,0.000000,0.000402,0.000050,0.000402,0.000050,0.006700,0.006700
2025-09-11 20:30:00,0.033000,0.132000,idle,0.000000,0,0.000000,0,0.000000,True,0.200000,10.000000,20.000000,30.000000,0.000000,0.033000,0.033000,0,0.132000,0.033000,0.132000,0.033000,0.132000,0.959166,0.959166,0.150000,0.000000,0.000265,0.000033,0.000265,0.000033,0.004422,0.004422
2025-09-11 20:45:00,0.013000,0.052000,idle,0.000000,0,0.000000,0,0.000000,True,0.200000,10.000000,20.000000,30.000000,0.000000,0.013000,0.013000,0,0.052000,0.013000,0.052000,0.013000,0.052000,0.959166,0.959166,0.150000,0.000000,0.000105,0.000013,0.000105,0.000013,0.001742,0.001742
2025-09-11 21:00:00,0.006000,0.024000,idle,0.000000,0,0.000000,0,0.000000,True,0.200000,10.000000,20.000000,30.000000,0.000000,0.006000,0.006000,0,0.024000,0.006000,0.024000,0.006000,0.024000,0.959166,0.959166,0.150000,0.000000,0.000048,0.000006,0.000048,0.000006,0.000804,0.000804
2025-09-11 21:15:00,0.020000,0.080000,idle,0.000000,0,0.000000,0,0.000000,True,0.200000,10.000000,20.000000,30.000000,0.000000,0.020000,0.020000,0,0.080000,0.020000,0.080000,0.020000,0.080000,0.959166,0.959166,0.150000,0.000000,0.000161,0.000020,0.000161,0.000020,0.002680,0.002680
2025-09-11 21:30:00,0.030000,0.120000,idle,0.000000,0,0.000000,0,0.000000,True,0.200000,10.000000,20.000000,30.000000,0.000000,0.030000,0.030000,0,0.120000,0.030000,0.120000,0.030000,0.120000,0.959166,0.959166,0.150000,0.000000,0.000241,0.000030,0.000241,0.000030,0.004020,0.004020
2025-09-11 21:45:00,0.006000,0.024000,idle,0.000000,0,0.000000,0,0.000000,True,0.200000,10.000000,20.000000,30.000000,0.000000,0.006000,0.006000,0,0.024000,0.006000,0.024000,0.006000,0.024000,0.959166,0.959166,0.150000,0.000000,0.000048,0.000006,0.000048,0.000006,0.000804,0.000804
2025-09-11 22:00:00,0.005000,0.020000,idle,0.000000,0,0.000000,0,0.000000,True,0.200000,10.000000,20.000000,30.000000,0.000000,0.005000,0.005000,0,0.020000,0.005000,0.020000,0.005000,0.020000,0.959166,0.959166,0.150000,0.000000,0.000040,0.000005,0.000040,0.000005,0.000670,0.000670
2025-09-11 22:15:00,0.030000,0.120000,idle,0.000000,0,0.000000,0,0.000000,True,0.200000,10.000000,20.000000,30.000000,0.000000,0.030000,0.030000,0,0.120000,0.030000,0.120000,0.030000,0.120000,0.959166,0.959166,0.150000,0.000000,0.000241,0.000030,0.000241,0.000030,0.004020,0.004020
2025-09-11 22:30:00,0.020000,0.080000,idle,0.000000,0,0.000000,0,0.000000,True,0.200000,10.000000,20.000000,30.000000,0.000000,0.020000,0.020000,0,0.080000,0.020000,0.080000,0.020000,0.080000,0.959166,0.959166,0.150000,0.000000,0.000161,0.000020,0.000161,0.000020,0.002680,0.002680
2025-09-11 22:45:00,0.041000,0.164000,idle,0.000000,0,0.000000,0,0.000000,True,0.200000,10.000000,20.000000,30.000000,0.000000,0.041000,0.041000,0,0.164000,0.041000,0.164000,0.041000,0.164000,0.959166,0.959166,0.150000,0.000000,0.000330,0.000041,0.000330,0.000041,0.005494,0.005494
2025-09-11 23:00:00,0.065000,0.260000,idle,0.000000,0,0.000000,0,0.000000,True,0.200000,10.000000,20.000000,30.000000,0.000000,0.065000,0.065000,0,0.260000,0.065000,0.260000,0.065000,0.260000,0.959166,0.959166,0.150000,0.000000,0.000523,0.000065,0.000523,0.000065,0.008710,0.008710
2025-09-11 23:15:00,0.088000,0.352000,idle,0.000000,0,0.000000,0,0.000000,True,0.200000,10.000000,20.000000,30.000000,0.000000,0.088000,0.088000,0,0.352000,0.088000,0.352000,0.088000,0.352000,0.959166,0.959166,0.150000,0.000000,0.000708,0.000088,0.000708,0.000088,0.011792,0.011792
2025-09-11 23:30:00,0.067000,0.268000,idle,0.000000,0,0.000000,0,0.000000,True,0.200000,10.000000,20.000000,30.000000,0.000000,0.067000,0.067000,0,0.268000,0.067000,0.268000,0.067000,0.268000,0.959166,0.959166,0.150000,0.000000,0.000539,0.000067,0.000539,0.000067,0.008978,0.008978
2025-09-11 23:45:00,0.056000,0.224000,idle,0.000000,0,0.000000,0,0.000000,True,0.200000,10.000000,20.000000,30.000000,0.000000,0.056000,0.056000,0,0.224000,0.056000,0.224000,0.056000,0.224000,0.959166,0.959166,0.150000,0.000000,0.000450,0.000056,0.000450,0.000056,0.007504,0.007504
2025-09-12 00:00:00,0.071000,0.284000,idle,0.000000,0,0.000000,0,0.000000,True,0.200000,10.000000,20.000000,30.000000,0.000000,0.071000,0.071000,0,0.284000,0.071000,0.284000,0.071000,0.284000,0.959166,0.959166,0.150000,0.000000,0.000571,0.000071,0.000571,0.000071,0.009514,0.009514
2025-09-12 00:15:00,0.069000,0.276000,idle,0.000000,0,0.000000,0,0.000000,True,0.200000,10.000000,20.000000,30.000000,0.000000,0.069000,0.069000,0,0.276000,0.069000,0.276000,0.069000,0.276000,0.959166,0.959166,0.150000,0.000000,0.000555,0.000069,0.000555,0.000069,0.009246,0.009246
2025-09-12 00:30:00,0.042000,0.168000,idle,0.000000,0,0.000000,0,0.000000,True,0.200000,10.000000,20.000000,30.000000,0.000000,0.042000,0.042000,0,0.168000,0.042000,0.168000,0.042000,0.168000,0.959166,0.959166,0.150000,0.000000,0.000338,0.000042,0.000338,0.000042,0.005628,0.005628
2025-09-12 00:45:00,0.047000,0.188000,idle,0.000000,0,0.000000,0,0.000000,True,0.200000,10.000000,20.000000,30.000000,0.000000,0.047000,0.047000,0,0.188000,0.047000,0.188000,0.047000,0.188000,0.959166,0.959166,0.150000,0.000000,0.000378,0.000047,0.000378,0.000047,0.006298,0.006298
2025-09-12 01:00:00,0.064000,0.256000,idle,0.000000,0,0.000000,0,0.000000,True,0.200000,10.000000,20.000000,30.000000,0.000000,0.064000,0.064000,0,0.256000,0.064000,0.256000,0.064000,0.256000,0.959166,0.959166,0.150000,0.000000,0.000515,0.000064,0.000515,0.000064,0.008576,0.008576
2025-09-12 01:15:00,0.048000,0.192000,idle,0.000000,0,0.000000,0,0.000000,True,0.200000,10.000000,20.000000,30.000000,0.000000,0.048000,0.048000,0,0.192000,0.048000,0.192000,0.048000,0.192000,0.959166,0.959166,0.150000,0.000000,0.000386,0.000048,0.000386,0.000048,0.006432,0.006432
2025-09-12 01:30:00,0.028000,0.112000,idle,0.000000,0,0.000000,0,0.000000,True,0.200000,10.000000,20.000000,30.000000,0.000000,0.028000,0.028000,0,0.112000,0.028000,0.112000,0.028000,0.112000,0.959166,0.959166,0.150000,0.000000,0.000225,0.000028,0.000225,0.000028,0.003752,0.003752
2025-09-12 01:45:00,0.025000,0.100000,idle,0.000000,0,0.000000,0,0.000000,True,0.200000,10.000000,20.000000,30.000000,0.000000,0.025000,0.025000,0,0.100000,0.025000,0.100000,0.025000,0.100000,0.959166,0.959166,0.150000,0.000000,0.000201,0.000025,0.000201,0.000025,0.003350,0.003350
2025-09-12 02:00:00,0.053000,0.212000,idle,0.000000,0,0.000000,0,0.000000,True,0.200000,10.000000,20.000000,30.000000,0.000000,0.053000,0.053000,0,0.212000,0.053000,0.212000,0.053000,0.212000,0.959166,0.959166,0.150000,0.000000,0.000426,0.000053,0.000426,0.000053,0.007102,0.007102
2025-09-12 02:15:00,0.032000,0.128000,idle,0.000000,0,0.000000,0,0.000000,True,0.200000,10.000000,20.000000,30.000000,0.000000,0.032000,0.032000,0,0.128000,0.032000,0.128000,0.032000,0.128000,0.959166,0.959166,0.150000,0.000000,0.000257,0.000032,0.000257,0.000032,0.004288,0.004288
2025-09-12 02:30:00,0.023000,0.092000,idle,0.000000,0,0.000000,0,0.000000,True,0.200000,10.000000,20.000000,30.000000,0.000000,0.023000,0.023000,0,0.092000,0.023000,0.092000,0.023000,0.092000,0.959166,0.959166,0.150000,0.000000,0.000185,0.000023,0.000185,0.000023,0.003082,0.003082
2025-09-12 02:45:00,0.030000,0.120000,idle,0.000000,0,0.000000,0,0.000000,True,0.200000,10.000000,20.000000,30.000000,0.000000,0.030000,0.030000,0,0.120000,0.030000,0.120000,0.030000,0.120000,0.959166,0.959166,0.150000,0.000000,0.000241,0.000030,0.000241,0.000030,0.004020,0.004020
2025-09-12 03:00:00,0.046000,0.184000,idle,0.000000,0,0.000000,0,0.000000,True,0.200000,10.000000,20.000000,30.000000,0.000000,0.046000,0.046000,0,0.184000,0.046000,0.184000,0.046000,0.184000,0.959166,0.959166,0.150000,0.000000,0.000370,0.000046,0.000370,0.000046,0.006164,0.006164
2025-09-12 03:15:00,0.019000,0.076000,idle,0.000000,0,0.000000,0,0.000000,True,0.200000,10.000000,20.000000,30.000000,0.000000,0.019000,0.019000,0,0.076000,0.019000,0.076000,0.019000,0.076000,0.959166,0.959166,0.150000,0.000000,0.000153,0.000019,0.000153,0.000019,0.002546,0.002546
2025-09-12 03:30:00,0.018000,0.072000,idle,0.000000,0,0.000000,0,0.000000,True,0.200000,10.000000,20.000000,30.000000,0.000000,0.018000,0.018000,0,0.072000,0.018000,0.072000,0.018000,0.072000,0.959166,0.959166,0.150000,0.000000,0.000145,0.000018,0.000145,0.000018,0.002412,0.002412
2025-09-12 03:45:00,0.034000,0.136000,idle,0.000000,0,0.000000,0,0.000000,True,0.200000,10.000000,20.000000,30.000000,0.000000,0.034000,0.034000,0,0.136000,0.034000,0.136000,0.034000,0.136000,0.959166,0.959166,0.150000,0.000000,0.000273,0.000034,0.000273,0.000034,0.004556,0.004556
2025-09-12 04:00:00,0.036000,0.144000,idle,0.000000,0,0.000000,0,0.000000,True,0.200000,10.000000,20.000000,30.000000,0.000000,0.036000,0.036000,0,0.144000,0.036000,0.144000,0.036000,0.144000,0.959166,0.959166,0.150000,0.000000,0.000289,0.000036,0.000289,0.000036,0.004824,0.004824
2025-09-12 04:15:00,0.017000,0.068000,idle,0.000000,0,0.000000,0,0.000000,True,0.200000,10.000000,20.000000,30.000000,0.000000,0.017000,0.017000,0,0.068000,0.017000,0.068000,0.017000,0.068000,0.959166,0.959166,0.150000,0.000000,0.000137,0.000017,0.000137,0.000017,0.002278,0.002278
2025-09-12 04:30:00,0.017000,0.068000,idle,0.000000,0,0.000000,0,0.000000,True,0.200000,10.000000,20.000000,30.000000,0.000000,0.017000,0.017000,0,0.068000,0.017000,0.068000,0.017000,0.068000,0.959166,0.959166,0.150000,0.000000,0.000137,0.000017,0.000137,0.000017,0.002278,0.002278
2025-09-12 04:45:00,0.043000,0.172000,idle,0.000000,0,0.000000,0,0.000000,True,0.200000,10.000000,20.000000,30.000000,0.000000,0.043000,0.043000,0,0.172000,0.043000,0.172000,0.043000,0.172000,0.959166,0.959166,0.150000,0.000000,0.000346,0.000043,0.000346,0.000043,0.005762,0.005762
2025-09-12 05:00:00,0.027000,0.108000,idle,0.000000,0,0.000000,0,0.000000,True,0.200000,10.000000,20.000000,30.000000,0.000000,0.027000,0.027000,0,0.108000,0.027000,0.108000,0.027000,0.108000,0.959166,0.959166,0.150000,0.000000,0.000217,0.000027,0.000217,0.000027,0.003618,0.003618
2025-09-12 05:15:00,0.017000,0.068000,idle,0.000000,0,0.000000,0,0.000000,True,0.200000,10.000000,20.000000,30.000000,0.000000,0.017000,0.017000,0,0.068000,0.017000,0.068000,0.017000,0.068000,0.959166,0.959166,0.150000,0.000000,0.000137,0.000017,0.000137,0.000017,0.002278,0.002278
2025-09-12 05:30:00,0.023000,0.092000,idle,0.000000,0,0.000000,0,0.000000,True,0.200000,10.000000,20.000000,30.000000,0.000000,0.023000,0.023000,0,0.092000,0.023000,0.092000,0.023000,0.092000,0.959166,0.959166,0.150000,0.000000,0.000185,0.000023,0.000185,0.000023,0.003082,0.003082
2025-09-12 05:45:00,0.043000,0.172000,idle,0.000000,0,0.000000,0,0.000000,True,0.200000,10.000000,20.000000,30.000000,0.000000,0.043000,0.043000,0,0.172000,0.043000,0.172000,0.043000,0.172000,0.959166,0.959166,0.150000,0.000000,0.000346,0.000043,0.000346,0.000043,0.005762,0.005762
2025-09-12 06:00:00,0.020000,0.080000,idle,0.000000,0,0.000000,0,0.000000,True,0.200000,10.000000,20.000000,30.000000,0.000000,0.020000,0.020000,0,0.080000,0.020000,0.080000,0.020000,0.080000,0.959166,0.959166,0.150000,0.000000,0.000161,0.000020,0.000161,0.000020,0.002680,0.002680
2025-09-12 06:15:00,0.017000,0.068000,idle,0.000000,0,0.000000,0,0.000000,True,0.200000,10.000000,20.000000,30.000000,0.000000,0.017000,0.017000,0,0.068000,0.017000,0.068000,0.017000,0.068000,0.959166,0.959166,0.150000,0.000000,0.000137,0.000017,0.000137,0.000017,0.002278,0.002278
2025-09-12 06:30:00,0.030000,0.120000,idle,0.000000,0,0.000000,0,0.000000,True,0.200000,10.000000,20.000000,30.000000,0.000000,0.030000,0.030000,0,0.120000,0.030000,0.120000,0.030000,0.120000,0.959166,0.959166,0.150000,0.000000,0.000241,0.000030,0.000241,0.000030,0.004020,0.004020
2025-09-12 06:45:00,0.039000,0.156000,idle,0.000000,0,0.000000,0,0.000000,True,0.200000,10.000000,20.000000,30.000000,0.000000,0.039000,0.039000,0,0.156000,0.039000,0.156000,0.039000,0.156000,0.959166,0.959166,0.150000,0.000000,0.000314,0.000039,0.000314,0.000039,0.005226,0.005226
2025-09-12 07:00:00,0.017000,0.068000,idle,0.000000,0,0.000000,0,0.000000,True,0.200000,10.000000,20.000000,30.000000,0.000000,0.017000,0.017000,0,0.068000,0.017000,0.068000,0.017000,0.068000,0.959166,0.959166,0.150000,0.000000,0.000137,0.000017,0.000137,0.000017,0.002278,0.002278
2025-09-12 07:15:00,0.017000,0.068000,idle,0.000000,0,0.000000,0,0.000000,True,0.200000,10.000000,20.000000,30.000000,0.000000,0.017000,0.017000,0,0.068000,0.017000,0.068000,0.017000,0.068000,0.959166,0.959166,0.150000,0.000000,0.000137,0.000017,0.000137,0.000017,0.002278,0.002278
2025-09-12 07:30:00,0.037000,0.148000,idle,0.000000,0,0.000000,0,0.000000,True,0.200000,10.000000,20.000000,30.000000,0.000000,0.037000,0.037000,0,0.148000,0.037000,0.148000,0.037000,0.148000,0.959166,0.959166,0.150000,0.000000,0.000297,0.000037,0.000297,0.000037,0.004958,0.004958
2025-09-12 07:45:00,0.032000,0.128000,idle,0.000000,0,0.000000,0,0.000000,True,0.200000,10.000000,20.000000,30.000000,0.000000,0.032000,0.032000,0,0.128000,0.032000,0.128000,0.032000,0.128000,0.959166,0.959166,0.150000,0.000000,0.000257,0.000032,0.000257,0.000032,0.004288,0.004288
2025-09-12 08:00:00,0.017000,0.068000,idle,0.000000,0,0.000000,0,0.000000,True,0.200000,10.000000,20.000000,30.000000,0.000000,0.017000,0.017000,0,0.068000,0.017000,0.068000,0.017000,0.068000,0.959166,0.959166,0.150000,0.000000,0.000137,0.000017,0.000137,0.000017,0.002278,0.002278
2025-09-12 08:15:00,0.016000,0.064000,idle,0.000000,0,0.000000,0,0.000000,True,0.200000,10.000000,20.000000,30.000000,0.000000,0.016000,0.016000,0,0.064000,0.016000,0.064000,0.016000,0.064000,0.959166,0.959166,0.150000,0.000000,0.000129,0.000016,0.000129,0.000016,0.002144,0.002144
2025-09-12 08:30:00,0.043000,0.172000,idle,0.000000,0,0.000000,0,0.000000,True,0.200000,10.000000,20.000000,30.000000,0.000000,0.043000,0.043000,0,0.172000,0.043000,0.172000,0.043000,0.172000,0.959166,0.959166,0.150000,0.000000,0.000346,0.000043,0.000346,0.000043,0.005762,0.005762
2025-09-12 08:45:00,0.027000,0.108000,idle,0.000000,0,0.000000,0,0.000000,True,0.200000,10.000000,20.000000,30.000000,0.000000,0.027000,0.027000,0,0.108000,0.027000,0.108000,0.027000,0.108000,0.959166,0.959166,0.150000,0.000000,0.000217,0.000027,0.000217,0.000027,0.003618,0.003618
2025-09-12 09:00:00,0.017000,0.068000,idle,0.000000,0,0.000000,0,0.000000,True,0.200000,10.000000,20.000000,30.000000,0.000000,0.017000,0.017000,0,0.068000,0.017000,0.068000,0.017000,0.068000,0.959166,0.959166,0.150000,0.000000,0.000137,0.000017,0.000137,0.000017,0.002278,0.002278
2025-09-12 09:15:00,0.023000,0.092000,idle,0.000000,0,0.000000,0,0.000000,True,0.200000,10.000000,20.000000,30.000000,0.000000,0.023000,0.023000,0,0.092000,0.023000,0.092000,0.023000,0.092000,0.959166,0.959166,0.150000,0.000000,0.000185,0.000023,0.000185,0.000023,0.003082,0.003082
2025-09-12 09:30:00,0.050000,0.200000,idle,0.000000,0,0.000000,0,0.000000,True,0.200000,10.000000,20.000000,30.000000,0.000000,0.050000,0.050000,0,0.200000,0.050000,0.200000,0.050000,0.200000,0.959166,0.959166,0.150000,0.000000,0.000402,0.000050,0.000402,0.000050,0.006700,0.006700
2025-09-12 09:45:00,0.048000,0.192000,idle,0.000000,0,0.000000,0,0.000000,True,0.200000,10.000000,20.000000,30.000000,0.000000,0.048000,0.048000,0,0.192000,0.048000,0.192000,0.048000,0.192000,0.959166,0.959166,0.150000,0.000000,0.000386,0.000048,0.000386,0.000048,0.006432,0.006432
2025-09-12 10:00:00,0.018000,0.072000,idle,0.000000,0,0.000000,0,0.000000,True,0.200000,10.000000,20.000000,30.000000,0.000000,0.018000,0.018000,0,0.072000,0.018000,0.072000,0.018000,0.072000,0.959166,0.959166,0.150000,0.000000,0.000145,0.000018,0.000145,0.000018,0.002412,0.002412
2025-09-12 10:15:00,0.035000,0.140000,idle,0.000000,0,0.000000,0,0.000000,True,0.200000,10.000000,20.000000,30.000000,0.000000,0.035000,0.035000,0,0.140000,0.035000,0.140000,0.035000,0.140000,0.959166,0.959166,0.150000,0.000000,0.000281,0.000035,0.000281,0.000035,0.004690,0.004690
2025-09-12 10:30:00,0.037000,0.148000,idle,0.000000,0,0.000000,0,0.000000,True,0.200000,10.000000,20.000000,30.000000,0.000000,0.037000,0.037000,0,0.148000,0.037000,0.148000,0.037000,0.148000,0.959166,0.959166,0.150000,0.000000,0.000297,0.000037,0.000297,0.000037,0.004958,0.004958
2025-09-12 10:45:00,0.022000,0.088000,idle,0.000000,0,0.000000,0,0.000000,True,0.200000,10.000000,20.000000,30.000000,0.000000,0.022000,0.022000,0,0.088000,0.022000,0.088000,0.022000,0.088000,0.959166,0.959166,0.150000,0.000000,0.000177,0.000022,0.000177,0.000022,0.002948,0.002948
2025-09-12 11:00:00,0.116000,0.464000,idle,0.000000,0,0.000000,0,0.000000,True,0.200000,10.000000,20.000000,30.000000,0.000000,0.116000,0.116000,0,0.464000,0.116000,0.464000,0.116000,0.464000,0.959166,0.959166,0.150000,0.000000,0.000933,0.000116,0.000933,0.000116,0.015544,0.015544
2025-09-12 11:15:00,0.090000,0.360000,idle,0.000000,0,0.000000,0,0.000000,True,0.200000,10.000000,20.000000,30.000000,0.000000,0.090000,0.090000,0,0.360000,0.090000,0.360000,0.090000,0.360000,0.959166,0.959166,0.150000,0.000000,0.000724,0.000090,0.000724,0.000090,0.012060,0.012060
2025-09-12 11:30:00,0.094000,0.376000,idle,0.000000,0,0.000000,0,0.000000,True,0.200000,10.000000,20.000000,30.000000,0.000000,0.094000,0.094000,0,0.376000,0.094000,0.376000,0.094000,0.376000,0.959166,0.959166,0.150000,0.000000,0.000756,0.000094,0.000756,0.000094,0.012596,0.012596
2025-09-12 11:45:00,0.162000,0.648000,idle,0.000000,0,0.000000,0,0.000000,True,0.200000,10.000000,20.000000,30.000000,0.000000,0.162000,0.162000,0,0.648000,0.162000,0.648000,0.162000,0.648000,0.959166,0.959166,0.150000,0.000000,0.001302,0.000162,0.001302,0.000162,0.021708,0.021708
2025-09-12 12:00:00,0.091000,0.364000,idle,0.000000,0,0.000000,0,0.000000,True,0.200000,10.000000,20.000000,30.000000,0.000000,0.091000,0.091000,0,0.364000,0.091000,0.364000,0.091000,0.364000,0.959166,0.959166,0.150000,0.000000,0.000732,0.000091,0.000732,0.000091,0.012194,0.012194
2025-09-12 12:15:00,0.292000,1.168000,idle,0.000000,0,0.000000,0,0.000000,True,0.200000,10.000000,20.000000,30.000000,0.000000,0.292000,0.292000,0,1.168000,0.292000,1.168000,0.292000,1.168000,0.959166,0.959166,0.150000,0.000000,0.002348,0.000292,0.002348,0.000292,0.039128,0.039128
2025-09-12 12:30:00,0.199000,0.796000,idle,0.000000,0,0.000000,0,0.000000,True,0.200000,10.000000,20.000000,30.000000,0.000000,0.199000,0.199000,0,0.796000,0.199000,0.796000,0.199000,0.796000,0.959166,0.959166,0.150000,0.000000,0.001600,0.000199,0.001600,0.000199,0.026666,0.026666
2025-09-12 12:45:00,0.126000,0.504000,idle,0.000000,0,0.000000,0,0.000000,True,0.200000,10.000000,20.000000,30.000000,0.000000,0.126000,0.126000,0,0.504000,0.126000,0.504000,0.126000,0.504000,0.959166,0.959166,0.150000,0.000000,0.001013,0.000126,0.001013,0.000126,0.016884,0.016884
2025-09-12 13:00:00,0.321000,1.284000,idle,0.000000,0,0.000000,0,0.000000,True,0.200000,10.000000,20.000000,30.000000,0.000000,0.321000,0.321000,0,1.284000,0.321000,1.284000,0.321000,1.284000,0.959166,0.959166,0.150000,0.000000,0.002581,0.000321,0.002581,0.000321,0.043014,0.043014
2025-09-12 13:15:00,0.000000,0.000000,idle,0.000000,0,0.000000,0,0.000000,True,0.200000,10.000000,20.000000,30.000000,0.000000,0.000000,0.000000,0,0.000000,0.000000,0.000000,0.000000,0.000000,0.959166,0.959166,0.150000,0.000000,0.000000,0.000000,0.000000,0.000000,0.000000,0.000000
2025-09-12 13:30:00,0.000000,0.000000,idle,0.000000,0,0.000000,0,0.000000,True,0.200000,10.000000,20.000000,30.000000,0.000000,0.000000,0.000000,0,0.000000,0.000000,0.000000,0.000000,0.000000,0.959166,0.959166,0.150000,0.000000,0.000000,0.000000,0.000000,0.000000,0.000000,0.000000
2025-09-12 13:45:00,0.425000,1.700000,idle,0.000000,0,0.000000,0,0.000000,True,0.200000,10.000000,20.000000,30.000000,0.000000,0.425000,0.425000,0,1.700000,0.425000,1.700000,0.425000,1.700000,0.959166,0.959166,0.150000,0.000000,0.003417,0.000425,0.003417,0.000425,0.056950,0.056950
2025-09-12 14:00:00,0.247000,0.988000,idle,0.000000,0,0.000000,0,0.000000,True,0.200000,10.000000,20.000000,30.000000,0.000000,0.247000,0.247000,0,0.988000,0.247000,0.988000,0.247000,0.988000,0.959166,0.959166,0.150000,0.000000,0.001986,0.000247,0.001986,0.000247,0.033098,0.033098
2025-09-12 14:15:00,0.095000,0.380000,idle,0.000000,0,0.000000,0,0.000000,True,0.200000,10.000000,20.000000,30.000000,0.000000,0.095000,0.095000,0,0.380000,0.095000,0.380000,0.095000,0.380000,0.959166,0.959166,0.150000,0.000000,0.000764,0.000095,0.000764,0.000095,0.012730,0.012730
2025-09-12 14:30:00,0.044000,0.176000,idle,0.000000,0,0.000000,0,0.000000,True,0.200000,10.000000,20.000000,30.000000,0.000000,0.044000,0.044000,0,0.176000,0.044000,0.176000,0.044000,0.176000,0.959166,0.959166,0.150000,0.000000,0.000354,0.000044,0.000354,0.000044,0.005896,0.005896
2025-09-12 14:45:00,0.064000,0.256000,idle,0.000000,0,0.000000,0,0.000000,True,0.200000,10.000000,20.000000,30.000000,0.000000,0.064000,0.064000,0,0.256000,0.064000,0.256000,0.064000,0.256000,0.959166,0.959166,0.150000,0.000000,0.000515,0.000064,0.000515,0.000064,0.008576,0.008576
2025-09-12 15:00:00,0.051000,0.204000,idle,0.000000,0,0.000000,0,0.000000,True,0.200000,10.000000,20.000000,30.000000,0.000000,0.051000,0.051000,0,0.204000,0.051000,0.204000,0.051000,0.204000,0.959166,0.959166,0.150000,0.000000,0.000410,0.000051,0.000410,0.000051,0.006834,0.006834
2025-09-12 15:15:00,0.054000,0.216000,idle,0.000000,0,0.000000,0,0.000000,True,0.200000,10.000000,20.000000,30.000000,0.000000,0.054000,0.054000,0,0.216000,0.054000,0.216000,0.054000,0.216000,0.959166,0.959166,0.150000,0.000000,0.000434,0.000054,0.000434,0.000054,0.007236,0.007236
2025-09-12 15:30:00,0.065000,0.260000,idle,0.000000,0,0.000000,0,0.000000,True,0.200000,10.000000,20.000000,30.000000,0.000000,0.065000,0.065000,0,0.260000,0.065000,0.260000,0.065000,0.260000,0.959166,0.959166,0.150000,0.000000,0.000523,0.000065,0.000523,0.000065,0.008710,0.008710
2025-09-12 15:45:00,0.053000,0.212000,idle,0.000000,0,0.000000,0,0.000000,True,0.200000,10.000000,20.000000,30.000000,0.000000,0.053000,0.053000,0,0.212000,0.053000,0.212000,0.053000,0.212000,0.959166,0.959166,0.150000,0.000000,0.000426,0.000053,0.000426,0.000053,0.007102,0.007102
2025-09-12 16:00:00,0.040000,0.160000,idle,0.000000,0,0.000000,0,0.000000,True,0.200000,10.000000,20.000000,30.000000,0.000000,0.040000,0.040000,0,0.160000,0.040000,0.160000,0.040000,0.160000,0.959166,0.959166,0.150000,0.000000,0.000322,0.000040,0.000322,0.000040,0.005360,0.005360
2025-09-12 16:15:00,0.052000,0.208000,idle,0.000000,0,0.000000,0,0.000000,True,0.200000,10.000000,20.000000,30.000000,0.000000,0.052000,0.052000,0,0.208000,0.052000,0.208000,0.052000,0.208000,0.959166,0.959166,0.150000,0.000000,0.000418,0.000052,0.000418,0.000052,0.006968,0.006968
2025-09-12 16:30:00,0.069000,0.276000,idle,0.000000,0,0.000000,0,0.000000,True,0.200000,10.000000,20.000000,30.000000,0.000000,0.069000,0.069000,0,0.276000,0.069000,0.276000,0.069000,0.276000,0.959166,0.959166,0.150000,0.000000,0.000555,0.000069,0.000555,0.000069,0.009246,0.009246
2025-09-12 16:45:00,0.046000,0.184000,idle,0.000000,0,0.000000,0,0.000000,True,0.200000,10.000000,20.000000,30.000000,0.000000,0.046000,0.046000,0,0.184000,0.046000,0.184000,0.046000,0.184000,0.959166,0.959166,0.150000,0.000000,0.000370,0.000046,0.000370,0.000046,0.006164,0.006164
2025-09-12 17:00:00,0.044000,0.176000,idle,0.000000,0,0.000000,0,0.000000,True,0.200000,10.000000,20.000000,30.000000,0.000000,0.044000,0.044000,0,0.176000,0.044000,0.176000,0.044000,0.176000,0.959166,0.959166,0.150000,0.000000,0.000354,0.000044,0.000354,0.000044,0.005896,0.005896
2025-09-12 17:15:00,0.065000,0.260000,idle,0.000000,0,0.000000,0,0.000000,True,0.200000,10.000000,20.000000,30.000000,0.000000,0.065000,0.065000,0,0.260000,0.065000,0.260000,0.065000,0.260000,0.959166,0.959166,0.150000,0.000000,0.000523,0.000065,0.000523,0.000065,0.008710,0.008710
2025-09-12 17:30:00,0.058000,0.232000,idle,0.000000,0,0.000000,0,0.000000,True,0.200000,10.000000,20.000000,30.000000,0.000000,0.058000,0.058000,0,0.232000,0.058000,0.232000,0.058000,0.232000,0.959166,0.959166,0.150000,0.000000,0.000466,0.000058,0.000466,0.000058,0.007772,0.007772
2025-09-12 17:45:00,0.045000,0.180000,idle,0.000000,0,0.000000,0,0.000000,True,0.200000,10.000000,20.000000,30.000000,0.000000,0.045000,0.045000,0,0.180000,0.045000,0.180000,0.045000,0.180000,0.959166,0.959166,0.150000,0.000000,0.000362,0.000045,0.000362,0.000045,0.006030,0.006030
2025-09-12 18:00:00,0.053000,0.212000,idle,0.000000,0,0.000000,0,0.000000,True,0.200000,10.000000,20.000000,30.000000,0.000000,0.053000,0.053000,0,0.212000,0.053000,0.212000,0.053000,0.212000,0.959166,0.959166,0.150000,0.000000,0.000426,0.000053,0.000426,0.000053,0.007102,0.007102
2025-09-12 18:15:00,0.202000,0.808000,idle,0.000000,0,0.000000,0,0.000000,True,0.200000,10.000000,20.000000,30.000000,0.000000,0.202000,0.202000,0,0.808000,0.202000,0.808000,0.202000,0.808000,0.959166,0.959166,0.150000,0.000000,0.001624,0.000202,0.001624,0.000202,0.027068,0.027068
2025-09-12 18:30:00,0.200000,0.800000,idle,0.000000,0,0.000000,0,0.000000,True,0.200000,10.000000,20.000000,30.000000,0.000000,0.200000,0.200000,0,0.800000,0.200000,0.800000,0.200000,0.800000,0.959166,0.959166,0.150000,0.000000,0.001608,0.000200,0.001608,0.000200,0.026800,0.026800
2025-09-12 18:45:00,0.463000,1.852000,idle,0.000000,0,0.000000,0,0.000000,True,0.200000,10.000000,20.000000,30.000000,0.000000,0.463000,0.463000,0,1.852000,0.463000,1.852000,0.463000,1.852000,0.959166,0.959166,0.150000,0.000000,0.003723,0.000463,0.003723,0.000463,0.062042,0.062042
2025-09-12 19:00:00,0.088000,0.352000,idle,0.000000,0,0.000000,0,0.000000,True,0.200000,10.000000,20.000000,30.000000,0.000000,0.088000,0.088000,0,0.352000,0.088000,0.352000,0.088000,0.352000,0.959166,0.959166,0.150000,0.000000,0.000708,0.000088,0.000708,0.000088,0.011792,0.011792
2025-09-12 19:15:00,0.076000,0.304000,idle,0.000000,0,0.000000,0,0.000000,True,0.200000,10.000000,20.000000,30.000000,0.000000,0.076000,0.076000,0,0.304000,0.076000,0.304000,0.076000,0.304000,0.959166,0.959166,0.150000,0.000000,0.000611,0.000076,0.000611,0.000076,0.010184,0.010184
2025-09-12 19:30:00,0.292000,1.168000,idle,0.000000,0,0.000000,0,0.000000,True,0.200000,10.000000,20.000000,30.000000,0.000000,0.292000,0.292000,0,1.168000,0.292000,1.168000,0.292000,1.168000,0.959166,0.959166,0.150000,0.000000,0.002348,0.000292,0.002348,0.000292,0.039128,0.039128
2025-09-12 19:45:00,0.457000,1.828000,idle,0.000000,0,0.000000,0,0.000000,True,0.200000,10.000000,20.000000,30.000000,0.000000,0.457000,0.457000,0,1.828000,0.457000,1.828000,0.457000,1.828000,0.959166,0.959166,0.150000,0.000000,0.003674,0.000457,0.003674,0.000457,0.061238,0.061238
2025-09-12 20:00:00,0.077000,0.308000,idle,0.000000,0,0.000000,0,0.000000,True,0.200000,10.000000,20.000000,30.000000,0.000000,0.077000,0.077000,0,0.308000,0.077000,0.308000,0.077000,0.308000,0.959166,0.959166,0.150000,0.000000,0.000619,0.000077,0.000619,0.000077,0.010318,0.010318
2025-09-12 20:15:00,0.027000,0.108000,idle,0.000000,0,0.000000,0,0.000000,True,0.200000,10.000000,20.000000,30.000000,0.000000,0.027000,0.027000,0,0.108000,0.027000,0.108000,0.027000,0.108000,0.959166,0.959166,0.150000,0.000000,0.000217,0.000027,0.000217,0.000027,0.003618,0.003618
2025-09-12 20:30:00,0.009000,0.036000,idle,0.000000,0,0.000000,0,0.000000,True,0.200000,10.000000,20.000000,30.000000,0.000000,0.009000,0.009000,0,0.036000,0.009000,0.036000,0.009000,0.036000,0.959166,0.959166,0.150000,0.000000,0.000072,0.000009,0.000072,0.000009,0.001206,0.001206
2025-09-12 20:45:00,0.035000,0.140000,idle,0.000000,0,0.000000,0,0.000000,True,0.200000,10.000000,20.000000,30.000000,0.000000,0.035000,0.035000,0,0.140000,0.035000,0.140000,0.035000,0.140000,0.959166,0.959166,0.150000,0.000000,0.000281,0.000035,0.000281,0.000035,0.004690,0.004690
2025-09-12 21:00:00,0.017000,0.068000,idle,0.000000,0,0.000000,0,0.000000,True,0.200000,10.000000,20.000000,30.000000,0.000000,0.017000,0.017000,0,0.068000,0.017000,0.068000,0.017000,0.068000,0.959166,0.959166,0.150000,0.000000,0.000137,0.000017,0.000137,0.000017,0.002278,0.002278
2025-09-12 21:15:00,0.008000,0.032000,idle,0.000000,0,0.000000,0,0.000000,True,0.200000,10.000000,20.000000,30.000000,0.000000,0.008000,0.008000,0,0.032000,0.008000,0.032000,0.008000,0.032000,0.959166,0.959166,0.150000,0.000000,0.000064,0.000008,0.000064,0.000008,0.001072,0.001072
2025-09-12 21:30:00,0.023000,0.092000,idle,0.000000,0,0.000000,0,0.000000,True,0.200000,10.000000,20.000000,30.000000,0.000000,0.023000,0.023000,0,0.092000,0.023000,0.092000,0.023000,0.092000,0.959166,0.959166,0.150000,0.000000,0.000185,0.000023,0.000185,0.000023,0.003082,0.003082
2025-09-12 21:45:00,0.029000,0.116000,idle,0.000000,0,0.000000,0,0.000000,True,0.200000,10.000000,20.000000,30.000000,0.000000,0.029000,0.029000,0,0.116000,0.029000,0.116000,0.029000,0.116000,0.959166,0.959166,0.150000,0.000000,0.000233,0.000029,0.000233,0.000029,0.003886,0.003886
2025-09-12 22:00:00,0.008000,0.032000,idle,0.000000,0,0.000000,0,0.000000,True,0.200000,10.000000,20.000000,30.000000,0.000000,0.008000,0.008000,0,0.032000,0.008000,0.032000,0.008000,0.032000,0.959166,0.959166,0.150000,0.000000,0.000064,0.000008,0.000064,0.000008,0.001072,0.001072
2025-09-12 22:15:00,0.010000,0.040000,idle,0.000000,0,0.000000,0,0.000000,True,0.200000,10.000000,20.000000,30.000000,0.000000,0.010000,0.010000,0,0.040000,0.010000,0.040000,0.010000,0.040000,0.959166,0.959166,0.150000,0.000000,0.000080,0.000010,0.000080,0.000010,0.001340,0.001340
2025-09-12 22:30:00,0.065000,0.260000,idle,0.000000,0,0.000000,0,0.000000,True,0.200000,10.000000,20.000000,30.000000,0.000000,0.065000,0.065000,0,0.260000,0.065000,0.260000,0.065000,0.260000,0.959166,0.959166,0.150000,0.000000,0.000523,0.000065,0.000523,0.000065,0.008710,0.008710
2025-09-12 22:45:00,0.056000,0.224000,idle,0.000000,0,0.000000,0,0.000000,True,0.200000,10.000000,20.000000,30.000000,0.000000,0.056000,0.056000,0,0.224000,0.056000,0.224000,0.056000,0.224000,0.959166,0.959166,0.150000,0.000000,0.000450,0.000056,0.000450,0.000056,0.007504,0.007504
2025-09-12 23:00:00,0.057000,0.228000,idle,0.000000,0,0.000000,0,0.000000,True,0.200000,10.000000,20.000000,30.000000,0.000000,0.057000,0.057000,0,0.228000,0.057000,0.228000,0.057000,0.228000,0.959166,0.959166,0.150000,0.000000,0.000458,0.000057,0.000458,0.000057,0.007638,0.007638
2025-09-12 23:15:00,0.229000,0.916000,idle,0.000000,0,0.000000,0,0.000000,True,0.200000,10.000000,20.000000,30.000000,0.000000,0.229000,0.229000,0,0.916000,0.229000,0.916000,0.229000,0.916000,0.959166,0.959166,0.150000,0.000000,0.001841,0.000229,0.001841,0.000229,0.030686,0.030686
2025-09-12 23:30:00,0.152000,0.608000,idle,0.000000,0,0.000000,0,0.000000,True,0.200000,10.000000,20.000000,30.000000,0.000000,0.152000,0.152000,0,0.608000,0.152000,0.608000,0.152000,0.608000,0.959166,0.959166,0.150000,0.000000,0.001222,0.000152,0.001222,0.000152,0.020368,0.020368
2025-09-12 23:45:00,0.077000,0.308000,idle,0.000000,0,0.000000,0,0.000000,True,0.200000,10.000000,20.000000,30.000000,0.000000,0.077000,0.077000,0,0.308000,0.077000,0.308000,0.077000,0.308000,0.959166,0.959166,0.150000,0.000000,0.000619,0.000077,0.000619,0.000077,0.010318,0.010318
2025-09-13 00:00:00,0.072000,0.288000,idle,0.000000,0,0.000000,0,0.000000,True,0.200000,10.000000,20.000000,30.000000,0.000000,0.072000,0.072000,0,0.288000,0.072000,0.288000,0.072000,0.288000,0.959166,0.959166,0.150000,0.000000,0.000579,0.000072,0.000579,0.000072,0.009648,0.009648
2025-09-13 00:15:00,0.067000,0.268000,idle,0.000000,0,0.000000,0,0.000000,True,0.200000,10.000000,20.000000,30.000000,0.000000,0.067000,0.067000,0,0.268000,0.067000,0.268000,0.067000,0.268000,0.959166,0.959166,0.150000,0.000000,0.000539,0.000067,0.000539,0.000067,0.008978,0.008978
2025-09-13 00:30:00,0.039000,0.156000,idle,0.000000,0,0.000000,0,0.000000,True,0.200000,10.000000,20.000000,30.000000,0.000000,0.039000,0.039000,0,0.156000,0.039000,0.156000,0.039000,0.156000,0.959166,0.959166,0.150000,0.000000,0.000314,0.000039,0.000314,0.000039,0.005226,0.005226
2025-09-13 00:45:00,0.043000,0.172000,idle,0.000000,0,0.000000,0,0.000000,True,0.200000,10.000000,20.000000,30.000000,0.000000,0.043000,0.043000,0,0.172000,0.043000,0.172000,0.043000,0.172000,0.959166,0.959166,0.150000,0.000000,0.000346,0.000043,0.000346,0.000043,0.005762,0.005762
2025-09-13 01:00:00,0.066000,0.264000,idle,0.000000,0,0.000000,0,0.000000,True,0.200000,10.000000,20.000000,30.000000,0.000000,0.066000,0.066000,0,0.264000,0.066000,0.264000,0.066000,0.264000,0.959166,0.959166,0.150000,0.000000,0.000531,0.000066,0.000531,0.000066,0.008844,0.008844
2025-09-13 01:15:00,0.041000,0.164000,idle,0.000000,0,0.000000,0,0.000000,True,0.200000,10.000000,20.000000,30.000000,0.000000,0.041000,0.041000,0,0.164000,0.041000,0.164000,0.041000,0.164000,0.959166,0.959166,0.150000,0.000000,0.000330,0.000041,0.000330,0.000041,0.005494,0.005494
2025-09-13 01:30:00,0.038000,0.152000,idle,0.000000,0,0.000000,0,0.000000,True,0.200000,10.000000,20.000000,30.000000,0.000000,0.038000,0.038000,0,0.152000,0.038000,0.152000,0.038000,0.152000,0.959166,0.959166,0.150000,0.000000,0.000306,0.000038,0.000306,0.000038,0.005092,0.005092
2025-09-13 01:45:00,0.024000,0.096000,idle,0.000000,0,0.000000,0,0.000000,True,0.200000,10.000000,20.000000,30.000000,0.000000,0.024000,0.024000,0,0.096000,0.024000,0.096000,0.024000,0.096000,0.959166,0.959166,0.150000,0.000000,0.000193,0.000024,0.000193,0.000024,0.003216,0.003216
2025-09-13 02:00:00,0.021000,0.084000,idle,0.000000,0,0.000000,0,0.000000,True,0.200000,10.000000,20.000000,30.000000,0.000000,0.021000,0.021000,0,0.084000,0.021000,0.084000,0.021000,0.084000,0.959166,0.959166,0.150000,0.000000,0.000169,0.000021,0.000169,0.000021,0.002814,0.002814
2025-09-13 02:15:00,0.006000,0.024000,idle,0.000000,0,0.000000,0,0.000000,True,0.200000,10.000000,20.000000,30.000000,0.000000,0.006000,0.006000,0,0.024000,0.006000,0.024000,0.006000,0.024000,0.959166,0.959166,0.150000,0.000000,0.000048,0.000006,0.000048,0.000006,0.000804,0.000804
2025-09-13 02:30:00,0.012000,0.048000,idle,0.000000,0,0.000000,0,0.000000,True,0.200000,10.000000,20.000000,30.000000,0.000000,0.012000,0.012000,0,0.048000,0.012000,0.048000,0.012000,0.048000,0.959166,0.959166,0.150000,0.000000,0.000096,0.000012,0.000096,0.000012,0.001608,0.001608
2025-09-13 02:45:00,0.032000,0.128000,idle,0.000000,0,0.000000,0,0.000000,True,0.200000,10.000000,20.000000,30.000000,0.000000,0.032000,0.032000,0,0.128000,0.032000,0.128000,0.032000,0.128000,0.959166,0.959166,0.150000,0.000000,0.000257,0.000032,0.000257,0.000032,0.004288,0.004288
2025-09-13 03:00:00,0.006000,0.024000,idle,0.000000,0,0.000000,0,0.000000,True,0.200000,10.000000,20.000000,30.000000,0.000000,0.006000,0.006000,0,0.024000,0.006000,0.024000,0.006000,0.024000,0.959166,0.959166,0.150000,0.000000,0.000048,0.000006,0.000048,0.000006,0.000804,0.000804
2025-09-13 03:15:00,0.005000,0.020000,idle,0.000000,0,0.000000,0,0.000000,True,0.200000,10.000000,20.000000,30.000000,0.000000,0.005000,0.005000,0,0.020000,0.005000,0.020000,0.005000,0.020000,0.959166,0.959166,0.150000,0.000000,0.000040,0.000005,0.000040,0.000005,0.000670,0.000670
2025-09-13 03:30:00,0.027000,0.108000,idle,0.000000,0,0.000000,0,0.000000,True,0.200000,10.000000,20.000000,30.000000,0.000000,0.027000,0.027000,0,0.108000,0.027000,0.108000,0.027000,0.108000,0.959166,0.959166,0.150000,0.000000,0.000217,0.000027,0.000217,0.000027,0.003618,0.003618
2025-09-13 03:45:00,0.018000,0.072000,idle,0.000000,0,0.000000,0,0.000000,True,0.200000,10.000000,20.000000,30.000000,0.000000,0.018000,0.018000,0,0.072000,0.018000,0.072000,0.018000,0.072000,0.959166,0.959166,0.150000,0.000000,0.000145,0.000018,0.000145,0.000018,0.002412,0.002412
2025-09-13 04:00:00,0.005000,0.020000,idle,0.000000,0,0.000000,0,0.000000,True,0.200000,10.000000,20.000000,30.000000,0.000000,0.005000,0.005000,0,0.020000,0.005000,0.020000,0.005000,0.020000,0.959166,0.959166,0.150000,0.000000,0.000040,0.000005,0.000040,0.000005,0.000670,0.000670
2025-09-13 04:15:00,0.014000,0.056000,idle,0.000000,0,0.000000,0,0.000000,True,0.200000,10.000000,20.000000,30.000000,0.000000,0.014000,0.014000,0,0.056000,0.014000,0.056000,0.014000,0.056000,0.959166,0.959166,0.150000,0.000000,0.000113,0.000014,0.000113,0.000014,0.001876,0.001876
2025-09-13 04:30:00,0.031000,0.124000,idle,0.000000,0,0.000000,0,0.000000,True,0.200000,10.000000,20.000000,30.000000,0.000000,0.031000,0.031000,0,0.124000,0.031000,0.124000,0.031000,0.124000,0.959166,0.959166,0.150000,0.000000,0.000249,0.000031,0.000249,0.000031,0.004154,0.004154
2025-09-13 04:45:00,0.006000,0.024000,idle,0.000000,0,0.000000,0,0.000000,True,0.200000,10.000000,20.000000,30.000000,0.000000,0.006000,0.006000,0,0.024000,0.006000,0.024000,0.006000,0.024000,0.959166,0.959166,0.150000,0.000000,0.000048,0.000006,0.000048,0.000006,0.000804,0.000804
2025-09-13 05:00:00,0.005000,0.020000,idle,0.000000,0,0.000000,0,0.000000,True,0.200000,10.000000,20.000000,30.000000,0.000000,0.005000,0.005000,0,0.020000,0.005000,0.020000,0.005000,0.020000,0.959166,0.959166,0.150000,0.000000,0.000040,0.000005,0.000040,0.000005,0.000670,0.000670
2025-09-13 05:15:00,0.025000,0.100000,idle,0.000000,0,0.000000,0,0.000000,True,0.200000,10.000000,20.000000,30.000000,0.000000,0.025000,0.025000,0,0.100000,0.025000,0.100000,0.025000,0.100000,0.959166,0.959166,0.150000,0.000000,0.000201,0.000025,0.000201,0.000025,0.003350,0.003350
2025-09-13 05:30:00,0.021000,0.084000,idle,0.000000,0,0.000000,0,0.000000,True,0.200000,10.000000,20.000000,30.000000,0.000000,0.021000,0.021000,0,0.084000,0.021000,0.084000,0.021000,0.084000,0.959166,0.959166,0.150000,0.000000,0.000169,0.000021,0.000169,0.000021,0.002814,0.002814
2025-09-13 05:45:00,0.005000,0.020000,idle,0.000000,0,0.000000,0,0.000000,True,0.200000,10.000000,20.000000,30.000000,0.000000,0.005000,0.005000,0,0.020000,0.005000,0.020000,0.005000,0.020000,0.959166,0.959166,0.150000,0.000000,0.000040,0.000005,0.000040,0.000005,0.000670,0.000670
2025-09-13 06:00:00,0.009000,0.036000,idle,0.000000,0,0.000000,0,0.000000,True,0.200000,10.000000,20.000000,30.000000,0.000000,0.009000,0.009000,0,0.036000,0.009000,0.036000,0.009000,0.036000,0.959166,0.959166,0.150000,0.000000,0.000072,0.000009,0.000072,0.000009,0.001206,0.001206
2025-09-13 06:15:00,0.032000,0.128000,idle,0.000000,0,0.000000,0,0.000000,True,0.200000,10.000000,20.000000,30.000000,0.000000,0.032000,0.032000,0,0.128000,0.032000,0.128000,0.032000,0.128000,0.959166,0.959166,0.150000,0.000000,0.000257,0.000032,0.000257,0.000032,0.004288,0.004288
2025-09-13 06:30:00,0.009000,0.036000,idle,0.000000,0,0.000000,0,0.000000,True,0.200000,10.000000,20.000000,30.000000,0.000000,0.009000,0.009000,0,0.036000,0.009000,0.036000,0.009000,0.036000,0.959166,0.959166,0.150000,0.000000,0.000072,0.000009,0.000072,0.000009,0.001206,0.001206
2025-09-13 06:45:00,0.005000,0.020000,idle,0.000000,0,0.000000,0,0.000000,True,0.200000,10.000000,20.000000,30.000000,0.000000,0.005000,0.005000,0,0.020000,0.005000,0.020000,0.005000,0.020000,0.959166,0.959166,0.150000,0.000000,0.000040,0.000005,0.000040,0.000005,0.000670,0.000670
2025-09-13 07:00:00,0.020000,0.080000,idle,0.000000,0,0.000000,0,0.000000,True,0.200000,10.000000,20.000000,30.000000,0.000000,0.020000,0.020000,0,0.080000,0.020000,0.080000,0.020000,0.080000,0.959166,0.959166,0.150000,0.000000,0.000161,0.000020,0.000161,0.000020,0.002680,0.002680
2025-09-13 07:15:00,0.026000,0.104000,idle,0.000000,0,0.000000,0,0.000000,True,0.200000,10.000000,20.000000,30.000000,0.000000,0.026000,0.026000,0,0.104000,0.026000,0.104000,0.026000,0.104000,0.959166,0.959166,0.150000,0.000000,0.000209,0.000026,0.000209,0.000026,0.003484,0.003484
2025-09-13 07:30:00,0.005000,0.020000,idle,0.000000,0,0.000000,0,0.000000,True,0.200000,10.000000,20.000000,30.000000,0.000000,0.005000,0.005000,0,0.020000,0.005000,0.020000,0.005000,0.020000,0.959166,0.959166,0.150000,0.000000,0.000040,0.000005,0.000040,0.000005,0.000670,0.000670
2025-09-13 07:45:00,0.005000,0.020000,idle,0.000000,0,0.000000,0,0.000000,True,0.200000,10.000000,20.000000,30.000000,0.000000,0.005000,0.005000,0,0.020000,0.005000,0.020000,0.005000,0.020000,0.959166,0.959166,0.150000,0.000000,0.000040,0.000005,0.000040,0.000005,0.000670,0.000670
2025-09-13 08:00:00,0.028000,0.112000,idle,0.000000,0,0.000000,0,0.000000,True,0.200000,10.000000,20.000000,30.000000,0.000000,0.028000,0.028000,0,0.112000,0.028000,0.112000,0.028000,0.112000,0.959166,0.959166,0.150000,0.000000,0.000225,0.000028,0.000225,0.000028,0.003752,0.003752
2025-09-13 08:15:00,0.018000,0.072000,idle,0.000000,0,0.000000,0,0.000000,True,0.200000,10.000000,20.000000,30.000000,0.000000,0.018000,0.018000,0,0.072000,0.018000,0.072000,0.018000,0.072000,0.959166,0.959166,0.150000,0.000000,0.000145,0.000018,0.000145,0.000018,0.002412,0.002412
2025-09-13 08:30:00,0.006000,0.024000,idle,0.000000,0,0.000000,0,0.000000,True,0.200000,10.000000,20.000000,30.000000,0.000000,0.006000,0.006000,0,0.024000,0.006000,0.024000,0.006000,0.024000,0.959166,0.959166,0.150000,0.000000,0.000048,0.000006,0.000048,0.000006,0.000804,0.000804
2025-09-13 08:45:00,0.009000,0.036000,idle,0.000000,0,0.000000,0,0.000000,True,0.200000,10.000000,20.000000,30.000000,0.000000,0.009000,0.009000,0,0.036000,0.009000,0.036000,0.009000,0.036000,0.959166,0.959166,0.150000,0.000000,0.000072,0.000009,0.000072,0.000009,0.001206,0.001206
2025-09-13 09:00:00,0.031000,0.124000,idle,0.000000,0,0.000000,0,0.000000,True,0.200000,10.000000,20.000000,30.000000,0.000000,0.031000,0.031000,0,0.124000,0.031000,0.124000,0.031000,0.124000,0.959166,0.959166,0.150000,0.000000,0.000249,0.000031,0.000249,0.000031,0.004154,0.004154
2025-09-13 09:15:00,0.010000,0.040000,idle,0.000000,0,0.000000,0,0.000000,True,0.200000,10.000000,20.000000,30.000000,0.000000,0.010000,0.010000,0,0.040000,0.010000,0.040000,0.010000,0.040000,0.959166,0.959166,0.150000,0.000000,0.000080,0.000010,0.000080,0.000010,0.001340,0.001340
2025-09-13 09:30:00,0.006000,0.024000,idle,0.000000,0,0.000000,0,0.000000,True,0.200000,10.000000,20.000000,30.000000,0.000000,0.006000,0.006000,0,0.024000,0.006000,0.024000,0.006000,0.024000,0.959166,0.959166,0.150000,0.000000,0.000048,0.000006,0.000048,0.000006,0.000804,0.000804
2025-09-13 09:45:00,0.017000,0.068000,idle,0.000000,0,0.000000,0,0.000000,True,0.200000,10.000000,20.000000,30.000000,0.000000,0.017000,0.017000,0,0.068000,0.017000,0.068000,0.017000,0.068000,0.959166,0.959166,0.150000,0.000000,0.000137,0.000017,0.000137,0.000017,0.002278,0.002278
2025-09-13 10:00:00,0.028000,0.112000,idle,0.000000,0,0.000000,0,0.000000,True,0.200000,10.000000,20.000000,30.000000,0.000000,0.028000,0.028000,0,0.112000,0.028000,0.112000,0.028000,0.112000,0.959166,0.959166,0.150000,0.000000,0.000225,0.000028,0.000225,0.000028,0.003752,0.003752
2025-09-13 10:15:00,0.005000,0.020000,idle,0.000000,0,0.000000,0,0.000000,True,0.200000,10.000000,20.000000,30.000000,0.000000,0.005000,0.005000,0,0.020000,0.005000,0.020000,0.005000,0.020000,0.959166,0.959166,0.150000,0.000000,0.000040,0.000005,0.000040,0.000005,0.000670,0.000670
2025-09-13 10:30:00,0.005000,0.020000,idle,0.000000,0,0.000000,0,0.000000,True,0.200000,10.000000,20.000000,30.000000,0.000000,0.005000,0.005000,0,0.020000,0.005000,0.020000,0.005000,0.020000,0.959166,0.959166,0.150000,0.000000,0.000040,0.000005,0.000040,0.000005,0.000670,0.000670
2025-09-13 10:45:00,0.026000,0.104000,idle,0.000000,0,0.000000,0,0.000000,True,0.200000,10.000000,20.000000,30.000000,0.000000,0.026000,0.026000,0,0.104000,0.026000,0.104000,0.026000,0.104000,0.959166,0.959166,0.150000,0.000000,0.000209,0.000026,0.000209,0.000026,0.003484,0.003484
2025-09-13 11:00:00,0.020000,0.080000,idle,0.000000,0,0.000000,0,0.000000,True,0.200000,10.000000,20.000000,30.000000,0.000000,0.020000,0.020000,0,0.080000,0.020000,0.080000,0.020000,0.080000,0.959166,0.959166,0.150000,0.000000,0.000161,0.000020,0.000161,0.000020,0.002680,0.002680
2025-09-13 11:15:00,0.005000,0.020000,idle,0.000000,0,0.000000,0,0.000000,True,0.200000,10.000000,20.000000,30.000000,0.000000,0.005000,0.005000,0,0.020000,0.005000,0.020000,0.005000,0.020000,0.959166,0.959166,0.150000,0.000000,0.000040,0.000005,0.000040,0.000005,0.000670,0.000670
2025-09-13 11:30:00,0.008000,0.032000,idle,0.000000,0,0.000000,0,0.000000,True,0.200000,10.000000,20.000000,30.000000,0.000000,0.008000,0.008000,0,0.032000,0.008000,0.032000,0.008000,0.032000,0.959166,0.959166,0.150000,0.000000,0.000064,0.000008,0.000064,0.000008,0.001072,0.001072
2025-09-13 11:45:00,0.031000,0.124000,idle,0.000000,0,0.000000,0,0.000000,True,0.200000,10.000000,20.000000,30.000000,0.000000,0.031000,0.031000,0,0.124000,0.031000,0.124000,0.031000,0.124000,0.959166,0.959166,0.150000,0.000000,0.000249,0.000031,0.000249,0.000031,0.004154,0.004154
2025-09-13 12:00:00,0.013000,0.052000,idle,0.000000,0,0.000000,0,0.000000,True,0.200000,10.000000,20.000000,30.000000,0.000000,0.013000,0.013000,0,0.052000,0.013000,0.052000,0.013000,0.052000,0.959166,0.959166,0.150000,0.000000,0.000105,0.000013,0.000105,0.000013,0.001742,0.001742
2025-09-13 12:15:00,0.011000,0.044000,idle,0.000000,0,0.000000,0,0.000000,True,0.200000,10.000000,20.000000,30.000000,0.000000,0.011000,0.011000,0,0.044000,0.011000,0.044000,0.011000,0.044000,0.959166,0.959166,0.150000,0.000000,0.000088,0.000011,0.000088,0.000011,0.001474,0.001474
2025-09-13 12:30:00,0.154000,0.616000,idle,0.000000,0,0.000000,0,0.000000,True,0.200000,10.000000,20.000000,30.000000,0.000000,0.154000,0.154000,0,0.616000,0.154000,0.616000,0.154000,0.616000,0.959166,0.959166,0.150000,0.000000,0.001238,0.000154,0.001238,0.000154,0.020636,0.020636
2025-09-13 12:45:00,0.034000,0.136000,idle,0.000000,0,0.000000,0,0.000000,True,0.200000,10.000000,20.000000,30.000000,0.000000,0.034000,0.034000,0,0.136000,0.034000,0.136000,0.034000,0.136000,0.959166,0.959166,0.150000,0.000000,0.000273,0.000034,0.000273,0.000034,0.004556,0.004556
2025-09-13 13:00:00,0.008000,0.032000,idle,0.000000,0,0.000000,0,0.000000,True,0.200000,10.000000,20.000000,30.000000,0.000000,0.008000,0.008000,0,0.032000,0.008000,0.032000,0.008000,0.032000,0.959166,0.959166,0.150000,0.000000,0.000064,0.000008,0.000064,0.000008,0.001072,0.001072
2025-09-13 13:15:00,0.009000,0.036000,idle,0.000000,0,0.000000,0,0.000000,True,0.200000,10.000000,20.000000,30.000000,0.000000,0.009000,0.009000,0,0.036000,0.009000,0.036000,0.009000,0.036000,0.959166,0.959166,0.150000,0.000000,0.000072,0.000009,0.000072,0.000009,0.001206,0.001206
2025-09-13 13:30:00,0.026000,0.104000,idle,0.000000,0,0.000000,0,0.000000,True,0.200000,10.000000,20.000000,30.000000,0.000000,0.026000,0.026000,0,0.104000,0.026000,0.104000,0.026000,0.104000,0.959166,0.959166,0.150000,0.000000,0.000209,0.000026,0.000209,0.000026,0.003484,0.003484
2025-09-13 13:45:00,0.020000,0.080000,idle,0.000000,0,0.000000,0,0.000000,True,0.200000,10.000000,20.000000,30.000000,0.000000,0.020000,0.020000,0,0.080000,0.020000,0.080000,0.020000,0.080000,0.959166,0.959166,0.150000,0.000000,0.000161,0.000020,0.000161,0.000020,0.002680,0.002680
2025-09-13 14:00:00,0.005000,0.020000,idle,0.000000,0,0.000000,0,0.000000,True,0.200000,10.000000,20.000000,30.000000,0.000000,0.005000,0.005000,0,0.020000,0.005000,0.020000,0.005000,0.020000,0.959166,0.959166,0.150000,0.000000,0.000040,0.000005,0.000040,0.000005,0.000670,0.000670
2025-09-13 14:15:00,0.009000,0.036000,idle,0.000000,0,0.000000,0,0.000000,True,0.200000,10.000000,20.000000,30.000000,0.000000,0.009000,0.009000,0,0.036000,0.009000,0.036000,0.009000,0.036000,0.959166,0.959166,0.150000,0.000000,0.000072,0.000009,0.000072,0.000009,0.001206,0.001206
2025-09-13 14:30:00,0.031000,0.124000,idle,0.000000,0,0.000000,0,0.000000,True,0.200000,10.000000,20.000000,30.000000,0.000000,0.031000,0.031000,0,0.124000,0.031000,0.124000,0.031000,0.124000,0.959166,0.959166,0.150000,0.000000,0.000249,0.000031,0.000249,0.000031,0.004154,0.004154
2025-09-13 14:45:00,0.012000,0.048000,idle,0.000000,0,0.000000,0,0.000000,True,0.200000,10.000000,20.000000,30.000000,0.000000,0.012000,0.012000,0,0.048000,0.012000,0.048000,0.012000,0.048000,0.959166,0.959166,0.150000,0.000000,0.000096,0.000012,0.000096,0.000012,0.001608,0.001608
2025-09-13 15:00:00,0.005000,0.020000,idle,0.000000,0,0.000000,0,0.000000,True,0.200000,10.000000,20.000000,30.000000,0.000000,0.005000,0.005000,0,0.020000,0.005000,0.020000,0.005000,0.020000,0.959166,0.959166,0.150000,0.000000,0.000040,0.000005,0.000040,0.000005,0.000670,0.000670
2025-09-13 15:15:00,0.017000,0.068000,idle,0.000000,0,0.000000,0,0.000000,True,0.200000,10.000000,20.000000,30.000000,0.000000,0.017000,0.017000,0,0.068000,0.017000,0.068000,0.017000,0.068000,0.959166,0.959166,0.150000,0.000000,0.000137,0.000017,0.000137,0.000017,0.002278,0.002278
2025-09-13 15:30:00,0.028000,0.112000,idle,0.000000,0,0.000000,0,0.000000,True,0.200000,10.000000,20.000000,30.000000,0.000000,0.028000,0.028000,0,0.112000,0.028000,0.112000,0.028000,0.112000,0.959166,0.959166,0.150000,0.000000,0.000225,0.000028,0.000225,0.000028,0.003752,0.003752
2025-09-13 15:45:00,0.006000,0.024000,idle,0.000000,0,0.000000,0,0.000000,True,0.200000,10.000000,20.000000,30.000000,0.000000,0.006000,0.006000,0,0.024000,0.006000,0.024000,0.006000,0.024000,0.959166,0.959166,0.150000,0.000000,0.000048,0.000006,0.000048,0.000006,0.000804,0.000804
2025-09-13 16:00:00,0.005000,0.020000,idle,0.000000,0,0.000000,0,0.000000,True,0.200000,10.000000,20.000000,30.000000,0.000000,0.005000,0.005000,0,0.020000,0.005000,0.020000,0.005000,0.020000,0.959166,0.959166,0.150000,0.000000,0.000040,0.000005,0.000040,0.000005,0.000670,0.000670
2025-09-13 16:15:00,0.027000,0.108000,idle,0.000000,0,0.000000,0,0.000000,True,0.200000,10.000000,20.000000,30.000000,0.000000,0.027000,0.027000,0,0.108000,0.027000,0.108000,0.027000,0.108000,0.959166,0.959166,0.150000,0.000000,0.000217,0.000027,0.000217,0.000027,0.003618,0.003618
2025-09-13 16:30:00,0.033000,0.132000,idle,0.000000,0,0.000000,0,0.000000,True,0.200000,10.000000,20.000000,30.000000,0.000000,0.033000,0.033000,0,0.132000,0.033000,0.132000,0.033000,0.132000,0.959166,0.959166,0.150000,0.000000,0.000265,0.000033,0.000265,0.000033,0.004422,0.004422
2025-09-13 16:45:00,0.011000,0.044000,idle,0.000000,0,0.000000,0,0.000000,True,0.200000,10.000000,20.000000,30.000000,0.000000,0.011000,0.011000,0,0.044000,0.011000,0.044000,0.011000,0.044000,0.959166,0.959166,0.150000,0.000000,0.000088,0.000011,0.000088,0.000011,0.001474,0.001474
2025-09-13 17:00:00,0.037000,0.148000,idle,0.000000,0,0.000000,0,0.000000,True,0.200000,10.000000,20.000000,30.000000,0.000000,0.037000,0.037000,0,0.148000,0.037000,0.148000,0.037000,0.148000,0.959166,0.959166,0.150000,0.000000,0.000297,0.000037,0.000297,0.000037,0.004958,0.004958
2025-09-13 17:15:00,0.032000,0.128000,idle,0.000000,0,0.000000,0,0.000000,True,0.200000,10.000000,20.000000,30.000000,0.000000,0.032000,0.032000,0,0.128000,0.032000,0.128000,0.032000,0.128000,0.959166,0.959166,0.150000,0.000000,0.000257,0.000032,0.000257,0.000032,0.004288,0.004288
2025-09-13 17:30:00,0.019000,0.076000,idle,0.000000,0,0.000000,0,0.000000,True,0.200000,10.000000,20.000000,30.000000,0.000000,0.019000,0.019000,0,0.076000,0.019000,0.076000,0.019000,0.076000,0.959166,0.959166,0.150000,0.000000,0.000153,0.000019,0.000153,0.000019,0.002546,0.002546
2025-09-13 17:45:00,0.056000,0.224000,idle,0.000000,0,0.000000,0,0.000000,True,0.200000,10.000000,20.000000,30.000000,0.000000,0.056000,0.056000,0,0.224000,0.056000,0.224000,0.056000,0.224000,0.959166,0.959166,0.150000,0.000000,0.000450,0.000056,0.000450,0.000056,0.007504,0.007504
2025-09-13 18:00:00,0.203000,0.812000,idle,0.000000,0,0.000000,0,0.000000,True,0.200000,10.000000,20.000000,30.000000,0.000000,0.203000,0.203000,0,0.812000,0.203000,0.812000,0.203000,0.812000,0.959166,0.959166,0.150000,0.000000,0.001632,0.000203,0.001632,0.000203,0.027202,0.027202
2025-09-13 18:15:00,0.053000,0.212000,idle,0.000000,0,0.000000,0,0.000000,True,0.200000,10.000000,20.000000,30.000000,0.000000,0.053000,0.053000,0,0.212000,0.053000,0.212000,0.053000,0.212000,0.959166,0.959166,0.150000,0.000000,0.000426,0.000053,0.000426,0.000053,0.007102,0.007102
2025-09-13 18:30:00,0.031000,0.124000,idle,0.000000,0,0.000000,0,0.000000,True,0.200000,10.000000,20.000000,30.000000,0.000000,0.031000,0.031000,0,0.124000,0.031000,0.124000,0.031000,0.124000,0.959166,0.959166,0.150000,0.000000,0.000249,0.000031,0.000249,0.000031,0.004154,0.004154
2025-09-13 18:45:00,0.027000,0.108000,idle,0.000000,0,0.000000,0,0.000000,True,0.200000,10.000000,20.000000,30.000000,0.000000,0.027000,0.027000,0,0.108000,0.027000,0.108000,0.027000,0.108000,0.959166,0.959166,0.150000,0.000000,0.000217,0.000027,0.000217,0.000027,0.003618,0.003618
2025-09-13 19:00:00,0.027000,0.108000,idle,0.000000,0,0.000000,0,0.000000,True,0.200000,10.000000,20.000000,30.000000,0.000000,0.027000,0.027000,0,0.108000,0.027000,0.108000,0.027000,0.108000,0.959166,0.959166,0.150000,0.000000,0.000217,0.000027,0.000217,0.000027,0.003618,0.003618
2025-09-13 19:15:00,0.026000,0.104000,idle,0.000000,0,0.000000,0,0.000000,True,0.200000,10.000000,20.000000,30.000000,0.000000,0.026000,0.026000,0,0.104000,0.026000,0.104000,0.026000,0.104000,0.959166,0.959166,0.150000,0.000000,0.000209,0.000026,0.000209,0.000026,0.003484,0.003484
2025-09-13 19:30:00,0.026000,0.104000,idle,0.000000,0,0.000000,0,0.000000,True,0.200000,10.000000,20.000000,30.000000,0.000000,0.026000,0.026000,0,0.104000,0.026000,0.104000,0.026000,0.104000,0.959166,0.959166,0.150000,0.000000,0.000209,0.000026,0.000209,0.000026,0.003484,0.003484
2025-09-13 19:45:00,0.026000,0.104000,idle,0.000000,0,0.000000,0,0.000000,True,0.200000,10.000000,20.000000,30.000000,0.000000,0.026000,0.026000,0,0.104000,0.026000,0.104000,0.026000,0.104000,0.959166,0.959166,0.150000,0.000000,0.000209,0.000026,0.000209,0.000026,0.003484,0.003484
2025-09-13 20:00:00,0.026000,0.104000,idle,0.000000,0,0.000000,0,0.000000,True,0.200000,10.000000,20.000000,30.000000,0.000000,0.026000,0.026000,0,0.104000,0.026000,0.104000,0.026000,0.104000,0.959166,0.959166,0.150000,0.000000,0.000209,0.000026,0.000209,0.000026,0.003484,0.003484
2025-09-13 20:15:00,0.026000,0.104000,idle,0.000000,0,0.000000,0,0.000000,True,0.200000,10.000000,20.000000,30.000000,0.000000,0.026000,0.026000,0,0.104000,0.026000,0.104000,0.026000,0.104000,0.959166,0.959166,0.150000,0.000000,0.000209,0.000026,0.000209,0.000026,0.003484,0.003484
2025-09-13 20:30:00,0.026000,0.104000,idle,0.000000,0,0.000000,0,0.000000,True,0.200000,10.000000,20.000000,30.000000,0.000000,0.026000,0.026000,0,0.104000,0.026000,0.104000,0.026000,0.104000,0.959166,0.959166,0.150000,0.000000,0.000209,0.000026,0.000209,0.000026,0.003484,0.003484
2025-09-13 20:45:00,0.026000,0.104000,idle,0.000000,0,0.000000,0,0.000000,True,0.200000,10.000000,20.000000,30.000000,0.000000,0.026000,0.026000,0,0.104000,0.026000,0.104000,0.026000,0.104000,0.959166,0.959166,0.150000,0.000000,0.000209,0.000026,0.000209,0.000026,0.003484,0.003484
2025-09-13 21:00:00,0.026000,0.104000,idle,0.000000,0,0.000000,0,0.000000,True,0.200000,10.000000,20.000000,30.000000,0.000000,0.026000,0.026000,0,0.104000,0.026000,0.104000,0.026000,0.104000,0.959166,0.959166,0.150000,0.000000,0.000209,0.000026,0.000209,0.000026,0.003484,0.003484
2025-09-13 21:15:00,0.027000,0.108000,idle,0.000000,0,0.000000,0,0.000000,True,0.200000,10.000000,20.000000,30.000000,0.000000,0.027000,0.027000,0,0.108000,0.027000,0.108000,0.027000,0.108000,0.959166,0.959166,0.150000,0.000000,0.000217,0.000027,0.000217,0.000027,0.003618,0.003618
2025-09-13 21:30:00,0.019000,0.076000,idle,0.000000,0,0.000000,0,0.000000,True,0.200000,10.000000,20.000000,30.000000,0.000000,0.019000,0.019000,0,0.076000,0.019000,0.076000,0.019000,0.076000,0.959166,0.959166,0.150000,0.000000,0.000153,0.000019,0.000153,0.000019,0.002546,0.002546
2025-09-13 21:45:00,0.021000,0.084000,idle,0.000000,0,0.000000,0,0.000000,True,0.200000,10.000000,20.000000,30.000000,0.000000,0.021000,0.021000,0,0.084000,0.021000,0.084000,0.021000,0.084000,0.959166,0.959166,0.150000,0.000000,0.000169,0.000021,0.000169,0.000021,0.002814,0.002814
2025-09-13 22:00:00,0.037000,0.148000,idle,0.000000,0,0.000000,0,0.000000,True,0.200000,10.000000,20.000000,30.000000,0.000000,0.037000,0.037000,0,0.148000,0.037000,0.148000,0.037000,0.148000,0.959166,0.959166,0.150000,0.000000,0.000297,0.000037,0.000297,0.000037,0.004958,0.004958
2025-09-13 22:15:00,0.115000,0.460000,idle,0.000000,0,0.000000,0,0.000000,True,0.200000,10.000000,20.000000,30.000000,0.000000,0.115000,0.115000,0,0.460000,0.115000,0.460000,0.115000,0.460000,0.959166,0.959166,0.150000,0.000000,0.000925,0.000115,0.000925,0.000115,0.015410,0.015410
2025-09-13 22:30:00,0.095000,0.380000,idle,0.000000,0,0.000000,0,0.000000,True,0.200000,10.000000,20.000000,30.000000,0.000000,0.095000,0.095000,0,0.380000,0.095000,0.380000,0.095000,0.380000,0.959166,0.959166,0.150000,0.000000,0.000764,0.000095,0.000764,0.000095,0.012730,0.012730
2025-09-13 22:45:00,0.090000,0.360000,idle,0.000000,0,0.000000,0,0.000000,True,0.200000,10.000000,20.000000,30.000000,0.000000,0.090000,0.090000,0,0.360000,0.090000,0.360000,0.090000,0.360000,0.959166,0.959166,0.150000,0.000000,0.000724,0.000090,0.000724,0.000090,0.012060,0.012060
2025-09-13 23:00:00,0.082000,0.328000,idle,0.000000,0,0.000000,0,0.000000,True,0.200000,10.000000,20.000000,30.000000,0.000000,0.082000,0.082000,0,0.328000,0.082000,0.328000,0.082000,0.328000,0.959166,0.959166,0.150000,0.000000,0.000659,0.000082,0.000659,0.000082,0.010988,0.010988
2025-09-13 23:15:00,0.075000,0.300000,idle,0.000000,0,0.000000,0,0.000000,True,0.200000,10.000000,20.000000,30.000000,0.000000,0.075000,0.075000,0,0.300000,0.075000,0.300000,0.075000,0.300000,0.959166,0.959166,0.150000,0.000000,0.000603,0.000075,0.000603,0.000075,0.010050,0.010050
2025-09-13 23:30:00,0.075000,0.300000,idle,0.000000,0,0.000000,0,0.000000,True,0.200000,10.000000,20.000000,30.000000,0.000000,0.075000,0.075000,0,0.300000,0.075000,0.300000,0.075000,0.300000,0.959166,0.959166,0.150000,0.000000,0.000603,0.000075,0.000603,0.000075,0.010050,0.010050
2025-09-13 23:45:00,0.065000,0.260000,idle,0.000000,0,0.000000,0,0.000000,True,0.200000,10.000000,20.000000,30.000000,0.000000,0.065000,0.065000,0,0.260000,0.065000,0.260000,0.065000,0.260000,0.959166,0.959166,0.150000,0.000000,0.000523,0.000065,0.000523,0.000065,0.008710,0.008710
2025-09-14 00:00:00,0.062000,0.248000,idle,0.000000,0,0.000000,0,0.000000,True,0.200000,10.000000,20.000000,30.000000,0.000000,0.062000,0.062000,0,0.248000,0.062000,0.248000,0.062000,0.248000,0.959166,0.959166,0.150000,0.000000,0.000498,0.000062,0.000498,0.000062,0.008308,0.008308
2025-09-14 00:15:00,0.063000,0.252000,idle,0.000000,0,0.000000,0,0.000000,True,0.200000,10.000000,20.000000,30.000000,0.000000,0.063000,0.063000,0,0.252000,0.063000,0.252000,0.063000,0.252000,0.959166,0.959166,0.150000,0.000000,0.000507,0.000063,0.000507,0.000063,0.008442,0.008442
2025-09-14 00:30:00,0.066000,0.264000,idle,0.000000,0,0.000000,0,0.000000,True,0.200000,10.000000,20.000000,30.000000,0.000000,0.066000,0.066000,0,0.264000,0.066000,0.264000,0.066000,0.264000,0.959166,0.959166,0.150000,0.000000,0.000531,0.000066,0.000531,0.000066,0.008844,0.008844
2025-09-14 00:45:00,0.061000,0.244000,idle,0.000000,0,0.000000,0,0.000000,True,0.200000,10.000000,20.000000,30.000000,0.000000,0.061000,0.061000,0,0.244000,0.061000,0.244000,0.061000,0.244000,0.959166,0.959166,0.150000,0.000000,0.000490,0.000061,0.000490,0.000061,0.008174,0.008174
2025-09-14 01:00:00,0.242000,0.968000,idle,0.000000,0,0.000000,0,0.000000,True,0.200000,10.000000,20.000000,30.000000,0.000000,0.242000,0.242000,0,0.968000,0.242000,0.968000,0.242000,0.968000,0.959166,0.959166,0.150000,0.000000,0.001946,0.000242,0.001946,0.000242,0.032428,0.032428
2025-09-14 01:15:00,0.202000,0.808000,idle,0.000000,0,0.000000,0,0.000000,True,0.200000,10.000000,20.000000,30.000000,0.000000,0.202000,0.202000,0,0.808000,0.202000,0.808000,0.202000,0.808000,0.959166,0.959166,0.150000,0.000000,0.001624,0.000202,0.001624,0.000202,0.027068,0.027068
2025-09-14 01:30:00,0.156000,0.624000,idle,0.000000,0,0.000000,0,0.000000,True,0.200000,10.000000,20.000000,30.000000,0.000000,0.156000,0.156000,0,0.624000,0.156000,0.624000,0.156000,0.624000,0.959166,0.959166,0.150000,0.000000,0.001254,0.000156,0.001254,0.000156,0.020904,0.020904
2025-09-14 01:45:00,0.071000,0.284000,idle,0.000000,0,0.000000,0,0.000000,True,0.200000,10.000000,20.000000,30.000000,0.000000,0.071000,0.071000,0,0.284000,0.071000,0.284000,0.071000,0.284000,0.959166,0.959166,0.150000,0.000000,0.000571,0.000071,0.000571,0.000071,0.009514,0.009514
2025-09-14 02:00:00,0.049000,0.196000,idle,0.000000,0,0.000000,0,0.000000,True,0.200000,10.000000,20.000000,30.000000,0.000000,0.049000,0.049000,0,0.196000,0.049000,0.196000,0.049000,0.196000,0.959166,0.959166,0.150000,0.000000,0.000394,0.000049,0.000394,0.000049,0.006566,0.006566
2025-09-14 02:15:00,0.041000,0.164000,idle,0.000000,0,0.000000,0,0.000000,True,0.200000,10.000000,20.000000,30.000000,0.000000,0.041000,0.041000,0,0.164000,0.041000,0.164000,0.041000,0.164000,0.959166,0.959166,0.150000,0.000000,0.000330,0.000041,0.000330,0.000041,0.005494,0.005494
2025-09-14 02:30:00,0.025000,0.100000,idle,0.000000,0,0.000000,0,0.000000,True,0.200000,10.000000,20.000000,30.000000,0.000000,0.025000,0.025000,0,0.100000,0.025000,0.100000,0.025000,0.100000,0.959166,0.959166,0.150000,0.000000,0.000201,0.000025,0.000201,0.000025,0.003350,0.003350
2025-09-14 02:45:00,0.024000,0.096000,idle,0.000000,0,0.000000,0,0.000000,True,0.200000,10.000000,20.000000,30.000000,0.000000,0.024000,0.024000,0,0.096000,0.024000,0.096000,0.024000,0.096000,0.959166,0.959166,0.150000,0.000000,0.000193,0.000024,0.000193,0.000024,0.003216,0.003216
2025-09-14 03:00:00,0.020000,0.080000,idle,0.000000,0,0.000000,0,0.000000,True,0.200000,10.000000,20.000000,30.000000,0.000000,0.020000,0.020000,0,0.080000,0.020000,0.080000,0.020000,0.080000,0.959166,0.959166,0.150000,0.000000,0.000161,0.000020,0.000161,0.000020,0.002680,0.002680
2025-09-14 03:15:00,0.019000,0.076000,idle,0.000000,0,0.000000,0,0.000000,True,0.200000,10.000000,20.000000,30.000000,0.000000,0.019000,0.019000,0,0.076000,0.019000,0.076000,0.019000,0.076000,0.959166,0.959166,0.150000,0.000000,0.000153,0.000019,0.000153,0.000019,0.002546,0.002546
2025-09-14 03:30:00,0.041000,0.164000,idle,0.000000,0,0.000000,0,0.000000,True,0.200000,10.000000,20.000000,30.000000,0.000000,0.041000,0.041000,0,0.164000,0.041000,0.164000,0.041000,0.164000,0.959166,0.959166,0.150000,0.000000,0.000330,0.000041,0.000330,0.000041,0.005494,0.005494
2025-09-14 03:45:00,0.041000,0.164000,idle,0.000000,0,0.000000,0,0.000000,True,0.200000,10.000000,20.000000,30.000000,0.000000,0.041000,0.041000,0,0.164000,0.041000,0.164000,0.041000,0.164000,0.959166,0.959166,0.150000,0.000000,0.000330,0.000041,0.000330,0.000041,0.005494,0.005494
2025-09-14 04:00:00,0.039000,0.156000,idle,0.000000,0,0.000000,0,0.000000,True,0.200000,10.000000,20.000000,30.000000,0.000000,0.039000,0.039000,0,0.156000,0.039000,0.156000,0.039000,0.156000,0.959166,0.959166,0.150000,0.000000,0.000314,0.000039,0.000314,0.000039,0.005226,0.005226
2025-09-14 04:15:00,0.040000,0.160000,idle,0.000000,0,0.000000,0,0.000000,True,0.200000,10.000000,20.000000,30.000000,0.000000,0.040000,0.040000,0,0.160000,0.040000,0.160000,0.040000,0.160000,0.959166,0.959166,0.150000,0.000000,0.000322,0.000040,0.000322,0.000040,0.005360,0.005360
2025-09-14 04:30:00,0.040000,0.160000,idle,0.000000,0,0.000000,0,0.000000,True,0.200000,10.000000,20.000000,30.000000,0.000000,0.040000,0.040000,0,0.160000,0.040000,0.160000,0.040000,0.160000,0.959166,0.959166,0.150000,0.000000,0.000322,0.000040,0.000322,0.000040,0.005360,0.005360
2025-09-14 04:45:00,0.039000,0.156000,idle,0.000000,0,0.000000,0,0.000000,True,0.200000,10.000000,20.000000,30.000000,0.000000,0.039000,0.039000,0,0.156000,0.039000,0.156000,0.039000,0.156000,0.959166,0.959166,0.150000,0.000000,0.000314,0.000039,0.000314,0.000039,0.005226,0.005226
2025-09-14 05:00:00,0.035000,0.140000,idle,0.000000,0,0.000000,0,0.000000,True,0.200000,10.000000,20.000000,30.000000,0.000000,0.035000,0.035000,0,0.140000,0.035000,0.140000,0.035000,0.140000,0.959166,0.959166,0.150000,0.000000,0.000281,0.000035,0.000281,0.000035,0.004690,0.004690
2025-09-14 05:15:00,0.017000,0.068000,idle,0.000000,0,0.000000,0,0.000000,True,0.200000,10.000000,20.000000,30.000000,0.000000,0.017000,0.017000,0,0.068000,0.017000,0.068000,0.017000,0.068000,0.959166,0.959166,0.150000,0.000000,0.000137,0.000017,0.000137,0.000017,0.002278,0.002278
2025-09-14 05:30:00,0.011000,0.044000,idle,0.000000,0,0.000000,0,0.000000,True,0.200000,10.000000,20.000000,30.000000,0.000000,0.011000,0.011000,0,0.044000,0.011000,0.044000,0.011000,0.044000,0.959166,0.959166,0.150000,0.000000,0.000088,0.000011,0.000088,0.000011,0.001474,0.001474
2025-09-14 05:45:00,0.006000,0.024000,idle,0.000000,0,0.000000,0,0.000000,True,0.200000,10.000000,20.000000,30.000000,0.000000,0.006000,0.006000,0,0.024000,0.006000,0.024000,0.006000,0.024000,0.959166,0.959166,0.150000,0.000000,0.000048,0.000006,0.000048,0.000006,0.000804,0.000804
2025-09-14 06:00:00,0.011000,0.044000,idle,0.000000,0,0.000000,0,0.000000,True,0.200000,10.000000,20.000000,30.000000,0.000000,0.011000,0.011000,0,0.044000,0.011000,0.044000,0.011000,0.044000,0.959166,0.959166,0.150000,0.000000,0.000088,0.000011,0.000088,0.000011,0.001474,0.001474
2025-09-14 06:15:00,0.032000,0.128000,idle,0.000000,0,0.000000,0,0.000000,True,0.200000,10.000000,20.000000,30.000000,0.000000,0.032000,0.032000,0,0.128000,0.032000,0.128000,0.032000,0.128000,0.959166,0.959166,0.150000,0.000000,0.000257,0.000032,0.000257,0.000032,0.004288,0.004288
2025-09-14 06:30:00,0.031000,0.124000,idle,0.000000,0,0.000000,0,0.000000,True,0.200000,10.000000,20.000000,30.000000,0.000000,0.031000,0.031000,0,0.124000,0.031000,0.124000,0.031000,0.124000,0.959166,0.959166,0.150000,0.000000,0.000249,0.000031,0.000249,0.000031,0.004154,0.004154
2025-09-14 06:45:00,0.031000,0.124000,idle,0.000000,0,0.000000,0,0.000000,True,0.200000,10.000000,20.000000,30.000000,0.000000,0.031000,0.031000,0,0.124000,0.031000,0.124000,0.031000,0.124000,0.959166,0.959166,0.150000,0.000000,0.000249,0.000031,0.000249,0.000031,0.004154,0.004154
2025-09-14 07:00:00,0.028000,0.112000,idle,0.000000,0,0.000000,0,0.000000,True,0.200000,10.000000,20.000000,30.000000,0.000000,0.028000,0.028000,0,0.112000,0.028000,0.112000,0.028000,0.112000,0.959166,0.959166,0.150000,0.000000,0.000225,0.000028,0.000225,0.000028,0.003752,0.003752
2025-09-14 07:15:00,0.027000,0.108000,idle,0.000000,0,0.000000,0,0.000000,True,0.200000,10.000000,20.000000,30.000000,0.000000,0.027000,0.027000,0,0.108000,0.027000,0.108000,0.027000,0.108000,0.959166,0.959166,0.150000,0.000000,0.000217,0.000027,0.000217,0.000027,0.003618,0.003618
2025-09-14 07:30:00,0.027000,0.108000,idle,0.000000,0,0.000000,0,0.000000,True,0.200000,10.000000,20.000000,30.000000,0.000000,0.027000,0.027000,0,0.108000,0.027000,0.108000,0.027000,0.108000,0.959166,0.959166,0.150000,0.000000,0.000217,0.000027,0.000217,0.000027,0.003618,0.003618
2025-09-14 07:45:00,0.010000,0.040000,idle,0.000000,0,0.000000,0,0.000000,True,0.200000,10.000000,20.000000,30.000000,0.000000,0.010000,0.010000,0,0.040000,0.010000,0.040000,0.010000,0.040000,0.959166,0.959166,0.150000,0.000000,0.000080,0.000010,0.000080,0.000010,0.001340,0.001340
2025-09-14 08:00:00,0.006000,0.024000,idle,0.000000,0,0.000000,0,0.000000,True,0.200000,10.000000,20.000000,30.000000,0.000000,0.006000,0.006000,0,0.024000,0.006000,0.024000,0.006000,0.024000,0.959166,0.959166,0.150000,0.000000,0.000048,0.000006,0.000048,0.000006,0.000804,0.000804
2025-09-14 08:15:00,0.007000,0.028000,idle,0.000000,0,0.000000,0,0.000000,True,0.200000,10.000000,20.000000,30.000000,0.000000,0.007000,0.007000,0,0.028000,0.007000,0.028000,0.007000,0.028000,0.959166,0.959166,0.150000,0.000000,0.000056,0.000007,0.000056,0.000007,0.000938,0.000938
2025-09-14 08:30:00,0.006000,0.024000,idle,0.000000,0,0.000000,0,0.000000,True,0.200000,10.000000,20.000000,30.000000,0.000000,0.006000,0.006000,0,0.024000,0.006000,0.024000,0.006000,0.024000,0.959166,0.959166,0.150000,0.000000,0.000048,0.000006,0.000048,0.000006,0.000804,0.000804
2025-09-14 08:45:00,0.024000,0.096000,idle,0.000000,0,0.000000,0,0.000000,True,0.200000,10.000000,20.000000,30.000000,0.000000,0.024000,0.024000,0,0.096000,0.024000,0.096000,0.024000,0.096000,0.959166,0.959166,0.150000,0.000000,0.000193,0.000024,0.000193,0.000024,0.003216,0.003216
2025-09-14 09:00:00,0.032000,0.128000,idle,0.000000,0,0.000000,0,0.000000,True,0.200000,10.000000,20.000000,30.000000,0.000000,0.032000,0.032000,0,0.128000,0.032000,0.128000,0.032000,0.128000,0.959166,0.959166,0.150000,0.000000,0.000257,0.000032,0.000257,0.000032,0.004288,0.004288
2025-09-14 09:15:00,0.032000,0.128000,idle,0.000000,0,0.000000,0,0.000000,True,0.200000,10.000000,20.000000,30.000000,0.000000,0.032000,0.032000,0,0.128000,0.032000,0.128000,0.032000,0.128000,0.959166,0.959166,0.150000,0.000000,0.000257,0.000032,0.000257,0.000032,0.004288,0.004288
2025-09-14 09:30:00,0.030000,0.120000,idle,0.000000,0,0.000000,0,0.000000,True,0.200000,10.000000,20.000000,30.000000,0.000000,0.030000,0.030000,0,0.120000,0.030000,0.120000,0.030000,0.120000,0.959166,0.959166,0.150000,0.000000,0.000241,0.000030,0.000241,0.000030,0.004020,0.004020
2025-09-14 09:45:00,0.028000,0.112000,idle,0.000000,0,0.000000,0,0.000000,True,0.200000,10.000000,20.000000,30.000000,0.000000,0.028000,0.028000,0,0.112000,0.028000,0.112000,0.028000,0.112000,0.959166,0.959166,0.150000,0.000000,0.000225,0.000028,0.000225,0.000028,0.003752,0.003752
2025-09-14 10:00:00,0.028000,0.112000,idle,0.000000,0,0.000000,0,0.000000,True,0.200000,10.000000,20.000000,30.000000,0.000000,0.028000,0.028000,0,0.112000,0.028000,0.112000,0.028000,0.112000,0.959166,0.959166,0.150000,0.000000,0.000225,0.000028,0.000225,0.000028,0.003752,0.003752
2025-09-14 10:15:00,0.027000,0.108000,idle,0.000000,0,0.000000,0,0.000000,True,0.200000,10.000000,20.000000,30.000000,0.000000,0.027000,0.027000,0,0.108000,0.027000,0.108000,0.027000,0.108000,0.959166,0.959166,0.150000,0.000000,0.000217,0.000027,0.000217,0.000027,0.003618,0.003618
2025-09-14 10:30:00,0.015000,0.060000,idle,0.000000,0,0.000000,0,0.000000,True,0.200000,10.000000,20.000000,30.000000,0.000000,0.015000,0.015000,0,0.060000,0.015000,0.060000,0.015000,0.060000,0.959166,0.959166,0.150000,0.000000,0.000121,0.000015,0.000121,0.000015,0.002010,0.002010
2025-09-14 10:45:00,0.006000,0.024000,idle,0.000000,0,0.000000,0,0.000000,True,0.200000,10.000000,20.000000,30.000000,0.000000,0.006000,0.006000,0,0.024000,0.006000,0.024000,0.006000,0.024000,0.959166,0.959166,0.150000,0.000000,0.000048,0.000006,0.000048,0.000006,0.000804,0.000804
2025-09-14 11:00:00,0.006000,0.024000,idle,0.000000,0,0.000000,0,0.000000,True,0.200000,10.000000,20.000000,30.000000,0.000000,0.006000,0.006000,0,0.024000,0.006000,0.024000,0.006000,0.024000,0.959166,0.959166,0.150000,0.000000,0.000048,0.000006,0.000048,0.000006,0.000804,0.000804
2025-09-14 11:15:00,0.064000,0.256000,idle,0.000000,0,0.000000,0,0.000000,True,0.200000,10.000000,20.000000,30.000000,0.000000,0.064000,0.064000,0,0.256000,0.064000,0.256000,0.064000,0.256000,0.959166,0.959166,0.150000,0.000000,0.000515,0.000064,0.000515,0.000064,0.008576,0.008576
2025-09-14 11:30:00,0.043000,0.172000,idle,0.000000,0,0.000000,0,0.000000,True,0.200000,10.000000,20.000000,30.000000,0.000000,0.043000,0.043000,0,0.172000,0.043000,0.172000,0.043000,0.172000,0.959166,0.959166,0.150000,0.000000,0.000346,0.000043,0.000346,0.000043,0.005762,0.005762
2025-09-14 11:45:00,0.042000,0.168000,idle,0.000000,0,0.000000,0,0.000000,True,0.200000,10.000000,20.000000,30.000000,0.000000,0.042000,0.042000,0,0.168000,0.042000,0.168000,0.042000,0.168000,0.959166,0.959166,0.150000,0.000000,0.000338,0.000042,0.000338,0.000042,0.005628,0.005628
2025-09-14 12:00:00,0.033000,0.132000,idle,0.000000,0,0.000000,0,0.000000,True,0.200000,10.000000,20.000000,30.000000,0.000000,0.033000,0.033000,0,0.132000,0.033000,0.132000,0.033000,0.132000,0.959166,0.959166,0.150000,0.000000,0.000265,0.000033,0.000265,0.000033,0.004422,0.004422
2025-09-14 12:15:00,0.556000,2.224000,idle,0.000000,0,0.000000,0,0.000000,True,0.200000,10.000000,20.000000,30.000000,0.000000,0.556000,0.556000,0,2.224000,0.556000,2.224000,0.556000,2.224000,0.959166,0.959166,0.150000,0.000000,0.004470,0.000556,0.004470,0.000556,0.074504,0.074504
2025-09-14 12:30:00,0.548000,2.192000,idle,0.000000,0,0.000000,0,0.000000,True,0.200000,10.000000,20.000000,30.000000,0.000000,0.548000,0.548000,0,2.192000,0.548000,2.192000,0.548000,2.192000,0.959166,0.959166,0.150000,0.000000,0.004406,0.000548,0.004406,0.000548,0.073432,0.073432
2025-09-14 12:45:00,0.444000,1.776000,idle,0.000000,0,0.000000,0,0.000000,True,0.200000,10.000000,20.000000,30.000000,0.000000,0.444000,0.444000,0,1.776000,0.444000,1.776000,0.444000,1.776000,0.959166,0.959166,0.150000,0.000000,0.003570,0.000444,0.003570,0.000444,0.059496,0.059496
2025-09-14 13:00:00,0.609000,2.436000,idle,0.000000,0,0.000000,0,0.000000,True,0.200000,10.000000,20.000000,30.000000,0.000000,0.609000,0.609000,0,2.436000,0.609000,2.436000,0.609000,2.436000,0.959166,0.959166,0.150000,0.000000,0.004896,0.000609,0.004896,0.000609,0.081606,0.081606
2025-09-14 13:15:00,0.675000,2.700000,idle,0.000000,0,0.000000,0,0.000000,True,0.200000,10.000000,20.000000,30.000000,0.000000,0.675000,0.675000,0,2.700000,0.675000,2.700000,0.675000,2.700000,0.959166,0.959166,0.150000,0.000000,0.005427,0.000675,0.005427,0.000675,0.090450,0.090450
2025-09-14 13:30:00,0.405000,1.620000,idle,0.000000,0,0.000000,0,0.000000,True,0.200000,10.000000,20.000000,30.000000,0.000000,0.405000,0.405000,0,1.620000,0.405000,1.620000,0.405000,1.620000,0.959166,0.959166,0.150000,0.000000,0.003256,0.000405,0.003256,0.000405,0.054270,0.054270
2025-09-14 13:45:00,0.128000,0.512000,idle,0.000000,0,0.000000,0,0.000000,True,0.200000,10.000000,20.000000,30.000000,0.000000,0.128000,0.128000,0,0.512000,0.128000,0.512000,0.128000,0.512000,0.959166,0.959166,0.150000,0.000000,0.001029,0.000128,0.001029,0.000128,0.017152,0.017152
2025-09-14 14:00:00,0.033000,0.132000,idle,0.000000,0,0.000000,0,0.000000,True,0.200000,10.000000,20.000000,30.000000,0.000000,0.033000,0.033000,0,0.132000,0.033000,0.132000,0.033000,0.132000,0.959166,0.959166,0.150000,0.000000,0.000265,0.000033,0.000265,0.000033,0.004422,0.004422
2025-09-14 14:15:00,0.038000,0.152000,idle,0.000000,0,0.000000,0,0.000000,True,0.200000,10.000000,20.000000,30.000000,0.000000,0.038000,0.038000,0,0.152000,0.038000,0.152000,0.038000,0.152000,0.959166,0.959166,0.150000,0.000000,0.000306,0.000038,0.000306,0.000038,0.005092,0.005092
2025-09-14 14:30:00,0.309000,1.236000,idle,0.000000,0,0.000000,0,0.000000,True,0.200000,10.000000,20.000000,30.000000,0.000000,0.309000,0.309000,0,1.236000,0.309000,1.236000,0.309000,1.236000,0.959166,0.959166,0.150000,0.000000,0.002484,0.000309,0.002484,0.000309,0.041406,0.041406
2025-09-14 14:45:00,0.017000,0.068000,idle,0.000000,0,0.000000,0,0.000000,True,0.200000,10.000000,20.000000,30.000000,0.000000,0.017000,0.017000,0,0.068000,0.017000,0.068000,0.017000,0.068000,0.959166,0.959166,0.150000,0.000000,0.000137,0.000017,0.000137,0.000017,0.002278,0.002278
2025-09-14 15:00:00,0.037000,0.148000,idle,0.000000,0,0.000000,0,0.000000,True,0.200000,10.000000,20.000000,30.000000,0.000000,0.037000,0.037000,0,0.148000,0.037000,0.148000,0.037000,0.148000,0.959166,0.959166,0.150000,0.000000,0.000297,0.000037,0.000297,0.000037,0.004958,0.004958
2025-09-14 15:15:00,0.126000,0.504000,idle,0.000000,0,0.000000,0,0.000000,True,0.200000,10.000000,20.000000,30.000000,0.000000,0.126000,0.126000,0,0.504000,0.126000,0.504000,0.126000,0.504000,0.959166,0.959166,0.150000,0.000000,0.001013,0.000126,0.001013,0.000126,0.016884,0.016884
2025-09-14 15:30:00,0.155000,0.620000,idle,0.000000,0,0.000000,0,0.000000,True,0.200000,10.000000,20.000000,30.000000,0.000000,0.155000,0.155000,0,0.620000,0.155000,0.620000,0.155000,0.620000,0.959166,0.959166,0.150000,0.000000,0.001246,0.000155,0.001246,0.000155,0.020770,0.020770
2025-09-14 15:45:00,0.486000,1.944000,idle,0.000000,0,0.000000,0,0.000000,True,0.200000,10.000000,20.000000,30.000000,0.000000,0.486000,0.486000,0,1.944000,0.486000,1.944000,0.486000,1.944000,0.959166,0.959166,0.150000,0.000000,0.003907,0.000486,0.003907,0.000486,0.065124,0.065124
2025-09-14 16:00:00,0.337000,1.348000,idle,0.000000,0,0.000000,0,0.000000,True,0.200000,10.000000,20.000000,30.000000,0.000000,0.337000,0.337000,0,1.348000,0.337000,1.348000,0.337000,1.348000,0.959166,0.959166,0.150000,0.000000,0.002709,0.000337,0.002709,0.000337,0.045158,0.045158
2025-09-14 16:15:00,0.091000,0.364000,idle,0.000000,0,0.000000,0,0.000000,True,0.200000,10.000000,20.000000,30.000000,0.000000,0.091000,0.091000,0,0.364000,0.091000,0.364000,0.091000,0.364000,0.959166,0.959166,0.150000,0.000000,0.000732,0.000091,0.000732,0.000091,0.012194,0.012194
2025-09-14 16:30:00,0.135000,0.540000,idle,0.000000,0,0.000000,0,0.000000,True,0.200000,10.000000,20.000000,30.000000,0.000000,0.135000,0.135000,0,0.540000,0.135000,0.540000,0.135000,0.540000,0.959166,0.959166,0.150000,0.000000,0.001085,0.000135,0.001085,0.000135,0.018090,0.018090
2025-09-14 16:45:00,0.104000,0.416000,idle,0.000000,0,0.000000,0,0.000000,True,0.200000,10.000000,20.000000,30.000000,0.000000,0.104000,0.104000,0,0.416000,0.104000,0.416000,0.104000,0.416000,0.959166,0.959166,0.150000,0.000000,0.000836,0.000104,0.000836,0.000104,0.013936,0.013936
2025-09-14 17:00:00,0.060000,0.240000,idle,0.000000,0,0.000000,0,0.000000,True,0.200000,10.000000,20.000000,30.000000,0.000000,0.060000,0.060000,0,0.240000,0.060000,0.240000,0.060000,0.240000,0.959166,0.959166,0.150000,0.000000,0.000482,0.000060,0.000482,0.000060,0.008040,0.008040
2025-09-14 17:15:00,0.078000,0.312000,idle,0.000000,0,0.000000,0,0.000000,True,0.200000,10.000000,20.000000,30.000000,0.000000,0.078000,0.078000,0,0.312000,0.078000,0.312000,0.078000,0.312000,0.959166,0.959166,0.150000,0.000000,0.000627,0.000078,0.000627,0.000078,0.010452,0.010452
2025-09-14 17:30:00,0.067000,0.268000,idle,0.000000,0,0.000000,0,0.000000,True,0.200000,10.000000,20.000000,30.000000,0.000000,0.067000,0.067000,0,0.268000,0.067000,0.268000,0.067000,0.268000,0.959166,0.959166,0.150000,0.000000,0.000539,0.000067,0.000539,0.000067,0.008978,0.008978
2025-09-14 17:45:00,0.059000,0.236000,idle,0.000000,0,0.000000,0,0.000000,True,0.200000,10.000000,20.000000,30.000000,0.000000,0.059000,0.059000,0,0.236000,0.059000,0.236000,0.059000,0.236000,0.959166,0.959166,0.150000,0.000000,0.000474,0.000059,0.000474,0.000059,0.007906,0.007906
2025-09-14 18:00:00,0.038000,0.152000,idle,0.000000,0,0.000000,0,0.000000,True,0.200000,10.000000,20.000000,30.000000,0.000000,0.038000,0.038000,0,0.152000,0.038000,0.152000,0.038000,0.152000,0.959166,0.959166,0.150000,0.000000,0.000306,0.000038,0.000306,0.000038,0.005092,0.005092
2025-09-14 18:15:00,0.088000,0.352000,idle,0.000000,0,0.000000,0,0.000000,True,0.200000,10.000000,20.000000,30.000000,0.000000,0.088000,0.088000,0,0.352000,0.088000,0.352000,0.088000,0.352000,0.959166,0.959166,0.150000,0.000000,0.000708,0.000088,0.000708,0.000088,0.011792,0.011792
2025-09-14 18:30:00,0.058000,0.232000,idle,0.000000,0,0.000000,0,0.000000,True,0.200000,10.000000,20.000000,30.000000,0.000000,0.058000,0.058000,0,0.232000,0.058000,0.232000,0.058000,0.232000,0.959166,0.959166,0.150000,0.000000,0.000466,0.000058,0.000466,0.000058,0.007772,0.007772
2025-09-14 18:45:00,0.086000,0.344000,idle,0.000000,0,0.000000,0,0.000000,True,0.200000,10.000000,20.000000,30.000000,0.000000,0.086000,0.086000,0,0.344000,0.086000,0.344000,0.086000,0.344000,0.959166,0.959166,0.150000,0.000000,0.000691,0.000086,0.000691,0.000086,0.011524,0.011524
2025-09-14 19:00:00,0.327000,1.308000,idle,0.000000,0,0.000000,0,0.000000,True,0.200000,10.000000,20.000000,30.000000,0.000000,0.327000,0.327000,0,1.308000,0.327000,1.308000,0.327000,1.308000,0.959166,0.959166,0.150000,0.000000,0.002629,0.000327,0.002629,0.000327,0.043818,0.043818
2025-09-14 19:15:00,0.085000,0.340000,idle,0.000000,0,0.000000,0,0.000000,True,0.200000,10.000000,20.000000,30.000000,0.000000,0.085000,0.085000,0,0.340000,0.085000,0.340000,0.085000,0.340000,0.959166,0.959166,0.150000,0.000000,0.000683,0.000085,0.000683,0.000085,0.011390,0.011390
2025-09-14 19:30:00,0.194000,0.776000,idle,0.000000,0,0.000000,0,0.000000,True,0.200000,10.000000,20.000000,30.000000,0.000000,0.194000,0.194000,0,0.776000,0.194000,0.776000,0.194000,0.776000,0.959166,0.959166,0.150000,0.000000,0.001560,0.000194,0.001560,0.000194,0.025996,0.025996
2025-09-14 19:45:00,0.644000,2.576000,idle,0.000000,0,0.000000,0,0.000000,True,0.200000,10.000000,20.000000,30.000000,0.000000,0.644000,0.644000,0,2.576000,0.644000,2.576000,0.644000,2.576000,0.959166,0.959166,0.150000,0.000000,0.005178,0.000644,0.005178,0.000644,0.086296,0.086296
2025-09-14 20:00:00,0.259000,1.036000,idle,0.000000,0,0.000000,0,0.000000,True,0.200000,10.000000,20.000000,30.000000,0.000000,0.259000,0.259000,0,1.036000,0.259000,1.036000,0.259000,1.036000,0.959166,0.959166,0.150000,0.000000,0.002082,0.000259,0.002082,0.000259,0.034706,0.034706
2025-09-14 20:15:00,0.051000,0.204000,idle,0.000000,0,0.000000,0,0.000000,True,0.200000,10.000000,20.000000,30.000000,0.000000,0.051000,0.051000,0,0.204000,0.051000,0.204000,0.051000,0.204000,0.959166,0.959166,0.150000,0.000000,0.000410,0.000051,0.000410,0.000051,0.006834,0.006834
2025-09-14 20:30:00,0.067000,0.268000,idle,0.000000,0,0.000000,0,0.000000,True,0.200000,10.000000,20.000000,30.000000,0.000000,0.067000,0.067000,0,0.268000,0.067000,0.268000,0.067000,0.268000,0.959166,0.959166,0.150000,0.000000,0.000539,0.000067,0.000539,0.000067,0.008978,0.008978
2025-09-14 20:45:00,0.080000,0.320000,idle,0.000000,0,0.000000,0,0.000000,True,0.200000,10.000000,20.000000,30.000000,0.000000,0.080000,0.080000,0,0.320000,0.080000,0.320000,0.080000,0.320000,0.959166,0.959166,0.150000,0.000000,0.000643,0.000080,0.000643,0.000080,0.010720,0.010720
2025-09-14 21:00:00,0.057000,0.228000,idle,0.000000,0,0.000000,0,0.000000,True,0.200000,10.000000,20.000000,30.000000,0.000000,0.057000,0.057000,0,0.228000,0.057000,0.228000,0.057000,0.228000,0.959166,0.959166,0.150000,0.000000,0.000458,0.000057,0.000458,0.000057,0.007638,0.007638
2025-09-14 21:15:00,0.069000,0.276000,idle,0.000000,0,0.000000,0,0.000000,True,0.200000,10.000000,20.000000,30.000000,0.000000,0.069000,0.069000,0,0.276000,0.069000,0.276000,0.069000,0.276000,0.959166,0.959166,0.150000,0.000000,0.000555,0.000069,0.000555,0.000069,0.009246,0.009246
2025-09-14 21:30:00,0.140000,0.560000,idle,0.000000,0,0.000000,0,0.000000,True,0.200000,10.000000,20.000000,30.000000,0.000000,0.140000,0.140000,0,0.560000,0.140000,0.560000,0.140000,0.560000,0.959166,0.959166,0.150000,0.000000,0.001126,0.000140,0.001126,0.000140,0.018760,0.018760
2025-09-14 21:45:00,0.106000,0.424000,idle,0.000000,0,0.000000,0,0.000000,True,0.200000,10.000000,20.000000,30.000000,0.000000,0.106000,0.106000,0,0.424000,0.106000,0.424000,0.106000,0.424000,0.959166,0.959166,0.150000,0.000000,0.000852,0.000106,0.000852,0.000106,0.014204,0.014204
2025-09-14 22:00:00,0.107000,0.428000,idle,0.000000,0,0.000000,0,0.000000,True,0.200000,10.000000,20.000000,30.000000,0.000000,0.107000,0.107000,0,0.428000,0.107000,0.428000,0.107000,0.428000,0.959166,0.959166,0.150000,0.000000,0.000860,0.000107,0.000860,0.000107,0.014338,0.014338
2025-09-14 22:15:00,0.119000,0.476000,idle,0.000000,0,0.000000,0,0.000000,True,0.200000,10.000000,20.000000,30.000000,0.000000,0.119000,0.119000,0,0.476000,0.119000,0.476000,0.119000,0.476000,0.959166,0.959166,0.150000,0.000000,0.000957,0.000119,0.000957,0.000119,0.015946,0.015946
2025-09-14 22:30:00,0.056000,0.224000,idle,0.000000,0,0.000000,0,0.000000,True,0.200000,10.000000,20.000000,30.000000,0.000000,0.056000,0.056000,0,0.224000,0.056000,0.224000,0.056000,0.224000,0.959166,0.959166,0.150000,0.000000,0.000450,0.000056,0.000450,0.000056,0.007504,0.007504
2025-09-14 22:45:00,0.024000,0.096000,idle,0.000000,0,0.000000,0,0.000000,True,0.200000,10.000000,20.000000,30.000000,0.000000,0.024000,0.024000,0,0.096000,0.024000,0.096000,0.024000,0.096000,0.959166,0.959166,0.150000,0.000000,0.000193,0.000024,0.000193,0.000024,0.003216,0.003216
2025-09-14 23:00:00,0.035000,0.140000,idle,0.000000,0,0.000000,0,0.000000,True,0.200000,10.000000,20.000000,30.000000,0.000000,0.035000,0.035000,0,0.140000,0.035000,0.140000,0.035000,0.140000,0.959166,0.959166,0.150000,0.000000,0.000281,0.000035,0.000281,0.000035,0.004690,0.004690
2025-09-14 23:15:00,0.039000,0.156000,idle,0.000000,0,0.000000,0,0.000000,True,0.200000,10.000000,20.000000,30.000000,0.000000,0.039000,0.039000,0,0.156000,0.039000,0.156000,0.039000,0.156000,0.959166,0.959166,0.150000,0.000000,0.000314,0.000039,0.000314,0.000039,0.005226,0.005226
2025-09-14 23:30:00,0.021000,0.084000,idle,0.000000,0,0.000000,0,0.000000,True,0.200000,10.000000,20.000000,30.000000,0.000000,0.021000,0.021000,0,0.084000,0.021000,0.084000,0.021000,0.084000,0.959166,0.959166,0.150000,0.000000,0.000169,0.000021,0.000169,0.000021,0.002814,0.002814
2025-09-14 23:45:00,0.026000,0.104000,idle,0.000000,0,0.000000,0,0.000000,True,0.200000,10.000000,20.000000,30.000000,0.000000,0.026000,0.026000,0,0.104000,0.026000,0.104000,0.026000,0.104000,0.959166,0.959166,0.150000,0.000000,0.000209,0.000026,0.000209,0.000026,0.003484,0.003484
2025-09-15 00:00:00,0.045000,0.180000,idle,0.000000,0,0.000000,0,0.000000,True,0.200000,10.000000,20.000000,30.000000,0.000000,0.045000,0.045000,0,0.180000,0.045000,0.180000,0.045000,0.180000,0.959166,0.959166,0.150000,0.000000,0.000362,0.000045,0.000362,0.000045,0.006030,0.006030
2025-09-15 00:15:00,0.022000,0.088000,idle,0.000000,0,0.000000,0,0.000000,True,0.200000,10.000000,20.000000,30.000000,0.000000,0.022000,0.022000,0,0.088000,0.022000,0.088000,0.022000,0.088000,0.959166,0.959166,0.150000,0.000000,0.000177,0.000022,0.000177,0.000022,0.002948,0.002948
2025-09-15 00:30:00,0.017000,0.068000,idle,0.000000,0,0.000000,0,0.000000,True,0.200000,10.000000,20.000000,30.000000,0.000000,0.017000,0.017000,0,0.068000,0.017000,0.068000,0.017000,0.068000,0.959166,0.959166,0.150000,0.000000,0.000137,0.000017,0.000137,0.000017,0.002278,0.002278
2025-09-15 00:45:00,0.038000,0.152000,idle,0.000000,0,0.000000,0,0.000000,True,0.200000,10.000000,20.000000,30.000000,0.000000,0.038000,0.038000,0,0.152000,0.038000,0.152000,0.038000,0.152000,0.959166,0.959166,0.150000,0.000000,0.000306,0.000038,0.000306,0.000038,0.005092,0.005092
2025-09-15 01:00:00,0.030000,0.120000,idle,0.000000,0,0.000000,0,0.000000,True,0.200000,10.000000,20.000000,30.000000,0.000000,0.030000,0.030000,0,0.120000,0.030000,0.120000,0.030000,0.120000,0.959166,0.959166,0.150000,0.000000,0.000241,0.000030,0.000241,0.000030,0.004020,0.004020
2025-09-15 01:15:00,0.016000,0.064000,idle,0.000000,0,0.000000,0,0.000000,True,0.200000,10.000000,20.000000,30.000000,0.000000,0.016000,0.016000,0,0.064000,0.016000,0.064000,0.016000,0.064000,0.959166,0.959166,0.150000,0.000000,0.000129,0.000016,0.000129,0.000016,0.002144,0.002144
2025-09-15 01:30:00,0.026000,0.104000,idle,0.000000,0,0.000000,0,0.000000,True,0.200000,10.000000,20.000000,30.000000,0.000000,0.026000,0.026000,0,0.104000,0.026000,0.104000,0.026000,0.104000,0.959166,0.959166,0.150000,0.000000,0.000209,0.000026,0.000209,0.000026,0.003484,0.003484
2025-09-15 01:45:00,0.042000,0.168000,idle,0.000000,0,0.000000,0,0.000000,True,0.200000,10.000000,20.000000,30.000000,0.000000,0.042000,0.042000,0,0.168000,0.042000,0.168000,0.042000,0.168000,0.959166,0.959166,0.150000,0.000000,0.000338,0.000042,0.000338,0.000042,0.005628,0.005628
2025-09-15 02:00:00,0.015000,0.060000,idle,0.000000,0,0.000000,0,0.000000,True,0.200000,10.000000,20.000000,30.000000,0.000000,0.015000,0.015000,0,0.060000,0.015000,0.060000,0.015000,0.060000,0.959166,0.959166,0.150000,0.000000,0.000121,0.000015,0.000121,0.000015,0.002010,0.002010
2025-09-15 02:15:00,0.016000,0.064000,idle,0.000000,0,0.000000,0,0.000000,True,0.200000,10.000000,20.000000,30.000000,0.000000,0.016000,0.016000,0,0.064000,0.016000,0.064000,0.016000,0.064000,0.959166,0.959166,0.150000,0.000000,0.000129,0.000016,0.000129,0.000016,0.002144,0.002144
2025-09-15 02:30:00,0.042000,0.168000,idle,0.000000,0,0.000000,0,0.000000,True,0.200000,10.000000,20.000000,30.000000,0.000000,0.042000,0.042000,0,0.168000,0.042000,0.168000,0.042000,0.168000,0.959166,0.959166,0.150000,0.000000,0.000338,0.000042,0.000338,0.000042,0.005628,0.005628
2025-09-15 02:45:00,0.025000,0.100000,idle,0.000000,0,0.000000,0,0.000000,True,0.200000,10.000000,20.000000,30.000000,0.000000,0.025000,0.025000,0,0.100000,0.025000,0.100000,0.025000,0.100000,0.959166,0.959166,0.150000,0.000000,0.000201,0.000025,0.000201,0.000025,0.003350,0.003350
2025-09-15 03:00:00,0.015000,0.060000,idle,0.000000,0,0.000000,0,0.000000,True,0.200000,10.000000,20.000000,30.000000,0.000000,0.015000,0.015000,0,0.060000,0.015000,0.060000,0.015000,0.060000,0.959166,0.959166,0.150000,0.000000,0.000121,0.000015,0.000121,0.000015,0.002010,0.002010
2025-09-15 03:15:00,0.031000,0.124000,idle,0.000000,0,0.000000,0,0.000000,True,0.200000,10.000000,20.000000,30.000000,0.000000,0.031000,0.031000,0,0.124000,0.031000,0.124000,0.031000,0.124000,0.959166,0.959166,0.150000,0.000000,0.000249,0.000031,0.000249,0.000031,0.004154,0.004154
2025-09-15 03:30:00,0.036000,0.144000,idle,0.000000,0,0.000000,0,0.000000,True,0.200000,10.000000,20.000000,30.000000,0.000000,0.036000,0.036000,0,0.144000,0.036000,0.144000,0.036000,0.144000,0.959166,0.959166,0.150000,0.000000,0.000289,0.000036,0.000289,0.000036,0.004824,0.004824
2025-09-15 03:45:00,0.016000,0.064000,idle,0.000000,0,0.000000,0,0.000000,True,0.200000,10.000000,20.000000,30.000000,0.000000,0.016000,0.016000,0,0.064000,0.016000,0.064000,0.016000,0.064000,0.959166,0.959166,0.150000,0.000000,0.000129,0.000016,0.000129,0.000016,0.002144,0.002144
2025-09-15 04:00:00,0.018000,0.072000,idle,0.000000,0,0.000000,0,0.000000,True,0.200000,10.000000,20.000000,30.000000,0.000000,0.018000,0.018000,0,0.072000,0.018000,0.072000,0.018000,0.072000,0.959166,0.959166,0.150000,0.000000,0.000145,0.000018,0.000145,0.000018,0.002412,0.002412
2025-09-15 04:15:00,0.043000,0.172000,idle,0.000000,0,0.000000,0,0.000000,True,0.200000,10.000000,20.000000,30.000000,0.000000,0.043000,0.043000,0,0.172000,0.043000,0.172000,0.043000,0.172000,0.959166,0.959166,0.150000,0.000000,0.000346,0.000043,0.000346,0.000043,0.005762,0.005762
2025-09-15 04:30:00,0.021000,0.084000,idle,0.000000,0,0.000000,0,0.000000,True,0.200000,10.000000,20.000000,30.000000,0.000000,0.021000,0.021000,0,0.084000,0.021000,0.084000,0.021000,0.084000,0.959166,0.959166,0.150000,0.000000,0.000169,0.000021,0.000169,0.000021,0.002814,0.002814
2025-09-15 04:45:00,0.015000,0.060000,idle,0.000000,0,0.000000,0,0.000000,True,0.200000,10.000000,20.000000,30.000000,0.000000,0.015000,0.015000,0,0.060000,0.015000,0.060000,0.015000,0.060000,0.959166,0.959166,0.150000,0.000000,0.000121,0.000015,0.000121,0.000015,0.002010,0.002010
2025-09-15 05:00:00,0.034000,0.136000,idle,0.000000,0,0.000000,0,0.000000,True,0.200000,10.000000,20.000000,30.000000,0.000000,0.034000,0.034000,0,0.136000,0.034000,0.136000,0.034000,0.136000,0.959166,0.959166,0.150000,0.000000,0.000273,0.000034,0.000273,0.000034,0.004556,0.004556
2025-09-15 05:15:00,0.032000,0.128000,idle,0.000000,0,0.000000,0,0.000000,True,0.200000,10.000000,20.000000,30.000000,0.000000,0.032000,0.032000,0,0.128000,0.032000,0.128000,0.032000,0.128000,0.959166,0.959166,0.150000,0.000000,0.000257,0.000032,0.000257,0.000032,0.004288,0.004288
2025-09-15 05:30:00,0.015000,0.060000,idle,0.000000,0,0.000000,0,0.000000,True,0.200000,10.000000,20.000000,30.000000,0.000000,0.015000,0.015000,0,0.060000,0.015000,0.060000,0.015000,0.060000,0.959166,0.959166,0.150000,0.000000,0.000121,0.000015,0.000121,0.000015,0.002010,0.002010
2025-09-15 05:45:00,0.021000,0.084000,idle,0.000000,0,0.000000,0,0.000000,True,0.200000,10.000000,20.000000,30.000000,0.000000,0.021000,0.021000,0,0.084000,0.021000,0.084000,0.021000,0.084000,0.959166,0.959166,0.150000,0.000000,0.000169,0.000021,0.000169,0.000021,0.002814,0.002814
2025-09-15 06:00:00,0.043000,0.172000,idle,0.000000,0,0.000000,0,0.000000,True,0.200000,10.000000,20.000000,30.000000,0.000000,0.043000,0.043000,0,0.172000,0.043000,0.172000,0.043000,0.172000,0.959166,0.959166,0.150000,0.000000,0.000346,0.000043,0.000346,0.000043,0.005762,0.005762
2025-09-15 06:15:00,0.017000,0.068000,idle,0.000000,0,0.000000,0,0.000000,True,0.200000,10.000000,20.000000,30.000000,0.000000,0.017000,0.017000,0,0.068000,0.017000,0.068000,0.017000,0.068000,0.959166,0.959166,0.150000,0.000000,0.000137,0.000017,0.000137,0.000017,0.002278,0.002278
2025-09-15 06:30:00,0.015000,0.060000,idle,0.000000,0,0.000000,0,0.000000,True,0.200000,10.000000,20.000000,30.000000,0.000000,0.015000,0.015000,0,0.060000,0.015000,0.060000,0.015000,0.060000,0.959166,0.959166,0.150000,0.000000,0.000121,0.000015,0.000121,0.000015,0.002010,0.002010
2025-09-15 06:45:00,0.036000,0.144000,idle,0.000000,0,0.000000,0,0.000000,True,0.200000,10.000000,20.000000,30.000000,0.000000,0.036000,0.036000,0,0.144000,0.036000,0.144000,0.036000,0.144000,0.959166,0.959166,0.150000,0.000000,0.000289,0.000036,0.000289,0.000036,0.004824,0.004824
2025-09-15 07:00:00,0.030000,0.120000,idle,0.000000,0,0.000000,0,0.000000,True,0.200000,10.000000,20.000000,30.000000,0.000000,0.030000,0.030000,0,0.120000,0.030000,0.120000,0.030000,0.120000,0.959166,0.959166,0.150000,0.000000,0.000241,0.000030,0.000241,0.000030,0.004020,0.004020
2025-09-15 07:15:00,0.015000,0.060000,idle,0.000000,0,0.000000,0,0.000000,True,0.200000,10.000000,20.000000,30.000000,0.000000,0.015000,0.015000,0,0.060000,0.015000,0.060000,0.015000,0.060000,0.959166,0.959166,0.150000,0.000000,0.000121,0.000015,0.000121,0.000015,0.002010,0.002010
2025-09-15 07:30:00,0.023000,0.092000,idle,0.000000,0,0.000000,0,0.000000,True,0.200000,10.000000,20.000000,30.000000,0.000000,0.023000,0.023000,0,0.092000,0.023000,0.092000,0.023000,0.092000,0.959166,0.959166,0.150000,0.000000,0.000185,0.000023,0.000185,0.000023,0.003082,0.003082
2025-09-15 07:45:00,0.042000,0.168000,idle,0.000000,0,0.000000,0,0.000000,True,0.200000,10.000000,20.000000,30.000000,0.000000,0.042000,0.042000,0,0.168000,0.042000,0.168000,0.042000,0.168000,0.959166,0.959166,0.150000,0.000000,0.000338,0.000042,0.000338,0.000042,0.005628,0.005628
2025-09-15 08:00:00,0.015000,0.060000,idle,0.000000,0,0.000000,0,0.000000,True,0.200000,10.000000,20.000000,30.000000,0.000000,0.015000,0.015000,0,0.060000,0.015000,0.060000,0.015000,0.060000,0.959166,0.959166,0.150000,0.000000,0.000121,0.000015,0.000121,0.000015,0.002010,0.002010
2025-09-15 08:15:00,0.016000,0.064000,idle,0.000000,0,0.000000,0,0.000000,True,0.200000,10.000000,20.000000,30.000000,0.000000,0.016000,0.016000,0,0.064000,0.016000,0.064000,0.016000,0.064000,0.959166,0.959166,0.150000,0.000000,0.000129,0.000016,0.000129,0.000016,0.002144,0.002144
2025-09-15 08:30:00,0.043000,0.172000,idle,0.000000,0,0.000000,0,0.000000,True,0.200000,10.000000,20.000000,30.000000,0.000000,0.043000,0.043000,0,0.172000,0.043000,0.172000,0.043000,0.172000,0.959166,0.959166,0.150000,0.000000,0.000346,0.000043,0.000346,0.000043,0.005762,0.005762
2025-09-15 08:45:00,0.036000,0.144000,idle,0.000000,0,0.000000,0,0.000000,True,0.200000,10.000000,20.000000,30.000000,0.000000,0.036000,0.036000,0,0.144000,0.036000,0.144000,0.036000,0.144000,0.959166,0.959166,0.150000,0.000000,0.000289,0.000036,0.000289,0.000036,0.004824,0.004824
2025-09-15 09:00:00,0.019000,0.076000,idle,0.000000,0,0.000000,0,0.000000,True,0.200000,10.000000,20.000000,30.000000,0.000000,0.019000,0.019000,0,0.076000,0.019000,0.076000,0.019000,0.076000,0.959166,0.959166,0.150000,0.000000,0.000153,0.000019,0.000153,0.000019,0.002546,0.002546
2025-09-15 09:15:00,0.085000,0.340000,idle,0.000000,0,0.000000,0,0.000000,True,0.200000,10.000000,20.000000,30.000000,0.000000,0.085000,0.085000,0,0.340000,0.085000,0.340000,0.085000,0.340000,0.959166,0.959166,0.150000,0.000000,0.000683,0.000085,0.000683,0.000085,0.011390,0.011390
2025-09-15 09:30:00,0.077000,0.308000,idle,0.000000,0,0.000000,0,0.000000,True,0.200000,10.000000,20.000000,30.000000,0.000000,0.077000,0.077000,0,0.308000,0.077000,0.308000,0.077000,0.308000,0.959166,0.959166,0.150000,0.000000,0.000619,0.000077,0.000619,0.000077,0.010318,0.010318
2025-09-15 09:45:00,0.022000,0.088000,idle,0.000000,0,0.000000,0,0.000000,True,0.200000,10.000000,20.000000,30.000000,0.000000,0.022000,0.022000,0,0.088000,0.022000,0.088000,0.022000,0.088000,0.959166,0.959166,0.150000,0.000000,0.000177,0.000022,0.000177,0.000022,0.002948,0.002948
2025-09-15 10:00:00,0.021000,0.084000,idle,0.000000,0,0.000000,0,0.000000,True,0.200000,10.000000,20.000000,30.000000,0.000000,0.021000,0.021000,0,0.084000,0.021000,0.084000,0.021000,0.084000,0.959166,0.959166,0.150000,0.000000,0.000169,0.000021,0.000169,0.000021,0.002814,0.002814
2025-09-15 10:15:00,0.062000,0.248000,idle,0.000000,0,0.000000,0,0.000000,True,0.200000,10.000000,20.000000,30.000000,0.000000,0.062000,0.062000,0,0.248000,0.062000,0.248000,0.062000,0.248000,0.959166,0.959166,0.150000,0.000000,0.000498,0.000062,0.000498,0.000062,0.008308,0.008308
2025-09-15 10:30:00,0.072000,0.288000,idle,0.000000,0,0.000000,0,0.000000,True,0.200000,10.000000,20.000000,30.000000,0.000000,0.072000,0.072000,0,0.288000,0.072000,0.288000,0.072000,0.288000,0.959166,0.959166,0.150000,0.000000,0.000579,0.000072,0.000579,0.000072,0.009648,0.009648
2025-09-15 10:45:00,0.060000,0.240000,idle,0.000000,0,0.000000,0,0.000000,True,0.200000,10.000000,20.000000,30.000000,0.000000,0.060000,0.060000,0,0.240000,0.060000,0.240000,0.060000,0.240000,0.959166,0.959166,0.150000,0.000000,0.000482,0.000060,0.000482,0.000060,0.008040,0.008040
2025-09-15 11:00:00,0.070000,0.280000,idle,0.000000,0,0.000000,0,0.000000,True,0.200000,10.000000,20.000000,30.000000,0.000000,0.070000,0.070000,0,0.280000,0.070000,0.280000,0.070000,0.280000,0.959166,0.959166,0.150000,0.000000,0.000563,0.000070,0.000563,0.000070,0.009380,0.009380
2025-09-15 11:15:00,0.076000,0.304000,idle,0.000000,0,0.000000,0,0.000000,True,0.200000,10.000000,20.000000,30.000000,0.000000,0.076000,0.076000,0,0.304000,0.076000,0.304000,0.076000,0.304000,0.959166,0.959166,0.150000,0.000000,0.000611,0.000076,0.000611,0.000076,0.010184,0.010184
2025-09-15 11:30:00,0.061000,0.244000,idle,0.000000,0,0.000000,0,0.000000,True,0.200000,10.000000,20.000000,30.000000,0.000000,0.061000,0.061000,0,0.244000,0.061000,0.244000,0.061000,0.244000,0.959166,0.959166,0.150000,0.000000,0.000490,0.000061,0.000490,0.000061,0.008174,0.008174
2025-09-15 11:45:00,0.052000,0.208000,idle,0.000000,0,0.000000,0,0.000000,True,0.200000,10.000000,20.000000,30.000000,0.000000,0.052000,0.052000,0,0.208000,0.052000,0.208000,0.052000,0.208000,0.959166,0.959166,0.150000,0.000000,0.000418,0.000052,0.000418,0.000052,0.006968,0.006968
2025-09-15 12:00:00,0.080000,0.320000,idle,0.000000,0,0.000000,0,0.000000,True,0.200000,10.000000,20.000000,30.000000,0.000000,0.080000,0.080000,0,0.320000,0.080000,0.320000,0.080000,0.320000,0.959166,0.959166,0.150000,0.000000,0.000643,0.000080,0.000643,0.000080,0.010720,0.010720
2025-09-15 12:15:00,0.059000,0.236000,idle,0.000000,0,0.000000,0,0.000000,True,0.200000,10.000000,20.000000,30.000000,0.000000,0.059000,0.059000,0,0.236000,0.059000,0.236000,0.059000,0.236000,0.959166,0.959166,0.150000,0.000000,0.000474,0.000059,0.000474,0.000059,0.007906,0.007906
2025-09-15 12:30:00,0.055000,0.220000,idle,0.000000,0,0.000000,0,0.000000,True,0.200000,10.000000,20.000000,30.000000,0.000000,0.055000,0.055000,0,0.220000,0.055000,0.220000,0.055000,0.220000,0.959166,0.959166,0.150000,0.000000,0.000442,0.000055,0.000442,0.000055,0.007370,0.007370
2025-09-15 12:45:00,0.071000,0.284000,idle,0.000000,0,0.000000,0,0.000000,True,0.200000,10.000000,20.000000,30.000000,0.000000,0.071000,0.071000,0,0.284000,0.071000,0.284000,0.071000,0.284000,0.959166,0.959166,0.150000,0.000000,0.000571,0.000071,0.000571,0.000071,0.009514,0.009514
2025-09-15 13:00:00,0.102000,0.408000,idle,0.000000,0,0.000000,0,0.000000,True,0.200000,10.000000,20.000000,30.000000,0.000000,0.102000,0.102000,0,0.408000,0.102000,0.408000,0.102000,0.408000,0.959166,0.959166,0.150000,0.000000,0.000820,0.000102,0.000820,0.000102,0.013668,0.013668
2025-09-15 13:15:00,0.042000,0.168000,idle,0.000000,0,0.000000,0,0.000000,True,0.200000,10.000000,20.000000,30.000000,0.000000,0.042000,0.042000,0,0.168000,0.042000,0.168000,0.042000,0.168000,0.959166,0.959166,0.150000,0.000000,0.000338,0.000042,0.000338,0.000042,0.005628,0.005628
2025-09-15 13:30:00,0.036000,0.144000,idle,0.000000,0,0.000000,0,0.000000,True,0.200000,10.000000,20.000000,30.000000,0.000000,0.036000,0.036000,0,0.144000,0.036000,0.144000,0.036000,0.144000,0.959166,0.959166,0.150000,0.000000,0.000289,0.000036,0.000289,0.000036,0.004824,0.004824
2025-09-15 13:45:00,0.054000,0.216000,idle,0.000000,0,0.000000,0,0.000000,True,0.200000,10.000000,20.000000,30.000000,0.000000,0.054000,0.054000,0,0.216000,0.054000,0.216000,0.054000,0.216000,0.959166,0.959166,0.150000,0.000000,0.000434,0.000054,0.000434,0.000054,0.007236,0.007236
2025-09-15 14:00:00,0.049000,0.196000,idle,0.000000,0,0.000000,0,0.000000,True,0.200000,10.000000,20.000000,30.000000,0.000000,0.049000,0.049000,0,0.196000,0.049000,0.196000,0.049000,0.196000,0.959166,0.959166,0.150000,0.000000,0.000394,0.000049,0.000394,0.000049,0.006566,0.006566
2025-09-15 14:15:00,0.033000,0.132000,idle,0.000000,0,0.000000,0,0.000000,True,0.200000,10.000000,20.000000,30.000000,0.000000,0.033000,0.033000,0,0.132000,0.033000,0.132000,0.033000,0.132000,0.959166,0.959166,0.150000,0.000000,0.000265,0.000033,0.000265,0.000033,0.004422,0.004422
2025-09-15 14:30:00,0.040000,0.160000,idle,0.000000,0,0.000000,0,0.000000,True,0.200000,10.000000,20.000000,30.000000,0.000000,0.040000,0.040000,0,0.160000,0.040000,0.160000,0.040000,0.160000,0.959166,0.959166,0.150000,0.000000,0.000322,0.000040,0.000322,0.000040,0.005360,0.005360
2025-09-15 14:45:00,0.061000,0.244000,idle,0.000000,0,0.000000,0,0.000000,True,0.200000,10.000000,20.000000,30.000000,0.000000,0.061000,0.061000,0,0.244000,0.061000,0.244000,0.061000,0.244000,0.959166,0.959166,0.150000,0.000000,0.000490,0.000061,0.000490,0.000061,0.008174,0.008174
2025-09-15 15:00:00,0.035000,0.140000,idle,0.000000,0,0.000000,0,0.000000,True,0.200000,10.000000,20.000000,30.000000,0.000000,0.035000,0.035000,0,0.140000,0.035000,0.140000,0.035000,0.140000,0.959166,0.959166,0.150000,0.000000,0.000281,0.000035,0.000281,0.000035,0.004690,0.004690
2025-09-15 15:15:00,0.034000,0.136000,idle,0.000000,0,0.000000,0,0.000000,True,0.200000,10.000000,20.000000,30.000000,0.000000,0.034000,0.034000,0,0.136000,0.034000,0.136000,0.034000,0.136000,0.959166,0.959166,0.150000,0.000000,0.000273,0.000034,0.000273,0.000034,0.004556,0.004556
2025-09-15 15:30:00,0.052000,0.208000,idle,0.000000,0,0.000000,0,0.000000,True,0.200000,10.000000,20.000000,30.000000,0.000000,0.052000,0.052000,0,0.208000,0.052000,0.208000,0.052000,0.208000,0.959166,0.959166,0.150000,0.000000,0.000418,0.000052,0.000418,0.000052,0.006968,0.006968
2025-09-15 15:45:00,0.048000,0.192000,idle,0.000000,0,0.000000,0,0.000000,True,0.200000,10.000000,20.000000,30.000000,0.000000,0.048000,0.048000,0,0.192000,0.048000,0.192000,0.048000,0.192000,0.959166,0.959166,0.150000,0.000000,0.000386,0.000048,0.000386,0.000048,0.006432,0.006432
2025-09-15 16:00:00,0.036000,0.144000,idle,0.000000,0,0.000000,0,0.000000,True,0.200000,10.000000,20.000000,30.000000,0.000000,0.036000,0.036000,0,0.144000,0.036000,0.144000,0.036000,0.144000,0.959166,0.959166,0.150000,0.000000,0.000289,0.000036,0.000289,0.000036,0.004824,0.004824
2025-09-15 16:15:00,0.051000,0.204000,idle,0.000000,0,0.000000,0,0.000000,True,0.200000,10.000000,20.000000,30.000000,0.000000,0.051000,0.051000,0,0.204000,0.051000,0.204000,0.051000,0.204000,0.959166,0.959166,0.150000,0.000000,0.000410,0.000051,0.000410,0.000051,0.006834,0.006834
2025-09-15 16:30:00,0.047000,0.188000,idle,0.000000,0,0.000000,0,0.000000,True,0.200000,10.000000,20.000000,30.000000,0.000000,0.047000,0.047000,0,0.188000,0.047000,0.188000,0.047000,0.188000,0.959166,0.959166,0.150000,0.000000,0.000378,0.000047,0.000378,0.000047,0.006298,0.006298
2025-09-15 16:45:00,0.023000,0.092000,idle,0.000000,0,0.000000,0,0.000000,True,0.200000,10.000000,20.000000,30.000000,0.000000,0.023000,0.023000,0,0.092000,0.023000,0.092000,0.023000,0.092000,0.959166,0.959166,0.150000,0.000000,0.000185,0.000023,0.000185,0.000023,0.003082,0.003082
2025-09-15 17:00:00,0.023000,0.092000,idle,0.000000,0,0.000000,0,0.000000,True,0.200000,10.000000,20.000000,30.000000,0.000000,0.023000,0.023000,0,0.092000,0.023000,0.092000,0.023000,0.092000,0.959166,0.959166,0.150000,0.000000,0.000185,0.000023,0.000185,0.000023,0.003082,0.003082
2025-09-15 17:15:00,0.050000,0.200000,idle,0.000000,0,0.000000,0,0.000000,True,0.200000,10.000000,20.000000,30.000000,0.000000,0.050000,0.050000,0,0.200000,0.050000,0.200000,0.050000,0.200000,0.959166,0.959166,0.150000,0.000000,0.000402,0.000050,0.000402,0.000050,0.006700,0.006700
2025-09-15 17:30:00,0.031000,0.124000,idle,0.000000,0,0.000000,0,0.000000,True,0.200000,10.000000,20.000000,30.000000,0.000000,0.031000,0.031000,0,0.124000,0.031000,0.124000,0.031000,0.124000,0.959166,0.959166,0.150000,0.000000,0.000249,0.000031,0.000249,0.000031,0.004154,0.004154
2025-09-15 17:45:00,0.041000,0.164000,idle,0.000000,0,0.000000,0,0.000000,True,0.200000,10.000000,20.000000,30.000000,0.000000,0.041000,0.041000,0,0.164000,0.041000,0.164000,0.041000,0.164000,0.959166,0.959166,0.150000,0.000000,0.000330,0.000041,0.000330,0.000041,0.005494,0.005494
2025-09-15 18:00:00,0.088000,0.352000,idle,0.000000,0,0.000000,0,0.000000,True,0.200000,10.000000,20.000000,30.000000,0.000000,0.088000,0.088000,0,0.352000,0.088000,0.352000,0.088000,0.352000,0.959166,0.959166,0.150000,0.000000,0.000708,0.000088,0.000708,0.000088,0.011792,0.011792
2025-09-15 18:15:00,0.081000,0.324000,idle,0.000000,0,0.000000,0,0.000000,True,0.200000,10.000000,20.000000,30.000000,0.000000,0.081000,0.081000,0,0.324000,0.081000,0.324000,0.081000,0.324000,0.959166,0.959166,0.150000,0.000000,0.000651,0.000081,0.000651,0.000081,0.010854,0.010854
2025-09-15 18:30:00,0.067000,0.268000,idle,0.000000,0,0.000000,0,0.000000,True,0.200000,10.000000,20.000000,30.000000,0.000000,0.067000,0.067000,0,0.268000,0.067000,0.268000,0.067000,0.268000,0.959166,0.959166,0.150000,0.000000,0.000539,0.000067,0.000539,0.000067,0.008978,0.008978
2025-09-15 18:45:00,0.325000,1.300000,idle,0.000000,0,0.000000,0,0.000000,True,0.200000,10.000000,20.000000,30.000000,0.000000,0.325000,0.325000,0,1.300000,0.325000,1.300000,0.325000,1.300000,0.959166,0.959166,0.150000,0.000000,0.002613,0.000325,0.002613,0.000325,0.043550,0.043550
2025-09-15 19:00:00,0.160000,0.640000,idle,0.000000,0,0.000000,0,0.000000,True,0.200000,10.000000,20.000000,30.000000,0.000000,0.160000,0.160000,0,0.640000,0.160000,0.640000,0.160000,0.640000,0.959166,0.959166,0.150000,0.000000,0.001286,0.000160,0.001286,0.000160,0.021440,0.021440
2025-09-15 19:15:00,0.078000,0.312000,idle,0.000000,0,0.000000,0,0.000000,True,0.200000,10.000000,20.000000,30.000000,0.000000,0.078000,0.078000,0,0.312000,0.078000,0.312000,0.078000,0.312000,0.959166,0.959166,0.150000,0.000000,0.000627,0.000078,0.000627,0.000078,0.010452,0.010452
2025-09-15 19:30:00,0.068000,0.272000,idle,0.000000,0,0.000000,0,0.000000,True,0.200000,10.000000,20.000000,30.000000,0.000000,0.068000,0.068000,0,0.272000,0.068000,0.272000,0.068000,0.272000,0.959166,0.959166,0.150000,0.000000,0.000547,0.000068,0.000547,0.000068,0.009112,0.009112
2025-09-15 19:45:00,0.090000,0.360000,idle,0.000000,0,0.000000,0,0.000000,True,0.200000,10.000000,20.000000,30.000000,0.000000,0.090000,0.090000,0,0.360000,0.090000,0.360000,0.090000,0.360000,0.959166,0.959166,0.150000,0.000000,0.000724,0.000090,0.000724,0.000090,0.012060,0.012060
2025-09-15 20:00:00,0.078000,0.312000,idle,0.000000,0,0.000000,0,0.000000,True,0.200000,10.000000,20.000000,30.000000,0.000000,0.078000,0.078000,0,0.312000,0.078000,0.312000,0.078000,0.312000,0.959166,0.959166,0.150000,0.000000,0.000627,0.000078,0.000627,0.000078,0.010452,0.010452
2025-09-15 20:15:00,0.063000,0.252000,idle,0.000000,0,0.000000,0,0.000000,True,0.200000,10.000000,20.000000,30.000000,0.000000,0.063000,0.063000,0,0.252000,0.063000,0.252000,0.063000,0.252000,0.959166,0.959166,0.150000,0.000000,0.000507,0.000063,0.000507,0.000063,0.008442,0.008442
2025-09-15 20:30:00,0.072000,0.288000,idle,0.000000,0,0.000000,0,0.000000,True,0.200000,10.000000,20.000000,30.000000,0.000000,0.072000,0.072000,0,0.288000,0.072000,0.288000,0.072000,0.288000,0.959166,0.959166,0.150000,0.000000,0.000579,0.000072,0.000579,0.000072,0.009648,0.009648
2025-09-15 20:45:00,0.099000,0.396000,idle,0.000000,0,0.000000,0,0.000000,True,0.200000,10.000000,20.000000,30.000000,0.000000,0.099000,0.099000,0,0.396000,0.099000,0.396000,0.099000,0.396000,0.959166,0.959166,0.150000,0.000000,0.000796,0.000099,0.000796,0.000099,0.013266,0.013266
2025-09-15 21:00:00,0.073000,0.292000,idle,0.000000,0,0.000000,0,0.000000,True,0.200000,10.000000,20.000000,30.000000,0.000000,0.073000,0.073000,0,0.292000,0.073000,0.292000,0.073000,0.292000,0.959166,0.959166,0.150000,0.000000,0.000587,0.000073,0.000587,0.000073,0.009782,0.009782
2025-09-15 21:15:00,0.069000,0.276000,idle,0.000000,0,0.000000,0,0.000000,True,0.200000,10.000000,20.000000,30.000000,0.000000,0.069000,0.069000,0,0.276000,0.069000,0.276000,0.069000,0.276000,0.959166,0.959166,0.150000,0.000000,0.000555,0.000069,0.000555,0.000069,0.009246,0.009246
2025-09-15 21:30:00,0.092000,0.368000,idle,0.000000,0,0.000000,0,0.000000,True,0.200000,10.000000,20.000000,30.000000,0.000000,0.092000,0.092000,0,0.368000,0.092000,0.368000,0.092000,0.368000,0.959166,0.959166,0.150000,0.000000,0.000740,0.000092,0.000740,0.000092,0.012328,0.012328
2025-09-15 21:45:00,0.070000,0.280000,idle,0.000000,0,0.000000,0,0.000000,True,0.200000,10.000000,20.000000,30.000000,0.000000,0.070000,0.070000,0,0.280000,0.070000,0.280000,0.070000,0.280000,0.959166,0.959166,0.150000,0.000000,0.000563,0.000070,0.000563,0.000070,0.009380,0.009380
2025-09-15 22:00:00,0.128000,0.512000,idle,0.000000,0,0.000000,0,0.000000,True,0.200000,10.000000,20.000000,30.000000,0.000000,0.128000,0.128000,0,0.512000,0.128000,0.512000,0.128000,0.512000,0.959166,0.959166,0.150000,0.000000,0.001029,0.000128,0.001029,0.000128,0.017152,0.017152
2025-09-15 22:15:00,0.138000,0.552000,idle,0.000000,0,0.000000,0,0.000000,True,0.200000,10.000000,20.000000,30.000000,0.000000,0.138000,0.138000,0,0.552000,0.138000,0.552000,0.138000,0.552000,0.959166,0.959166,0.150000,0.000000,0.001110,0.000138,0.001110,0.000138,0.018492,0.018492
2025-09-15 22:30:00,0.133000,0.532000,idle,0.000000,0,0.000000,0,0.000000,True,0.200000,10.000000,20.000000,30.000000,0.000000,0.133000,0.133000,0,0.532000,0.133000,0.532000,0.133000,0.532000,0.959166,0.959166,0.150000,0.000000,0.001069,0.000133,0.001069,0.000133,0.017822,0.017822
2025-09-15 22:45:00,0.081000,0.324000,idle,0.000000,0,0.000000,0,0.000000,True,0.200000,10.000000,20.000000,30.000000,0.000000,0.081000,0.081000,0,0.324000,0.081000,0.324000,0.081000,0.324000,0.959166,0.959166,0.150000,0.000000,0.000651,0.000081,0.000651,0.000081,0.010854,0.010854
2025-09-15 23:00:00,0.051000,0.204000,idle,0.000000,0,0.000000,0,0.000000,True,0.200000,10.000000,20.000000,30.000000,0.000000,0.051000,0.051000,0,0.204000,0.051000,0.204000,0.051000,0.204000,0.959166,0.959166,0.150000,0.000000,0.000410,0.000051,0.000410,0.000051,0.006834,0.006834
2025-09-15 23:15:00,0.055000,0.220000,idle,0.000000,0,0.000000,0,0.000000,True,0.200000,10.000000,20.000000,30.000000,0.000000,0.055000,0.055000,0,0.220000,0.055000,0.220000,0.055000,0.220000,0.959166,0.959166,0.150000,0.000000,0.000442,0.000055,0.000442,0.000055,0.007370,0.007370
2025-09-15 23:30:00,0.052000,0.208000,idle,0.000000,0,0.000000,0,0.000000,True,0.200000,10.000000,20.000000,30.000000,0.000000,0.052000,0.052000,0,0.208000,0.052000,0.208000,0.052000,0.208000,0.959166,0.959166,0.150000,0.000000,0.000418,0.000052,0.000418,0.000052,0.006968,0.006968
2025-09-15 23:45:00,0.048000,0.192000,idle,0.000000,0,0.000000,0,0.000000,True,0.200000,10.000000,20.000000,30.000000,0.000000,0.048000,0.048000,0,0.192000,0.048000,0.192000,0.048000,0.192000,0.959166,0.959166,0.150000,0.000000,0.000386,0.000048,0.000386,0.000048,0.006432,0.006432
