{
  "period_days": 2,
  "total_consumption_kwh": 78.85695934,
  "total_cost_without_battery_eur": 6.133077698405705,
  "total_cost_with_battery_eur": 5.579456113297828,
  "total_savings_eur": 0.553621585107876,
  "savings_percentage": 9.02681512174206,
  "daily_avg_savings_eur": 0.276810792553938,
  "annual_projected_savings_eur": 101.03593928218736,
  "battery_total_charged_kwh": 0,
  "battery_total_discharged_kwh": 5.394064075,
  "battery_cycles": 0.07107303467453881,
  "battery_round_trip_efficiency": 0,
  "battery_utilization_pct": 6.25,
  "peak_consumption_kw": 2.5630292199999998,
  "peak_with_battery_kw": 2.5630292199999998,
  "peak_reduction_kw": 0.0,
  "peak_reduction_pct": 0.0,
  "avg_price_eur_kwh": 0.077654,
  "avg_charge_price_eur_kwh": 0,
  "avg_discharge_price_eur_kwh": 0.1029387
}