{
  "period_days": 100,
  "total_consumption_kwh": 3780.711616195,
  "total_cost_without_battery_eur": 385.796724229294,
  "total_cost_with_battery_eur": 353.8120504590587,
  "total_savings_eur": 31.984673770235315,
  "savings_percentage": 8.29055089416093,
  "daily_avg_savings_eur": 0.31984673770235317,
  "annual_projected_savings_eur": 116.74405926135891,
  "battery_total_charged_kwh": 525.4699218644784,
  "battery_total_discharged_kwh": 484.3071292546367,
  "battery_cycles": 12.61261346251842,
  "battery_round_trip_efficiency": 0.9216647977418244,
  "battery_utilization_pct": 19.135416666666664,
  "peak_consumption_kw": 2.5630292199999998,
  "peak_with_battery_kw": 2.5630292199999998,
  "peak_reduction_kw": 0.0,
  "peak_reduction_pct": 0.0,
  "avg_price_eur_kwh": 0.10359376725,
  "avg_charge_price_eur_kwh": 0.08936789523809524,
  "avg_discharge_price_eur_kwh": 0.16065538388252149
}