date,target,dayofweek_sin,dayofweek_cos
2025-01-01 00:15:00,0.564,0.9749279121818236,-0.22252093395631434
2025-01-01 00:30:00,0.48,0.9749279121818236,-0.22252093395631434
2025-01-01 00:45:00,0.336,0.9749279121818236,-0.22252093395631434
2025-01-01 01:00:00,0.44,0.9749279121818236,-0.22252093395631434
2025-01-01 01:15:00,0.428,0.9749279121818236,-0.22252093395631434
2025-01-01 01:30:00,0.408,0.9749279121818236,-0.22252093395631434
2025-01-01 01:45:00,0.396,0.9749279121818236,-0.22252093395631434
2025-01-01 02:00:00,0.392,0.9749279121818236,-0.22252093395631434
2025-01-01 02:15:00,0.384,0.9749279121818236,-0.22252093395631434
2025-01-01 02:30:00,0.372,0.9749279121818236,-0.22252093395631434
2025-01-01 02:45:00,0.352,0.9749279121818236,-0.22252093395631434
2025-01-01 03:00:00,0.264,0.9749279121818236,-0.22252093395631434
2025-01-01 03:15:00,0.292,0.9749279121818236,-0.22252093395631434
2025-01-01 03:30:00,0.292,0.9749279121818236,-0.22252093395631434
2025-01-01 03:45:00,0.268,0.9749279121818236,-0.22252093395631434
2025-01-01 04:00:00,0.28,0.9749279121818236,-0.22252093395631434
2025-01-01 04:15:00,0.288,0.9749279121818236,-0.22252093395631434
2025-01-01 04:30:00,0.256,0.9749279121818236,-0.22252093395631434
2025-01-01 04:45:00,0.288,0.9749279121818236,-0.22252093395631434
2025-01-01 05:00:00,0.292,0.9749279121818236,-0.22252093395631434
2025-01-01 05:15:00,0.292,0.9749279121818236,-0.22252093395631434
2025-01-01 05:30:00,0.252,0.9749279121818236,-0.22252093395631434
2025-01-01 05:45:00,0.2,0.9749279121818236,-0.22252093395631434
2025-01-01 06:00:00,0.208,0.9749279121818236,-0.22252093395631434
2025-01-01 06:15:00,0.316,0.9749279121818236,-0.22252093395631434
2025-01-01 06:30:00,1.348,0.9749279121818236,-0.22252093395631434
2025-01-01 06:45:00,0.764,0.9749279121818236,-0.22252093395631434
2025-01-01 07:00:00,0.204,0.9749279121818236,-0.22252093395631434
2025-01-01 07:15:00,0.176,0.9749279121818236,-0.22252093395631434
2025-01-01 07:30:00,0.204,0.9749279121818236,-0.22252093395631434
2025-01-01 07:45:00,0.2,0.9749279121818236,-0.22252093395631434
2025-01-01 08:00:00,0.176,0.9749279121818236,-0.22252093395631434
2025-01-01 08:15:00,0.212,0.9749279121818236,-0.22252093395631434
2025-01-01 08:30:00,0.696,0.9749279121818236,-0.22252093395631434
2025-01-01 08:45:00,1.784,0.9749279121818236,-0.22252093395631434
2025-01-01 09:00:00,0.312,0.9749279121818236,-0.22252093395631434
2025-01-01 09:15:00,0.316,0.9749279121818236,-0.22252093395631434
2025-01-01 09:30:00,0.24,0.9749279121818236,-0.22252093395631434
2025-01-01 09:45:00,0.168,0.9749279121818236,-0.22252093395631434
2025-01-01 10:00:00,0.2,0.9749279121818236,-0.22252093395631434
2025-01-01 10:15:00,0.2,0.9749279121818236,-0.22252093395631434
2025-01-01 10:30:00,0.216,0.9749279121818236,-0.22252093395631434
2025-01-01 10:45:00,0.408,0.9749279121818236,-0.22252093395631434
2025-01-01 11:00:00,0.572,0.9749279121818236,-0.22252093395631434
2025-01-01 11:15:00,0.388,0.9749279121818236,-0.22252093395631434
2025-01-01 11:30:00,1.896,0.9749279121818236,-0.22252093395631434
2025-01-01 11:45:00,1.296,0.9749279121818236,-0.22252093395631434
2025-01-01 12:00:00,1.32,0.9749279121818236,-0.22252093395631434
2025-01-01 12:15:00,1.38,0.9749279121818236,-0.22252093395631434
2025-01-01 12:30:00,1.3,0.9749279121818236,-0.22252093395631434
2025-01-01 12:45:00,2.264,0.9749279121818236,-0.22252093395631434
2025-01-01 13:00:00,1.54,0.9749279121818236,-0.22252093395631434
2025-01-01 13:15:00,2.036,0.9749279121818236,-0.22252093395631434
2025-01-01 13:30:00,2.928,0.9749279121818236,-0.22252093395631434
2025-01-01 13:45:00,5.4,0.9749279121818236,-0.22252093395631434
2025-01-01 14:00:00,3.812,0.9749279121818236,-0.22252093395631434
2025-01-01 14:15:00,2.208,0.9749279121818236,-0.22252093395631434
2025-01-01 14:30:00,1.852,0.9749279121818236,-0.22252093395631434
2025-01-01 14:45:00,3.416,0.9749279121818236,-0.22252093395631434
2025-01-01 15:00:00,3.776,0.9749279121818236,-0.22252093395631434
2025-01-01 15:15:00,3.748,0.9749279121818236,-0.22252093395631434
2025-01-01 15:30:00,3.116,0.9749279121818236,-0.22252093395631434
2025-01-01 15:45:00,2.724,0.9749279121818236,-0.22252093395631434
2025-01-01 16:00:00,2.088,0.9749279121818236,-0.22252093395631434
2025-01-01 16:15:00,0.952,0.9749279121818236,-0.22252093395631434
2025-01-01 16:30:00,2.976,0.9749279121818236,-0.22252093395631434
2025-01-01 16:45:00,1.484,0.9749279121818236,-0.22252093395631434
2025-01-01 17:00:00,1.356,0.9749279121818236,-0.22252093395631434
2025-01-01 17:15:00,1.54,0.9749279121818236,-0.22252093395631434
2025-01-01 17:30:00,1.528,0.9749279121818236,-0.22252093395631434
2025-01-01 17:45:00,0.552,0.9749279121818236,-0.22252093395631434
2025-01-01 18:00:00,1.24,0.9749279121818236,-0.22252093395631434
2025-01-01 18:15:00,1.472,0.9749279121818236,-0.22252093395631434
2025-01-01 18:30:00,1.108,0.9749279121818236,-0.22252093395631434
2025-01-01 18:45:00,0.704,0.9749279121818236,-0.22252093395631434
2025-01-01 19:00:00,0.728,0.9749279121818236,-0.22252093395631434
2025-01-01 19:15:00,0.848,0.9749279121818236,-0.22252093395631434
2025-01-01 19:30:00,0.816,0.9749279121818236,-0.22252093395631434
2025-01-01 19:45:00,0.772,0.9749279121818236,-0.22252093395631434
2025-01-01 20:00:00,0.756,0.9749279121818236,-0.22252093395631434
2025-01-01 20:15:00,0.984,0.9749279121818236,-0.22252093395631434
2025-01-01 20:30:00,2.012,0.9749279121818236,-0.22252093395631434
2025-01-01 20:45:00,1.52,0.9749279121818236,-0.22252093395631434
2025-01-01 21:00:00,0.616,0.9749279121818236,-0.22252093395631434
2025-01-01 21:15:00,0.612,0.9749279121818236,-0.22252093395631434
2025-01-01 21:30:00,0.62,0.9749279121818236,-0.22252093395631434
2025-01-01 21:45:00,0.684,0.9749279121818236,-0.22252093395631434
2025-01-01 22:00:00,0.636,0.9749279121818236,-0.22252093395631434
2025-01-01 22:15:00,0.684,0.9749279121818236,-0.22252093395631434
2025-01-01 22:30:00,0.764,0.9749279121818236,-0.22252093395631434
2025-01-01 22:45:00,2.052,0.9749279121818236,-0.22252093395631434
2025-01-01 23:00:00,1.404,0.9749279121818236,-0.22252093395631434
2025-01-01 23:15:00,1.244,0.9749279121818236,-0.22252093395631434
2025-01-01 23:30:00,0.728,0.9749279121818236,-0.22252093395631434
2025-01-01 23:45:00,2.116,0.9749279121818236,-0.22252093395631434
2025-01-02 00:00:00,1.544,0.43388373911755823,-0.900968867902419
2025-01-02 00:15:00,0.84,0.43388373911755823,-0.900968867902419
2025-01-02 00:30:00,0.672,0.43388373911755823,-0.900968867902419
2025-01-02 00:45:00,0.616,0.43388373911755823,-0.900968867902419
2025-01-02 01:00:00,1.132,0.43388373911755823,-0.900968867902419
2025-01-02 01:15:00,0.408,0.43388373911755823,-0.900968867902419
2025-01-02 01:30:00,0.388,0.43388373911755823,-0.900968867902419
2025-01-02 01:45:00,0.336,0.43388373911755823,-0.900968867902419
2025-01-02 02:00:00,0.412,0.43388373911755823,-0.900968867902419
2025-01-02 02:15:00,0.316,0.43388373911755823,-0.900968867902419
2025-01-02 02:30:00,0.256,0.43388373911755823,-0.900968867902419
2025-01-02 02:45:00,0.276,0.43388373911755823,-0.900968867902419
2025-01-02 03:00:00,0.292,0.43388373911755823,-0.900968867902419
2025-01-02 03:15:00,0.288,0.43388373911755823,-0.900968867902419
2025-01-02 03:30:00,0.252,0.43388373911755823,-0.900968867902419
2025-01-02 03:45:00,0.2,0.43388373911755823,-0.900968867902419
2025-01-02 04:00:00,0.2,0.43388373911755823,-0.900968867902419
2025-01-02 04:15:00,0.168,0.43388373911755823,-0.900968867902419
2025-01-02 04:30:00,0.204,0.43388373911755823,-0.900968867902419
2025-01-02 04:45:00,0.184,0.43388373911755823,-0.900968867902419
2025-01-02 05:00:00,0.184,0.43388373911755823,-0.900968867902419
2025-01-02 05:15:00,0.196,0.43388373911755823,-0.900968867902419
2025-01-02 05:30:00,0.176,0.43388373911755823,-0.900968867902419
2025-01-02 05:45:00,0.188,0.43388373911755823,-0.900968867902419
2025-01-02 06:00:00,0.196,0.43388373911755823,-0.900968867902419
2025-01-02 06:15:00,0.168,0.43388373911755823,-0.900968867902419
2025-01-02 06:30:00,0.196,0.43388373911755823,-0.900968867902419
2025-01-02 06:45:00,0.204,0.43388373911755823,-0.900968867902419
2025-01-02 07:00:00,1.292,0.43388373911755823,-0.900968867902419
2025-01-02 07:15:00,2.036,0.43388373911755823,-0.900968867902419
2025-01-02 07:30:00,1.444,0.43388373911755823,-0.900968867902419
2025-01-02 07:45:00,0.456,0.43388373911755823,-0.900968867902419
2025-01-02 08:00:00,0.536,0.43388373911755823,-0.900968867902419
2025-01-02 08:15:00,0.26,0.43388373911755823,-0.900968867902419
2025-01-02 08:30:00,0.2,0.43388373911755823,-0.900968867902419
2025-01-02 08:45:00,0.168,0.43388373911755823,-0.900968867902419
2025-01-02 09:00:00,0.18,0.43388373911755823,-0.900968867902419
2025-01-02 09:15:00,0.2,0.43388373911755823,-0.900968867902419
2025-01-02 09:30:00,0.176,0.43388373911755823,-0.900968867902419
2025-01-02 09:45:00,0.168,0.43388373911755823,-0.900968867902419
2025-01-02 10:00:00,0.196,0.43388373911755823,-0.900968867902419
2025-01-02 10:15:00,0.544,0.43388373911755823,-0.900968867902419
2025-01-02 10:30:00,1.784,0.43388373911755823,-0.900968867902419
2025-01-02 10:45:00,1.444,0.43388373911755823,-0.900968867902419
2025-01-02 11:00:00,1.212,0.43388373911755823,-0.900968867902419
2025-01-02 11:15:00,1.22,0.43388373911755823,-0.900968867902419
2025-01-02 11:30:00,1.248,0.43388373911755823,-0.900968867902419
2025-01-02 11:45:00,0.548,0.43388373911755823,-0.900968867902419
2025-01-02 12:00:00,0.336,0.43388373911755823,-0.900968867902419
2025-01-02 12:15:00,0.28,0.43388373911755823,-0.900968867902419
2025-01-02 12:30:00,0.192,0.43388373911755823,-0.900968867902419
2025-01-02 12:45:00,0.2,0.43388373911755823,-0.900968867902419
2025-01-02 13:00:00,0.4,0.43388373911755823,-0.900968867902419
2025-01-02 13:15:00,0.844,0.43388373911755823,-0.900968867902419
2025-01-02 13:30:00,1.652,0.43388373911755823,-0.900968867902419
2025-01-02 13:45:00,0.56,0.43388373911755823,-0.900968867902419
2025-01-02 14:00:00,0.48,0.43388373911755823,-0.900968867902419
2025-01-02 14:15:00,1.476,0.43388373911755823,-0.900968867902419
2025-01-02 14:30:00,3.876,0.43388373911755823,-0.900968867902419
2025-01-02 14:45:00,2.292,0.43388373911755823,-0.900968867902419
2025-01-02 15:00:00,1.996,0.43388373911755823,-0.900968867902419
2025-01-02 15:15:00,2.124,0.43388373911755823,-0.900968867902419
2025-01-02 15:30:00,1.544,0.43388373911755823,-0.900968867902419
2025-01-02 15:45:00,1.196,0.43388373911755823,-0.900968867902419
2025-01-02 16:00:00,2.66,0.43388373911755823,-0.900968867902419
2025-01-02 16:15:00,2.276,0.43388373911755823,-0.900968867902419
2025-01-02 16:30:00,1.184,0.43388373911755823,-0.900968867902419
2025-01-02 16:45:00,1.676,0.43388373911755823,-0.900968867902419
2025-01-02 17:00:00,2.076,0.43388373911755823,-0.900968867902419
2025-01-02 17:15:00,1.504,0.43388373911755823,-0.900968867902419
2025-01-02 17:30:00,1.548,0.43388373911755823,-0.900968867902419
2025-01-02 17:45:00,1.392,0.43388373911755823,-0.900968867902419
2025-01-02 18:00:00,1.152,0.43388373911755823,-0.900968867902419
2025-01-02 18:15:00,0.656,0.43388373911755823,-0.900968867902419
2025-01-02 18:30:00,0.344,0.43388373911755823,-0.900968867902419
2025-01-02 18:45:00,1.988,0.43388373911755823,-0.900968867902419
2025-01-02 19:00:00,2.596,0.43388373911755823,-0.900968867902419
2025-01-02 19:15:00,1.224,0.43388373911755823,-0.900968867902419
2025-01-02 19:30:00,0.768,0.43388373911755823,-0.900968867902419
2025-01-02 19:45:00,1.088,0.43388373911755823,-0.900968867902419
2025-01-02 20:00:00,1.096,0.43388373911755823,-0.900968867902419
2025-01-02 20:15:00,1.296,0.43388373911755823,-0.900968867902419
2025-01-02 20:30:00,0.712,0.43388373911755823,-0.900968867902419
2025-01-02 20:45:00,0.6,0.43388373911755823,-0.900968867902419
2025-01-02 21:00:00,2.556,0.43388373911755823,-0.900968867902419
2025-01-02 21:15:00,2.736,0.43388373911755823,-0.900968867902419
2025-01-02 21:30:00,2.216,0.43388373911755823,-0.900968867902419
2025-01-02 21:45:00,2.66,0.43388373911755823,-0.900968867902419
2025-01-02 22:00:00,1.52,0.43388373911755823,-0.900968867902419
2025-01-02 22:15:00,1.42,0.43388373911755823,-0.900968867902419
2025-01-02 22:30:00,1.432,0.43388373911755823,-0.900968867902419
2025-01-02 22:45:00,1.708,0.43388373911755823,-0.900968867902419
2025-01-02 23:00:00,1.648,0.43388373911755823,-0.900968867902419
2025-01-02 23:15:00,1.428,0.43388373911755823,-0.900968867902419
2025-01-02 23:30:00,1.756,0.43388373911755823,-0.900968867902419
2025-01-02 23:45:00,1.9,0.43388373911755823,-0.900968867902419
2025-01-03 00:00:00,1.88,-0.433883739117558,-0.9009688679024191
2025-01-03 00:15:00,2.06,-0.433883739117558,-0.9009688679024191
2025-01-03 00:30:00,1.376,-0.433883739117558,-0.9009688679024191
2025-01-03 00:45:00,0.772,-0.433883739117558,-0.9009688679024191
2025-01-03 01:00:00,0.952,-0.433883739117558,-0.9009688679024191
2025-01-03 01:15:00,0.476,-0.433883739117558,-0.9009688679024191
2025-01-03 01:30:00,0.52,-0.433883739117558,-0.9009688679024191
2025-01-03 01:45:00,0.72,-0.433883739117558,-0.9009688679024191
2025-01-03 02:00:00,0.444,-0.433883739117558,-0.9009688679024191
2025-01-03 02:15:00,0.588,-0.433883739117558,-0.9009688679024191
2025-01-03 02:30:00,0.724,-0.433883739117558,-0.9009688679024191
2025-01-03 02:45:00,0.488,-0.433883739117558,-0.9009688679024191
2025-01-03 03:00:00,0.692,-0.433883739117558,-0.9009688679024191
2025-01-03 03:15:00,0.732,-0.433883739117558,-0.9009688679024191
2025-01-03 03:30:00,0.508,-0.433883739117558,-0.9009688679024191
2025-01-03 03:45:00,0.712,-0.433883739117558,-0.9009688679024191
2025-01-03 04:00:00,2.152,-0.433883739117558,-0.9009688679024191
2025-01-03 04:15:00,0.844,-0.433883739117558,-0.9009688679024191
2025-01-03 04:30:00,1.564,-0.433883739117558,-0.9009688679024191
2025-01-03 04:45:00,0.596,-0.433883739117558,-0.9009688679024191
2025-01-03 05:00:00,0.276,-0.433883739117558,-0.9009688679024191
2025-01-03 05:15:00,0.228,-0.433883739117558,-0.9009688679024191
2025-01-03 05:30:00,0.276,-0.433883739117558,-0.9009688679024191
2025-01-03 05:45:00,0.352,-0.433883739117558,-0.9009688679024191
2025-01-03 06:00:00,0.288,-0.433883739117558,-0.9009688679024191
2025-01-03 06:15:00,0.296,-0.433883739117558,-0.9009688679024191
2025-01-03 06:30:00,0.332,-0.433883739117558,-0.9009688679024191
2025-01-03 06:45:00,0.584,-0.433883739117558,-0.9009688679024191
2025-01-03 07:00:00,1.628,-0.433883739117558,-0.9009688679024191
2025-01-03 07:15:00,1.208,-0.433883739117558,-0.9009688679024191
2025-01-03 07:30:00,1.248,-0.433883739117558,-0.9009688679024191
2025-01-03 07:45:00,1.088,-0.433883739117558,-0.9009688679024191
2025-01-03 08:00:00,2.036,-0.433883739117558,-0.9009688679024191
2025-01-03 08:15:00,1.34,-0.433883739117558,-0.9009688679024191
2025-01-03 08:30:00,1.24,-0.433883739117558,-0.9009688679024191
2025-01-03 08:45:00,2.76,-0.433883739117558,-0.9009688679024191
2025-01-03 09:00:00,1.44,-0.433883739117558,-0.9009688679024191
2025-01-03 09:15:00,0.204,-0.433883739117558,-0.9009688679024191
2025-01-03 09:30:00,0.164,-0.433883739117558,-0.9009688679024191
2025-01-03 09:45:00,0.204,-0.433883739117558,-0.9009688679024191
2025-01-03 10:00:00,0.2,-0.433883739117558,-0.9009688679024191
2025-01-03 10:15:00,0.408,-0.433883739117558,-0.9009688679024191
2025-01-03 10:30:00,0.236,-0.433883739117558,-0.9009688679024191
2025-01-03 10:45:00,1.072,-0.433883739117558,-0.9009688679024191
2025-01-03 11:00:00,0.24,-0.433883739117558,-0.9009688679024191
2025-01-03 11:15:00,0.244,-0.433883739117558,-0.9009688679024191
2025-01-03 11:30:00,0.28,-0.433883739117558,-0.9009688679024191
2025-01-03 11:45:00,0.2,-0.433883739117558,-0.9009688679024191
2025-01-03 12:00:00,0.192,-0.433883739117558,-0.9009688679024191
2025-01-03 12:15:00,0.172,-0.433883739117558,-0.9009688679024191
2025-01-03 12:30:00,0.196,-0.433883739117558,-0.9009688679024191
2025-01-03 12:45:00,0.196,-0.433883739117558,-0.9009688679024191
2025-01-03 13:00:00,0.168,-0.433883739117558,-0.9009688679024191
2025-01-03 13:15:00,0.616,-0.433883739117558,-0.9009688679024191
2025-01-03 13:30:00,1.444,-0.433883739117558,-0.9009688679024191
2025-01-03 13:45:00,0.988,-0.433883739117558,-0.9009688679024191
2025-01-03 14:00:00,1.904,-0.433883739117558,-0.9009688679024191
2025-01-03 14:15:00,0.46,-0.433883739117558,-0.9009688679024191
2025-01-03 14:30:00,0.332,-0.433883739117558,-0.9009688679024191
2025-01-03 14:45:00,0.232,-0.433883739117558,-0.9009688679024191
2025-01-03 15:00:00,0.268,-0.433883739117558,-0.9009688679024191
2025-01-03 15:15:00,0.56,-0.433883739117558,-0.9009688679024191
2025-01-03 15:30:00,0.388,-0.433883739117558,-0.9009688679024191
2025-01-03 15:45:00,0.216,-0.433883739117558,-0.9009688679024191
2025-01-03 16:00:00,0.432,-0.433883739117558,-0.9009688679024191
2025-01-03 16:15:00,0.312,-0.433883739117558,-0.9009688679024191
2025-01-03 16:30:00,0.32,-0.433883739117558,-0.9009688679024191
2025-01-03 16:45:00,0.324,-0.433883739117558,-0.9009688679024191
2025-01-03 17:00:00,0.4,-0.433883739117558,-0.9009688679024191
2025-01-03 17:15:00,0.672,-0.433883739117558,-0.9009688679024191
2025-01-03 17:30:00,0.78,-0.433883739117558,-0.9009688679024191
2025-01-03 17:45:00,1.332,-0.433883739117558,-0.9009688679024191
2025-01-03 18:00:00,0.76,-0.433883739117558,-0.9009688679024191
2025-01-03 18:15:00,0.384,-0.433883739117558,-0.9009688679024191
2025-01-03 18:30:00,0.404,-0.433883739117558,-0.9009688679024191
2025-01-03 18:45:00,0.452,-0.433883739117558,-0.9009688679024191
2025-01-03 19:00:00,0.472,-0.433883739117558,-0.9009688679024191
2025-01-03 19:15:00,0.656,-0.433883739117558,-0.9009688679024191
2025-01-03 19:30:00,0.452,-0.433883739117558,-0.9009688679024191
2025-01-03 19:45:00,0.552,-0.433883739117558,-0.9009688679024191
2025-01-03 20:00:00,0.544,-0.433883739117558,-0.9009688679024191
2025-01-03 20:15:00,0.48,-0.433883739117558,-0.9009688679024191
2025-01-03 20:30:00,0.528,-0.433883739117558,-0.9009688679024191
2025-01-03 20:45:00,1.972,-0.433883739117558,-0.9009688679024191
2025-01-03 21:00:00,1.296,-0.433883739117558,-0.9009688679024191
2025-01-03 21:15:00,0.604,-0.433883739117558,-0.9009688679024191
2025-01-03 21:30:00,0.592,-0.433883739117558,-0.9009688679024191
2025-01-03 21:45:00,1.68,-0.433883739117558,-0.9009688679024191
2025-01-03 22:00:00,1.212,-0.433883739117558,-0.9009688679024191
2025-01-03 22:15:00,1.8,-0.433883739117558,-0.9009688679024191
2025-01-03 22:30:00,1.176,-0.433883739117558,-0.9009688679024191
2025-01-03 22:45:00,2.396,-0.433883739117558,-0.9009688679024191
2025-01-03 23:00:00,2.54,-0.433883739117558,-0.9009688679024191
2025-01-03 23:15:00,2.628,-0.433883739117558,-0.9009688679024191
2025-01-03 23:30:00,1.828,-0.433883739117558,-0.9009688679024191
2025-01-03 23:45:00,0.996,-0.433883739117558,-0.9009688679024191
2025-01-04 00:00:00,0.924,-0.9749279121818236,-0.2225209339563146
2025-01-04 00:15:00,0.876,-0.9749279121818236,-0.2225209339563146
2025-01-04 00:30:00,0.88,-0.9749279121818236,-0.2225209339563146
2025-01-04 00:45:00,0.884,-0.9749279121818236,-0.2225209339563146
2025-01-04 01:00:00,0.816,-0.9749279121818236,-0.2225209339563146
2025-01-04 01:15:00,0.764,-0.9749279121818236,-0.2225209339563146
2025-01-04 01:30:00,0.816,-0.9749279121818236,-0.2225209339563146
2025-01-04 01:45:00,0.708,-0.9749279121818236,-0.2225209339563146
2025-01-04 02:00:00,0.628,-0.9749279121818236,-0.2225209339563146
2025-01-04 02:15:00,0.292,-0.9749279121818236,-0.2225209339563146
2025-01-04 02:30:00,0.308,-0.9749279121818236,-0.2225209339563146
2025-01-04 02:45:00,0.34,-0.9749279121818236,-0.2225209339563146
2025-01-04 03:00:00,0.328,-0.9749279121818236,-0.2225209339563146
2025-01-04 03:15:00,0.28,-0.9749279121818236,-0.2225209339563146
2025-01-04 03:30:00,0.28,-0.9749279121818236,-0.2225209339563146
2025-01-04 03:45:00,0.308,-0.9749279121818236,-0.2225209339563146
2025-01-04 04:00:00,0.3,-0.9749279121818236,-0.2225209339563146
2025-01-04 04:15:00,0.268,-0.9749279121818236,-0.2225209339563146
2025-01-04 04:30:00,0.308,-0.9749279121818236,-0.2225209339563146
2025-01-04 04:45:00,0.304,-0.9749279121818236,-0.2225209339563146
2025-01-04 05:00:00,0.3,-0.9749279121818236,-0.2225209339563146
2025-01-04 05:15:00,0.264,-0.9749279121818236,-0.2225209339563146
2025-01-04 05:30:00,0.296,-0.9749279121818236,-0.2225209339563146
2025-01-04 05:45:00,0.28,-0.9749279121818236,-0.2225209339563146
2025-01-04 06:00:00,0.268,-0.9749279121818236,-0.2225209339563146
2025-01-04 06:15:00,0.268,-0.9749279121818236,-0.2225209339563146
2025-01-04 06:30:00,0.2,-0.9749279121818236,-0.2225209339563146
2025-01-04 06:45:00,0.196,-0.9749279121818236,-0.2225209339563146
2025-01-04 07:00:00,0.196,-0.9749279121818236,-0.2225209339563146
2025-01-04 07:15:00,0.196,-0.9749279121818236,-0.2225209339563146
2025-01-04 07:30:00,0.284,-0.9749279121818236,-0.2225209339563146
2025-01-04 07:45:00,0.372,-0.9749279121818236,-0.2225209339563146
2025-01-04 08:00:00,0.544,-0.9749279121818236,-0.2225209339563146
2025-01-04 08:15:00,1.176,-0.9749279121818236,-0.2225209339563146
2025-01-04 08:30:00,0.496,-0.9749279121818236,-0.2225209339563146
2025-01-04 08:45:00,0.472,-0.9749279121818236,-0.2225209339563146
2025-01-04 09:00:00,0.292,-0.9749279121818236,-0.2225209339563146
2025-01-04 09:15:00,0.248,-0.9749279121818236,-0.2225209339563146
2025-01-04 09:30:00,0.264,-0.9749279121818236,-0.2225209339563146
2025-01-04 09:45:00,0.276,-0.9749279121818236,-0.2225209339563146
2025-01-04 10:00:00,0.244,-0.9749279121818236,-0.2225209339563146
2025-01-04 10:15:00,0.276,-0.9749279121818236,-0.2225209339563146
2025-01-04 10:30:00,0.26,-0.9749279121818236,-0.2225209339563146
2025-01-04 10:45:00,0.272,-0.9749279121818236,-0.2225209339563146
2025-01-04 11:00:00,0.288,-0.9749279121818236,-0.2225209339563146
2025-01-04 11:15:00,0.28,-0.9749279121818236,-0.2225209339563146
2025-01-04 11:30:00,0.256,-0.9749279121818236,-0.2225209339563146
2025-01-04 11:45:00,0.224,-0.9749279121818236,-0.2225209339563146
2025-01-04 12:00:00,0.2,-0.9749279121818236,-0.2225209339563146
2025-01-04 12:15:00,0.26,-0.9749279121818236,-0.2225209339563146
2025-01-04 12:30:00,0.272,-0.9749279121818236,-0.2225209339563146
2025-01-04 12:45:00,0.22,-0.9749279121818236,-0.2225209339563146
2025-01-04 13:00:00,0.212,-0.9749279121818236,-0.2225209339563146
2025-01-04 13:15:00,0.184,-0.9749279121818236,-0.2225209339563146
2025-01-04 13:30:00,0.248,-0.9749279121818236,-0.2225209339563146
2025-01-04 13:45:00,0.16,-0.9749279121818236,-0.2225209339563146
2025-01-04 14:00:00,0.256,-0.9749279121818236,-0.2225209339563146
2025-01-04 14:15:00,0.172,-0.9749279121818236,-0.2225209339563146
2025-01-04 14:30:00,0.252,-0.9749279121818236,-0.2225209339563146
2025-01-04 14:45:00,0.756,-0.9749279121818236,-0.2225209339563146
2025-01-04 15:00:00,2.128,-0.9749279121818236,-0.2225209339563146
2025-01-04 15:15:00,1.232,-0.9749279121818236,-0.2225209339563146
2025-01-04 15:30:00,2.692,-0.9749279121818236,-0.2225209339563146
2025-01-04 15:45:00,1.02,-0.9749279121818236,-0.2225209339563146
2025-01-04 16:00:00,1.528,-0.9749279121818236,-0.2225209339563146
2025-01-04 16:15:00,2.268,-0.9749279121818236,-0.2225209339563146
2025-01-04 16:30:00,0.976,-0.9749279121818236,-0.2225209339563146
2025-01-04 16:45:00,0.84,-0.9749279121818236,-0.2225209339563146
2025-01-04 17:00:00,1.252,-0.9749279121818236,-0.2225209339563146
2025-01-04 17:15:00,0.6,-0.9749279121818236,-0.2225209339563146
2025-01-04 17:30:00,0.224,-0.9749279121818236,-0.2225209339563146
2025-01-04 17:45:00,0.472,-0.9749279121818236,-0.2225209339563146
2025-01-04 18:00:00,0.364,-0.9749279121818236,-0.2225209339563146
2025-01-04 18:15:00,0.48,-0.9749279121818236,-0.2225209339563146
2025-01-04 18:30:00,0.632,-0.9749279121818236,-0.2225209339563146
2025-01-04 18:45:00,0.588,-0.9749279121818236,-0.2225209339563146
2025-01-04 19:00:00,0.444,-0.9749279121818236,-0.2225209339563146
2025-01-04 19:15:00,1.552,-0.9749279121818236,-0.2225209339563146
2025-01-04 19:30:00,0.908,-0.9749279121818236,-0.2225209339563146
2025-01-04 19:45:00,0.672,-0.9749279121818236,-0.2225209339563146
2025-01-04 20:00:00,0.732,-0.9749279121818236,-0.2225209339563146
2025-01-04 20:15:00,0.948,-0.9749279121818236,-0.2225209339563146
2025-01-04 20:30:00,2.54,-0.9749279121818236,-0.2225209339563146
2025-01-04 20:45:00,1.136,-0.9749279121818236,-0.2225209339563146
2025-01-04 21:00:00,0.992,-0.9749279121818236,-0.2225209339563146
2025-01-04 21:15:00,0.724,-0.9749279121818236,-0.2225209339563146
2025-01-04 21:30:00,1.492,-0.9749279121818236,-0.2225209339563146
2025-01-04 21:45:00,1.408,-0.9749279121818236,-0.2225209339563146
2025-01-04 22:00:00,0.9,-0.9749279121818236,-0.2225209339563146
2025-01-04 22:15:00,1.936,-0.9749279121818236,-0.2225209339563146
2025-01-04 22:30:00,3.196,-0.9749279121818236,-0.2225209339563146
2025-01-04 22:45:00,3.12,-0.9749279121818236,-0.2225209339563146
2025-01-04 23:00:00,2.352,-0.9749279121818236,-0.2225209339563146
2025-01-04 23:15:00,2.0,-0.9749279121818236,-0.2225209339563146
2025-01-04 23:30:00,2.024,-0.9749279121818236,-0.2225209339563146
2025-01-04 23:45:00,1.668,-0.9749279121818236,-0.2225209339563146
2025-01-05 00:00:00,1.916,-0.7818314824680299,0.6234898018587334
2025-01-05 00:15:00,1.696,-0.7818314824680299,0.6234898018587334
2025-01-05 00:30:00,0.848,-0.7818314824680299,0.6234898018587334
2025-01-05 00:45:00,0.484,-0.7818314824680299,0.6234898018587334
2025-01-05 01:00:00,0.564,-0.7818314824680299,0.6234898018587334
2025-01-05 01:15:00,0.78,-0.7818314824680299,0.6234898018587334
2025-01-05 01:30:00,0.496,-0.7818314824680299,0.6234898018587334
2025-01-05 01:45:00,0.46,-0.7818314824680299,0.6234898018587334
2025-01-05 02:00:00,0.68,-0.7818314824680299,0.6234898018587334
2025-01-05 02:15:00,0.432,-0.7818314824680299,0.6234898018587334
2025-01-05 02:30:00,0.36,-0.7818314824680299,0.6234898018587334
2025-01-05 02:45:00,0.464,-0.7818314824680299,0.6234898018587334
2025-01-05 03:00:00,0.552,-0.7818314824680299,0.6234898018587334
2025-01-05 03:15:00,0.304,-0.7818314824680299,0.6234898018587334
2025-01-05 03:30:00,0.296,-0.7818314824680299,0.6234898018587334
2025-01-05 03:45:00,0.564,-0.7818314824680299,0.6234898018587334
2025-01-05 04:00:00,0.196,-0.7818314824680299,0.6234898018587334
2025-01-05 04:15:00,0.212,-0.7818314824680299,0.6234898018587334
2025-01-05 04:30:00,0.364,-0.7818314824680299,0.6234898018587334
2025-01-05 04:45:00,0.348,-0.7818314824680299,0.6234898018587334
2025-01-05 05:00:00,0.24,-0.7818314824680299,0.6234898018587334
2025-01-05 05:15:00,0.256,-0.7818314824680299,0.6234898018587334
2025-01-05 05:30:00,0.52,-0.7818314824680299,0.6234898018587334
2025-01-05 05:45:00,0.164,-0.7818314824680299,0.6234898018587334
2025-01-05 06:00:00,0.2,-0.7818314824680299,0.6234898018587334
2025-01-05 06:15:00,0.432,-0.7818314824680299,0.6234898018587334
2025-01-05 06:30:00,0.264,-0.7818314824680299,0.6234898018587334
2025-01-05 06:45:00,0.192,-0.7818314824680299,0.6234898018587334
2025-01-05 07:00:00,0.288,-0.7818314824680299,0.6234898018587334
2025-01-05 07:15:00,1.252,-0.7818314824680299,0.6234898018587334
2025-01-05 07:30:00,1.964,-0.7818314824680299,0.6234898018587334
2025-01-05 07:45:00,0.704,-0.7818314824680299,0.6234898018587334
2025-01-05 08:00:00,1.904,-0.7818314824680299,0.6234898018587334
2025-01-05 08:15:00,0.348,-0.7818314824680299,0.6234898018587334
2025-01-05 08:30:00,0.236,-0.7818314824680299,0.6234898018587334
2025-01-05 08:45:00,1.004,-0.7818314824680299,0.6234898018587334
2025-01-05 09:00:00,0.36,-0.7818314824680299,0.6234898018587334
2025-01-05 09:15:00,0.168,-0.7818314824680299,0.6234898018587334
2025-01-05 09:30:00,0.264,-0.7818314824680299,0.6234898018587334
2025-01-05 09:45:00,0.504,-0.7818314824680299,0.6234898018587334
2025-01-05 10:00:00,0.236,-0.7818314824680299,0.6234898018587334
2025-01-05 10:15:00,1.268,-0.7818314824680299,0.6234898018587334
2025-01-05 10:30:00,1.42,-0.7818314824680299,0.6234898018587334
2025-01-05 10:45:00,2.264,-0.7818314824680299,0.6234898018587334
2025-01-05 11:00:00,1.24,-0.7818314824680299,0.6234898018587334
2025-01-05 11:15:00,1.312,-0.7818314824680299,0.6234898018587334
2025-01-05 11:30:00,1.232,-0.7818314824680299,0.6234898018587334
2025-01-05 11:45:00,0.264,-0.7818314824680299,0.6234898018587334
2025-01-05 12:00:00,0.316,-0.7818314824680299,0.6234898018587334
2025-01-05 12:15:00,0.656,-0.7818314824680299,0.6234898018587334
2025-01-05 12:30:00,0.9,-0.7818314824680299,0.6234898018587334
2025-01-05 12:45:00,2.228,-0.7818314824680299,0.6234898018587334
2025-01-05 13:00:00,3.888,-0.7818314824680299,0.6234898018587334
2025-01-05 13:15:00,2.084,-0.7818314824680299,0.6234898018587334
2025-01-05 13:30:00,1.524,-0.7818314824680299,0.6234898018587334
2025-01-05 13:45:00,2.848,-0.7818314824680299,0.6234898018587334
2025-01-05 14:00:00,1.916,-0.7818314824680299,0.6234898018587334
2025-01-05 14:15:00,2.396,-0.7818314824680299,0.6234898018587334
2025-01-05 14:30:00,2.348,-0.7818314824680299,0.6234898018587334
2025-01-05 14:45:00,1.92,-0.7818314824680299,0.6234898018587334
2025-01-05 15:00:00,1.508,-0.7818314824680299,0.6234898018587334
2025-01-05 15:15:00,1.872,-0.7818314824680299,0.6234898018587334
2025-01-05 15:30:00,2.332,-0.7818314824680299,0.6234898018587334
2025-01-05 15:45:00,1.816,-0.7818314824680299,0.6234898018587334
2025-01-05 16:00:00,1.696,-0.7818314824680299,0.6234898018587334
2025-01-05 16:15:00,1.676,-0.7818314824680299,0.6234898018587334
2025-01-05 16:30:00,1.604,-0.7818314824680299,0.6234898018587334
2025-01-05 16:45:00,0.668,-0.7818314824680299,0.6234898018587334
2025-01-05 17:00:00,0.868,-0.7818314824680299,0.6234898018587334
2025-01-05 17:15:00,1.188,-0.7818314824680299,0.6234898018587334
2025-01-05 17:30:00,1.004,-0.7818314824680299,0.6234898018587334
2025-01-05 17:45:00,0.916,-0.7818314824680299,0.6234898018587334
2025-01-05 18:00:00,1.072,-0.7818314824680299,0.6234898018587334
2025-01-05 18:15:00,1.16,-0.7818314824680299,0.6234898018587334
2025-01-05 18:30:00,1.176,-0.7818314824680299,0.6234898018587334
2025-01-05 18:45:00,1.28,-0.7818314824680299,0.6234898018587334
2025-01-05 19:00:00,1.416,-0.7818314824680299,0.6234898018587334
2025-01-05 19:15:00,3.204,-0.7818314824680299,0.6234898018587334
2025-01-05 19:30:00,2.232,-0.7818314824680299,0.6234898018587334
2025-01-05 19:45:00,2.192,-0.7818314824680299,0.6234898018587334
2025-01-05 20:00:00,1.904,-0.7818314824680299,0.6234898018587334
2025-01-05 20:15:00,1.784,-0.7818314824680299,0.6234898018587334
2025-01-05 20:30:00,1.276,-0.7818314824680299,0.6234898018587334
2025-01-05 20:45:00,1.068,-0.7818314824680299,0.6234898018587334
2025-01-05 21:00:00,0.736,-0.7818314824680299,0.6234898018587334
2025-01-05 21:15:00,0.836,-0.7818314824680299,0.6234898018587334
2025-01-05 21:30:00,0.888,-0.7818314824680299,0.6234898018587334
2025-01-05 21:45:00,0.756,-0.7818314824680299,0.6234898018587334
2025-01-05 22:00:00,0.816,-0.7818314824680299,0.6234898018587334
2025-01-05 22:15:00,0.828,-0.7818314824680299,0.6234898018587334
2025-01-05 22:30:00,0.832,-0.7818314824680299,0.6234898018587334
2025-01-05 22:45:00,1.456,-0.7818314824680299,0.6234898018587334
2025-01-05 23:00:00,1.484,-0.7818314824680299,0.6234898018587334
2025-01-05 23:15:00,1.356,-0.7818314824680299,0.6234898018587334
2025-01-05 23:30:00,1.332,-0.7818314824680299,0.6234898018587334
2025-01-05 23:45:00,1.32,-0.7818314824680299,0.6234898018587334
2025-01-06 00:00:00,1.424,0.0,1.0
2025-01-06 00:15:00,1.332,0.0,1.0
2025-01-06 00:30:00,1.248,0.0,1.0
2025-01-06 00:45:00,1.288,0.0,1.0
2025-01-06 01:00:00,1.06,0.0,1.0
2025-01-06 01:15:00,2.452,0.0,1.0
2025-01-06 01:30:00,0.564,0.0,1.0
2025-01-06 01:45:00,1.428,0.0,1.0
2025-01-06 02:00:00,0.444,0.0,1.0
2025-01-06 02:15:00,0.588,0.0,1.0
2025-01-06 02:30:00,1.712,0.0,1.0
2025-01-06 02:45:00,0.812,0.0,1.0
2025-01-06 03:00:00,1.02,0.0,1.0
2025-01-06 03:15:00,1.24,0.0,1.0
2025-01-06 03:30:00,0.2,0.0,1.0
2025-01-06 03:45:00,0.208,0.0,1.0
2025-01-06 04:00:00,0.2,0.0,1.0
2025-01-06 04:15:00,0.176,0.0,1.0
2025-01-06 04:30:00,0.212,0.0,1.0
2025-01-06 04:45:00,0.208,0.0,1.0
2025-01-06 05:00:00,0.204,0.0,1.0
2025-01-06 05:15:00,0.18,0.0,1.0
2025-01-06 05:30:00,0.192,0.0,1.0
2025-01-06 05:45:00,0.204,0.0,1.0
2025-01-06 06:00:00,0.18,0.0,1.0
2025-01-06 06:15:00,0.188,0.0,1.0
2025-01-06 06:30:00,0.208,0.0,1.0
2025-01-06 06:45:00,0.204,0.0,1.0
2025-01-06 07:00:00,0.192,0.0,1.0
2025-01-06 07:15:00,0.196,0.0,1.0
2025-01-06 07:30:00,0.34,0.0,1.0
2025-01-06 07:45:00,1.984,0.0,1.0
2025-01-06 08:00:00,0.704,0.0,1.0
2025-01-06 08:15:00,0.376,0.0,1.0
2025-01-06 08:30:00,0.272,0.0,1.0
2025-01-06 08:45:00,0.288,0.0,1.0
2025-01-06 09:00:00,0.252,0.0,1.0
2025-01-06 09:15:00,0.24,0.0,1.0
2025-01-06 09:30:00,0.192,0.0,1.0
2025-01-06 09:45:00,0.472,0.0,1.0
2025-01-06 10:00:00,1.124,0.0,1.0
2025-01-06 10:15:00,0.936,0.0,1.0
2025-01-06 10:30:00,0.912,0.0,1.0
2025-01-06 10:45:00,1.948,0.0,1.0
2025-01-06 11:00:00,1.692,0.0,1.0
2025-01-06 11:15:00,1.224,0.0,1.0
2025-01-06 11:30:00,1.484,0.0,1.0
2025-01-06 11:45:00,1.756,0.0,1.0
2025-01-06 12:00:00,2.128,0.0,1.0
2025-01-06 12:15:00,1.656,0.0,1.0
2025-01-06 12:30:00,1.084,0.0,1.0
2025-01-06 12:45:00,0.42,0.0,1.0
2025-01-06 13:00:00,2.032,0.0,1.0
2025-01-06 13:15:00,2.944,0.0,1.0
2025-01-06 13:30:00,1.3,0.0,1.0
2025-01-06 13:45:00,1.48,0.0,1.0
2025-01-06 14:00:00,1.34,0.0,1.0
2025-01-06 14:15:00,0.788,0.0,1.0
2025-01-06 14:30:00,1.652,0.0,1.0
2025-01-06 14:45:00,1.084,0.0,1.0
2025-01-06 15:00:00,0.996,0.0,1.0
2025-01-06 15:15:00,1.0,0.0,1.0
2025-01-06 15:30:00,1.04,0.0,1.0
2025-01-06 15:45:00,1.116,0.0,1.0
2025-01-06 16:00:00,1.352,0.0,1.0
2025-01-06 16:15:00,1.36,0.0,1.0
2025-01-06 16:30:00,1.156,0.0,1.0
2025-01-06 16:45:00,1.064,0.0,1.0
2025-01-06 17:00:00,1.072,0.0,1.0
2025-01-06 17:15:00,0.86,0.0,1.0
2025-01-06 17:30:00,1.088,0.0,1.0
2025-01-06 17:45:00,0.944,0.0,1.0
2025-01-06 18:00:00,0.684,0.0,1.0
2025-01-06 18:15:00,0.896,0.0,1.0
2025-01-06 18:30:00,0.884,0.0,1.0
2025-01-06 18:45:00,1.092,0.0,1.0
2025-01-06 19:00:00,0.868,0.0,1.0
2025-01-06 19:15:00,1.348,0.0,1.0
2025-01-06 19:30:00,1.356,0.0,1.0
2025-01-06 19:45:00,0.82,0.0,1.0
2025-01-06 20:00:00,0.616,0.0,1.0
2025-01-06 20:15:00,0.968,0.0,1.0
2025-01-06 20:30:00,1.016,0.0,1.0
2025-01-06 20:45:00,1.632,0.0,1.0
2025-01-06 21:00:00,1.0,0.0,1.0
2025-01-06 21:15:00,1.068,0.0,1.0
2025-01-06 21:30:00,2.2,0.0,1.0
2025-01-06 21:45:00,1.3,0.0,1.0
2025-01-06 22:00:00,0.964,0.0,1.0
2025-01-06 22:15:00,1.064,0.0,1.0
2025-01-06 22:30:00,1.04,0.0,1.0
2025-01-06 22:45:00,0.98,0.0,1.0
2025-01-06 23:00:00,1.196,0.0,1.0
2025-01-06 23:15:00,0.86,0.0,1.0
2025-01-06 23:30:00,0.776,0.0,1.0
2025-01-06 23:45:00,0.592,0.0,1.0
2025-01-07 00:00:00,0.68,0.7818314824680298,0.6234898018587336
2025-01-07 00:15:00,0.692,0.7818314824680298,0.6234898018587336
2025-01-07 00:30:00,0.68,0.7818314824680298,0.6234898018587336
2025-01-07 00:45:00,0.688,0.7818314824680298,0.6234898018587336
2025-01-07 01:00:00,0.716,0.7818314824680298,0.6234898018587336
2025-01-07 01:15:00,0.58,0.7818314824680298,0.6234898018587336
2025-01-07 01:30:00,0.404,0.7818314824680298,0.6234898018587336
2025-01-07 01:45:00,0.364,0.7818314824680298,0.6234898018587336
2025-01-07 02:00:00,0.332,0.7818314824680298,0.6234898018587336
2025-01-07 02:15:00,0.336,0.7818314824680298,0.6234898018587336
2025-01-07 02:30:00,0.392,0.7818314824680298,0.6234898018587336
2025-01-07 02:45:00,0.372,0.7818314824680298,0.6234898018587336
2025-01-07 03:00:00,0.276,0.7818314824680298,0.6234898018587336
2025-01-07 03:15:00,0.288,0.7818314824680298,0.6234898018587336
2025-01-07 03:30:00,0.312,0.7818314824680298,0.6234898018587336
2025-01-07 03:45:00,0.336,0.7818314824680298,0.6234898018587336
2025-01-07 04:00:00,0.28,0.7818314824680298,0.6234898018587336
2025-01-07 04:15:00,0.288,0.7818314824680298,0.6234898018587336
2025-01-07 04:30:00,0.292,0.7818314824680298,0.6234898018587336
2025-01-07 04:45:00,0.284,0.7818314824680298,0.6234898018587336
2025-01-07 05:00:00,0.26,0.7818314824680298,0.6234898018587336
2025-01-07 05:15:00,0.288,0.7818314824680298,0.6234898018587336
2025-01-07 05:30:00,0.288,0.7818314824680298,0.6234898018587336
2025-01-07 05:45:00,0.264,0.7818314824680298,0.6234898018587336
2025-01-07 06:00:00,0.272,0.7818314824680298,0.6234898018587336
2025-01-07 06:15:00,0.284,0.7818314824680298,0.6234898018587336
2025-01-07 06:30:00,0.284,0.7818314824680298,0.6234898018587336
2025-01-07 06:45:00,0.256,0.7818314824680298,0.6234898018587336
2025-01-07 07:00:00,0.236,0.7818314824680298,0.6234898018587336
2025-01-07 07:15:00,1.056,0.7818314824680298,0.6234898018587336
2025-01-07 07:30:00,2.288,0.7818314824680298,0.6234898018587336
2025-01-07 07:45:00,0.96,0.7818314824680298,0.6234898018587336
2025-01-07 08:00:00,1.104,0.7818314824680298,0.6234898018587336
2025-01-07 08:15:00,1.3,0.7818314824680298,0.6234898018587336
2025-01-07 08:30:00,0.372,0.7818314824680298,0.6234898018587336
2025-01-07 08:45:00,0.328,0.7818314824680298,0.6234898018587336
2025-01-07 09:00:00,0.336,0.7818314824680298,0.6234898018587336
2025-01-07 09:15:00,0.396,0.7818314824680298,0.6234898018587336
2025-01-07 09:30:00,0.336,0.7818314824680298,0.6234898018587336
2025-01-07 09:45:00,0.248,0.7818314824680298,0.6234898018587336
2025-01-07 10:00:00,0.264,0.7818314824680298,0.6234898018587336
2025-01-07 10:15:00,0.292,0.7818314824680298,0.6234898018587336
2025-01-07 10:30:00,1.052,0.7818314824680298,0.6234898018587336
2025-01-07 10:45:00,0.348,0.7818314824680298,0.6234898018587336
2025-01-07 11:00:00,0.66,0.7818314824680298,0.6234898018587336
2025-01-07 11:15:00,0.364,0.7818314824680298,0.6234898018587336
2025-01-07 11:30:00,0.508,0.7818314824680298,0.6234898018587336
2025-01-07 11:45:00,0.396,0.7818314824680298,0.6234898018587336
2025-01-07 12:00:00,0.268,0.7818314824680298,0.6234898018587336
2025-01-07 12:15:00,0.216,0.7818314824680298,0.6234898018587336
2025-01-07 12:30:00,0.248,0.7818314824680298,0.6234898018587336
2025-01-07 12:45:00,0.536,0.7818314824680298,0.6234898018587336
2025-01-07 13:00:00,0.792,0.7818314824680298,0.6234898018587336
2025-01-07 13:15:00,0.364,0.7818314824680298,0.6234898018587336
2025-01-07 13:30:00,0.476,0.7818314824680298,0.6234898018587336
2025-01-07 13:45:00,0.932,0.7818314824680298,0.6234898018587336
2025-01-07 14:00:00,0.172,0.7818314824680298,0.6234898018587336
2025-01-07 14:15:00,0.188,0.7818314824680298,0.6234898018587336
2025-01-07 14:30:00,0.248,0.7818314824680298,0.6234898018587336
2025-01-07 14:45:00,0.224,0.7818314824680298,0.6234898018587336
2025-01-07 15:00:00,0.264,0.7818314824680298,0.6234898018587336
2025-01-07 15:15:00,0.3,0.7818314824680298,0.6234898018587336
2025-01-07 15:30:00,0.58,0.7818314824680298,0.6234898018587336
2025-01-07 15:45:00,0.284,0.7818314824680298,0.6234898018587336
2025-01-07 16:00:00,0.416,0.7818314824680298,0.6234898018587336
2025-01-07 16:15:00,0.928,0.7818314824680298,0.6234898018587336
2025-01-07 16:30:00,0.268,0.7818314824680298,0.6234898018587336
2025-01-07 16:45:00,0.248,0.7818314824680298,0.6234898018587336
2025-01-07 17:00:00,0.244,0.7818314824680298,0.6234898018587336
2025-01-07 17:15:00,0.268,0.7818314824680298,0.6234898018587336
2025-01-07 17:30:00,0.572,0.7818314824680298,0.6234898018587336
2025-01-07 17:45:00,0.424,0.7818314824680298,0.6234898018587336
2025-01-07 18:00:00,0.404,0.7818314824680298,0.6234898018587336
2025-01-07 18:15:00,0.948,0.7818314824680298,0.6234898018587336
2025-01-07 18:30:00,0.576,0.7818314824680298,0.6234898018587336
2025-01-07 18:45:00,0.4,0.7818314824680298,0.6234898018587336
2025-01-07 19:00:00,0.452,0.7818314824680298,0.6234898018587336
2025-01-07 19:15:00,1.548,0.7818314824680298,0.6234898018587336
2025-01-07 19:30:00,1.444,0.7818314824680298,0.6234898018587336
2025-01-07 19:45:00,0.464,0.7818314824680298,0.6234898018587336
2025-01-07 20:00:00,0.368,0.7818314824680298,0.6234898018587336
2025-01-07 20:15:00,1.34,0.7818314824680298,0.6234898018587336
2025-01-07 20:30:00,2.492,0.7818314824680298,0.6234898018587336
2025-01-07 20:45:00,1.076,0.7818314824680298,0.6234898018587336
2025-01-07 21:00:00,0.592,0.7818314824680298,0.6234898018587336
2025-01-07 21:15:00,0.604,0.7818314824680298,0.6234898018587336
2025-01-07 21:30:00,0.716,0.7818314824680298,0.6234898018587336
2025-01-07 21:45:00,0.704,0.7818314824680298,0.6234898018587336
2025-01-07 22:00:00,0.632,0.7818314824680298,0.6234898018587336
2025-01-07 22:15:00,0.832,0.7818314824680298,0.6234898018587336
2025-01-07 22:30:00,1.504,0.7818314824680298,0.6234898018587336
2025-01-07 22:45:00,1.292,0.7818314824680298,0.6234898018587336
2025-01-07 23:00:00,1.18,0.7818314824680298,0.6234898018587336
2025-01-07 23:15:00,0.964,0.7818314824680298,0.6234898018587336
2025-01-07 23:30:00,1.008,0.7818314824680298,0.6234898018587336
2025-01-07 23:45:00,1.096,0.7818314824680298,0.6234898018587336
2025-01-08 00:00:00,0.928,0.9749279121818236,-0.22252093395631434
2025-01-08 00:15:00,1.152,0.9749279121818236,-0.22252093395631434
2025-01-08 00:30:00,1.236,0.9749279121818236,-0.22252093395631434
2025-01-08 00:45:00,1.096,0.9749279121818236,-0.22252093395631434
2025-01-08 01:00:00,1.312,0.9749279121818236,-0.22252093395631434
2025-01-08 01:15:00,1.108,0.9749279121818236,-0.22252093395631434
2025-01-08 01:30:00,1.328,0.9749279121818236,-0.22252093395631434
2025-01-08 01:45:00,1.328,0.9749279121818236,-0.22252093395631434
2025-01-08 02:00:00,0.992,0.9749279121818236,-0.22252093395631434
2025-01-08 02:15:00,1.284,0.9749279121818236,-0.22252093395631434
2025-01-08 02:30:00,1.052,0.9749279121818236,-0.22252093395631434
2025-01-08 02:45:00,1.304,0.9749279121818236,-0.22252093395631434
2025-01-08 03:00:00,1.108,0.9749279121818236,-0.22252093395631434
2025-01-08 03:15:00,1.42,0.9749279121818236,-0.22252093395631434
2025-01-08 03:30:00,1.068,0.9749279121818236,-0.22252093395631434
2025-01-08 03:45:00,1.256,0.9749279121818236,-0.22252093395631434
2025-01-08 04:00:00,1.088,0.9749279121818236,-0.22252093395631434
2025-01-08 04:15:00,0.892,0.9749279121818236,-0.22252093395631434
2025-01-08 04:30:00,1.184,0.9749279121818236,-0.22252093395631434
2025-01-08 04:45:00,0.832,0.9749279121818236,-0.22252093395631434
2025-01-08 05:00:00,1.016,0.9749279121818236,-0.22252093395631434
2025-01-08 05:15:00,0.816,0.9749279121818236,-0.22252093395631434
2025-01-08 05:30:00,1.092,0.9749279121818236,-0.22252093395631434
2025-01-08 05:45:00,2.248,0.9749279121818236,-0.22252093395631434
2025-01-08 06:00:00,2.124,0.9749279121818236,-0.22252093395631434
2025-01-08 06:15:00,1.708,0.9749279121818236,-0.22252093395631434
2025-01-08 06:30:00,2.112,0.9749279121818236,-0.22252093395631434
2025-01-08 06:45:00,1.78,0.9749279121818236,-0.22252093395631434
2025-01-08 07:00:00,2.684,0.9749279121818236,-0.22252093395631434
2025-01-08 07:15:00,0.924,0.9749279121818236,-0.22252093395631434
2025-01-08 07:30:00,1.132,0.9749279121818236,-0.22252093395631434
2025-01-08 07:45:00,0.292,0.9749279121818236,-0.22252093395631434
2025-01-08 08:00:00,0.344,0.9749279121818236,-0.22252093395631434
2025-01-08 08:15:00,0.28,0.9749279121818236,-0.22252093395631434
2025-01-08 08:30:00,0.28,0.9749279121818236,-0.22252093395631434
2025-01-08 08:45:00,0.332,0.9749279121818236,-0.22252093395631434
2025-01-08 09:00:00,0.216,0.9749279121818236,-0.22252093395631434
2025-01-08 09:15:00,0.308,0.9749279121818236,-0.22252093395631434
2025-01-08 09:30:00,0.268,0.9749279121818236,-0.22252093395631434
2025-01-08 09:45:00,0.268,0.9749279121818236,-0.22252093395631434
2025-01-08 10:00:00,0.3,0.9749279121818236,-0.22252093395631434
2025-01-08 10:15:00,0.232,0.9749279121818236,-0.22252093395631434
2025-01-08 10:30:00,0.328,0.9749279121818236,-0.22252093395631434
2025-01-08 10:45:00,0.228,0.9749279121818236,-0.22252093395631434
2025-01-08 11:00:00,0.236,0.9749279121818236,-0.22252093395631434
2025-01-08 11:15:00,0.24,0.9749279121818236,-0.22252093395631434
2025-01-08 11:30:00,0.212,0.9749279121818236,-0.22252093395631434
2025-01-08 11:45:00,0.352,0.9749279121818236,-0.22252093395631434
2025-01-08 12:00:00,1.164,0.9749279121818236,-0.22252093395631434
2025-01-08 12:15:00,1.424,0.9749279121818236,-0.22252093395631434
2025-01-08 12:30:00,0.5,0.9749279121818236,-0.22252093395631434
2025-01-08 12:45:00,0.376,0.9749279121818236,-0.22252093395631434
2025-01-08 13:00:00,0.492,0.9749279121818236,-0.22252093395631434
2025-01-08 13:15:00,0.596,0.9749279121818236,-0.22252093395631434
2025-01-08 13:30:00,0.528,0.9749279121818236,-0.22252093395631434
2025-01-08 13:45:00,0.468,0.9749279121818236,-0.22252093395631434
2025-01-08 14:00:00,0.416,0.9749279121818236,-0.22252093395631434
2025-01-08 14:15:00,1.732,0.9749279121818236,-0.22252093395631434
2025-01-08 14:30:00,1.68,0.9749279121818236,-0.22252093395631434
2025-01-08 14:45:00,0.704,0.9749279121818236,-0.22252093395631434
2025-01-08 15:00:00,0.632,0.9749279121818236,-0.22252093395631434
2025-01-08 15:15:00,0.912,0.9749279121818236,-0.22252093395631434
2025-01-08 15:30:00,0.704,0.9749279121818236,-0.22252093395631434
2025-01-08 15:45:00,0.804,0.9749279121818236,-0.22252093395631434
2025-01-08 16:00:00,0.856,0.9749279121818236,-0.22252093395631434
2025-01-08 16:15:00,0.916,0.9749279121818236,-0.22252093395631434
2025-01-08 16:30:00,0.852,0.9749279121818236,-0.22252093395631434
2025-01-08 16:45:00,1.36,0.9749279121818236,-0.22252093395631434
2025-01-08 17:00:00,2.276,0.9749279121818236,-0.22252093395631434
2025-01-08 17:15:00,1.824,0.9749279121818236,-0.22252093395631434
2025-01-08 17:30:00,1.384,0.9749279121818236,-0.22252093395631434
2025-01-08 17:45:00,1.144,0.9749279121818236,-0.22252093395631434
2025-01-08 18:00:00,1.224,0.9749279121818236,-0.22252093395631434
2025-01-08 18:15:00,1.104,0.9749279121818236,-0.22252093395631434
2025-01-08 18:30:00,1.048,0.9749279121818236,-0.22252093395631434
2025-01-08 18:45:00,1.056,0.9749279121818236,-0.22252093395631434
2025-01-08 19:00:00,1.024,0.9749279121818236,-0.22252093395631434
2025-01-08 19:15:00,0.976,0.9749279121818236,-0.22252093395631434
2025-01-08 19:30:00,1.008,0.9749279121818236,-0.22252093395631434
2025-01-08 19:45:00,1.108,0.9749279121818236,-0.22252093395631434
2025-01-08 20:00:00,1.784,0.9749279121818236,-0.22252093395631434
2025-01-08 20:15:00,1.756,0.9749279121818236,-0.22252093395631434
2025-01-08 20:30:00,1.592,0.9749279121818236,-0.22252093395631434
2025-01-08 20:45:00,1.464,0.9749279121818236,-0.22252093395631434
2025-01-08 21:00:00,1.932,0.9749279121818236,-0.22252093395631434
2025-01-08 21:15:00,1.488,0.9749279121818236,-0.22252093395631434
2025-01-08 21:30:00,1.536,0.9749279121818236,-0.22252093395631434
2025-01-08 21:45:00,1.8,0.9749279121818236,-0.22252093395631434
2025-01-08 22:00:00,1.784,0.9749279121818236,-0.22252093395631434
2025-01-08 22:15:00,1.132,0.9749279121818236,-0.22252093395631434
2025-01-08 22:30:00,1.576,0.9749279121818236,-0.22252093395631434
2025-01-08 22:45:00,1.4,0.9749279121818236,-0.22252093395631434
2025-01-08 23:00:00,0.988,0.9749279121818236,-0.22252093395631434
2025-01-08 23:15:00,1.268,0.9749279121818236,-0.22252093395631434
2025-01-08 23:30:00,1.068,0.9749279121818236,-0.22252093395631434
2025-01-08 23:45:00,1.116,0.9749279121818236,-0.22252093395631434
2025-01-09 00:00:00,1.2,0.43388373911755823,-0.900968867902419
2025-01-09 00:15:00,0.496,0.43388373911755823,-0.900968867902419
2025-01-09 00:30:00,0.364,0.43388373911755823,-0.900968867902419
2025-01-09 00:45:00,0.644,0.43388373911755823,-0.900968867902419
2025-01-09 01:00:00,0.328,0.43388373911755823,-0.900968867902419
2025-01-09 01:15:00,0.396,0.43388373911755823,-0.900968867902419
2025-01-09 01:30:00,0.588,0.43388373911755823,-0.900968867902419
2025-01-09 01:45:00,0.284,0.43388373911755823,-0.900968867902419
2025-01-09 02:00:00,0.38,0.43388373911755823,-0.900968867902419
2025-01-09 02:15:00,0.56,0.43388373911755823,-0.900968867902419
2025-01-09 02:30:00,0.296,0.43388373911755823,-0.900968867902419
2025-01-09 02:45:00,0.416,0.43388373911755823,-0.900968867902419
2025-01-09 03:00:00,0.504,0.43388373911755823,-0.900968867902419
2025-01-09 03:15:00,0.232,0.43388373911755823,-0.900968867902419
2025-01-09 03:30:00,0.368,0.43388373911755823,-0.900968867902419
2025-01-09 03:45:00,0.384,0.43388373911755823,-0.900968867902419
2025-01-09 04:00:00,0.22,0.43388373911755823,-0.900968867902419
2025-01-09 04:15:00,0.412,0.43388373911755823,-0.900968867902419
2025-01-09 04:30:00,0.36,0.43388373911755823,-0.900968867902419
2025-01-09 04:45:00,0.192,0.43388373911755823,-0.900968867902419
2025-01-09 05:00:00,0.464,0.43388373911755823,-0.900968867902419
2025-01-09 05:15:00,0.304,0.43388373911755823,-0.900968867902419
2025-01-09 05:30:00,0.196,0.43388373911755823,-0.900968867902419
2025-01-09 05:45:00,0.496,0.43388373911755823,-0.900968867902419
2025-01-09 06:00:00,0.272,0.43388373911755823,-0.900968867902419
2025-01-09 06:15:00,0.184,0.43388373911755823,-0.900968867902419
2025-01-09 06:30:00,0.512,0.43388373911755823,-0.900968867902419
2025-01-09 06:45:00,0.248,0.43388373911755823,-0.900968867902419
2025-01-09 07:00:00,0.176,0.43388373911755823,-0.900968867902419
2025-01-09 07:15:00,0.552,0.43388373911755823,-0.900968867902419
2025-01-09 07:30:00,1.128,0.43388373911755823,-0.900968867902419
2025-01-09 07:45:00,1.712,0.43388373911755823,-0.900968867902419
2025-01-09 08:00:00,1.412,0.43388373911755823,-0.900968867902419
2025-01-09 08:15:00,1.68,0.43388373911755823,-0.900968867902419
2025-01-09 08:30:00,1.62,0.43388373911755823,-0.900968867902419
2025-01-09 08:45:00,1.776,0.43388373911755823,-0.900968867902419
2025-01-09 09:00:00,1.524,0.43388373911755823,-0.900968867902419
2025-01-09 09:15:00,1.696,0.43388373911755823,-0.900968867902419
2025-01-09 09:30:00,1.656,0.43388373911755823,-0.900968867902419
2025-01-09 09:45:00,0.244,0.43388373911755823,-0.900968867902419
2025-01-09 10:00:00,0.324,0.43388373911755823,-0.900968867902419
2025-01-09 10:15:00,0.428,0.43388373911755823,-0.900968867902419
2025-01-09 10:30:00,0.38,0.43388373911755823,-0.900968867902419
2025-01-09 10:45:00,0.312,0.43388373911755823,-0.900968867902419
2025-01-09 11:00:00,0.412,0.43388373911755823,-0.900968867902419
2025-01-09 11:15:00,0.212,0.43388373911755823,-0.900968867902419
2025-01-09 11:30:00,0.48,0.43388373911755823,-0.900968867902419
2025-01-09 11:45:00,0.52,0.43388373911755823,-0.900968867902419
2025-01-09 12:00:00,0.368,0.43388373911755823,-0.900968867902419
2025-01-09 12:15:00,0.536,0.43388373911755823,-0.900968867902419
2025-01-09 12:30:00,0.648,0.43388373911755823,-0.900968867902419
2025-01-09 12:45:00,0.628,0.43388373911755823,-0.900968867902419
2025-01-09 13:00:00,0.74,0.43388373911755823,-0.900968867902419
2025-01-09 13:15:00,0.66,0.43388373911755823,-0.900968867902419
2025-01-09 13:30:00,0.896,0.43388373911755823,-0.900968867902419
2025-01-09 13:45:00,0.784,0.43388373911755823,-0.900968867902419
2025-01-09 14:00:00,0.764,0.43388373911755823,-0.900968867902419
2025-01-09 14:15:00,1.856,0.43388373911755823,-0.900968867902419
2025-01-09 14:30:00,1.944,0.43388373911755823,-0.900968867902419
2025-01-09 14:45:00,1.484,0.43388373911755823,-0.900968867902419
2025-01-09 15:00:00,2.06,0.43388373911755823,-0.900968867902419
2025-01-09 15:15:00,0.552,0.43388373911755823,-0.900968867902419
2025-01-09 15:30:00,0.528,0.43388373911755823,-0.900968867902419
2025-01-09 15:45:00,1.548,0.43388373911755823,-0.900968867902419
2025-01-09 16:00:00,1.492,0.43388373911755823,-0.900968867902419
2025-01-09 16:15:00,0.644,0.43388373911755823,-0.900968867902419
2025-01-09 16:30:00,0.956,0.43388373911755823,-0.900968867902419
2025-01-09 16:45:00,1.748,0.43388373911755823,-0.900968867902419
2025-01-09 17:00:00,1.884,0.43388373911755823,-0.900968867902419
2025-01-09 17:15:00,0.232,0.43388373911755823,-0.900968867902419
2025-01-09 17:30:00,0.208,0.43388373911755823,-0.900968867902419
2025-01-09 17:45:00,0.548,0.43388373911755823,-0.900968867902419
2025-01-09 18:00:00,0.192,0.43388373911755823,-0.900968867902419
2025-01-09 18:15:00,0.232,0.43388373911755823,-0.900968867902419
2025-01-09 18:30:00,0.436,0.43388373911755823,-0.900968867902419
2025-01-09 18:45:00,0.284,0.43388373911755823,-0.900968867902419
2025-01-09 19:00:00,0.416,0.43388373911755823,-0.900968867902419
2025-01-09 19:15:00,0.416,0.43388373911755823,-0.900968867902419
2025-01-09 19:30:00,0.528,0.43388373911755823,-0.900968867902419
2025-01-09 19:45:00,0.62,0.43388373911755823,-0.900968867902419
2025-01-09 20:00:00,1.464,0.43388373911755823,-0.900968867902419
2025-01-09 20:15:00,1.376,0.43388373911755823,-0.900968867902419
2025-01-09 20:30:00,1.424,0.43388373911755823,-0.900968867902419
2025-01-09 20:45:00,0.864,0.43388373911755823,-0.900968867902419
2025-01-09 21:00:00,1.2,0.43388373911755823,-0.900968867902419
2025-01-09 21:15:00,1.54,0.43388373911755823,-0.900968867902419
2025-01-09 21:30:00,1.368,0.43388373911755823,-0.900968867902419
2025-01-09 21:45:00,0.672,0.43388373911755823,-0.900968867902419
2025-01-09 22:00:00,0.776,0.43388373911755823,-0.900968867902419
2025-01-09 22:15:00,0.876,0.43388373911755823,-0.900968867902419
2025-01-09 22:30:00,0.94,0.43388373911755823,-0.900968867902419
2025-01-09 22:45:00,0.796,0.43388373911755823,-0.900968867902419
2025-01-09 23:00:00,0.964,0.43388373911755823,-0.900968867902419
2025-01-09 23:15:00,0.996,0.43388373911755823,-0.900968867902419
2025-01-09 23:30:00,0.908,0.43388373911755823,-0.900968867902419
2025-01-09 23:45:00,0.804,0.43388373911755823,-0.900968867902419
2025-01-10 00:00:00,0.812,-0.433883739117558,-0.9009688679024191
2025-01-10 00:15:00,0.744,-0.433883739117558,-0.9009688679024191
2025-01-10 00:30:00,0.604,-0.433883739117558,-0.9009688679024191
2025-01-10 00:45:00,0.636,-0.433883739117558,-0.9009688679024191
2025-01-10 01:00:00,0.616,-0.433883739117558,-0.9009688679024191
2025-01-10 01:15:00,0.556,-0.433883739117558,-0.9009688679024191
2025-01-10 01:30:00,0.552,-0.433883739117558,-0.9009688679024191
2025-01-10 01:45:00,0.52,-0.433883739117558,-0.9009688679024191
2025-01-10 02:00:00,1.884,-0.433883739117558,-0.9009688679024191
2025-01-10 02:15:00,0.592,-0.433883739117558,-0.9009688679024191
2025-01-10 02:30:00,1.4,-0.433883739117558,-0.9009688679024191
2025-01-10 02:45:00,0.516,-0.433883739117558,-0.9009688679024191
2025-01-10 03:00:00,0.448,-0.433883739117558,-0.9009688679024191
2025-01-10 03:15:00,0.304,-0.433883739117558,-0.9009688679024191
2025-01-10 03:30:00,0.272,-0.433883739117558,-0.9009688679024191
2025-01-10 03:45:00,0.932,-0.433883739117558,-0.9009688679024191
2025-01-10 04:00:00,1.232,-0.433883739117558,-0.9009688679024191
2025-01-10 04:15:00,0.204,-0.433883739117558,-0.9009688679024191
2025-01-10 04:30:00,0.22,-0.433883739117558,-0.9009688679024191
2025-01-10 04:45:00,0.22,-0.433883739117558,-0.9009688679024191
2025-01-10 05:00:00,0.228,-0.433883739117558,-0.9009688679024191
2025-01-10 05:15:00,0.212,-0.433883739117558,-0.9009688679024191
2025-01-10 05:30:00,0.216,-0.433883739117558,-0.9009688679024191
2025-01-10 05:45:00,0.216,-0.433883739117558,-0.9009688679024191
2025-01-10 06:00:00,0.212,-0.433883739117558,-0.9009688679024191
2025-01-10 06:15:00,1.308,-0.433883739117558,-0.9009688679024191
2025-01-10 06:30:00,1.908,-0.433883739117558,-0.9009688679024191
2025-01-10 06:45:00,1.276,-0.433883739117558,-0.9009688679024191
2025-01-10 07:00:00,0.804,-0.433883739117558,-0.9009688679024191
2025-01-10 07:15:00,1.512,-0.433883739117558,-0.9009688679024191
2025-01-10 07:30:00,0.892,-0.433883739117558,-0.9009688679024191
2025-01-10 07:45:00,0.684,-0.433883739117558,-0.9009688679024191
2025-01-10 08:00:00,0.744,-0.433883739117558,-0.9009688679024191
2025-01-10 08:15:00,0.7,-0.433883739117558,-0.9009688679024191
2025-01-10 08:30:00,0.616,-0.433883739117558,-0.9009688679024191
2025-01-10 08:45:00,0.644,-0.433883739117558,-0.9009688679024191
2025-01-10 09:00:00,0.656,-0.433883739117558,-0.9009688679024191
2025-01-10 09:15:00,0.608,-0.433883739117558,-0.9009688679024191
2025-01-10 09:30:00,0.692,-0.433883739117558,-0.9009688679024191
2025-01-10 09:45:00,0.68,-0.433883739117558,-0.9009688679024191
2025-01-10 10:00:00,0.6,-0.433883739117558,-0.9009688679024191
2025-01-10 10:15:00,0.7,-0.433883739117558,-0.9009688679024191
2025-01-10 10:30:00,0.612,-0.433883739117558,-0.9009688679024191
2025-01-10 10:45:00,0.66,-0.433883739117558,-0.9009688679024191
2025-01-10 11:00:00,2.348,-0.433883739117558,-0.9009688679024191
2025-01-10 11:15:00,0.444,-0.433883739117558,-0.9009688679024191
2025-01-10 11:30:00,0.328,-0.433883739117558,-0.9009688679024191
2025-01-10 11:45:00,0.344,-0.433883739117558,-0.9009688679024191
2025-01-10 12:00:00,0.256,-0.433883739117558,-0.9009688679024191
2025-01-10 12:15:00,0.248,-0.433883739117558,-0.9009688679024191
2025-01-10 12:30:00,0.216,-0.433883739117558,-0.9009688679024191
2025-01-10 12:45:00,0.208,-0.433883739117558,-0.9009688679024191
2025-01-10 13:00:00,0.192,-0.433883739117558,-0.9009688679024191
2025-01-10 13:15:00,0.16,-0.433883739117558,-0.9009688679024191
2025-01-10 13:30:00,0.2,-0.433883739117558,-0.9009688679024191
2025-01-10 13:45:00,0.192,-0.433883739117558,-0.9009688679024191
2025-01-10 14:00:00,0.192,-0.433883739117558,-0.9009688679024191
2025-01-10 14:15:00,0.192,-0.433883739117558,-0.9009688679024191
2025-01-10 14:30:00,1.428,-0.433883739117558,-0.9009688679024191
2025-01-10 14:45:00,2.236,-0.433883739117558,-0.9009688679024191
2025-01-10 15:00:00,0.328,-0.433883739117558,-0.9009688679024191
2025-01-10 15:15:00,0.272,-0.433883739117558,-0.9009688679024191
2025-01-10 15:30:00,0.212,-0.433883739117558,-0.9009688679024191
2025-01-10 15:45:00,0.184,-0.433883739117558,-0.9009688679024191
2025-01-10 16:00:00,0.408,-0.433883739117558,-0.9009688679024191
2025-01-10 16:15:00,0.472,-0.433883739117558,-0.9009688679024191
2025-01-10 16:30:00,0.348,-0.433883739117558,-0.9009688679024191
2025-01-10 16:45:00,0.364,-0.433883739117558,-0.9009688679024191
2025-01-10 17:00:00,0.328,-0.433883739117558,-0.9009688679024191
2025-01-10 17:15:00,0.204,-0.433883739117558,-0.9009688679024191
2025-01-10 17:30:00,0.42,-0.433883739117558,-0.9009688679024191
2025-01-10 17:45:00,0.276,-0.433883739117558,-0.9009688679024191
2025-01-10 18:00:00,0.256,-0.433883739117558,-0.9009688679024191
2025-01-10 18:15:00,0.18,-0.433883739117558,-0.9009688679024191
2025-01-10 18:30:00,0.192,-0.433883739117558,-0.9009688679024191
2025-01-10 18:45:00,0.192,-0.433883739117558,-0.9009688679024191
2025-01-10 19:00:00,0.888,-0.433883739117558,-0.9009688679024191
2025-01-10 19:15:00,0.392,-0.433883739117558,-0.9009688679024191
2025-01-10 19:30:00,0.38,-0.433883739117558,-0.9009688679024191
2025-01-10 19:45:00,0.464,-0.433883739117558,-0.9009688679024191
2025-01-10 20:00:00,0.46,-0.433883739117558,-0.9009688679024191
2025-01-10 20:15:00,0.544,-0.433883739117558,-0.9009688679024191
2025-01-10 20:30:00,0.512,-0.433883739117558,-0.9009688679024191
2025-01-10 20:45:00,2.524,-0.433883739117558,-0.9009688679024191
2025-01-10 21:00:00,1.692,-0.433883739117558,-0.9009688679024191
2025-01-10 21:15:00,1.664,-0.433883739117558,-0.9009688679024191
2025-01-10 21:30:00,1.056,-0.433883739117558,-0.9009688679024191
2025-01-10 21:45:00,0.556,-0.433883739117558,-0.9009688679024191
2025-01-10 22:00:00,0.56,-0.433883739117558,-0.9009688679024191
2025-01-10 22:15:00,0.532,-0.433883739117558,-0.9009688679024191
2025-01-10 22:30:00,0.528,-0.433883739117558,-0.9009688679024191
2025-01-10 22:45:00,0.5,-0.433883739117558,-0.9009688679024191
2025-01-10 23:00:00,0.68,-0.433883739117558,-0.9009688679024191
2025-01-10 23:15:00,0.804,-0.433883739117558,-0.9009688679024191
2025-01-10 23:30:00,0.748,-0.433883739117558,-0.9009688679024191
2025-01-10 23:45:00,0.752,-0.433883739117558,-0.9009688679024191
2025-01-11 00:00:00,0.684,-0.9749279121818236,-0.2225209339563146
2025-01-11 00:15:00,0.664,-0.9749279121818236,-0.2225209339563146
2025-01-11 00:30:00,0.532,-0.9749279121818236,-0.2225209339563146
2025-01-11 00:45:00,0.604,-0.9749279121818236,-0.2225209339563146
2025-01-11 01:00:00,0.652,-0.9749279121818236,-0.2225209339563146
2025-01-11 01:15:00,0.684,-0.9749279121818236,-0.2225209339563146
2025-01-11 01:30:00,0.68,-0.9749279121818236,-0.2225209339563146
2025-01-11 01:45:00,0.688,-0.9749279121818236,-0.2225209339563146
2025-01-11 02:00:00,0.596,-0.9749279121818236,-0.2225209339563146
2025-01-11 02:15:00,0.608,-0.9749279121818236,-0.2225209339563146
2025-01-11 02:30:00,0.528,-0.9749279121818236,-0.2225209339563146
2025-01-11 02:45:00,0.548,-0.9749279121818236,-0.2225209339563146
2025-01-11 03:00:00,0.892,-0.9749279121818236,-0.2225209339563146
2025-01-11 03:15:00,2.184,-0.9749279121818236,-0.2225209339563146
2025-01-11 03:30:00,0.916,-0.9749279121818236,-0.2225209339563146
2025-01-11 03:45:00,1.5,-0.9749279121818236,-0.2225209339563146
2025-01-11 04:00:00,0.796,-0.9749279121818236,-0.2225209339563146
2025-01-11 04:15:00,0.384,-0.9749279121818236,-0.2225209339563146
2025-01-11 04:30:00,0.36,-0.9749279121818236,-0.2225209339563146
2025-01-11 04:45:00,0.284,-0.9749279121818236,-0.2225209339563146
2025-01-11 05:00:00,0.312,-0.9749279121818236,-0.2225209339563146
2025-01-11 05:15:00,0.352,-0.9749279121818236,-0.2225209339563146
2025-01-11 05:30:00,0.3,-0.9749279121818236,-0.2225209339563146
2025-01-11 05:45:00,0.272,-0.9749279121818236,-0.2225209339563146
2025-01-11 06:00:00,0.328,-0.9749279121818236,-0.2225209339563146
2025-01-11 06:15:00,0.328,-0.9749279121818236,-0.2225209339563146
2025-01-11 06:30:00,0.244,-0.9749279121818236,-0.2225209339563146
2025-01-11 06:45:00,0.252,-0.9749279121818236,-0.2225209339563146
2025-01-11 07:00:00,0.28,-0.9749279121818236,-0.2225209339563146
2025-01-11 07:15:00,0.284,-0.9749279121818236,-0.2225209339563146
2025-01-11 07:30:00,0.264,-0.9749279121818236,-0.2225209339563146
2025-01-11 07:45:00,0.244,-0.9749279121818236,-0.2225209339563146
2025-01-11 08:00:00,1.368,-0.9749279121818236,-0.2225209339563146
2025-01-11 08:15:00,0.9,-0.9749279121818236,-0.2225209339563146
2025-01-11 08:30:00,0.248,-0.9749279121818236,-0.2225209339563146
2025-01-11 08:45:00,0.244,-0.9749279121818236,-0.2225209339563146
2025-01-11 09:00:00,0.28,-0.9749279121818236,-0.2225209339563146
2025-01-11 09:15:00,0.568,-0.9749279121818236,-0.2225209339563146
2025-01-11 09:30:00,0.488,-0.9749279121818236,-0.2225209339563146
2025-01-11 09:45:00,0.404,-0.9749279121818236,-0.2225209339563146
2025-01-11 10:00:00,0.18,-0.9749279121818236,-0.2225209339563146
2025-01-11 10:15:00,0.208,-0.9749279121818236,-0.2225209339563146
2025-01-11 10:30:00,0.216,-0.9749279121818236,-0.2225209339563146
2025-01-11 10:45:00,0.196,-0.9749279121818236,-0.2225209339563146
2025-01-11 11:00:00,0.2,-0.9749279121818236,-0.2225209339563146
2025-01-11 11:15:00,0.404,-0.9749279121818236,-0.2225209339563146
2025-01-11 11:30:00,0.832,-0.9749279121818236,-0.2225209339563146
2025-01-11 11:45:00,0.612,-0.9749279121818236,-0.2225209339563146
2025-01-11 12:00:00,0.672,-0.9749279121818236,-0.2225209339563146
2025-01-11 12:15:00,0.744,-0.9749279121818236,-0.2225209339563146
2025-01-11 12:30:00,0.66,-0.9749279121818236,-0.2225209339563146
2025-01-11 12:45:00,0.652,-0.9749279121818236,-0.2225209339563146
2025-01-11 13:00:00,0.5,-0.9749279121818236,-0.2225209339563146
2025-01-11 13:15:00,0.468,-0.9749279121818236,-0.2225209339563146
2025-01-11 13:30:00,1.532,-0.9749279121818236,-0.2225209339563146
2025-01-11 13:45:00,0.564,-0.9749279121818236,-0.2225209339563146
2025-01-11 14:00:00,0.34,-0.9749279121818236,-0.2225209339563146
2025-01-11 14:15:00,0.232,-0.9749279121818236,-0.2225209339563146
2025-01-11 14:30:00,0.22,-0.9749279121818236,-0.2225209339563146
2025-01-11 14:45:00,0.228,-0.9749279121818236,-0.2225209339563146
2025-01-11 15:00:00,0.168,-0.9749279121818236,-0.2225209339563146
2025-01-11 15:15:00,0.22,-0.9749279121818236,-0.2225209339563146
2025-01-11 15:30:00,0.168,-0.9749279121818236,-0.2225209339563146
2025-01-11 15:45:00,0.188,-0.9749279121818236,-0.2225209339563146
2025-01-11 16:00:00,0.208,-0.9749279121818236,-0.2225209339563146
2025-01-11 16:15:00,0.216,-0.9749279121818236,-0.2225209339563146
2025-01-11 16:30:00,0.344,-0.9749279121818236,-0.2225209339563146
2025-01-11 16:45:00,0.448,-0.9749279121818236,-0.2225209339563146
2025-01-11 17:00:00,0.388,-0.9749279121818236,-0.2225209339563146
2025-01-11 17:15:00,0.408,-0.9749279121818236,-0.2225209339563146
2025-01-11 17:30:00,0.392,-0.9749279121818236,-0.2225209339563146
2025-01-11 17:45:00,0.48,-0.9749279121818236,-0.2225209339563146
2025-01-11 18:00:00,0.44,-0.9749279121818236,-0.2225209339563146
2025-01-11 18:15:00,0.904,-0.9749279121818236,-0.2225209339563146
2025-01-11 18:30:00,0.74,-0.9749279121818236,-0.2225209339563146
2025-01-11 18:45:00,0.652,-0.9749279121818236,-0.2225209339563146
2025-01-11 19:00:00,0.452,-0.9749279121818236,-0.2225209339563146
2025-01-11 19:15:00,0.62,-0.9749279121818236,-0.2225209339563146
2025-01-11 19:30:00,0.6,-0.9749279121818236,-0.2225209339563146
2025-01-11 19:45:00,0.436,-0.9749279121818236,-0.2225209339563146
2025-01-11 20:00:00,0.644,-0.9749279121818236,-0.2225209339563146
2025-01-11 20:15:00,1.232,-0.9749279121818236,-0.2225209339563146
2025-01-11 20:30:00,2.068,-0.9749279121818236,-0.2225209339563146
2025-01-11 20:45:00,1.38,-0.9749279121818236,-0.2225209339563146
2025-01-11 21:00:00,0.968,-0.9749279121818236,-0.2225209339563146
2025-01-11 21:15:00,0.488,-0.9749279121818236,-0.2225209339563146
2025-01-11 21:30:00,0.732,-0.9749279121818236,-0.2225209339563146
2025-01-11 21:45:00,0.584,-0.9749279121818236,-0.2225209339563146
2025-01-11 22:00:00,0.48,-0.9749279121818236,-0.2225209339563146
2025-01-11 22:15:00,1.096,-0.9749279121818236,-0.2225209339563146
2025-01-11 22:30:00,2.24,-0.9749279121818236,-0.2225209339563146
2025-01-11 22:45:00,2.224,-0.9749279121818236,-0.2225209339563146
2025-01-11 23:00:00,2.024,-0.9749279121818236,-0.2225209339563146
2025-01-11 23:15:00,1.948,-0.9749279121818236,-0.2225209339563146
2025-01-11 23:30:00,1.84,-0.9749279121818236,-0.2225209339563146
2025-01-11 23:45:00,0.612,-0.9749279121818236,-0.2225209339563146
2025-01-12 00:00:00,0.596,-0.7818314824680299,0.6234898018587334
2025-01-12 00:15:00,0.668,-0.7818314824680299,0.6234898018587334
2025-01-12 00:30:00,0.656,-0.7818314824680299,0.6234898018587334
2025-01-12 00:45:00,0.78,-0.7818314824680299,0.6234898018587334
2025-01-12 01:00:00,3.036,-0.7818314824680299,0.6234898018587334
2025-01-12 01:15:00,2.124,-0.7818314824680299,0.6234898018587334
2025-01-12 01:30:00,1.508,-0.7818314824680299,0.6234898018587334
2025-01-12 01:45:00,0.708,-0.7818314824680299,0.6234898018587334
2025-01-12 02:00:00,0.716,-0.7818314824680299,0.6234898018587334
2025-01-12 02:15:00,0.56,-0.7818314824680299,0.6234898018587334
2025-01-12 02:30:00,0.492,-0.7818314824680299,0.6234898018587334
2025-01-12 02:45:00,1.416,-0.7818314824680299,0.6234898018587334
2025-01-12 03:00:00,0.964,-0.7818314824680299,0.6234898018587334
2025-01-12 03:15:00,0.52,-0.7818314824680299,0.6234898018587334
2025-01-12 03:30:00,0.356,-0.7818314824680299,0.6234898018587334
2025-01-12 03:45:00,0.252,-0.7818314824680299,0.6234898018587334
2025-01-12 04:00:00,0.244,-0.7818314824680299,0.6234898018587334
2025-01-12 04:15:00,0.24,-0.7818314824680299,0.6234898018587334
2025-01-12 04:30:00,0.208,-0.7818314824680299,0.6234898018587334
2025-01-12 04:45:00,0.204,-0.7818314824680299,0.6234898018587334
2025-01-12 05:00:00,0.312,-0.7818314824680299,0.6234898018587334
2025-01-12 05:15:00,0.304,-0.7818314824680299,0.6234898018587334
2025-01-12 05:30:00,0.324,-0.7818314824680299,0.6234898018587334
2025-01-12 05:45:00,0.272,-0.7818314824680299,0.6234898018587334
2025-01-12 06:00:00,0.284,-0.7818314824680299,0.6234898018587334
2025-01-12 06:15:00,0.292,-0.7818314824680299,0.6234898018587334
2025-01-12 06:30:00,0.292,-0.7818314824680299,0.6234898018587334
2025-01-12 06:45:00,0.22,-0.7818314824680299,0.6234898018587334
2025-01-12 07:00:00,0.204,-0.7818314824680299,0.6234898018587334
2025-01-12 07:15:00,0.208,-0.7818314824680299,0.6234898018587334
2025-01-12 07:30:00,0.208,-0.7818314824680299,0.6234898018587334
2025-01-12 07:45:00,0.208,-0.7818314824680299,0.6234898018587334
2025-01-12 08:00:00,0.22,-0.7818314824680299,0.6234898018587334
2025-01-12 08:15:00,0.24,-0.7818314824680299,0.6234898018587334
2025-01-12 08:30:00,0.236,-0.7818314824680299,0.6234898018587334
2025-01-12 08:45:00,0.2,-0.7818314824680299,0.6234898018587334
2025-01-12 09:00:00,0.188,-0.7818314824680299,0.6234898018587334
2025-01-12 09:15:00,0.196,-0.7818314824680299,0.6234898018587334
2025-01-12 09:30:00,0.284,-0.7818314824680299,0.6234898018587334
2025-01-12 09:45:00,1.396,-0.7818314824680299,0.6234898018587334
2025-01-12 10:00:00,0.356,-0.7818314824680299,0.6234898018587334
2025-01-12 10:15:00,0.228,-0.7818314824680299,0.6234898018587334
2025-01-12 10:30:00,0.464,-0.7818314824680299,0.6234898018587334
2025-01-12 10:45:00,0.412,-0.7818314824680299,0.6234898018587334
2025-01-12 11:00:00,1.004,-0.7818314824680299,0.6234898018587334
2025-01-12 11:15:00,0.6,-0.7818314824680299,0.6234898018587334
2025-01-12 11:30:00,0.512,-0.7818314824680299,0.6234898018587334
2025-01-12 11:45:00,2.316,-0.7818314824680299,0.6234898018587334
2025-01-12 12:00:00,2.716,-0.7818314824680299,0.6234898018587334
2025-01-12 12:15:00,2.96,-0.7818314824680299,0.6234898018587334
2025-01-12 12:30:00,2.612,-0.7818314824680299,0.6234898018587334
2025-01-12 12:45:00,1.952,-0.7818314824680299,0.6234898018587334
2025-01-12 13:00:00,3.34,-0.7818314824680299,0.6234898018587334
2025-01-12 13:15:00,3.84,-0.7818314824680299,0.6234898018587334
2025-01-12 13:30:00,4.312,-0.7818314824680299,0.6234898018587334
2025-01-12 13:45:00,1.176,-0.7818314824680299,0.6234898018587334
2025-01-12 14:00:00,1.756,-0.7818314824680299,0.6234898018587334
2025-01-12 14:15:00,0.488,-0.7818314824680299,0.6234898018587334
2025-01-12 14:30:00,0.524,-0.7818314824680299,0.6234898018587334
2025-01-12 14:45:00,1.112,-0.7818314824680299,0.6234898018587334
2025-01-12 15:00:00,1.844,-0.7818314824680299,0.6234898018587334
2025-01-12 15:15:00,3.552,-0.7818314824680299,0.6234898018587334
2025-01-12 15:30:00,4.784,-0.7818314824680299,0.6234898018587334
2025-01-12 15:45:00,3.264,-0.7818314824680299,0.6234898018587334
2025-01-12 16:00:00,3.304,-0.7818314824680299,0.6234898018587334
2025-01-12 16:15:00,1.176,-0.7818314824680299,0.6234898018587334
2025-01-12 16:30:00,0.932,-0.7818314824680299,0.6234898018587334
2025-01-12 16:45:00,1.876,-0.7818314824680299,0.6234898018587334
2025-01-12 17:00:00,0.6,-0.7818314824680299,0.6234898018587334
2025-01-12 17:15:00,0.9,-0.7818314824680299,0.6234898018587334
2025-01-12 17:30:00,1.116,-0.7818314824680299,0.6234898018587334
2025-01-12 17:45:00,0.804,-0.7818314824680299,0.6234898018587334
2025-01-12 18:00:00,0.98,-0.7818314824680299,0.6234898018587334
2025-01-12 18:15:00,0.648,-0.7818314824680299,0.6234898018587334
2025-01-12 18:30:00,0.864,-0.7818314824680299,0.6234898018587334
2025-01-12 18:45:00,1.192,-0.7818314824680299,0.6234898018587334
2025-01-12 19:00:00,0.548,-0.7818314824680299,0.6234898018587334
2025-01-12 19:15:00,1.116,-0.7818314824680299,0.6234898018587334
2025-01-12 19:30:00,0.412,-0.7818314824680299,0.6234898018587334
2025-01-12 19:45:00,0.868,-0.7818314824680299,0.6234898018587334
2025-01-12 20:00:00,1.284,-0.7818314824680299,0.6234898018587334
2025-01-12 20:15:00,0.444,-0.7818314824680299,0.6234898018587334
2025-01-12 20:30:00,0.488,-0.7818314824680299,0.6234898018587334
2025-01-12 20:45:00,1.188,-0.7818314824680299,0.6234898018587334
2025-01-12 21:00:00,0.54,-0.7818314824680299,0.6234898018587334
2025-01-12 21:15:00,0.888,-0.7818314824680299,0.6234898018587334
2025-01-12 21:30:00,0.604,-0.7818314824680299,0.6234898018587334
2025-01-12 21:45:00,0.608,-0.7818314824680299,0.6234898018587334
2025-01-12 22:00:00,1.592,-0.7818314824680299,0.6234898018587334
2025-01-12 22:15:00,0.576,-0.7818314824680299,0.6234898018587334
2025-01-12 22:30:00,0.82,-0.7818314824680299,0.6234898018587334
2025-01-12 22:45:00,1.96,-0.7818314824680299,0.6234898018587334
2025-01-12 23:00:00,0.9,-0.7818314824680299,0.6234898018587334
2025-01-12 23:15:00,0.748,-0.7818314824680299,0.6234898018587334
2025-01-12 23:30:00,0.644,-0.7818314824680299,0.6234898018587334
2025-01-12 23:45:00,1.28,-0.7818314824680299,0.6234898018587334
2025-01-13 00:00:00,1.236,0.0,1.0
2025-01-13 00:15:00,0.76,0.0,1.0
2025-01-13 00:30:00,1.272,0.0,1.0
2025-01-13 00:45:00,1.972,0.0,1.0
2025-01-13 01:00:00,1.348,0.0,1.0
2025-01-13 01:15:00,0.612,0.0,1.0
2025-01-13 01:30:00,1.024,0.0,1.0
2025-01-13 01:45:00,0.812,0.0,1.0
2025-01-13 02:00:00,0.328,0.0,1.0
2025-01-13 02:15:00,0.464,0.0,1.0
2025-01-13 02:30:00,0.524,0.0,1.0
2025-01-13 02:45:00,0.232,0.0,1.0
2025-01-13 03:00:00,0.328,0.0,1.0
2025-01-13 03:15:00,0.492,0.0,1.0
2025-01-13 03:30:00,0.232,0.0,1.0
2025-01-13 03:45:00,0.292,0.0,1.0
2025-01-13 04:00:00,0.504,0.0,1.0
2025-01-13 04:15:00,0.232,0.0,1.0
2025-01-13 04:30:00,0.276,0.0,1.0
2025-01-13 04:45:00,0.52,0.0,1.0
2025-01-13 05:00:00,0.184,0.0,1.0
2025-01-13 05:15:00,0.264,0.0,1.0
2025-01-13 05:30:00,0.532,0.0,1.0
2025-01-13 05:45:00,0.212,0.0,1.0
2025-01-13 06:00:00,0.204,0.0,1.0
2025-01-13 06:15:00,0.552,0.0,1.0
2025-01-13 06:30:00,0.212,0.0,1.0
2025-01-13 06:45:00,0.204,0.0,1.0
2025-01-13 07:00:00,0.52,0.0,1.0
2025-01-13 07:15:00,0.22,0.0,1.0
2025-01-13 07:30:00,0.208,0.0,1.0
2025-01-13 07:45:00,0.512,0.0,1.0
2025-01-13 08:00:00,0.236,0.0,1.0
2025-01-13 08:15:00,0.88,0.0,1.0
2025-01-13 08:30:00,2.328,0.0,1.0
2025-01-13 08:45:00,0.604,0.0,1.0
2025-01-13 09:00:00,1.032,0.0,1.0
2025-01-13 09:15:00,0.752,0.0,1.0
2025-01-13 09:30:00,0.856,0.0,1.0
2025-01-13 09:45:00,0.624,0.0,1.0
2025-01-13 10:00:00,0.82,0.0,1.0
2025-01-13 10:15:00,0.672,0.0,1.0
2025-01-13 10:30:00,0.744,0.0,1.0
2025-01-13 10:45:00,0.836,0.0,1.0
2025-01-13 11:00:00,0.672,0.0,1.0
2025-01-13 11:15:00,0.608,0.0,1.0
2025-01-13 11:30:00,0.732,0.0,1.0
2025-01-13 11:45:00,0.54,0.0,1.0
2025-01-13 12:00:00,0.536,0.0,1.0
2025-01-13 12:15:00,0.476,0.0,1.0
2025-01-13 12:30:00,0.64,0.0,1.0
2025-01-13 12:45:00,0.724,0.0,1.0
2025-01-13 13:00:00,0.52,0.0,1.0
2025-01-13 13:15:00,0.532,0.0,1.0
2025-01-13 13:30:00,1.92,0.0,1.0
2025-01-13 13:45:00,2.092,0.0,1.0
2025-01-13 14:00:00,1.452,0.0,1.0
2025-01-13 14:15:00,0.78,0.0,1.0
2025-01-13 14:30:00,1.02,0.0,1.0
2025-01-13 14:45:00,0.884,0.0,1.0
2025-01-13 15:00:00,0.86,0.0,1.0
2025-01-13 15:15:00,0.852,0.0,1.0
2025-01-13 15:30:00,0.784,0.0,1.0
2025-01-13 15:45:00,0.612,0.0,1.0
2025-01-13 16:00:00,0.964,0.0,1.0
2025-01-13 16:15:00,0.56,0.0,1.0
2025-01-13 16:30:00,0.908,0.0,1.0
2025-01-13 16:45:00,0.68,0.0,1.0
2025-01-13 17:00:00,0.536,0.0,1.0
2025-01-13 17:15:00,0.504,0.0,1.0
2025-01-13 17:30:00,0.452,0.0,1.0
2025-01-13 17:45:00,0.724,0.0,1.0
2025-01-13 18:00:00,0.488,0.0,1.0
2025-01-13 18:15:00,0.872,0.0,1.0
2025-01-13 18:30:00,2.316,0.0,1.0
2025-01-13 18:45:00,3.012,0.0,1.0
2025-01-13 19:00:00,2.808,0.0,1.0
2025-01-13 19:15:00,1.68,0.0,1.0
2025-01-13 19:30:00,2.928,0.0,1.0
2025-01-13 19:45:00,2.24,0.0,1.0
2025-01-13 20:00:00,2.0,0.0,1.0
2025-01-13 20:15:00,1.7,0.0,1.0
2025-01-13 20:30:00,4.008,0.0,1.0
2025-01-13 20:45:00,3.228,0.0,1.0
2025-01-13 21:00:00,3.676,0.0,1.0
2025-01-13 21:15:00,0.536,0.0,1.0
2025-01-13 21:30:00,1.668,0.0,1.0
2025-01-13 21:45:00,1.224,0.0,1.0
2025-01-13 22:00:00,0.724,0.0,1.0
2025-01-13 22:15:00,0.916,0.0,1.0
2025-01-13 22:30:00,0.68,0.0,1.0
2025-01-13 22:45:00,0.812,0.0,1.0
2025-01-13 23:00:00,0.608,0.0,1.0
2025-01-13 23:15:00,0.592,0.0,1.0
2025-01-13 23:30:00,0.592,0.0,1.0
2025-01-13 23:45:00,0.72,0.0,1.0
2025-01-14 00:00:00,1.776,0.7818314824680298,0.6234898018587336
2025-01-14 00:15:00,0.536,0.7818314824680298,0.6234898018587336
2025-01-14 00:30:00,0.536,0.7818314824680298,0.6234898018587336
2025-01-14 00:45:00,0.508,0.7818314824680298,0.6234898018587336
2025-01-14 01:00:00,0.528,0.7818314824680298,0.6234898018587336
2025-01-14 01:15:00,0.428,0.7818314824680298,0.6234898018587336
2025-01-14 01:30:00,0.468,0.7818314824680298,0.6234898018587336
2025-01-14 01:45:00,0.58,0.7818314824680298,0.6234898018587336
2025-01-14 02:00:00,0.384,0.7818314824680298,0.6234898018587336
2025-01-14 02:15:00,0.3,0.7818314824680298,0.6234898018587336
2025-01-14 02:30:00,0.244,0.7818314824680298,0.6234898018587336
2025-01-14 02:45:00,0.22,0.7818314824680298,0.6234898018587336
2025-01-14 03:00:00,0.208,0.7818314824680298,0.6234898018587336
2025-01-14 03:15:00,0.252,0.7818314824680298,0.6234898018587336
2025-01-14 03:30:00,0.264,0.7818314824680298,0.6234898018587336
2025-01-14 03:45:00,0.284,0.7818314824680298,0.6234898018587336
2025-01-14 04:00:00,0.228,0.7818314824680298,0.6234898018587336
2025-01-14 04:15:00,0.188,0.7818314824680298,0.6234898018587336
2025-01-14 04:30:00,0.2,0.7818314824680298,0.6234898018587336
2025-01-14 04:45:00,0.204,0.7818314824680298,0.6234898018587336
2025-01-14 05:00:00,0.168,0.7818314824680298,0.6234898018587336
2025-01-14 05:15:00,0.2,0.7818314824680298,0.6234898018587336
2025-01-14 05:30:00,0.192,0.7818314824680298,0.6234898018587336
2025-01-14 05:45:00,0.176,0.7818314824680298,0.6234898018587336
2025-01-14 06:00:00,0.208,0.7818314824680298,0.6234898018587336
2025-01-14 06:15:00,0.224,0.7818314824680298,0.6234898018587336
2025-01-14 06:30:00,0.252,0.7818314824680298,0.6234898018587336
2025-01-14 06:45:00,0.248,0.7818314824680298,0.6234898018587336
2025-01-14 07:00:00,0.756,0.7818314824680298,0.6234898018587336
2025-01-14 07:15:00,0.384,0.7818314824680298,0.6234898018587336
2025-01-14 07:30:00,0.58,0.7818314824680298,0.6234898018587336
2025-01-14 07:45:00,1.42,0.7818314824680298,0.6234898018587336
2025-01-14 08:00:00,1.912,0.7818314824680298,0.6234898018587336
2025-01-14 08:15:00,0.7,0.7818314824680298,0.6234898018587336
2025-01-14 08:30:00,0.252,0.7818314824680298,0.6234898018587336
2025-01-14 08:45:00,1.036,0.7818314824680298,0.6234898018587336
2025-01-14 09:00:00,0.492,0.7818314824680298,0.6234898018587336
2025-01-14 09:15:00,0.508,0.7818314824680298,0.6234898018587336
2025-01-14 09:30:00,0.48,0.7818314824680298,0.6234898018587336
2025-01-14 09:45:00,0.368,0.7818314824680298,0.6234898018587336
2025-01-14 10:00:00,0.4,0.7818314824680298,0.6234898018587336
2025-01-14 10:15:00,0.344,0.7818314824680298,0.6234898018587336
2025-01-14 10:30:00,0.248,0.7818314824680298,0.6234898018587336
2025-01-14 10:45:00,0.172,0.7818314824680298,0.6234898018587336
2025-01-14 11:00:00,0.168,0.7818314824680298,0.6234898018587336
2025-01-14 11:15:00,0.196,0.7818314824680298,0.6234898018587336
2025-01-14 11:30:00,0.196,0.7818314824680298,0.6234898018587336
2025-01-14 11:45:00,0.176,0.7818314824680298,0.6234898018587336
2025-01-14 12:00:00,0.228,0.7818314824680298,0.6234898018587336
2025-01-14 12:15:00,0.2,0.7818314824680298,0.6234898018587336
2025-01-14 12:30:00,0.196,0.7818314824680298,0.6234898018587336
2025-01-14 12:45:00,0.176,0.7818314824680298,0.6234898018587336
2025-01-14 13:00:00,0.192,0.7818314824680298,0.6234898018587336
2025-01-14 13:15:00,2.316,0.7818314824680298,0.6234898018587336
2025-01-14 13:30:00,1.32,0.7818314824680298,0.6234898018587336
2025-01-14 13:45:00,0.596,0.7818314824680298,0.6234898018587336
2025-01-14 14:00:00,0.592,0.7818314824680298,0.6234898018587336
2025-01-14 14:15:00,0.6,0.7818314824680298,0.6234898018587336
2025-01-14 14:30:00,0.608,0.7818314824680298,0.6234898018587336
2025-01-14 14:45:00,0.54,0.7818314824680298,0.6234898018587336
2025-01-14 15:00:00,0.432,0.7818314824680298,0.6234898018587336
2025-01-14 15:15:00,0.372,0.7818314824680298,0.6234898018587336
2025-01-14 15:30:00,1.056,0.7818314824680298,0.6234898018587336
2025-01-14 15:45:00,2.136,0.7818314824680298,0.6234898018587336
2025-01-14 16:00:00,1.072,0.7818314824680298,0.6234898018587336
2025-01-14 16:15:00,1.708,0.7818314824680298,0.6234898018587336
2025-01-14 16:30:00,0.444,0.7818314824680298,0.6234898018587336
2025-01-14 16:45:00,0.38,0.7818314824680298,0.6234898018587336
2025-01-14 17:00:00,0.384,0.7818314824680298,0.6234898018587336
2025-01-14 17:15:00,0.464,0.7818314824680298,0.6234898018587336
2025-01-14 17:30:00,0.612,0.7818314824680298,0.6234898018587336
2025-01-14 17:45:00,0.48,0.7818314824680298,0.6234898018587336
2025-01-14 18:00:00,0.448,0.7818314824680298,0.6234898018587336
2025-01-14 18:15:00,0.512,0.7818314824680298,0.6234898018587336
2025-01-14 18:30:00,0.512,0.7818314824680298,0.6234898018587336
2025-01-14 18:45:00,0.552,0.7818314824680298,0.6234898018587336
2025-01-14 19:00:00,0.508,0.7818314824680298,0.6234898018587336
2025-01-14 19:15:00,0.44,0.7818314824680298,0.6234898018587336
2025-01-14 19:30:00,0.456,0.7818314824680298,0.6234898018587336
2025-01-14 19:45:00,1.988,0.7818314824680298,0.6234898018587336
2025-01-14 20:00:00,0.812,0.7818314824680298,0.6234898018587336
2025-01-14 20:15:00,1.22,0.7818314824680298,0.6234898018587336
2025-01-14 20:30:00,1.072,0.7818314824680298,0.6234898018587336
2025-01-14 20:45:00,1.192,0.7818314824680298,0.6234898018587336
2025-01-14 21:00:00,0.952,0.7818314824680298,0.6234898018587336
2025-01-14 21:15:00,0.488,0.7818314824680298,0.6234898018587336
2025-01-14 21:30:00,1.344,0.7818314824680298,0.6234898018587336
2025-01-14 21:45:00,1.932,0.7818314824680298,0.6234898018587336
2025-01-14 22:00:00,1.98,0.7818314824680298,0.6234898018587336
2025-01-14 22:15:00,1.524,0.7818314824680298,0.6234898018587336
2025-01-14 22:30:00,1.396,0.7818314824680298,0.6234898018587336
2025-01-14 22:45:00,1.372,0.7818314824680298,0.6234898018587336
2025-01-14 23:00:00,0.62,0.7818314824680298,0.6234898018587336
2025-01-14 23:15:00,0.616,0.7818314824680298,0.6234898018587336
2025-01-14 23:30:00,0.62,0.7818314824680298,0.6234898018587336
2025-01-14 23:45:00,0.672,0.7818314824680298,0.6234898018587336
2025-01-15 00:00:00,0.648,0.9749279121818236,-0.22252093395631434
2025-01-15 00:15:00,0.66,0.9749279121818236,-0.22252093395631434
2025-01-15 00:30:00,0.632,0.9749279121818236,-0.22252093395631434
2025-01-15 00:45:00,0.628,0.9749279121818236,-0.22252093395631434
2025-01-15 01:00:00,1.648,0.9749279121818236,-0.22252093395631434
2025-01-15 01:15:00,1.828,0.9749279121818236,-0.22252093395631434
2025-01-15 01:30:00,1.396,0.9749279121818236,-0.22252093395631434
2025-01-15 01:45:00,2.456,0.9749279121818236,-0.22252093395631434
2025-01-15 02:00:00,2.352,0.9749279121818236,-0.22252093395631434
2025-01-15 02:15:00,2.004,0.9749279121818236,-0.22252093395631434
2025-01-15 02:30:00,2.116,0.9749279121818236,-0.22252093395631434
2025-01-15 02:45:00,1.176,0.9749279121818236,-0.22252093395631434
2025-01-15 03:00:00,1.136,0.9749279121818236,-0.22252093395631434
2025-01-15 03:15:00,1.128,0.9749279121818236,-0.22252093395631434
2025-01-15 03:30:00,1.196,0.9749279121818236,-0.22252093395631434
2025-01-15 03:45:00,1.104,0.9749279121818236,-0.22252093395631434
2025-01-15 04:00:00,1.084,0.9749279121818236,-0.22252093395631434
2025-01-15 04:15:00,1.104,0.9749279121818236,-0.22252093395631434
2025-01-15 04:30:00,1.02,0.9749279121818236,-0.22252093395631434
2025-01-15 04:45:00,1.024,0.9749279121818236,-0.22252093395631434
2025-01-15 05:00:00,0.984,0.9749279121818236,-0.22252093395631434
2025-01-15 05:15:00,1.008,0.9749279121818236,-0.22252093395631434
2025-01-15 05:30:00,1.008,0.9749279121818236,-0.22252093395631434
2025-01-15 05:45:00,0.98,0.9749279121818236,-0.22252093395631434
2025-01-15 06:00:00,1.028,0.9749279121818236,-0.22252093395631434
2025-01-15 06:15:00,1.0,0.9749279121818236,-0.22252093395631434
2025-01-15 06:30:00,0.992,0.9749279121818236,-0.22252093395631434
2025-01-15 06:45:00,0.952,0.9749279121818236,-0.22252093395631434
2025-01-15 07:00:00,1.072,0.9749279121818236,-0.22252093395631434
2025-01-15 07:15:00,1.028,0.9749279121818236,-0.22252093395631434
2025-01-15 07:30:00,1.144,0.9749279121818236,-0.22252093395631434
2025-01-15 07:45:00,1.04,0.9749279121818236,-0.22252093395631434
2025-01-15 08:00:00,1.012,0.9749279121818236,-0.22252093395631434
2025-01-15 08:15:00,0.976,0.9749279121818236,-0.22252093395631434
2025-01-15 08:30:00,1.012,0.9749279121818236,-0.22252093395631434
2025-01-15 08:45:00,1.036,0.9749279121818236,-0.22252093395631434
2025-01-15 09:00:00,1.0,0.9749279121818236,-0.22252093395631434
2025-01-15 09:15:00,1.04,0.9749279121818236,-0.22252093395631434
2025-01-15 09:30:00,1.076,0.9749279121818236,-0.22252093395631434
2025-01-15 09:45:00,1.36,0.9749279121818236,-0.22252093395631434
2025-01-15 10:00:00,2.816,0.9749279121818236,-0.22252093395631434
2025-01-15 10:15:00,2.12,0.9749279121818236,-0.22252093395631434
2025-01-15 10:30:00,1.672,0.9749279121818236,-0.22252093395631434
2025-01-15 10:45:00,1.324,0.9749279121818236,-0.22252093395631434
2025-01-15 11:00:00,1.584,0.9749279121818236,-0.22252093395631434
2025-01-15 11:15:00,1.468,0.9749279121818236,-0.22252093395631434
2025-01-15 11:30:00,1.488,0.9749279121818236,-0.22252093395631434
2025-01-15 11:45:00,1.44,0.9749279121818236,-0.22252093395631434
2025-01-15 12:00:00,1.696,0.9749279121818236,-0.22252093395631434
2025-01-15 12:15:00,2.704,0.9749279121818236,-0.22252093395631434
2025-01-15 12:30:00,2.228,0.9749279121818236,-0.22252093395631434
2025-01-15 12:45:00,1.336,0.9749279121818236,-0.22252093395631434
2025-01-15 13:00:00,2.62,0.9749279121818236,-0.22252093395631434
2025-01-15 13:15:00,1.984,0.9749279121818236,-0.22252093395631434
2025-01-15 13:30:00,1.684,0.9749279121818236,-0.22252093395631434
2025-01-15 13:45:00,0.904,0.9749279121818236,-0.22252093395631434
2025-01-15 14:00:00,1.06,0.9749279121818236,-0.22252093395631434
2025-01-15 14:15:00,1.0,0.9749279121818236,-0.22252093395631434
2025-01-15 14:30:00,0.84,0.9749279121818236,-0.22252093395631434
2025-01-15 14:45:00,1.56,0.9749279121818236,-0.22252093395631434
2025-01-15 15:00:00,2.404,0.9749279121818236,-0.22252093395631434
2025-01-15 15:15:00,1.312,0.9749279121818236,-0.22252093395631434
2025-01-15 15:30:00,0.46,0.9749279121818236,-0.22252093395631434
2025-01-15 15:45:00,0.288,0.9749279121818236,-0.22252093395631434
2025-01-15 16:00:00,1.192,0.9749279121818236,-0.22252093395631434
2025-01-15 16:15:00,1.668,0.9749279121818236,-0.22252093395631434
2025-01-15 16:30:00,1.312,0.9749279121818236,-0.22252093395631434
2025-01-15 16:45:00,1.032,0.9749279121818236,-0.22252093395631434
2025-01-15 17:00:00,1.728,0.9749279121818236,-0.22252093395631434
2025-01-15 17:15:00,2.0,0.9749279121818236,-0.22252093395631434
2025-01-15 17:30:00,1.552,0.9749279121818236,-0.22252093395631434
2025-01-15 17:45:00,1.128,0.9749279121818236,-0.22252093395631434
2025-01-15 18:00:00,1.224,0.9749279121818236,-0.22252093395631434
2025-01-15 18:15:00,0.64,0.9749279121818236,-0.22252093395631434
2025-01-15 18:30:00,1.168,0.9749279121818236,-0.22252093395631434
2025-01-15 18:45:00,1.508,0.9749279121818236,-0.22252093395631434
2025-01-15 19:00:00,2.532,0.9749279121818236,-0.22252093395631434
2025-01-15 19:15:00,1.28,0.9749279121818236,-0.22252093395631434
2025-01-15 19:30:00,1.776,0.9749279121818236,-0.22252093395631434
2025-01-15 19:45:00,2.112,0.9749279121818236,-0.22252093395631434
2025-01-15 20:00:00,1.552,0.9749279121818236,-0.22252093395631434
2025-01-15 20:15:00,2.66,0.9749279121818236,-0.22252093395631434
2025-01-15 20:30:00,2.076,0.9749279121818236,-0.22252093395631434
2025-01-15 20:45:00,1.496,0.9749279121818236,-0.22252093395631434
2025-01-15 21:00:00,2.288,0.9749279121818236,-0.22252093395631434
2025-01-15 21:15:00,3.236,0.9749279121818236,-0.22252093395631434
2025-01-15 21:30:00,1.56,0.9749279121818236,-0.22252093395631434
2025-01-15 21:45:00,1.576,0.9749279121818236,-0.22252093395631434
2025-01-15 22:00:00,1.916,0.9749279121818236,-0.22252093395631434
2025-01-15 22:15:00,1.548,0.9749279121818236,-0.22252093395631434
2025-01-15 22:30:00,1.6,0.9749279121818236,-0.22252093395631434
2025-01-15 22:45:00,1.944,0.9749279121818236,-0.22252093395631434
2025-01-15 23:00:00,1.676,0.9749279121818236,-0.22252093395631434
2025-01-15 23:15:00,1.568,0.9749279121818236,-0.22252093395631434
2025-01-15 23:30:00,1.796,0.9749279121818236,-0.22252093395631434
2025-01-15 23:45:00,1.936,0.9749279121818236,-0.22252093395631434
2025-01-16 00:00:00,0.648,0.43388373911755823,-0.900968867902419
2025-01-16 00:15:00,0.64,0.43388373911755823,-0.900968867902419
2025-01-16 00:30:00,0.688,0.43388373911755823,-0.900968867902419
2025-01-16 00:45:00,0.5,0.43388373911755823,-0.900968867902419
2025-01-16 01:00:00,0.468,0.43388373911755823,-0.900968867902419
2025-01-16 01:15:00,0.464,0.43388373911755823,-0.900968867902419
2025-01-16 01:30:00,0.58,0.43388373911755823,-0.900968867902419
2025-01-16 01:45:00,0.632,0.43388373911755823,-0.900968867902419
2025-01-16 02:00:00,0.308,0.43388373911755823,-0.900968867902419
2025-01-16 02:15:00,0.288,0.43388373911755823,-0.900968867902419
2025-01-16 02:30:00,0.28,0.43388373911755823,-0.900968867902419
2025-01-16 02:45:00,0.308,0.43388373911755823,-0.900968867902419
2025-01-16 03:00:00,0.3,0.43388373911755823,-0.900968867902419
2025-01-16 03:15:00,0.316,0.43388373911755823,-0.900968867902419
2025-01-16 03:30:00,0.272,0.43388373911755823,-0.900968867902419
2025-01-16 03:45:00,0.3,0.43388373911755823,-0.900968867902419
2025-01-16 04:00:00,0.32,0.43388373911755823,-0.900968867902419
2025-01-16 04:15:00,0.3,0.43388373911755823,-0.900968867902419
2025-01-16 04:30:00,0.264,0.43388373911755823,-0.900968867902419
2025-01-16 04:45:00,0.276,0.43388373911755823,-0.900968867902419
2025-01-16 05:00:00,0.3,0.43388373911755823,-0.900968867902419
2025-01-16 05:15:00,0.292,0.43388373911755823,-0.900968867902419
2025-01-16 05:30:00,0.272,0.43388373911755823,-0.900968867902419
2025-01-16 05:45:00,0.28,0.43388373911755823,-0.900968867902419
2025-01-16 06:00:00,0.28,0.43388373911755823,-0.900968867902419
2025-01-16 06:15:00,0.208,0.43388373911755823,-0.900968867902419
2025-01-16 06:30:00,0.18,0.43388373911755823,-0.900968867902419
2025-01-16 06:45:00,0.2,0.43388373911755823,-0.900968867902419
2025-01-16 07:00:00,0.2,0.43388373911755823,-0.900968867902419
2025-01-16 07:15:00,0.18,0.43388373911755823,-0.900968867902419
2025-01-16 07:30:00,1.24,0.43388373911755823,-0.900968867902419
2025-01-16 07:45:00,2.044,0.43388373911755823,-0.900968867902419
2025-01-16 08:00:00,1.052,0.43388373911755823,-0.900968867902419
2025-01-16 08:15:00,0.308,0.43388373911755823,-0.900968867902419
2025-01-16 08:30:00,1.108,0.43388373911755823,-0.900968867902419
2025-01-16 08:45:00,0.584,0.43388373911755823,-0.900968867902419
2025-01-16 09:00:00,0.28,0.43388373911755823,-0.900968867902419
2025-01-16 09:15:00,0.228,0.43388373911755823,-0.900968867902419
2025-01-16 09:30:00,0.196,0.43388373911755823,-0.900968867902419
2025-01-16 09:45:00,0.18,0.43388373911755823,-0.900968867902419
2025-01-16 10:00:00,0.212,0.43388373911755823,-0.900968867902419
2025-01-16 10:15:00,0.204,0.43388373911755823,-0.900968867902419
2025-01-16 10:30:00,0.216,0.43388373911755823,-0.900968867902419
2025-01-16 10:45:00,0.212,0.43388373911755823,-0.900968867902419
2025-01-16 11:00:00,0.252,0.43388373911755823,-0.900968867902419
2025-01-16 11:15:00,0.248,0.43388373911755823,-0.900968867902419
2025-01-16 11:30:00,0.244,0.43388373911755823,-0.900968867902419
2025-01-16 11:45:00,0.212,0.43388373911755823,-0.900968867902419
2025-01-16 12:00:00,0.256,0.43388373911755823,-0.900968867902419
2025-01-16 12:15:00,0.252,0.43388373911755823,-0.900968867902419
2025-01-16 12:30:00,0.224,0.43388373911755823,-0.900968867902419
2025-01-16 12:45:00,0.256,0.43388373911755823,-0.900968867902419
2025-01-16 13:00:00,0.696,0.43388373911755823,-0.900968867902419
2025-01-16 13:15:00,3.208,0.43388373911755823,-0.900968867902419
2025-01-16 13:30:00,2.428,0.43388373911755823,-0.900968867902419
2025-01-16 13:45:00,2.352,0.43388373911755823,-0.900968867902419
2025-01-16 14:00:00,1.848,0.43388373911755823,-0.900968867902419
2025-01-16 14:15:00,2.728,0.43388373911755823,-0.900968867902419
2025-01-16 14:30:00,2.44,0.43388373911755823,-0.900968867902419
2025-01-16 14:45:00,2.216,0.43388373911755823,-0.900968867902419
2025-01-16 15:00:00,2.112,0.43388373911755823,-0.900968867902419
2025-01-16 15:15:00,1.148,0.43388373911755823,-0.900968867902419
2025-01-16 15:30:00,1.196,0.43388373911755823,-0.900968867902419
2025-01-16 15:45:00,1.132,0.43388373911755823,-0.900968867902419
2025-01-16 16:00:00,0.304,0.43388373911755823,-0.900968867902419
2025-01-16 16:15:00,0.256,0.43388373911755823,-0.900968867902419
2025-01-16 16:30:00,0.248,0.43388373911755823,-0.900968867902419
2025-01-16 16:45:00,0.388,0.43388373911755823,-0.900968867902419
2025-01-16 17:00:00,0.256,0.43388373911755823,-0.900968867902419
2025-01-16 17:15:00,0.28,0.43388373911755823,-0.900968867902419
2025-01-16 17:30:00,0.48,0.43388373911755823,-0.900968867902419
2025-01-16 17:45:00,1.36,0.43388373911755823,-0.900968867902419
2025-01-16 18:00:00,1.604,0.43388373911755823,-0.900968867902419
2025-01-16 18:15:00,1.348,0.43388373911755823,-0.900968867902419
2025-01-16 18:30:00,1.336,0.43388373911755823,-0.900968867902419
2025-01-16 18:45:00,1.188,0.43388373911755823,-0.900968867902419
2025-01-16 19:00:00,2.504,0.43388373911755823,-0.900968867902419
2025-01-16 19:15:00,2.324,0.43388373911755823,-0.900968867902419
2025-01-16 19:30:00,1.376,0.43388373911755823,-0.900968867902419
2025-01-16 19:45:00,1.964,0.43388373911755823,-0.900968867902419
2025-01-16 20:00:00,2.02,0.43388373911755823,-0.900968867902419
2025-01-16 20:15:00,4.256,0.43388373911755823,-0.900968867902419
2025-01-16 20:30:00,4.052,0.43388373911755823,-0.900968867902419
2025-01-16 20:45:00,2.12,0.43388373911755823,-0.900968867902419
2025-01-16 21:00:00,0.764,0.43388373911755823,-0.900968867902419
2025-01-16 21:15:00,1.332,0.43388373911755823,-0.900968867902419
2025-01-16 21:30:00,0.524,0.43388373911755823,-0.900968867902419
2025-01-16 21:45:00,0.776,0.43388373911755823,-0.900968867902419
2025-01-16 22:00:00,0.74,0.43388373911755823,-0.900968867902419
2025-01-16 22:15:00,0.776,0.43388373911755823,-0.900968867902419
2025-01-16 22:30:00,0.844,0.43388373911755823,-0.900968867902419
2025-01-16 22:45:00,0.792,0.43388373911755823,-0.900968867902419
2025-01-16 23:00:00,1.052,0.43388373911755823,-0.900968867902419
2025-01-16 23:15:00,1.424,0.43388373911755823,-0.900968867902419
2025-01-16 23:30:00,2.14,0.43388373911755823,-0.900968867902419
2025-01-16 23:45:00,1.592,0.43388373911755823,-0.900968867902419
2025-01-17 00:00:00,1.516,-0.433883739117558,-0.9009688679024191
2025-01-17 00:15:00,1.416,-0.433883739117558,-0.9009688679024191
2025-01-17 00:30:00,1.724,-0.433883739117558,-0.9009688679024191
2025-01-17 00:45:00,3.08,-0.433883739117558,-0.9009688679024191
2025-01-17 01:00:00,1.024,-0.433883739117558,-0.9009688679024191
2025-01-17 01:15:00,1.764,-0.433883739117558,-0.9009688679024191
2025-01-17 01:30:00,0.876,-0.433883739117558,-0.9009688679024191
2025-01-17 01:45:00,0.492,-0.433883739117558,-0.9009688679024191
2025-01-17 02:00:00,0.392,-0.433883739117558,-0.9009688679024191
2025-01-17 02:15:00,0.388,-0.433883739117558,-0.9009688679024191
2025-01-17 02:30:00,0.36,-0.433883739117558,-0.9009688679024191
2025-01-17 02:45:00,0.288,-0.433883739117558,-0.9009688679024191
2025-01-17 03:00:00,0.212,-0.433883739117558,-0.9009688679024191
2025-01-17 03:15:00,0.196,-0.433883739117558,-0.9009688679024191
2025-01-17 03:30:00,0.212,-0.433883739117558,-0.9009688679024191
2025-01-17 03:45:00,0.184,-0.433883739117558,-0.9009688679024191
2025-01-17 04:00:00,0.2,-0.433883739117558,-0.9009688679024191
2025-01-17 04:15:00,0.208,-0.433883739117558,-0.9009688679024191
2025-01-17 04:30:00,0.192,-0.433883739117558,-0.9009688679024191
2025-01-17 04:45:00,0.18,-0.433883739117558,-0.9009688679024191
2025-01-17 05:00:00,0.208,-0.433883739117558,-0.9009688679024191
2025-01-17 05:15:00,0.204,-0.433883739117558,-0.9009688679024191
2025-01-17 05:30:00,0.168,-0.433883739117558,-0.9009688679024191
2025-01-17 05:45:00,0.228,-0.433883739117558,-0.9009688679024191
2025-01-17 06:00:00,0.98,-0.433883739117558,-0.9009688679024191
2025-01-17 06:15:00,0.952,-0.433883739117558,-0.9009688679024191
2025-01-17 06:30:00,2.332,-0.433883739117558,-0.9009688679024191
2025-01-17 06:45:00,2.6,-0.433883739117558,-0.9009688679024191
2025-01-17 07:00:00,1.316,-0.433883739117558,-0.9009688679024191
2025-01-17 07:15:00,1.024,-0.433883739117558,-0.9009688679024191
2025-01-17 07:30:00,1.216,-0.433883739117558,-0.9009688679024191
2025-01-17 07:45:00,1.312,-0.433883739117558,-0.9009688679024191
2025-01-17 08:00:00,0.968,-0.433883739117558,-0.9009688679024191
2025-01-17 08:15:00,0.988,-0.433883739117558,-0.9009688679024191
2025-01-17 08:30:00,0.976,-0.433883739117558,-0.9009688679024191
2025-01-17 08:45:00,0.976,-0.433883739117558,-0.9009688679024191
2025-01-17 09:00:00,0.936,-0.433883739117558,-0.9009688679024191
2025-01-17 09:15:00,0.972,-0.433883739117558,-0.9009688679024191
2025-01-17 09:30:00,0.972,-0.433883739117558,-0.9009688679024191
2025-01-17 09:45:00,1.008,-0.433883739117558,-0.9009688679024191
2025-01-17 10:00:00,1.252,-0.433883739117558,-0.9009688679024191
2025-01-17 10:15:00,1.26,-0.433883739117558,-0.9009688679024191
2025-01-17 10:30:00,1.064,-0.433883739117558,-0.9009688679024191
2025-01-17 10:45:00,1.152,-0.433883739117558,-0.9009688679024191
2025-01-17 11:00:00,0.884,-0.433883739117558,-0.9009688679024191
2025-01-17 11:15:00,1.14,-0.433883739117558,-0.9009688679024191
2025-01-17 11:30:00,0.864,-0.433883739117558,-0.9009688679024191
2025-01-17 11:45:00,1.028,-0.433883739117558,-0.9009688679024191
2025-01-17 12:00:00,0.848,-0.433883739117558,-0.9009688679024191
2025-01-17 12:15:00,1.048,-0.433883739117558,-0.9009688679024191
2025-01-17 12:30:00,0.764,-0.433883739117558,-0.9009688679024191
2025-01-17 12:45:00,2.016,-0.433883739117558,-0.9009688679024191
2025-01-17 13:00:00,1.424,-0.433883739117558,-0.9009688679024191
2025-01-17 13:15:00,1.0,-0.433883739117558,-0.9009688679024191
2025-01-17 13:30:00,1.552,-0.433883739117558,-0.9009688679024191
2025-01-17 13:45:00,1.804,-0.433883739117558,-0.9009688679024191
2025-01-17 14:00:00,1.344,-0.433883739117558,-0.9009688679024191
2025-01-17 14:15:00,0.96,-0.433883739117558,-0.9009688679024191
2025-01-17 14:30:00,1.24,-0.433883739117558,-0.9009688679024191
2025-01-17 14:45:00,1.116,-0.433883739117558,-0.9009688679024191
2025-01-17 15:00:00,1.16,-0.433883739117558,-0.9009688679024191
2025-01-17 15:15:00,0.548,-0.433883739117558,-0.9009688679024191
2025-01-17 15:30:00,0.404,-0.433883739117558,-0.9009688679024191
2025-01-17 15:45:00,0.348,-0.433883739117558,-0.9009688679024191
2025-01-17 16:00:00,0.536,-0.433883739117558,-0.9009688679024191
2025-01-17 16:15:00,2.244,-0.433883739117558,-0.9009688679024191
2025-01-17 16:30:00,1.792,-0.433883739117558,-0.9009688679024191
2025-01-17 16:45:00,0.56,-0.433883739117558,-0.9009688679024191
2025-01-17 17:00:00,0.628,-0.433883739117558,-0.9009688679024191
2025-01-17 17:15:00,0.58,-0.433883739117558,-0.9009688679024191
2025-01-17 17:30:00,0.432,-0.433883739117558,-0.9009688679024191
2025-01-17 17:45:00,0.384,-0.433883739117558,-0.9009688679024191
2025-01-17 18:00:00,0.396,-0.433883739117558,-0.9009688679024191
2025-01-17 18:15:00,2.008,-0.433883739117558,-0.9009688679024191
2025-01-17 18:30:00,2.9,-0.433883739117558,-0.9009688679024191
2025-01-17 18:45:00,2.712,-0.433883739117558,-0.9009688679024191
2025-01-17 19:00:00,3.86,-0.433883739117558,-0.9009688679024191
2025-01-17 19:15:00,3.776,-0.433883739117558,-0.9009688679024191
2025-01-17 19:30:00,3.348,-0.433883739117558,-0.9009688679024191
2025-01-17 19:45:00,3.612,-0.433883739117558,-0.9009688679024191
2025-01-17 20:00:00,1.388,-0.433883739117558,-0.9009688679024191
2025-01-17 20:15:00,1.436,-0.433883739117558,-0.9009688679024191
2025-01-17 20:30:00,1.2,-0.433883739117558,-0.9009688679024191
2025-01-17 20:45:00,1.172,-0.433883739117558,-0.9009688679024191
2025-01-17 21:00:00,1.412,-0.433883739117558,-0.9009688679024191
2025-01-17 21:15:00,1.848,-0.433883739117558,-0.9009688679024191
2025-01-17 21:30:00,2.304,-0.433883739117558,-0.9009688679024191
2025-01-17 21:45:00,2.356,-0.433883739117558,-0.9009688679024191
2025-01-17 22:00:00,2.736,-0.433883739117558,-0.9009688679024191
2025-01-17 22:15:00,2.416,-0.433883739117558,-0.9009688679024191
2025-01-17 22:30:00,2.304,-0.433883739117558,-0.9009688679024191
2025-01-17 22:45:00,1.848,-0.433883739117558,-0.9009688679024191
2025-01-17 23:00:00,1.84,-0.433883739117558,-0.9009688679024191
2025-01-17 23:15:00,1.524,-0.433883739117558,-0.9009688679024191
2025-01-17 23:30:00,1.744,-0.433883739117558,-0.9009688679024191
2025-01-17 23:45:00,1.036,-0.433883739117558,-0.9009688679024191
2025-01-18 00:00:00,0.732,-0.9749279121818236,-0.2225209339563146
2025-01-18 00:15:00,0.804,-0.9749279121818236,-0.2225209339563146
2025-01-18 00:30:00,1.548,-0.9749279121818236,-0.2225209339563146
2025-01-18 00:45:00,1.26,-0.9749279121818236,-0.2225209339563146
2025-01-18 01:00:00,1.344,-0.9749279121818236,-0.2225209339563146
2025-01-18 01:15:00,0.984,-0.9749279121818236,-0.2225209339563146
2025-01-18 01:30:00,1.544,-0.9749279121818236,-0.2225209339563146
2025-01-18 01:45:00,1.34,-0.9749279121818236,-0.2225209339563146
2025-01-18 02:00:00,1.16,-0.9749279121818236,-0.2225209339563146
2025-01-18 02:15:00,1.332,-0.9749279121818236,-0.2225209339563146
2025-01-18 02:30:00,1.768,-0.9749279121818236,-0.2225209339563146
2025-01-18 02:45:00,1.092,-0.9749279121818236,-0.2225209339563146
2025-01-18 03:00:00,1.244,-0.9749279121818236,-0.2225209339563146
2025-01-18 03:15:00,1.164,-0.9749279121818236,-0.2225209339563146
2025-01-18 03:30:00,0.332,-0.9749279121818236,-0.2225209339563146
2025-01-18 03:45:00,0.34,-0.9749279121818236,-0.2225209339563146
2025-01-18 04:00:00,0.34,-0.9749279121818236,-0.2225209339563146
2025-01-18 04:15:00,0.32,-0.9749279121818236,-0.2225209339563146
2025-01-18 04:30:00,0.26,-0.9749279121818236,-0.2225209339563146
2025-01-18 04:45:00,0.252,-0.9749279121818236,-0.2225209339563146
2025-01-18 05:00:00,0.252,-0.9749279121818236,-0.2225209339563146
2025-01-18 05:15:00,0.312,-0.9749279121818236,-0.2225209339563146
2025-01-18 05:30:00,0.252,-0.9749279121818236,-0.2225209339563146
2025-01-18 05:45:00,0.192,-0.9749279121818236,-0.2225209339563146
2025-01-18 06:00:00,0.188,-0.9749279121818236,-0.2225209339563146
2025-01-18 06:15:00,0.208,-0.9749279121818236,-0.2225209339563146
2025-01-18 06:30:00,0.196,-0.9749279121818236,-0.2225209339563146
2025-01-18 06:45:00,0.188,-0.9749279121818236,-0.2225209339563146
2025-01-18 07:00:00,0.172,-0.9749279121818236,-0.2225209339563146
2025-01-18 07:15:00,0.196,-0.9749279121818236,-0.2225209339563146
2025-01-18 07:30:00,0.184,-0.9749279121818236,-0.2225209339563146
2025-01-18 07:45:00,0.252,-0.9749279121818236,-0.2225209339563146
2025-01-18 08:00:00,1.056,-0.9749279121818236,-0.2225209339563146
2025-01-18 08:15:00,1.984,-0.9749279121818236,-0.2225209339563146
2025-01-18 08:30:00,0.64,-0.9749279121818236,-0.2225209339563146
2025-01-18 08:45:00,0.58,-0.9749279121818236,-0.2225209339563146
2025-01-18 09:00:00,0.716,-0.9749279121818236,-0.2225209339563146
2025-01-18 09:15:00,1.68,-0.9749279121818236,-0.2225209339563146
2025-01-18 09:30:00,2.54,-0.9749279121818236,-0.2225209339563146
2025-01-18 09:45:00,0.556,-0.9749279121818236,-0.2225209339563146
2025-01-18 10:00:00,0.496,-0.9749279121818236,-0.2225209339563146
2025-01-18 10:15:00,0.544,-0.9749279121818236,-0.2225209339563146
2025-01-18 10:30:00,1.404,-0.9749279121818236,-0.2225209339563146
2025-01-18 10:45:00,1.256,-0.9749279121818236,-0.2225209339563146
2025-01-18 11:00:00,1.376,-0.9749279121818236,-0.2225209339563146
2025-01-18 11:15:00,1.264,-0.9749279121818236,-0.2225209339563146
2025-01-18 11:30:00,2.74,-0.9749279121818236,-0.2225209339563146
2025-01-18 11:45:00,0.328,-0.9749279121818236,-0.2225209339563146
2025-01-18 12:00:00,0.76,-0.9749279121818236,-0.2225209339563146
2025-01-18 12:15:00,1.156,-0.9749279121818236,-0.2225209339563146
2025-01-18 12:30:00,2.792,-0.9749279121818236,-0.2225209339563146
2025-01-18 12:45:00,1.216,-0.9749279121818236,-0.2225209339563146
2025-01-18 13:00:00,1.588,-0.9749279121818236,-0.2225209339563146
2025-01-18 13:15:00,1.888,-0.9749279121818236,-0.2225209339563146
2025-01-18 13:30:00,1.5,-0.9749279121818236,-0.2225209339563146
2025-01-18 13:45:00,2.268,-0.9749279121818236,-0.2225209339563146
2025-01-18 14:00:00,2.728,-0.9749279121818236,-0.2225209339563146
2025-01-18 14:15:00,3.328,-0.9749279121818236,-0.2225209339563146
2025-01-18 14:30:00,3.284,-0.9749279121818236,-0.2225209339563146
2025-01-18 14:45:00,1.6,-0.9749279121818236,-0.2225209339563146
2025-01-18 15:00:00,1.396,-0.9749279121818236,-0.2225209339563146
2025-01-18 15:15:00,1.664,-0.9749279121818236,-0.2225209339563146
2025-01-18 15:30:00,1.444,-0.9749279121818236,-0.2225209339563146
2025-01-18 15:45:00,0.936,-0.9749279121818236,-0.2225209339563146
2025-01-18 16:00:00,0.384,-0.9749279121818236,-0.2225209339563146
2025-01-18 16:15:00,0.208,-0.9749279121818236,-0.2225209339563146
2025-01-18 16:30:00,0.18,-0.9749279121818236,-0.2225209339563146
2025-01-18 16:45:00,1.128,-0.9749279121818236,-0.2225209339563146
2025-01-18 17:00:00,1.264,-0.9749279121818236,-0.2225209339563146
2025-01-18 17:15:00,0.372,-0.9749279121818236,-0.2225209339563146
2025-01-18 17:30:00,0.232,-0.9749279121818236,-0.2225209339563146
2025-01-18 17:45:00,1.044,-0.9749279121818236,-0.2225209339563146
2025-01-18 18:00:00,1.244,-0.9749279121818236,-0.2225209339563146
2025-01-18 18:15:00,1.248,-0.9749279121818236,-0.2225209339563146
2025-01-18 18:30:00,0.692,-0.9749279121818236,-0.2225209339563146
2025-01-18 18:45:00,1.804,-0.9749279121818236,-0.2225209339563146
2025-01-18 19:00:00,2.016,-0.9749279121818236,-0.2225209339563146
2025-01-18 19:15:00,1.288,-0.9749279121818236,-0.2225209339563146
2025-01-18 19:30:00,1.88,-0.9749279121818236,-0.2225209339563146
2025-01-18 19:45:00,1.868,-0.9749279121818236,-0.2225209339563146
2025-01-18 20:00:00,1.704,-0.9749279121818236,-0.2225209339563146
2025-01-18 20:15:00,1.496,-0.9749279121818236,-0.2225209339563146
2025-01-18 20:30:00,1.84,-0.9749279121818236,-0.2225209339563146
2025-01-18 20:45:00,1.684,-0.9749279121818236,-0.2225209339563146
2025-01-18 21:00:00,1.496,-0.9749279121818236,-0.2225209339563146
2025-01-18 21:15:00,0.928,-0.9749279121818236,-0.2225209339563146
2025-01-18 21:30:00,0.956,-0.9749279121818236,-0.2225209339563146
2025-01-18 21:45:00,1.604,-0.9749279121818236,-0.2225209339563146
2025-01-18 22:00:00,1.8,-0.9749279121818236,-0.2225209339563146
2025-01-18 22:15:00,1.804,-0.9749279121818236,-0.2225209339563146
2025-01-18 22:30:00,2.144,-0.9749279121818236,-0.2225209339563146
2025-01-18 22:45:00,1.512,-0.9749279121818236,-0.2225209339563146
2025-01-18 23:00:00,1.652,-0.9749279121818236,-0.2225209339563146
2025-01-18 23:15:00,1.672,-0.9749279121818236,-0.2225209339563146
2025-01-18 23:30:00,1.392,-0.9749279121818236,-0.2225209339563146
2025-01-18 23:45:00,1.532,-0.9749279121818236,-0.2225209339563146
2025-01-19 00:00:00,1.508,-0.7818314824680299,0.6234898018587334
2025-01-19 00:15:00,0.796,-0.7818314824680299,0.6234898018587334
2025-01-19 00:30:00,1.2,-0.7818314824680299,0.6234898018587334
2025-01-19 00:45:00,1.208,-0.7818314824680299,0.6234898018587334
2025-01-19 01:00:00,1.176,-0.7818314824680299,0.6234898018587334
2025-01-19 01:15:00,1.184,-0.7818314824680299,0.6234898018587334
2025-01-19 01:30:00,0.976,-0.7818314824680299,0.6234898018587334
2025-01-19 01:45:00,0.436,-0.7818314824680299,0.6234898018587334
2025-01-19 02:00:00,0.328,-0.7818314824680299,0.6234898018587334
2025-01-19 02:15:00,0.308,-0.7818314824680299,0.6234898018587334
2025-01-19 02:30:00,0.232,-0.7818314824680299,0.6234898018587334
2025-01-19 02:45:00,0.228,-0.7818314824680299,0.6234898018587334
2025-01-19 03:00:00,0.188,-0.7818314824680299,0.6234898018587334
2025-01-19 03:15:00,0.204,-0.7818314824680299,0.6234898018587334
2025-01-19 03:30:00,0.212,-0.7818314824680299,0.6234898018587334
2025-01-19 03:45:00,0.216,-0.7818314824680299,0.6234898018587334
2025-01-19 04:00:00,0.204,-0.7818314824680299,0.6234898018587334
2025-01-19 04:15:00,0.204,-0.7818314824680299,0.6234898018587334
2025-01-19 04:30:00,0.204,-0.7818314824680299,0.6234898018587334
2025-01-19 04:45:00,0.208,-0.7818314824680299,0.6234898018587334
2025-01-19 05:00:00,0.204,-0.7818314824680299,0.6234898018587334
2025-01-19 05:15:00,0.216,-0.7818314824680299,0.6234898018587334
2025-01-19 05:30:00,0.228,-0.7818314824680299,0.6234898018587334
2025-01-19 05:45:00,0.24,-0.7818314824680299,0.6234898018587334
2025-01-19 06:00:00,0.22,-0.7818314824680299,0.6234898018587334
2025-01-19 06:15:00,0.172,-0.7818314824680299,0.6234898018587334
2025-01-19 06:30:00,0.204,-0.7818314824680299,0.6234898018587334
2025-01-19 06:45:00,0.196,-0.7818314824680299,0.6234898018587334
2025-01-19 07:00:00,0.208,-0.7818314824680299,0.6234898018587334
2025-01-19 07:15:00,0.26,-0.7818314824680299,0.6234898018587334
2025-01-19 07:30:00,0.212,-0.7818314824680299,0.6234898018587334
2025-01-19 07:45:00,0.2,-0.7818314824680299,0.6234898018587334
2025-01-19 08:00:00,0.172,-0.7818314824680299,0.6234898018587334
2025-01-19 08:15:00,0.2,-0.7818314824680299,0.6234898018587334
2025-01-19 08:30:00,0.196,-0.7818314824680299,0.6234898018587334
2025-01-19 08:45:00,0.18,-0.7818314824680299,0.6234898018587334
2025-01-19 09:00:00,1.952,-0.7818314824680299,0.6234898018587334
2025-01-19 09:15:00,1.484,-0.7818314824680299,0.6234898018587334
2025-01-19 09:30:00,1.844,-0.7818314824680299,0.6234898018587334
2025-01-19 09:45:00,3.328,-0.7818314824680299,0.6234898018587334
2025-01-19 10:00:00,2.956,-0.7818314824680299,0.6234898018587334
2025-01-19 10:15:00,2.584,-0.7818314824680299,0.6234898018587334
2025-01-19 10:30:00,1.504,-0.7818314824680299,0.6234898018587334
2025-01-19 10:45:00,1.44,-0.7818314824680299,0.6234898018587334
2025-01-19 11:00:00,1.444,-0.7818314824680299,0.6234898018587334
2025-01-19 11:15:00,1.524,-0.7818314824680299,0.6234898018587334
2025-01-19 11:30:00,2.356,-0.7818314824680299,0.6234898018587334
2025-01-19 11:45:00,2.344,-0.7818314824680299,0.6234898018587334
2025-01-19 12:00:00,2.388,-0.7818314824680299,0.6234898018587334
2025-01-19 12:15:00,2.228,-0.7818314824680299,0.6234898018587334
2025-01-19 12:30:00,2.056,-0.7818314824680299,0.6234898018587334
2025-01-19 12:45:00,2.392,-0.7818314824680299,0.6234898018587334
2025-01-19 13:00:00,3.516,-0.7818314824680299,0.6234898018587334
2025-01-19 13:15:00,2.02,-0.7818314824680299,0.6234898018587334
2025-01-19 13:30:00,0.78,-0.7818314824680299,0.6234898018587334
2025-01-19 13:45:00,1.392,-0.7818314824680299,0.6234898018587334
2025-01-19 14:00:00,2.94,-0.7818314824680299,0.6234898018587334
2025-01-19 14:15:00,1.964,-0.7818314824680299,0.6234898018587334
2025-01-19 14:30:00,3.108,-0.7818314824680299,0.6234898018587334
2025-01-19 14:45:00,3.56,-0.7818314824680299,0.6234898018587334
2025-01-19 15:00:00,1.792,-0.7818314824680299,0.6234898018587334
2025-01-19 15:15:00,0.576,-0.7818314824680299,0.6234898018587334
2025-01-19 15:30:00,1.18,-0.7818314824680299,0.6234898018587334
2025-01-19 15:45:00,1.388,-0.7818314824680299,0.6234898018587334
2025-01-19 16:00:00,0.756,-0.7818314824680299,0.6234898018587334
2025-01-19 16:15:00,0.408,-0.7818314824680299,0.6234898018587334
2025-01-19 16:30:00,0.528,-0.7818314824680299,0.6234898018587334
2025-01-19 16:45:00,0.48,-0.7818314824680299,0.6234898018587334
2025-01-19 17:00:00,0.464,-0.7818314824680299,0.6234898018587334
2025-01-19 17:15:00,0.456,-0.7818314824680299,0.6234898018587334
2025-01-19 17:30:00,0.464,-0.7818314824680299,0.6234898018587334
2025-01-19 17:45:00,0.604,-0.7818314824680299,0.6234898018587334
2025-01-19 18:00:00,1.468,-0.7818314824680299,0.6234898018587334
2025-01-19 18:15:00,1.604,-0.7818314824680299,0.6234898018587334
2025-01-19 18:30:00,1.464,-0.7818314824680299,0.6234898018587334
2025-01-19 18:45:00,0.64,-0.7818314824680299,0.6234898018587334
2025-01-19 19:00:00,0.768,-0.7818314824680299,0.6234898018587334
2025-01-19 19:15:00,0.376,-0.7818314824680299,0.6234898018587334
2025-01-19 19:30:00,0.316,-0.7818314824680299,0.6234898018587334
2025-01-19 19:45:00,0.376,-0.7818314824680299,0.6234898018587334
2025-01-19 20:00:00,0.504,-0.7818314824680299,0.6234898018587334
2025-01-19 20:15:00,1.112,-0.7818314824680299,0.6234898018587334
2025-01-19 20:30:00,0.652,-0.7818314824680299,0.6234898018587334
2025-01-19 20:45:00,0.912,-0.7818314824680299,0.6234898018587334
2025-01-19 21:00:00,1.08,-0.7818314824680299,0.6234898018587334
2025-01-19 21:15:00,2.1,-0.7818314824680299,0.6234898018587334
2025-01-19 21:30:00,1.256,-0.7818314824680299,0.6234898018587334
2025-01-19 21:45:00,1.7,-0.7818314824680299,0.6234898018587334
2025-01-19 22:00:00,1.616,-0.7818314824680299,0.6234898018587334
2025-01-19 22:15:00,0.944,-0.7818314824680299,0.6234898018587334
2025-01-19 22:30:00,1.616,-0.7818314824680299,0.6234898018587334
2025-01-19 22:45:00,1.668,-0.7818314824680299,0.6234898018587334
2025-01-19 23:00:00,1.64,-0.7818314824680299,0.6234898018587334
2025-01-19 23:15:00,1.428,-0.7818314824680299,0.6234898018587334
2025-01-19 23:30:00,1.488,-0.7818314824680299,0.6234898018587334
2025-01-19 23:45:00,1.34,-0.7818314824680299,0.6234898018587334
2025-01-20 00:00:00,1.316,0.0,1.0
2025-01-20 00:15:00,1.376,0.0,1.0
2025-01-20 00:30:00,1.4,0.0,1.0
2025-01-20 00:45:00,2.98,0.0,1.0
2025-01-20 01:00:00,2.776,0.0,1.0
2025-01-20 01:15:00,2.572,0.0,1.0
2025-01-20 01:30:00,1.772,0.0,1.0
2025-01-20 01:45:00,1.124,0.0,1.0
2025-01-20 02:00:00,1.116,0.0,1.0
2025-01-20 02:15:00,1.06,0.0,1.0
2025-01-20 02:30:00,1.052,0.0,1.0
2025-01-20 02:45:00,1.096,0.0,1.0
2025-01-20 03:00:00,1.092,0.0,1.0
2025-01-20 03:15:00,1.088,0.0,1.0
2025-01-20 03:30:00,1.064,0.0,1.0
2025-01-20 03:45:00,1.096,0.0,1.0
2025-01-20 04:00:00,1.092,0.0,1.0
2025-01-20 04:15:00,1.056,0.0,1.0
2025-01-20 04:30:00,1.084,0.0,1.0
2025-01-20 04:45:00,1.08,0.0,1.0
2025-01-20 05:00:00,1.048,0.0,1.0
2025-01-20 05:15:00,1.0,0.0,1.0
2025-01-20 05:30:00,0.996,0.0,1.0
2025-01-20 05:45:00,1.088,0.0,1.0
2025-01-20 06:00:00,1.144,0.0,1.0
2025-01-20 06:15:00,1.004,0.0,1.0
2025-01-20 06:30:00,0.992,0.0,1.0
2025-01-20 06:45:00,1.008,0.0,1.0
2025-01-20 07:00:00,1.092,0.0,1.0
2025-01-20 07:15:00,1.016,0.0,1.0
2025-01-20 07:30:00,1.144,0.0,1.0
2025-01-20 07:45:00,1.304,0.0,1.0
2025-01-20 08:00:00,2.256,0.0,1.0
2025-01-20 08:15:00,1.556,0.0,1.0
2025-01-20 08:30:00,1.564,0.0,1.0
2025-01-20 08:45:00,1.032,0.0,1.0
2025-01-20 09:00:00,0.692,0.0,1.0
2025-01-20 09:15:00,0.72,0.0,1.0
2025-01-20 09:30:00,0.764,0.0,1.0
2025-01-20 09:45:00,0.672,0.0,1.0
2025-01-20 10:00:00,0.564,0.0,1.0
2025-01-20 10:15:00,0.328,0.0,1.0
2025-01-20 10:30:00,0.2,0.0,1.0
2025-01-20 10:45:00,0.236,0.0,1.0
2025-01-20 11:00:00,0.24,0.0,1.0
2025-01-20 11:15:00,0.236,0.0,1.0
2025-01-20 11:30:00,0.188,0.0,1.0
2025-01-20 11:45:00,0.2,0.0,1.0
2025-01-20 12:00:00,0.224,0.0,1.0
2025-01-20 12:15:00,0.212,0.0,1.0
2025-01-20 12:30:00,0.208,0.0,1.0
2025-01-20 12:45:00,0.212,0.0,1.0
2025-01-20 13:00:00,0.492,0.0,1.0
2025-01-20 13:15:00,2.096,0.0,1.0
2025-01-20 13:30:00,0.688,0.0,1.0
2025-01-20 13:45:00,0.724,0.0,1.0
2025-01-20 14:00:00,1.444,0.0,1.0
2025-01-20 14:15:00,1.448,0.0,1.0
2025-01-20 14:30:00,1.556,0.0,1.0
2025-01-20 14:45:00,1.452,0.0,1.0
2025-01-20 15:00:00,0.952,0.0,1.0
2025-01-20 15:15:00,0.776,0.0,1.0
2025-01-20 15:30:00,0.48,0.0,1.0
2025-01-20 15:45:00,0.448,0.0,1.0
2025-01-20 16:00:00,0.684,0.0,1.0
2025-01-20 16:15:00,0.748,0.0,1.0
2025-01-20 16:30:00,0.604,0.0,1.0
2025-01-20 16:45:00,0.632,0.0,1.0
2025-01-20 17:00:00,0.664,0.0,1.0
2025-01-20 17:15:00,0.656,0.0,1.0
2025-01-20 17:30:00,0.424,0.0,1.0
2025-01-20 17:45:00,0.364,0.0,1.0
2025-01-20 18:00:00,0.32,0.0,1.0
2025-01-20 18:15:00,0.444,0.0,1.0
2025-01-20 18:30:00,0.492,0.0,1.0
2025-01-20 18:45:00,0.488,0.0,1.0
2025-01-20 19:00:00,0.42,0.0,1.0
2025-01-20 19:15:00,0.34,0.0,1.0
2025-01-20 19:30:00,0.312,0.0,1.0
2025-01-20 19:45:00,2.224,0.0,1.0
2025-01-20 20:00:00,1.356,0.0,1.0
2025-01-20 20:15:00,1.164,0.0,1.0
2025-01-20 20:30:00,3.46,0.0,1.0
2025-01-20 20:45:00,3.756,0.0,1.0
2025-01-20 21:00:00,3.124,0.0,1.0
2025-01-20 21:15:00,2.636,0.0,1.0
2025-01-20 21:30:00,1.924,0.0,1.0
2025-01-20 21:45:00,2.376,0.0,1.0
2025-01-20 22:00:00,1.564,0.0,1.0
2025-01-20 22:15:00,1.676,0.0,1.0
2025-01-20 22:30:00,1.552,0.0,1.0
2025-01-20 22:45:00,1.468,0.0,1.0
2025-01-20 23:00:00,1.052,0.0,1.0
2025-01-20 23:15:00,0.64,0.0,1.0
2025-01-20 23:30:00,0.668,0.0,1.0
2025-01-20 23:45:00,0.652,0.0,1.0
2025-01-21 00:00:00,0.664,0.7818314824680298,0.6234898018587336
2025-01-21 00:15:00,1.712,0.7818314824680298,0.6234898018587336
2025-01-21 00:30:00,1.636,0.7818314824680298,0.6234898018587336
2025-01-21 00:45:00,1.848,0.7818314824680298,0.6234898018587336
2025-01-21 01:00:00,1.124,0.7818314824680298,0.6234898018587336
2025-01-21 01:15:00,0.564,0.7818314824680298,0.6234898018587336
2025-01-21 01:30:00,0.472,0.7818314824680298,0.6234898018587336
2025-01-21 01:45:00,0.34,0.7818314824680298,0.6234898018587336
2025-01-21 02:00:00,0.364,0.7818314824680298,0.6234898018587336
2025-01-21 02:15:00,0.376,0.7818314824680298,0.6234898018587336
2025-01-21 02:30:00,0.384,0.7818314824680298,0.6234898018587336
2025-01-21 02:45:00,0.308,0.7818314824680298,0.6234898018587336
2025-01-21 03:00:00,0.356,0.7818314824680298,0.6234898018587336
2025-01-21 03:15:00,0.384,0.7818314824680298,0.6234898018587336
2025-01-21 03:30:00,0.304,0.7818314824680298,0.6234898018587336
2025-01-21 03:45:00,0.344,0.7818314824680298,0.6234898018587336
2025-01-21 04:00:00,0.344,0.7818314824680298,0.6234898018587336
2025-01-21 04:15:00,0.216,0.7818314824680298,0.6234898018587336
2025-01-21 04:30:00,0.204,0.7818314824680298,0.6234898018587336
2025-01-21 04:45:00,0.236,0.7818314824680298,0.6234898018587336
2025-01-21 05:00:00,0.292,0.7818314824680298,0.6234898018587336
2025-01-21 05:15:00,0.288,0.7818314824680298,0.6234898018587336
2025-01-21 05:30:00,0.308,0.7818314824680298,0.6234898018587336
2025-01-21 05:45:00,0.244,0.7818314824680298,0.6234898018587336
2025-01-21 06:00:00,0.288,0.7818314824680298,0.6234898018587336
2025-01-21 06:15:00,0.3,0.7818314824680298,0.6234898018587336
2025-01-21 06:30:00,0.256,0.7818314824680298,0.6234898018587336
2025-01-21 06:45:00,0.248,0.7818314824680298,0.6234898018587336
2025-01-21 07:00:00,0.276,0.7818314824680298,0.6234898018587336
2025-01-21 07:15:00,0.428,0.7818314824680298,0.6234898018587336
2025-01-21 07:30:00,0.432,0.7818314824680298,0.6234898018587336
2025-01-21 07:45:00,0.276,0.7818314824680298,0.6234898018587336
2025-01-21 08:00:00,0.316,0.7818314824680298,0.6234898018587336
2025-01-21 08:15:00,0.284,0.7818314824680298,0.6234898018587336
2025-01-21 08:30:00,0.224,0.7818314824680298,0.6234898018587336
2025-01-21 08:45:00,0.272,0.7818314824680298,0.6234898018587336
2025-01-21 09:00:00,1.336,0.7818314824680298,0.6234898018587336
2025-01-21 09:15:00,0.952,0.7818314824680298,0.6234898018587336
2025-01-21 09:30:00,0.24,0.7818314824680298,0.6234898018587336
2025-01-21 09:45:00,0.248,0.7818314824680298,0.6234898018587336
2025-01-21 10:00:00,0.348,0.7818314824680298,0.6234898018587336
2025-01-21 10:15:00,0.36,0.7818314824680298,0.6234898018587336
2025-01-21 10:30:00,0.372,0.7818314824680298,0.6234898018587336
2025-01-21 10:45:00,1.272,0.7818314824680298,0.6234898018587336
2025-01-21 11:00:00,1.544,0.7818314824680298,0.6234898018587336
2025-01-21 11:15:00,1.584,0.7818314824680298,0.6234898018587336
2025-01-21 11:30:00,1.024,0.7818314824680298,0.6234898018587336
2025-01-21 11:45:00,1.656,0.7818314824680298,0.6234898018587336
2025-01-21 12:00:00,4.508,0.7818314824680298,0.6234898018587336
2025-01-21 12:15:00,2.4,0.7818314824680298,0.6234898018587336
2025-01-21 12:30:00,3.536,0.7818314824680298,0.6234898018587336
2025-01-21 12:45:00,2.612,0.7818314824680298,0.6234898018587336
2025-01-21 13:00:00,0.944,0.7818314824680298,0.6234898018587336
2025-01-21 13:15:00,0.62,0.7818314824680298,0.6234898018587336
2025-01-21 13:30:00,1.016,0.7818314824680298,0.6234898018587336
2025-01-21 13:45:00,0.424,0.7818314824680298,0.6234898018587336
2025-01-21 14:00:00,0.3,0.7818314824680298,0.6234898018587336
2025-01-21 14:15:00,0.312,0.7818314824680298,0.6234898018587336
2025-01-21 14:30:00,0.28,0.7818314824680298,0.6234898018587336
2025-01-21 14:45:00,0.228,0.7818314824680298,0.6234898018587336
2025-01-21 15:00:00,0.244,0.7818314824680298,0.6234898018587336
2025-01-21 15:15:00,0.792,0.7818314824680298,0.6234898018587336
2025-01-21 15:30:00,0.624,0.7818314824680298,0.6234898018587336
2025-01-21 15:45:00,1.492,0.7818314824680298,0.6234898018587336
2025-01-21 16:00:00,0.792,0.7818314824680298,0.6234898018587336
2025-01-21 16:15:00,0.472,0.7818314824680298,0.6234898018587336
2025-01-21 16:30:00,0.504,0.7818314824680298,0.6234898018587336
2025-01-21 16:45:00,0.812,0.7818314824680298,0.6234898018587336
2025-01-21 17:00:00,1.408,0.7818314824680298,0.6234898018587336
2025-01-21 17:15:00,1.184,0.7818314824680298,0.6234898018587336
2025-01-21 17:30:00,0.76,0.7818314824680298,0.6234898018587336
2025-01-21 17:45:00,0.536,0.7818314824680298,0.6234898018587336
2025-01-21 18:00:00,0.408,0.7818314824680298,0.6234898018587336
2025-01-21 18:15:00,0.604,0.7818314824680298,0.6234898018587336
2025-01-21 18:30:00,0.592,0.7818314824680298,0.6234898018587336
2025-01-21 18:45:00,0.564,0.7818314824680298,0.6234898018587336
2025-01-21 19:00:00,0.608,0.7818314824680298,0.6234898018587336
2025-01-21 19:15:00,0.8,0.7818314824680298,0.6234898018587336
2025-01-21 19:30:00,0.78,0.7818314824680298,0.6234898018587336
2025-01-21 19:45:00,0.872,0.7818314824680298,0.6234898018587336
2025-01-21 20:00:00,1.068,0.7818314824680298,0.6234898018587336
2025-01-21 20:15:00,0.756,0.7818314824680298,0.6234898018587336
2025-01-21 20:30:00,0.736,0.7818314824680298,0.6234898018587336
2025-01-21 20:45:00,0.804,0.7818314824680298,0.6234898018587336
2025-01-21 21:00:00,2.384,0.7818314824680298,0.6234898018587336
2025-01-21 21:15:00,1.148,0.7818314824680298,0.6234898018587336
2025-01-21 21:30:00,1.764,0.7818314824680298,0.6234898018587336
2025-01-21 21:45:00,1.772,0.7818314824680298,0.6234898018587336
2025-01-21 22:00:00,1.864,0.7818314824680298,0.6234898018587336
2025-01-21 22:15:00,1.908,0.7818314824680298,0.6234898018587336
2025-01-21 22:30:00,0.552,0.7818314824680298,0.6234898018587336
2025-01-21 22:45:00,0.696,0.7818314824680298,0.6234898018587336
2025-01-21 23:00:00,0.604,0.7818314824680298,0.6234898018587336
2025-01-21 23:15:00,0.596,0.7818314824680298,0.6234898018587336
2025-01-21 23:30:00,0.556,0.7818314824680298,0.6234898018587336
2025-01-21 23:45:00,0.544,0.7818314824680298,0.6234898018587336
2025-01-22 00:00:00,0.608,0.9749279121818236,-0.22252093395631434
2025-01-22 00:15:00,0.592,0.9749279121818236,-0.22252093395631434
2025-01-22 00:30:00,2.22,0.9749279121818236,-0.22252093395631434
2025-01-22 00:45:00,0.68,0.9749279121818236,-0.22252093395631434
2025-01-22 01:00:00,1.56,0.9749279121818236,-0.22252093395631434
2025-01-22 01:15:00,0.536,0.9749279121818236,-0.22252093395631434
2025-01-22 01:30:00,0.4,0.9749279121818236,-0.22252093395631434
2025-01-22 01:45:00,0.508,0.9749279121818236,-0.22252093395631434
2025-01-22 02:00:00,0.444,0.9749279121818236,-0.22252093395631434
2025-01-22 02:15:00,1.364,0.9749279121818236,-0.22252093395631434
2025-01-22 02:30:00,0.94,0.9749279121818236,-0.22252093395631434
2025-01-22 02:45:00,0.3,0.9749279121818236,-0.22252093395631434
2025-01-22 03:00:00,0.24,0.9749279121818236,-0.22252093395631434
2025-01-22 03:15:00,0.236,0.9749279121818236,-0.22252093395631434
2025-01-22 03:30:00,0.24,0.9749279121818236,-0.22252093395631434
2025-01-22 03:45:00,0.248,0.9749279121818236,-0.22252093395631434
2025-01-22 04:00:00,0.244,0.9749279121818236,-0.22252093395631434
2025-01-22 04:15:00,0.244,0.9749279121818236,-0.22252093395631434
2025-01-22 04:30:00,0.176,0.9749279121818236,-0.22252093395631434
2025-01-22 04:45:00,0.212,0.9749279121818236,-0.22252093395631434
2025-01-22 05:00:00,0.212,0.9749279121818236,-0.22252093395631434
2025-01-22 05:15:00,0.204,0.9749279121818236,-0.22252093395631434
2025-01-22 05:30:00,0.204,0.9749279121818236,-0.22252093395631434
2025-01-22 05:45:00,0.18,0.9749279121818236,-0.22252093395631434
2025-01-22 06:00:00,0.228,0.9749279121818236,-0.22252093395631434
2025-01-22 06:15:00,0.256,0.9749279121818236,-0.22252093395631434
2025-01-22 06:30:00,0.208,0.9749279121818236,-0.22252093395631434
2025-01-22 06:45:00,0.184,0.9749279121818236,-0.22252093395631434
2025-01-22 07:00:00,0.596,0.9749279121818236,-0.22252093395631434
2025-01-22 07:15:00,0.82,0.9749279121818236,-0.22252093395631434
2025-01-22 07:30:00,0.196,0.9749279121818236,-0.22252093395631434
2025-01-22 07:45:00,0.176,0.9749279121818236,-0.22252093395631434
2025-01-22 08:00:00,0.188,0.9749279121818236,-0.22252093395631434
2025-01-22 08:15:00,0.2,0.9749279121818236,-0.22252093395631434
2025-01-22 08:30:00,0.196,0.9749279121818236,-0.22252093395631434
2025-01-22 08:45:00,0.428,0.9749279121818236,-0.22252093395631434
2025-01-22 09:00:00,1.24,0.9749279121818236,-0.22252093395631434
2025-01-22 09:15:00,0.356,0.9749279121818236,-0.22252093395631434
2025-01-22 09:30:00,0.316,0.9749279121818236,-0.22252093395631434
2025-01-22 09:45:00,0.404,0.9749279121818236,-0.22252093395631434
2025-01-22 10:00:00,0.428,0.9749279121818236,-0.22252093395631434
2025-01-22 10:15:00,0.38,0.9749279121818236,-0.22252093395631434
2025-01-22 10:30:00,0.976,0.9749279121818236,-0.22252093395631434
2025-01-22 10:45:00,0.756,0.9749279121818236,-0.22252093395631434
2025-01-22 11:00:00,0.7,0.9749279121818236,-0.22252093395631434
2025-01-22 11:15:00,0.58,0.9749279121818236,-0.22252093395631434
2025-01-22 11:30:00,0.432,0.9749279121818236,-0.22252093395631434
2025-01-22 11:45:00,0.46,0.9749279121818236,-0.22252093395631434
2025-01-22 12:00:00,0.46,0.9749279121818236,-0.22252093395631434
2025-01-22 12:15:00,0.456,0.9749279121818236,-0.22252093395631434
2025-01-22 12:30:00,0.368,0.9749279121818236,-0.22252093395631434
2025-01-22 12:45:00,0.372,0.9749279121818236,-0.22252093395631434
2025-01-22 13:00:00,0.436,0.9749279121818236,-0.22252093395631434
2025-01-22 13:15:00,0.46,0.9749279121818236,-0.22252093395631434
2025-01-22 13:30:00,0.48,0.9749279121818236,-0.22252093395631434
2025-01-22 13:45:00,0.584,0.9749279121818236,-0.22252093395631434
2025-01-22 14:00:00,0.712,0.9749279121818236,-0.22252093395631434
2025-01-22 14:15:00,0.856,0.9749279121818236,-0.22252093395631434
2025-01-22 14:30:00,0.48,0.9749279121818236,-0.22252093395631434
2025-01-22 14:45:00,0.38,0.9749279121818236,-0.22252093395631434
2025-01-22 15:00:00,0.444,0.9749279121818236,-0.22252093395631434
2025-01-22 15:15:00,0.4,0.9749279121818236,-0.22252093395631434
2025-01-22 15:30:00,0.564,0.9749279121818236,-0.22252093395631434
2025-01-22 15:45:00,3.104,0.9749279121818236,-0.22252093395631434
2025-01-22 16:00:00,1.98,0.9749279121818236,-0.22252093395631434
2025-01-22 16:15:00,1.112,0.9749279121818236,-0.22252093395631434
2025-01-22 16:30:00,1.38,0.9749279121818236,-0.22252093395631434
2025-01-22 16:45:00,1.252,0.9749279121818236,-0.22252093395631434
2025-01-22 17:00:00,0.784,0.9749279121818236,-0.22252093395631434
2025-01-22 17:15:00,0.928,0.9749279121818236,-0.22252093395631434
2025-01-22 17:30:00,0.688,0.9749279121818236,-0.22252093395631434
2025-01-22 17:45:00,0.704,0.9749279121818236,-0.22252093395631434
2025-01-22 18:00:00,2.392,0.9749279121818236,-0.22252093395631434
2025-01-22 18:15:00,2.732,0.9749279121818236,-0.22252093395631434
2025-01-22 18:30:00,3.04,0.9749279121818236,-0.22252093395631434
2025-01-22 18:45:00,3.64,0.9749279121818236,-0.22252093395631434
2025-01-22 19:00:00,2.448,0.9749279121818236,-0.22252093395631434
2025-01-22 19:15:00,0.732,0.9749279121818236,-0.22252093395631434
2025-01-22 19:30:00,0.708,0.9749279121818236,-0.22252093395631434
2025-01-22 19:45:00,0.704,0.9749279121818236,-0.22252093395631434
2025-01-22 20:00:00,0.744,0.9749279121818236,-0.22252093395631434
2025-01-22 20:15:00,0.584,0.9749279121818236,-0.22252093395631434
2025-01-22 20:30:00,0.612,0.9749279121818236,-0.22252093395631434
2025-01-22 20:45:00,0.624,0.9749279121818236,-0.22252093395631434
2025-01-22 21:00:00,0.628,0.9749279121818236,-0.22252093395631434
2025-01-22 21:15:00,0.716,0.9749279121818236,-0.22252093395631434
2025-01-22 21:30:00,1.788,0.9749279121818236,-0.22252093395631434
2025-01-22 21:45:00,1.492,0.9749279121818236,-0.22252093395631434
2025-01-22 22:00:00,0.82,0.9749279121818236,-0.22252093395631434
2025-01-22 22:15:00,0.848,0.9749279121818236,-0.22252093395631434
2025-01-22 22:30:00,0.464,0.9749279121818236,-0.22252093395631434
2025-01-22 22:45:00,0.484,0.9749279121818236,-0.22252093395631434
2025-01-22 23:00:00,0.576,0.9749279121818236,-0.22252093395631434
2025-01-22 23:15:00,0.656,0.9749279121818236,-0.22252093395631434
2025-01-22 23:30:00,0.624,0.9749279121818236,-0.22252093395631434
2025-01-22 23:45:00,0.636,0.9749279121818236,-0.22252093395631434
2025-01-23 00:00:00,0.704,0.43388373911755823,-0.900968867902419
2025-01-23 00:15:00,0.672,0.43388373911755823,-0.900968867902419
2025-01-23 00:30:00,0.74,0.43388373911755823,-0.900968867902419
2025-01-23 00:45:00,0.676,0.43388373911755823,-0.900968867902419
2025-01-23 01:00:00,0.628,0.43388373911755823,-0.900968867902419
2025-01-23 01:15:00,0.604,0.43388373911755823,-0.900968867902419
2025-01-23 01:30:00,0.648,0.43388373911755823,-0.900968867902419
2025-01-23 01:45:00,0.596,0.43388373911755823,-0.900968867902419
2025-01-23 02:00:00,0.552,0.43388373911755823,-0.900968867902419
2025-01-23 02:15:00,0.484,0.43388373911755823,-0.900968867902419
2025-01-23 02:30:00,0.524,0.43388373911755823,-0.900968867902419
2025-01-23 02:45:00,1.92,0.43388373911755823,-0.900968867902419
2025-01-23 03:00:00,0.608,0.43388373911755823,-0.900968867902419
2025-01-23 03:15:00,0.896,0.43388373911755823,-0.900968867902419
2025-01-23 03:30:00,0.988,0.43388373911755823,-0.900968867902419
2025-01-23 03:45:00,0.32,0.43388373911755823,-0.900968867902419
2025-01-23 04:00:00,0.264,0.43388373911755823,-0.900968867902419
2025-01-23 04:15:00,0.204,0.43388373911755823,-0.900968867902419
2025-01-23 04:30:00,0.2,0.43388373911755823,-0.900968867902419
2025-01-23 04:45:00,0.208,0.43388373911755823,-0.900968867902419
2025-01-23 05:00:00,0.188,0.43388373911755823,-0.900968867902419
2025-01-23 05:15:00,0.2,0.43388373911755823,-0.900968867902419
2025-01-23 05:30:00,0.216,0.43388373911755823,-0.900968867902419
2025-01-23 05:45:00,0.212,0.43388373911755823,-0.900968867902419
2025-01-23 06:00:00,0.204,0.43388373911755823,-0.900968867902419
2025-01-23 06:15:00,0.212,0.43388373911755823,-0.900968867902419
2025-01-23 06:30:00,0.248,0.43388373911755823,-0.900968867902419
2025-01-23 06:45:00,0.232,0.43388373911755823,-0.900968867902419
2025-01-23 07:00:00,0.192,0.43388373911755823,-0.900968867902419
2025-01-23 07:15:00,0.196,0.43388373911755823,-0.900968867902419
2025-01-23 07:30:00,0.212,0.43388373911755823,-0.900968867902419
2025-01-23 07:45:00,0.204,0.43388373911755823,-0.900968867902419
2025-01-23 08:00:00,0.196,0.43388373911755823,-0.900968867902419
2025-01-23 08:15:00,0.184,0.43388373911755823,-0.900968867902419
2025-01-23 08:30:00,0.204,0.43388373911755823,-0.900968867902419
2025-01-23 08:45:00,0.188,0.43388373911755823,-0.900968867902419
2025-01-23 09:00:00,0.24,0.43388373911755823,-0.900968867902419
2025-01-23 09:15:00,0.4,0.43388373911755823,-0.900968867902419
2025-01-23 09:30:00,0.416,0.43388373911755823,-0.900968867902419
2025-01-23 09:45:00,0.416,0.43388373911755823,-0.900968867902419
2025-01-23 10:00:00,0.884,0.43388373911755823,-0.900968867902419
2025-01-23 10:15:00,0.492,0.43388373911755823,-0.900968867902419
2025-01-23 10:30:00,2.116,0.43388373911755823,-0.900968867902419
2025-01-23 10:45:00,1.456,0.43388373911755823,-0.900968867902419
2025-01-23 11:00:00,0.976,0.43388373911755823,-0.900968867902419
2025-01-23 11:15:00,0.504,0.43388373911755823,-0.900968867902419
2025-01-23 11:30:00,1.064,0.43388373911755823,-0.900968867902419
2025-01-23 11:45:00,1.08,0.43388373911755823,-0.900968867902419
2025-01-23 12:00:00,0.832,0.43388373911755823,-0.900968867902419
2025-01-23 12:15:00,0.78,0.43388373911755823,-0.900968867902419
2025-01-23 12:30:00,0.768,0.43388373911755823,-0.900968867902419
2025-01-23 12:45:00,0.76,0.43388373911755823,-0.900968867902419
2025-01-23 13:00:00,0.756,0.43388373911755823,-0.900968867902419
2025-01-23 13:15:00,1.308,0.43388373911755823,-0.900968867902419
2025-01-23 13:30:00,1.244,0.43388373911755823,-0.900968867902419
2025-01-23 13:45:00,1.26,0.43388373911755823,-0.900968867902419
2025-01-23 14:00:00,1.62,0.43388373911755823,-0.900968867902419
2025-01-23 14:15:00,2.092,0.43388373911755823,-0.900968867902419
2025-01-23 14:30:00,1.152,0.43388373911755823,-0.900968867902419
2025-01-23 14:45:00,0.84,0.43388373911755823,-0.900968867902419
2025-01-23 15:00:00,1.884,0.43388373911755823,-0.900968867902419
2025-01-23 15:15:00,1.372,0.43388373911755823,-0.900968867902419
2025-01-23 15:30:00,0.948,0.43388373911755823,-0.900968867902419
2025-01-23 15:45:00,0.84,0.43388373911755823,-0.900968867902419
2025-01-23 16:00:00,0.808,0.43388373911755823,-0.900968867902419
2025-01-23 16:15:00,0.636,0.43388373911755823,-0.900968867902419
2025-01-23 16:30:00,0.548,0.43388373911755823,-0.900968867902419
2025-01-23 16:45:00,0.536,0.43388373911755823,-0.900968867902419
2025-01-23 17:00:00,0.392,0.43388373911755823,-0.900968867902419
2025-01-23 17:15:00,0.568,0.43388373911755823,-0.900968867902419
2025-01-23 17:30:00,1.264,0.43388373911755823,-0.900968867902419
2025-01-23 17:45:00,0.452,0.43388373911755823,-0.900968867902419
2025-01-23 18:00:00,0.412,0.43388373911755823,-0.900968867902419
2025-01-23 18:15:00,0.46,0.43388373911755823,-0.900968867902419
2025-01-23 18:30:00,0.464,0.43388373911755823,-0.900968867902419
2025-01-23 18:45:00,0.636,0.43388373911755823,-0.900968867902419
2025-01-23 19:00:00,0.46,0.43388373911755823,-0.900968867902419
2025-01-23 19:15:00,0.448,0.43388373911755823,-0.900968867902419
2025-01-23 19:30:00,0.492,0.43388373911755823,-0.900968867902419
2025-01-23 19:45:00,0.508,0.43388373911755823,-0.900968867902419
2025-01-23 20:00:00,0.608,0.43388373911755823,-0.900968867902419
2025-01-23 20:15:00,0.896,0.43388373911755823,-0.900968867902419
2025-01-23 20:30:00,1.0,0.43388373911755823,-0.900968867902419
2025-01-23 20:45:00,0.62,0.43388373911755823,-0.900968867902419
2025-01-23 21:00:00,0.944,0.43388373911755823,-0.900968867902419
2025-01-23 21:15:00,0.624,0.43388373911755823,-0.900968867902419
2025-01-23 21:30:00,0.616,0.43388373911755823,-0.900968867902419
2025-01-23 21:45:00,0.652,0.43388373911755823,-0.900968867902419
2025-01-23 22:00:00,0.648,0.43388373911755823,-0.900968867902419
2025-01-23 22:15:00,0.636,0.43388373911755823,-0.900968867902419
2025-01-23 22:30:00,0.628,0.43388373911755823,-0.900968867902419
2025-01-23 22:45:00,0.588,0.43388373911755823,-0.900968867902419
2025-01-23 23:00:00,0.616,0.43388373911755823,-0.900968867902419
2025-01-23 23:15:00,0.804,0.43388373911755823,-0.900968867902419
2025-01-23 23:30:00,0.908,0.43388373911755823,-0.900968867902419
2025-01-23 23:45:00,0.612,0.43388373911755823,-0.900968867902419
2025-01-24 00:00:00,0.596,-0.433883739117558,-0.9009688679024191
2025-01-24 00:15:00,0.416,-0.433883739117558,-0.9009688679024191
2025-01-24 00:30:00,0.46,-0.433883739117558,-0.9009688679024191
2025-01-24 00:45:00,0.532,-0.433883739117558,-0.9009688679024191
2025-01-24 01:00:00,0.508,-0.433883739117558,-0.9009688679024191
2025-01-24 01:15:00,0.488,-0.433883739117558,-0.9009688679024191
2025-01-24 01:30:00,0.48,-0.433883739117558,-0.9009688679024191
2025-01-24 01:45:00,0.504,-0.433883739117558,-0.9009688679024191
2025-01-24 02:00:00,0.516,-0.433883739117558,-0.9009688679024191
2025-01-24 02:15:00,0.428,-0.433883739117558,-0.9009688679024191
2025-01-24 02:30:00,0.336,-0.433883739117558,-0.9009688679024191
2025-01-24 02:45:00,0.288,-0.433883739117558,-0.9009688679024191
2025-01-24 03:00:00,0.276,-0.433883739117558,-0.9009688679024191
2025-01-24 03:15:00,0.24,-0.433883739117558,-0.9009688679024191
2025-01-24 03:30:00,0.2,-0.433883739117558,-0.9009688679024191
2025-01-24 03:45:00,0.22,-0.433883739117558,-0.9009688679024191
2025-01-24 04:00:00,0.244,-0.433883739117558,-0.9009688679024191
2025-01-24 04:15:00,0.184,-0.433883739117558,-0.9009688679024191
2025-01-24 04:30:00,0.216,-0.433883739117558,-0.9009688679024191
2025-01-24 04:45:00,0.236,-0.433883739117558,-0.9009688679024191
2025-01-24 05:00:00,0.268,-0.433883739117558,-0.9009688679024191
2025-01-24 05:15:00,0.296,-0.433883739117558,-0.9009688679024191
2025-01-24 05:30:00,0.288,-0.433883739117558,-0.9009688679024191
2025-01-24 05:45:00,0.284,-0.433883739117558,-0.9009688679024191
2025-01-24 06:00:00,0.284,-0.433883739117558,-0.9009688679024191
2025-01-24 06:15:00,0.284,-0.433883739117558,-0.9009688679024191
2025-01-24 06:30:00,0.284,-0.433883739117558,-0.9009688679024191
2025-01-24 06:45:00,0.848,-0.433883739117558,-0.9009688679024191
2025-01-24 07:00:00,1.96,-0.433883739117558,-0.9009688679024191
2025-01-24 07:15:00,0.696,-0.433883739117558,-0.9009688679024191
2025-01-24 07:30:00,2.088,-0.433883739117558,-0.9009688679024191
2025-01-24 07:45:00,0.776,-0.433883739117558,-0.9009688679024191
2025-01-24 08:00:00,0.216,-0.433883739117558,-0.9009688679024191
2025-01-24 08:15:00,0.208,-0.433883739117558,-0.9009688679024191
2025-01-24 08:30:00,0.2,-0.433883739117558,-0.9009688679024191
2025-01-24 08:45:00,0.176,-0.433883739117558,-0.9009688679024191
2025-01-24 09:00:00,0.268,-0.433883739117558,-0.9009688679024191
2025-01-24 09:15:00,0.74,-0.433883739117558,-0.9009688679024191
2025-01-24 09:30:00,0.928,-0.433883739117558,-0.9009688679024191
2025-01-24 09:45:00,1.896,-0.433883739117558,-0.9009688679024191
2025-01-24 10:00:00,0.888,-0.433883739117558,-0.9009688679024191
2025-01-24 10:15:00,0.692,-0.433883739117558,-0.9009688679024191
2025-01-24 10:30:00,0.664,-0.433883739117558,-0.9009688679024191
2025-01-24 10:45:00,0.68,-0.433883739117558,-0.9009688679024191
2025-01-24 11:00:00,0.784,-0.433883739117558,-0.9009688679024191
2025-01-24 11:15:00,0.796,-0.433883739117558,-0.9009688679024191
2025-01-24 11:30:00,0.744,-0.433883739117558,-0.9009688679024191
2025-01-24 11:45:00,0.752,-0.433883739117558,-0.9009688679024191
2025-01-24 12:00:00,1.8,-0.433883739117558,-0.9009688679024191
2025-01-24 12:15:00,1.28,-0.433883739117558,-0.9009688679024191
2025-01-24 12:30:00,0.772,-0.433883739117558,-0.9009688679024191
2025-01-24 12:45:00,0.748,-0.433883739117558,-0.9009688679024191
2025-01-24 13:00:00,0.748,-0.433883739117558,-0.9009688679024191
2025-01-24 13:15:00,0.636,-0.433883739117558,-0.9009688679024191
2025-01-24 13:30:00,0.608,-0.433883739117558,-0.9009688679024191
2025-01-24 13:45:00,0.544,-0.433883739117558,-0.9009688679024191
2025-01-24 14:00:00,0.636,-0.433883739117558,-0.9009688679024191
2025-01-24 14:15:00,0.712,-0.433883739117558,-0.9009688679024191
2025-01-24 14:30:00,0.652,-0.433883739117558,-0.9009688679024191
2025-01-24 14:45:00,1.28,-0.433883739117558,-0.9009688679024191
2025-01-24 15:00:00,2.284,-0.433883739117558,-0.9009688679024191
2025-01-24 15:15:00,2.328,-0.433883739117558,-0.9009688679024191
2025-01-24 15:30:00,0.728,-0.433883739117558,-0.9009688679024191
2025-01-24 15:45:00,0.62,-0.433883739117558,-0.9009688679024191
2025-01-24 16:00:00,0.424,-0.433883739117558,-0.9009688679024191
2025-01-24 16:15:00,0.328,-0.433883739117558,-0.9009688679024191
2025-01-24 16:30:00,0.3,-0.433883739117558,-0.9009688679024191
2025-01-24 16:45:00,0.472,-0.433883739117558,-0.9009688679024191
2025-01-24 17:00:00,0.392,-0.433883739117558,-0.9009688679024191
2025-01-24 17:15:00,0.42,-0.433883739117558,-0.9009688679024191
2025-01-24 17:30:00,0.344,-0.433883739117558,-0.9009688679024191
2025-01-24 17:45:00,0.36,-0.433883739117558,-0.9009688679024191
2025-01-24 18:00:00,0.352,-0.433883739117558,-0.9009688679024191
2025-01-24 18:15:00,0.352,-0.433883739117558,-0.9009688679024191
2025-01-24 18:30:00,0.336,-0.433883739117558,-0.9009688679024191
2025-01-24 18:45:00,0.316,-0.433883739117558,-0.9009688679024191
2025-01-24 19:00:00,0.368,-0.433883739117558,-0.9009688679024191
2025-01-24 19:15:00,0.412,-0.433883739117558,-0.9009688679024191
2025-01-24 19:30:00,0.44,-0.433883739117558,-0.9009688679024191
2025-01-24 19:45:00,0.756,-0.433883739117558,-0.9009688679024191
2025-01-24 20:00:00,2.652,-0.433883739117558,-0.9009688679024191
2025-01-24 20:15:00,2.828,-0.433883739117558,-0.9009688679024191
2025-01-24 20:30:00,0.812,-0.433883739117558,-0.9009688679024191
2025-01-24 20:45:00,0.636,-0.433883739117558,-0.9009688679024191
2025-01-24 21:00:00,1.62,-0.433883739117558,-0.9009688679024191
2025-01-24 21:15:00,1.736,-0.433883739117558,-0.9009688679024191
2025-01-24 21:30:00,1.304,-0.433883739117558,-0.9009688679024191
2025-01-24 21:45:00,1.444,-0.433883739117558,-0.9009688679024191
2025-01-24 22:00:00,1.704,-0.433883739117558,-0.9009688679024191
2025-01-24 22:15:00,1.032,-0.433883739117558,-0.9009688679024191
2025-01-24 22:30:00,0.48,-0.433883739117558,-0.9009688679024191
2025-01-24 22:45:00,0.548,-0.433883739117558,-0.9009688679024191
2025-01-24 23:00:00,0.572,-0.433883739117558,-0.9009688679024191
2025-01-24 23:15:00,0.544,-0.433883739117558,-0.9009688679024191
2025-01-24 23:30:00,0.572,-0.433883739117558,-0.9009688679024191
2025-01-24 23:45:00,0.52,-0.433883739117558,-0.9009688679024191
2025-01-25 00:00:00,0.52,-0.9749279121818236,-0.2225209339563146
2025-01-25 00:15:00,0.552,-0.9749279121818236,-0.2225209339563146
2025-01-25 00:30:00,2.02,-0.9749279121818236,-0.2225209339563146
2025-01-25 00:45:00,0.612,-0.9749279121818236,-0.2225209339563146
2025-01-25 01:00:00,1.44,-0.9749279121818236,-0.2225209339563146
2025-01-25 01:15:00,0.368,-0.9749279121818236,-0.2225209339563146
2025-01-25 01:30:00,0.392,-0.9749279121818236,-0.2225209339563146
2025-01-25 01:45:00,0.376,-0.9749279121818236,-0.2225209339563146
2025-01-25 02:00:00,0.34,-0.9749279121818236,-0.2225209339563146
2025-01-25 02:15:00,1.032,-0.9749279121818236,-0.2225209339563146
2025-01-25 02:30:00,1.14,-0.9749279121818236,-0.2225209339563146
2025-01-25 02:45:00,0.244,-0.9749279121818236,-0.2225209339563146
2025-01-25 03:00:00,0.26,-0.9749279121818236,-0.2225209339563146
2025-01-25 03:15:00,0.292,-0.9749279121818236,-0.2225209339563146
2025-01-25 03:30:00,0.268,-0.9749279121818236,-0.2225209339563146
2025-01-25 03:45:00,0.18,-0.9749279121818236,-0.2225209339563146
2025-01-25 04:00:00,0.332,-0.9749279121818236,-0.2225209339563146
2025-01-25 04:15:00,0.424,-0.9749279121818236,-0.2225209339563146
2025-01-25 04:30:00,0.464,-0.9749279121818236,-0.2225209339563146
2025-01-25 04:45:00,0.364,-0.9749279121818236,-0.2225209339563146
2025-01-25 05:00:00,0.34,-0.9749279121818236,-0.2225209339563146
2025-01-25 05:15:00,0.38,-0.9749279121818236,-0.2225209339563146
2025-01-25 05:30:00,0.356,-0.9749279121818236,-0.2225209339563146
2025-01-25 05:45:00,0.352,-0.9749279121818236,-0.2225209339563146
2025-01-25 06:00:00,0.372,-0.9749279121818236,-0.2225209339563146
2025-01-25 06:15:00,0.348,-0.9749279121818236,-0.2225209339563146
2025-01-25 06:30:00,0.316,-0.9749279121818236,-0.2225209339563146
2025-01-25 06:45:00,0.304,-0.9749279121818236,-0.2225209339563146
2025-01-25 07:00:00,0.28,-0.9749279121818236,-0.2225209339563146
2025-01-25 07:15:00,0.244,-0.9749279121818236,-0.2225209339563146
2025-01-25 07:30:00,0.28,-0.9749279121818236,-0.2225209339563146
2025-01-25 07:45:00,0.276,-0.9749279121818236,-0.2225209339563146
2025-01-25 08:00:00,0.22,-0.9749279121818236,-0.2225209339563146
2025-01-25 08:15:00,0.2,-0.9749279121818236,-0.2225209339563146
2025-01-25 08:30:00,0.196,-0.9749279121818236,-0.2225209339563146
2025-01-25 08:45:00,0.196,-0.9749279121818236,-0.2225209339563146
2025-01-25 09:00:00,0.268,-0.9749279121818236,-0.2225209339563146
2025-01-25 09:15:00,1.812,-0.9749279121818236,-0.2225209339563146
2025-01-25 09:30:00,0.408,-0.9749279121818236,-0.2225209339563146
2025-01-25 09:45:00,0.592,-0.9749279121818236,-0.2225209339563146
2025-01-25 10:00:00,1.224,-0.9749279121818236,-0.2225209339563146
2025-01-25 10:15:00,1.224,-0.9749279121818236,-0.2225209339563146
2025-01-25 10:30:00,0.368,-0.9749279121818236,-0.2225209339563146
2025-01-25 10:45:00,0.436,-0.9749279121818236,-0.2225209339563146
2025-01-25 11:00:00,0.868,-0.9749279121818236,-0.2225209339563146
2025-01-25 11:15:00,1.192,-0.9749279121818236,-0.2225209339563146
2025-01-25 11:30:00,0.78,-0.9749279121818236,-0.2225209339563146
2025-01-25 11:45:00,0.288,-0.9749279121818236,-0.2225209339563146
2025-01-25 12:00:00,0.404,-0.9749279121818236,-0.2225209339563146
2025-01-25 12:15:00,0.364,-0.9749279121818236,-0.2225209339563146
2025-01-25 12:30:00,0.348,-0.9749279121818236,-0.2225209339563146
2025-01-25 12:45:00,0.548,-0.9749279121818236,-0.2225209339563146
2025-01-25 13:00:00,0.52,-0.9749279121818236,-0.2225209339563146
2025-01-25 13:15:00,2.088,-0.9749279121818236,-0.2225209339563146
2025-01-25 13:30:00,3.34,-0.9749279121818236,-0.2225209339563146
2025-01-25 13:45:00,2.408,-0.9749279121818236,-0.2225209339563146
2025-01-25 14:00:00,3.292,-0.9749279121818236,-0.2225209339563146
2025-01-25 14:15:00,2.44,-0.9749279121818236,-0.2225209339563146
2025-01-25 14:30:00,1.972,-0.9749279121818236,-0.2225209339563146
2025-01-25 14:45:00,1.796,-0.9749279121818236,-0.2225209339563146
2025-01-25 15:00:00,1.116,-0.9749279121818236,-0.2225209339563146
2025-01-25 15:15:00,0.86,-0.9749279121818236,-0.2225209339563146
2025-01-25 15:30:00,0.424,-0.9749279121818236,-0.2225209339563146
2025-01-25 15:45:00,0.464,-0.9749279121818236,-0.2225209339563146
2025-01-25 16:00:00,0.432,-0.9749279121818236,-0.2225209339563146
2025-01-25 16:15:00,0.428,-0.9749279121818236,-0.2225209339563146
2025-01-25 16:30:00,0.444,-0.9749279121818236,-0.2225209339563146
2025-01-25 16:45:00,0.456,-0.9749279121818236,-0.2225209339563146
2025-01-25 17:00:00,0.38,-0.9749279121818236,-0.2225209339563146
2025-01-25 17:15:00,0.36,-0.9749279121818236,-0.2225209339563146
2025-01-25 17:30:00,1.532,-0.9749279121818236,-0.2225209339563146
2025-01-25 17:45:00,1.2,-0.9749279121818236,-0.2225209339563146
2025-01-25 18:00:00,0.856,-0.9749279121818236,-0.2225209339563146
2025-01-25 18:15:00,1.344,-0.9749279121818236,-0.2225209339563146
2025-01-25 18:30:00,0.572,-0.9749279121818236,-0.2225209339563146
2025-01-25 18:45:00,1.456,-0.9749279121818236,-0.2225209339563146
2025-01-25 19:00:00,1.42,-0.9749279121818236,-0.2225209339563146
2025-01-25 19:15:00,1.376,-0.9749279121818236,-0.2225209339563146
2025-01-25 19:30:00,1.42,-0.9749279121818236,-0.2225209339563146
2025-01-25 19:45:00,1.428,-0.9749279121818236,-0.2225209339563146
2025-01-25 20:00:00,2.292,-0.9749279121818236,-0.2225209339563146
2025-01-25 20:15:00,1.02,-0.9749279121818236,-0.2225209339563146
2025-01-25 20:30:00,0.624,-0.9749279121818236,-0.2225209339563146
2025-01-25 20:45:00,0.468,-0.9749279121818236,-0.2225209339563146
2025-01-25 21:00:00,0.468,-0.9749279121818236,-0.2225209339563146
2025-01-25 21:15:00,0.468,-0.9749279121818236,-0.2225209339563146
2025-01-25 21:30:00,0.388,-0.9749279121818236,-0.2225209339563146
2025-01-25 21:45:00,0.44,-0.9749279121818236,-0.2225209339563146
2025-01-25 22:00:00,0.476,-0.9749279121818236,-0.2225209339563146
2025-01-25 22:15:00,0.548,-0.9749279121818236,-0.2225209339563146
2025-01-25 22:30:00,0.864,-0.9749279121818236,-0.2225209339563146
2025-01-25 22:45:00,0.696,-0.9749279121818236,-0.2225209339563146
2025-01-25 23:00:00,0.708,-0.9749279121818236,-0.2225209339563146
2025-01-25 23:15:00,0.704,-0.9749279121818236,-0.2225209339563146
2025-01-25 23:30:00,0.896,-0.9749279121818236,-0.2225209339563146
2025-01-25 23:45:00,0.64,-0.9749279121818236,-0.2225209339563146
2025-01-26 00:00:00,0.572,-0.7818314824680299,0.6234898018587334
2025-01-26 00:15:00,0.784,-0.7818314824680299,0.6234898018587334
2025-01-26 00:30:00,2.004,-0.7818314824680299,0.6234898018587334
2025-01-26 00:45:00,0.872,-0.7818314824680299,0.6234898018587334
2025-01-26 01:00:00,1.324,-0.7818314824680299,0.6234898018587334
2025-01-26 01:15:00,0.604,-0.7818314824680299,0.6234898018587334
2025-01-26 01:30:00,0.556,-0.7818314824680299,0.6234898018587334
2025-01-26 01:45:00,0.36,-0.7818314824680299,0.6234898018587334
2025-01-26 02:00:00,0.38,-0.7818314824680299,0.6234898018587334
2025-01-26 02:15:00,1.34,-0.7818314824680299,0.6234898018587334
2025-01-26 02:30:00,0.972,-0.7818314824680299,0.6234898018587334
2025-01-26 02:45:00,0.3,-0.7818314824680299,0.6234898018587334
2025-01-26 03:00:00,0.312,-0.7818314824680299,0.6234898018587334
2025-01-26 03:15:00,0.304,-0.7818314824680299,0.6234898018587334
2025-01-26 03:30:00,0.3,-0.7818314824680299,0.6234898018587334
2025-01-26 03:45:00,0.26,-0.7818314824680299,0.6234898018587334
2025-01-26 04:00:00,0.2,-0.7818314824680299,0.6234898018587334
2025-01-26 04:15:00,0.208,-0.7818314824680299,0.6234898018587334
2025-01-26 04:30:00,0.2,-0.7818314824680299,0.6234898018587334
2025-01-26 04:45:00,0.256,-0.7818314824680299,0.6234898018587334
2025-01-26 05:00:00,0.292,-0.7818314824680299,0.6234898018587334
2025-01-26 05:15:00,0.292,-0.7818314824680299,0.6234898018587334
2025-01-26 05:30:00,0.288,-0.7818314824680299,0.6234898018587334
2025-01-26 05:45:00,0.288,-0.7818314824680299,0.6234898018587334
2025-01-26 06:00:00,0.252,-0.7818314824680299,0.6234898018587334
2025-01-26 06:15:00,0.288,-0.7818314824680299,0.6234898018587334
2025-01-26 06:30:00,0.28,-0.7818314824680299,0.6234898018587334
2025-01-26 06:45:00,0.256,-0.7818314824680299,0.6234898018587334
2025-01-26 07:00:00,0.288,-0.7818314824680299,0.6234898018587334
2025-01-26 07:15:00,0.284,-0.7818314824680299,0.6234898018587334
2025-01-26 07:30:00,0.28,-0.7818314824680299,0.6234898018587334
2025-01-26 07:45:00,0.248,-0.7818314824680299,0.6234898018587334
2025-01-26 08:00:00,0.2,-0.7818314824680299,0.6234898018587334
2025-01-26 08:15:00,0.256,-0.7818314824680299,0.6234898018587334
2025-01-26 08:30:00,0.26,-0.7818314824680299,0.6234898018587334
2025-01-26 08:45:00,0.236,-0.7818314824680299,0.6234898018587334
2025-01-26 09:00:00,0.288,-0.7818314824680299,0.6234898018587334
2025-01-26 09:15:00,0.256,-0.7818314824680299,0.6234898018587334
2025-01-26 09:30:00,1.232,-0.7818314824680299,0.6234898018587334
2025-01-26 09:45:00,2.04,-0.7818314824680299,0.6234898018587334
2025-01-26 10:00:00,1.52,-0.7818314824680299,0.6234898018587334
2025-01-26 10:15:00,0.544,-0.7818314824680299,0.6234898018587334
2025-01-26 10:30:00,0.632,-0.7818314824680299,0.6234898018587334
2025-01-26 10:45:00,0.512,-0.7818314824680299,0.6234898018587334
2025-01-26 11:00:00,0.6,-0.7818314824680299,0.6234898018587334
2025-01-26 11:15:00,0.628,-0.7818314824680299,0.6234898018587334
2025-01-26 11:30:00,0.62,-0.7818314824680299,0.6234898018587334
2025-01-26 11:45:00,0.604,-0.7818314824680299,0.6234898018587334
2025-01-26 12:00:00,0.616,-0.7818314824680299,0.6234898018587334
2025-01-26 12:15:00,0.62,-0.7818314824680299,0.6234898018587334
2025-01-26 12:30:00,0.612,-0.7818314824680299,0.6234898018587334
2025-01-26 12:45:00,0.6,-0.7818314824680299,0.6234898018587334
2025-01-26 13:00:00,0.6,-0.7818314824680299,0.6234898018587334
2025-01-26 13:15:00,0.696,-0.7818314824680299,0.6234898018587334
2025-01-26 13:30:00,0.64,-0.7818314824680299,0.6234898018587334
2025-01-26 13:45:00,1.86,-0.7818314824680299,0.6234898018587334
2025-01-26 14:00:00,2.948,-0.7818314824680299,0.6234898018587334
2025-01-26 14:15:00,2.172,-0.7818314824680299,0.6234898018587334
2025-01-26 14:30:00,2.032,-0.7818314824680299,0.6234898018587334
2025-01-26 14:45:00,2.86,-0.7818314824680299,0.6234898018587334
2025-01-26 15:00:00,3.632,-0.7818314824680299,0.6234898018587334
2025-01-26 15:15:00,2.324,-0.7818314824680299,0.6234898018587334
2025-01-26 15:30:00,2.692,-0.7818314824680299,0.6234898018587334
2025-01-26 15:45:00,0.98,-0.7818314824680299,0.6234898018587334
2025-01-26 16:00:00,1.208,-0.7818314824680299,0.6234898018587334
2025-01-26 16:15:00,2.736,-0.7818314824680299,0.6234898018587334
2025-01-26 16:30:00,0.632,-0.7818314824680299,0.6234898018587334
2025-01-26 16:45:00,1.504,-0.7818314824680299,0.6234898018587334
2025-01-26 17:00:00,1.04,-0.7818314824680299,0.6234898018587334
2025-01-26 17:15:00,0.94,-0.7818314824680299,0.6234898018587334
2025-01-26 17:30:00,1.768,-0.7818314824680299,0.6234898018587334
2025-01-26 17:45:00,1.736,-0.7818314824680299,0.6234898018587334
2025-01-26 18:00:00,1.928,-0.7818314824680299,0.6234898018587334
2025-01-26 18:15:00,2.444,-0.7818314824680299,0.6234898018587334
2025-01-26 18:30:00,2.08,-0.7818314824680299,0.6234898018587334
2025-01-26 18:45:00,1.568,-0.7818314824680299,0.6234898018587334
2025-01-26 19:00:00,1.316,-0.7818314824680299,0.6234898018587334
2025-01-26 19:15:00,0.568,-0.7818314824680299,0.6234898018587334
2025-01-26 19:30:00,0.636,-0.7818314824680299,0.6234898018587334
2025-01-26 19:45:00,0.688,-0.7818314824680299,0.6234898018587334
2025-01-26 20:00:00,0.7,-0.7818314824680299,0.6234898018587334
2025-01-26 20:15:00,0.656,-0.7818314824680299,0.6234898018587334
2025-01-26 20:30:00,0.648,-0.7818314824680299,0.6234898018587334
2025-01-26 20:45:00,0.648,-0.7818314824680299,0.6234898018587334
2025-01-26 21:00:00,0.628,-0.7818314824680299,0.6234898018587334
2025-01-26 21:15:00,0.652,-0.7818314824680299,0.6234898018587334
2025-01-26 21:30:00,0.8,-0.7818314824680299,0.6234898018587334
2025-01-26 21:45:00,0.832,-0.7818314824680299,0.6234898018587334
2025-01-26 22:00:00,0.788,-0.7818314824680299,0.6234898018587334
2025-01-26 22:15:00,0.772,-0.7818314824680299,0.6234898018587334
2025-01-26 22:30:00,0.948,-0.7818314824680299,0.6234898018587334
2025-01-26 22:45:00,0.748,-0.7818314824680299,0.6234898018587334
2025-01-26 23:00:00,1.076,-0.7818314824680299,0.6234898018587334
2025-01-26 23:15:00,1.852,-0.7818314824680299,0.6234898018587334
2025-01-26 23:30:00,0.556,-0.7818314824680299,0.6234898018587334
2025-01-26 23:45:00,0.544,-0.7818314824680299,0.6234898018587334
2025-01-27 00:00:00,0.564,0.0,1.0
2025-01-27 00:15:00,1.628,0.0,1.0
2025-01-27 00:30:00,0.672,0.0,1.0
2025-01-27 00:45:00,1.228,0.0,1.0
2025-01-27 01:00:00,0.356,0.0,1.0
2025-01-27 01:15:00,0.788,0.0,1.0
2025-01-27 01:30:00,0.252,0.0,1.0
2025-01-27 01:45:00,0.236,0.0,1.0
2025-01-27 02:00:00,0.224,0.0,1.0
2025-01-27 02:15:00,0.168,0.0,1.0
2025-01-27 02:30:00,0.2,0.0,1.0
2025-01-27 02:45:00,0.212,0.0,1.0
2025-01-27 03:00:00,0.208,0.0,1.0
2025-01-27 03:15:00,0.216,0.0,1.0
2025-01-27 03:30:00,0.228,0.0,1.0
2025-01-27 03:45:00,0.36,0.0,1.0
2025-01-27 04:00:00,0.352,0.0,1.0
2025-01-27 04:15:00,0.252,0.0,1.0
2025-01-27 04:30:00,0.224,0.0,1.0
2025-01-27 04:45:00,0.22,0.0,1.0
2025-01-27 05:00:00,0.212,0.0,1.0
2025-01-27 05:15:00,0.172,0.0,1.0
2025-01-27 05:30:00,0.192,0.0,1.0
2025-01-27 05:45:00,0.18,0.0,1.0
2025-01-27 06:00:00,0.184,0.0,1.0
2025-01-27 06:15:00,0.444,0.0,1.0
2025-01-27 06:30:00,0.52,0.0,1.0
2025-01-27 06:45:00,0.196,0.0,1.0
2025-01-27 07:00:00,0.792,0.0,1.0
2025-01-27 07:15:00,0.596,0.0,1.0
2025-01-27 07:30:00,0.192,0.0,1.0
2025-01-27 07:45:00,0.196,0.0,1.0
2025-01-27 08:00:00,0.196,0.0,1.0
2025-01-27 08:15:00,0.196,0.0,1.0
2025-01-27 08:30:00,0.208,0.0,1.0
2025-01-27 08:45:00,1.256,0.0,1.0
2025-01-27 09:00:00,0.616,0.0,1.0
2025-01-27 09:15:00,0.224,0.0,1.0
2025-01-27 09:30:00,0.184,0.0,1.0
2025-01-27 09:45:00,0.188,0.0,1.0
2025-01-27 10:00:00,0.216,0.0,1.0
2025-01-27 10:15:00,0.188,0.0,1.0
2025-01-27 10:30:00,0.212,0.0,1.0
2025-01-27 10:45:00,0.208,0.0,1.0
2025-01-27 11:00:00,0.256,0.0,1.0
2025-01-27 11:15:00,0.468,0.0,1.0
2025-01-27 11:30:00,0.46,0.0,1.0
2025-01-27 11:45:00,0.404,0.0,1.0
2025-01-27 12:00:00,0.316,0.0,1.0
2025-01-27 12:15:00,0.388,0.0,1.0
2025-01-27 12:30:00,0.464,0.0,1.0
2025-01-27 12:45:00,0.464,0.0,1.0
2025-01-27 13:00:00,0.436,0.0,1.0
2025-01-27 13:15:00,1.26,0.0,1.0
2025-01-27 13:30:00,2.508,0.0,1.0
2025-01-27 13:45:00,1.444,0.0,1.0
2025-01-27 14:00:00,1.532,0.0,1.0
2025-01-27 14:15:00,1.572,0.0,1.0
2025-01-27 14:30:00,1.3,0.0,1.0
2025-01-27 14:45:00,1.052,0.0,1.0
2025-01-27 15:00:00,1.232,0.0,1.0
2025-01-27 15:15:00,1.388,0.0,1.0
2025-01-27 15:30:00,0.912,0.0,1.0
2025-01-27 15:45:00,1.428,0.0,1.0
2025-01-27 16:00:00,1.968,0.0,1.0
2025-01-27 16:15:00,0.736,0.0,1.0
2025-01-27 16:30:00,0.488,0.0,1.0
2025-01-27 16:45:00,0.456,0.0,1.0
2025-01-27 17:00:00,0.52,0.0,1.0
2025-01-27 17:15:00,0.404,0.0,1.0
2025-01-27 17:30:00,0.248,0.0,1.0
2025-01-27 17:45:00,0.3,0.0,1.0
2025-01-27 18:00:00,0.332,0.0,1.0
2025-01-27 18:15:00,0.396,0.0,1.0
2025-01-27 18:30:00,0.384,0.0,1.0
2025-01-27 18:45:00,0.38,0.0,1.0
2025-01-27 19:00:00,0.348,0.0,1.0
2025-01-27 19:15:00,1.056,0.0,1.0
2025-01-27 19:30:00,1.628,0.0,1.0
2025-01-27 19:45:00,2.328,0.0,1.0
2025-01-27 20:00:00,0.684,0.0,1.0
2025-01-27 20:15:00,0.372,0.0,1.0
2025-01-27 20:30:00,0.62,0.0,1.0
2025-01-27 20:45:00,1.944,0.0,1.0
2025-01-27 21:00:00,1.908,0.0,1.0
2025-01-27 21:15:00,1.5,0.0,1.0
2025-01-27 21:30:00,1.516,0.0,1.0
2025-01-27 21:45:00,1.66,0.0,1.0
2025-01-27 22:00:00,1.048,0.0,1.0
2025-01-27 22:15:00,0.56,0.0,1.0
2025-01-27 22:30:00,0.524,0.0,1.0
2025-01-27 22:45:00,0.512,0.0,1.0
2025-01-27 23:00:00,1.308,0.0,1.0
2025-01-27 23:15:00,1.388,0.0,1.0
2025-01-27 23:30:00,1.276,0.0,1.0
2025-01-27 23:45:00,0.744,0.0,1.0
2025-01-28 00:00:00,1.156,0.7818314824680298,0.6234898018587336
2025-01-28 00:15:00,0.404,0.7818314824680298,0.6234898018587336
2025-01-28 00:30:00,0.444,0.7818314824680298,0.6234898018587336
2025-01-28 00:45:00,0.436,0.7818314824680298,0.6234898018587336
2025-01-28 01:00:00,0.404,0.7818314824680298,0.6234898018587336
2025-01-28 01:15:00,0.364,0.7818314824680298,0.6234898018587336
2025-01-28 01:30:00,0.332,0.7818314824680298,0.6234898018587336
2025-01-28 01:45:00,0.288,0.7818314824680298,0.6234898018587336
2025-01-28 02:00:00,0.288,0.7818314824680298,0.6234898018587336
2025-01-28 02:15:00,0.268,0.7818314824680298,0.6234898018587336
2025-01-28 02:30:00,0.288,0.7818314824680298,0.6234898018587336
2025-01-28 02:45:00,0.288,0.7818314824680298,0.6234898018587336
2025-01-28 03:00:00,0.264,0.7818314824680298,0.6234898018587336
2025-01-28 03:15:00,0.292,0.7818314824680298,0.6234898018587336
2025-01-28 03:30:00,0.232,0.7818314824680298,0.6234898018587336
2025-01-28 03:45:00,0.208,0.7818314824680298,0.6234898018587336
2025-01-28 04:00:00,0.204,0.7818314824680298,0.6234898018587336
2025-01-28 04:15:00,0.176,0.7818314824680298,0.6234898018587336
2025-01-28 04:30:00,0.204,0.7818314824680298,0.6234898018587336
2025-01-28 04:45:00,0.2,0.7818314824680298,0.6234898018587336
2025-01-28 05:00:00,0.172,0.7818314824680298,0.6234898018587336
2025-01-28 05:15:00,0.208,0.7818314824680298,0.6234898018587336
2025-01-28 05:30:00,0.2,0.7818314824680298,0.6234898018587336
2025-01-28 05:45:00,0.2,0.7818314824680298,0.6234898018587336
2025-01-28 06:00:00,0.168,0.7818314824680298,0.6234898018587336
2025-01-28 06:15:00,0.196,0.7818314824680298,0.6234898018587336
2025-01-28 06:30:00,1.4,0.7818314824680298,0.6234898018587336
2025-01-28 06:45:00,1.956,0.7818314824680298,0.6234898018587336
2025-01-28 07:00:00,1.184,0.7818314824680298,0.6234898018587336
2025-01-28 07:15:00,1.556,0.7818314824680298,0.6234898018587336
2025-01-28 07:30:00,1.312,0.7818314824680298,0.6234898018587336
2025-01-28 07:45:00,0.968,0.7818314824680298,0.6234898018587336
2025-01-28 08:00:00,1.148,0.7818314824680298,0.6234898018587336
2025-01-28 08:15:00,0.208,0.7818314824680298,0.6234898018587336
2025-01-28 08:30:00,0.42,0.7818314824680298,0.6234898018587336
2025-01-28 08:45:00,1.036,0.7818314824680298,0.6234898018587336
2025-01-28 09:00:00,0.648,0.7818314824680298,0.6234898018587336
2025-01-28 09:15:00,0.796,0.7818314824680298,0.6234898018587336
2025-01-28 09:30:00,0.492,0.7818314824680298,0.6234898018587336
2025-01-28 09:45:00,0.16,0.7818314824680298,0.6234898018587336
2025-01-28 10:00:00,0.196,0.7818314824680298,0.6234898018587336
2025-01-28 10:15:00,0.196,0.7818314824680298,0.6234898018587336
2025-01-28 10:30:00,0.192,0.7818314824680298,0.6234898018587336
2025-01-28 10:45:00,0.16,0.7818314824680298,0.6234898018587336
2025-01-28 11:00:00,0.2,0.7818314824680298,0.6234898018587336
2025-01-28 11:15:00,0.192,0.7818314824680298,0.6234898018587336
2025-01-28 11:30:00,0.156,0.7818314824680298,0.6234898018587336
2025-01-28 11:45:00,0.196,0.7818314824680298,0.6234898018587336
2025-01-28 12:00:00,0.32,0.7818314824680298,0.6234898018587336
2025-01-28 12:15:00,0.272,0.7818314824680298,0.6234898018587336
2025-01-28 12:30:00,0.736,0.7818314824680298,0.6234898018587336
2025-01-28 12:45:00,1.356,0.7818314824680298,0.6234898018587336
2025-01-28 13:00:00,1.276,0.7818314824680298,0.6234898018587336
2025-01-28 13:15:00,1.292,0.7818314824680298,0.6234898018587336
2025-01-28 13:30:00,0.536,0.7818314824680298,0.6234898018587336
2025-01-28 13:45:00,0.396,0.7818314824680298,0.6234898018587336
2025-01-28 14:00:00,0.512,0.7818314824680298,0.6234898018587336
2025-01-28 14:15:00,0.296,0.7818314824680298,0.6234898018587336
2025-01-28 14:30:00,0.28,0.7818314824680298,0.6234898018587336
2025-01-28 14:45:00,0.24,0.7818314824680298,0.6234898018587336
2025-01-28 15:00:00,0.276,0.7818314824680298,0.6234898018587336
2025-01-28 15:15:00,0.428,0.7818314824680298,0.6234898018587336
2025-01-28 15:30:00,0.872,0.7818314824680298,0.6234898018587336
2025-01-28 15:45:00,0.2,0.7818314824680298,0.6234898018587336
2025-01-28 16:00:00,1.136,0.7818314824680298,0.6234898018587336
2025-01-28 16:15:00,0.996,0.7818314824680298,0.6234898018587336
2025-01-28 16:30:00,0.244,0.7818314824680298,0.6234898018587336
2025-01-28 16:45:00,0.368,0.7818314824680298,0.6234898018587336
2025-01-28 17:00:00,1.568,0.7818314824680298,0.6234898018587336
2025-01-28 17:15:00,2.144,0.7818314824680298,0.6234898018587336
2025-01-28 17:30:00,1.756,0.7818314824680298,0.6234898018587336
2025-01-28 17:45:00,1.128,0.7818314824680298,0.6234898018587336
2025-01-28 18:00:00,1.184,0.7818314824680298,0.6234898018587336
2025-01-28 18:15:00,1.64,0.7818314824680298,0.6234898018587336
2025-01-28 18:30:00,1.104,0.7818314824680298,0.6234898018587336
2025-01-28 18:45:00,0.756,0.7818314824680298,0.6234898018587336
2025-01-28 19:00:00,0.58,0.7818314824680298,0.6234898018587336
2025-01-28 19:15:00,1.44,0.7818314824680298,0.6234898018587336
2025-01-28 19:30:00,0.612,0.7818314824680298,0.6234898018587336
2025-01-28 19:45:00,0.944,0.7818314824680298,0.6234898018587336
2025-01-28 20:00:00,0.728,0.7818314824680298,0.6234898018587336
2025-01-28 20:15:00,0.796,0.7818314824680298,0.6234898018587336
2025-01-28 20:30:00,0.78,0.7818314824680298,0.6234898018587336
2025-01-28 20:45:00,0.46,0.7818314824680298,0.6234898018587336
2025-01-28 21:00:00,0.476,0.7818314824680298,0.6234898018587336
2025-01-28 21:15:00,0.452,0.7818314824680298,0.6234898018587336
2025-01-28 21:30:00,0.736,0.7818314824680298,0.6234898018587336
2025-01-28 21:45:00,0.584,0.7818314824680298,0.6234898018587336
2025-01-28 22:00:00,0.568,0.7818314824680298,0.6234898018587336
2025-01-28 22:15:00,0.536,0.7818314824680298,0.6234898018587336
2025-01-28 22:30:00,0.996,0.7818314824680298,0.6234898018587336
2025-01-28 22:45:00,0.56,0.7818314824680298,0.6234898018587336
2025-01-28 23:00:00,0.588,0.7818314824680298,0.6234898018587336
2025-01-28 23:15:00,0.624,0.7818314824680298,0.6234898018587336
2025-01-28 23:30:00,0.636,0.7818314824680298,0.6234898018587336
2025-01-28 23:45:00,0.756,0.7818314824680298,0.6234898018587336
2025-01-29 00:00:00,0.604,0.9749279121818236,-0.22252093395631434
2025-01-29 00:15:00,0.56,0.9749279121818236,-0.22252093395631434
2025-01-29 00:30:00,0.496,0.9749279121818236,-0.22252093395631434
2025-01-29 00:45:00,1.612,0.9749279121818236,-0.22252093395631434
2025-01-29 01:00:00,1.692,0.9749279121818236,-0.22252093395631434
2025-01-29 01:15:00,0.656,0.9749279121818236,-0.22252093395631434
2025-01-29 01:30:00,0.66,0.9749279121818236,-0.22252093395631434
2025-01-29 01:45:00,1.444,0.9749279121818236,-0.22252093395631434
2025-01-29 02:00:00,1.788,0.9749279121818236,-0.22252093395631434
2025-01-29 02:15:00,1.1,0.9749279121818236,-0.22252093395631434
2025-01-29 02:30:00,1.456,0.9749279121818236,-0.22252093395631434
2025-01-29 02:45:00,0.504,0.9749279121818236,-0.22252093395631434
2025-01-29 03:00:00,0.464,0.9749279121818236,-0.22252093395631434
2025-01-29 03:15:00,0.332,0.9749279121818236,-0.22252093395631434
2025-01-29 03:30:00,0.364,0.9749279121818236,-0.22252093395631434
2025-01-29 03:45:00,0.36,0.9749279121818236,-0.22252093395631434
2025-01-29 04:00:00,0.356,0.9749279121818236,-0.22252093395631434
2025-01-29 04:15:00,0.296,0.9749279121818236,-0.22252093395631434
2025-01-29 04:30:00,0.272,0.9749279121818236,-0.22252093395631434
2025-01-29 04:45:00,0.236,0.9749279121818236,-0.22252093395631434
2025-01-29 05:00:00,0.188,0.9749279121818236,-0.22252093395631434
2025-01-29 05:15:00,0.248,0.9749279121818236,-0.22252093395631434
2025-01-29 05:30:00,0.204,0.9749279121818236,-0.22252093395631434
2025-01-29 05:45:00,0.236,0.9749279121818236,-0.22252093395631434
2025-01-29 06:00:00,0.204,0.9749279121818236,-0.22252093395631434
2025-01-29 06:15:00,0.204,0.9749279121818236,-0.22252093395631434
2025-01-29 06:30:00,0.448,0.9749279121818236,-0.22252093395631434
2025-01-29 06:45:00,1.668,0.9749279121818236,-0.22252093395631434
2025-01-29 07:00:00,0.272,0.9749279121818236,-0.22252093395631434
2025-01-29 07:15:00,0.252,0.9749279121818236,-0.22252093395631434
2025-01-29 07:30:00,0.196,0.9749279121818236,-0.22252093395631434
2025-01-29 07:45:00,0.184,0.9749279121818236,-0.22252093395631434
2025-01-29 08:00:00,0.208,0.9749279121818236,-0.22252093395631434
2025-01-29 08:15:00,0.196,0.9749279121818236,-0.22252093395631434
2025-01-29 08:30:00,0.192,0.9749279121818236,-0.22252093395631434
2025-01-29 08:45:00,0.184,0.9749279121818236,-0.22252093395631434
2025-01-29 09:00:00,0.204,0.9749279121818236,-0.22252093395631434
2025-01-29 09:15:00,0.184,0.9749279121818236,-0.22252093395631434
2025-01-29 09:30:00,0.184,0.9749279121818236,-0.22252093395631434
2025-01-29 09:45:00,0.2,0.9749279121818236,-0.22252093395631434
2025-01-29 10:00:00,0.184,0.9749279121818236,-0.22252093395631434
2025-01-29 10:15:00,0.188,0.9749279121818236,-0.22252093395631434
2025-01-29 10:30:00,0.2,0.9749279121818236,-0.22252093395631434
2025-01-29 10:45:00,0.196,0.9749279121818236,-0.22252093395631434
2025-01-29 11:00:00,0.176,0.9749279121818236,-0.22252093395631434
2025-01-29 11:15:00,0.192,0.9749279121818236,-0.22252093395631434
2025-01-29 11:30:00,0.196,0.9749279121818236,-0.22252093395631434
2025-01-29 11:45:00,0.164,0.9749279121818236,-0.22252093395631434
2025-01-29 12:00:00,0.204,0.9749279121818236,-0.22252093395631434
2025-01-29 12:15:00,0.256,0.9749279121818236,-0.22252093395631434
2025-01-29 12:30:00,0.468,0.9749279121818236,-0.22252093395631434
2025-01-29 12:45:00,3.372,0.9749279121818236,-0.22252093395631434
2025-01-29 13:00:00,2.58,0.9749279121818236,-0.22252093395631434
2025-01-29 13:15:00,1.036,0.9749279121818236,-0.22252093395631434
2025-01-29 13:30:00,0.884,0.9749279121818236,-0.22252093395631434
2025-01-29 13:45:00,0.58,0.9749279121818236,-0.22252093395631434
2025-01-29 14:00:00,0.484,0.9749279121818236,-0.22252093395631434
2025-01-29 14:15:00,0.308,0.9749279121818236,-0.22252093395631434
2025-01-29 14:30:00,0.228,0.9749279121818236,-0.22252093395631434
2025-01-29 14:45:00,0.184,0.9749279121818236,-0.22252093395631434
2025-01-29 15:00:00,0.316,0.9749279121818236,-0.22252093395631434
2025-01-29 15:15:00,0.364,0.9749279121818236,-0.22252093395631434
2025-01-29 15:30:00,0.348,0.9749279121818236,-0.22252093395631434
2025-01-29 15:45:00,0.796,0.9749279121818236,-0.22252093395631434
2025-01-29 16:00:00,1.248,0.9749279121818236,-0.22252093395631434
2025-01-29 16:15:00,2.18,0.9749279121818236,-0.22252093395631434
2025-01-29 16:30:00,1.732,0.9749279121818236,-0.22252093395631434
2025-01-29 16:45:00,1.568,0.9749279121818236,-0.22252093395631434
2025-01-29 17:00:00,1.388,0.9749279121818236,-0.22252093395631434
2025-01-29 17:15:00,1.512,0.9749279121818236,-0.22252093395631434
2025-01-29 17:30:00,1.472,0.9749279121818236,-0.22252093395631434
2025-01-29 17:45:00,1.24,0.9749279121818236,-0.22252093395631434
2025-01-29 18:00:00,1.172,0.9749279121818236,-0.22252093395631434
2025-01-29 18:15:00,1.136,0.9749279121818236,-0.22252093395631434
2025-01-29 18:30:00,1.18,0.9749279121818236,-0.22252093395631434
2025-01-29 18:45:00,1.268,0.9749279121818236,-0.22252093395631434
2025-01-29 19:00:00,1.34,0.9749279121818236,-0.22252093395631434
2025-01-29 19:15:00,0.788,0.9749279121818236,-0.22252093395631434
2025-01-29 19:30:00,0.464,0.9749279121818236,-0.22252093395631434
2025-01-29 19:45:00,1.068,0.9749279121818236,-0.22252093395631434
2025-01-29 20:00:00,0.408,0.9749279121818236,-0.22252093395631434
2025-01-29 20:15:00,0.416,0.9749279121818236,-0.22252093395631434
2025-01-29 20:30:00,0.432,0.9749279121818236,-0.22252093395631434
2025-01-29 20:45:00,0.432,0.9749279121818236,-0.22252093395631434
2025-01-29 21:00:00,0.408,0.9749279121818236,-0.22252093395631434
2025-01-29 21:15:00,0.352,0.9749279121818236,-0.22252093395631434
2025-01-29 21:30:00,0.408,0.9749279121818236,-0.22252093395631434
2025-01-29 21:45:00,0.416,0.9749279121818236,-0.22252093395631434
2025-01-29 22:00:00,0.5,0.9749279121818236,-0.22252093395631434
2025-01-29 22:15:00,0.448,0.9749279121818236,-0.22252093395631434
2025-01-29 22:30:00,0.48,0.9749279121818236,-0.22252093395631434
2025-01-29 22:45:00,0.588,0.9749279121818236,-0.22252093395631434
2025-01-29 23:00:00,0.592,0.9749279121818236,-0.22252093395631434
2025-01-29 23:15:00,0.488,0.9749279121818236,-0.22252093395631434
2025-01-29 23:30:00,0.444,0.9749279121818236,-0.22252093395631434
2025-01-29 23:45:00,0.46,0.9749279121818236,-0.22252093395631434
2025-01-30 00:00:00,0.436,0.43388373911755823,-0.900968867902419
2025-01-30 00:15:00,0.42,0.43388373911755823,-0.900968867902419
2025-01-30 00:30:00,0.44,0.43388373911755823,-0.900968867902419
2025-01-30 00:45:00,0.396,0.43388373911755823,-0.900968867902419
2025-01-30 01:00:00,0.38,0.43388373911755823,-0.900968867902419
2025-01-30 01:15:00,0.372,0.43388373911755823,-0.900968867902419
2025-01-30 01:30:00,0.344,0.43388373911755823,-0.900968867902419
2025-01-30 01:45:00,0.552,0.43388373911755823,-0.900968867902419
2025-01-30 02:00:00,0.452,0.43388373911755823,-0.900968867902419
2025-01-30 02:15:00,0.444,0.43388373911755823,-0.900968867902419
2025-01-30 02:30:00,0.356,0.43388373911755823,-0.900968867902419
2025-01-30 02:45:00,0.288,0.43388373911755823,-0.900968867902419
2025-01-30 03:00:00,0.308,0.43388373911755823,-0.900968867902419
2025-01-30 03:15:00,0.236,0.43388373911755823,-0.900968867902419
2025-01-30 03:30:00,0.204,0.43388373911755823,-0.900968867902419
2025-01-30 03:45:00,0.196,0.43388373911755823,-0.900968867902419
2025-01-30 04:00:00,0.18,0.43388373911755823,-0.900968867902419
2025-01-30 04:15:00,0.184,0.43388373911755823,-0.900968867902419
2025-01-30 04:30:00,0.196,0.43388373911755823,-0.900968867902419
2025-01-30 04:45:00,0.164,0.43388373911755823,-0.900968867902419
2025-01-30 05:00:00,0.2,0.43388373911755823,-0.900968867902419
2025-01-30 05:15:00,0.188,0.43388373911755823,-0.900968867902419
2025-01-30 05:30:00,0.172,0.43388373911755823,-0.900968867902419
2025-01-30 05:45:00,0.196,0.43388373911755823,-0.900968867902419
2025-01-30 06:00:00,0.18,0.43388373911755823,-0.900968867902419
2025-01-30 06:15:00,0.256,0.43388373911755823,-0.900968867902419
2025-01-30 06:30:00,0.244,0.43388373911755823,-0.900968867902419
2025-01-30 06:45:00,0.172,0.43388373911755823,-0.900968867902419
2025-01-30 07:00:00,0.192,0.43388373911755823,-0.900968867902419
2025-01-30 07:15:00,0.192,0.43388373911755823,-0.900968867902419
2025-01-30 07:30:00,0.164,0.43388373911755823,-0.900968867902419
2025-01-30 07:45:00,0.196,0.43388373911755823,-0.900968867902419
2025-01-30 08:00:00,0.184,0.43388373911755823,-0.900968867902419
2025-01-30 08:15:00,0.176,0.43388373911755823,-0.900968867902419
2025-01-30 08:30:00,0.2,0.43388373911755823,-0.900968867902419
2025-01-30 08:45:00,0.216,0.43388373911755823,-0.900968867902419
2025-01-30 09:00:00,0.24,0.43388373911755823,-0.900968867902419
2025-01-30 09:15:00,0.24,0.43388373911755823,-0.900968867902419
2025-01-30 09:30:00,0.212,0.43388373911755823,-0.900968867902419
2025-01-30 09:45:00,1.772,0.43388373911755823,-0.900968867902419
2025-01-30 10:00:00,0.22,0.43388373911755823,-0.900968867902419
2025-01-30 10:15:00,0.192,0.43388373911755823,-0.900968867902419
2025-01-30 10:30:00,1.208,0.43388373911755823,-0.900968867902419
2025-01-30 10:45:00,0.7,0.43388373911755823,-0.900968867902419
2025-01-30 11:00:00,0.54,0.43388373911755823,-0.900968867902419
2025-01-30 11:15:00,2.0,0.43388373911755823,-0.900968867902419
2025-01-30 11:30:00,1.32,0.43388373911755823,-0.900968867902419
2025-01-30 11:45:00,0.844,0.43388373911755823,-0.900968867902419
2025-01-30 12:00:00,0.76,0.43388373911755823,-0.900968867902419
2025-01-30 12:15:00,1.22,0.43388373911755823,-0.900968867902419
2025-01-30 12:30:00,0.228,0.43388373911755823,-0.900968867902419
2025-01-30 12:45:00,1.22,0.43388373911755823,-0.900968867902419
2025-01-30 13:00:00,1.616,0.43388373911755823,-0.900968867902419
2025-01-30 13:15:00,0.332,0.43388373911755823,-0.900968867902419
2025-01-30 13:30:00,1.428,0.43388373911755823,-0.900968867902419
2025-01-30 13:45:00,0.764,0.43388373911755823,-0.900968867902419
2025-01-30 14:00:00,0.332,0.43388373911755823,-0.900968867902419
2025-01-30 14:15:00,0.376,0.43388373911755823,-0.900968867902419
2025-01-30 14:30:00,0.388,0.43388373911755823,-0.900968867902419
2025-01-30 14:45:00,0.376,0.43388373911755823,-0.900968867902419
2025-01-30 15:00:00,0.388,0.43388373911755823,-0.900968867902419
2025-01-30 15:15:00,0.392,0.43388373911755823,-0.900968867902419
2025-01-30 15:30:00,0.392,0.43388373911755823,-0.900968867902419
2025-01-30 15:45:00,0.352,0.43388373911755823,-0.900968867902419
2025-01-30 16:00:00,0.408,0.43388373911755823,-0.900968867902419
2025-01-30 16:15:00,0.264,0.43388373911755823,-0.900968867902419
2025-01-30 16:30:00,0.212,0.43388373911755823,-0.900968867902419
2025-01-30 16:45:00,0.176,0.43388373911755823,-0.900968867902419
2025-01-30 17:00:00,0.212,0.43388373911755823,-0.900968867902419
2025-01-30 17:15:00,0.204,0.43388373911755823,-0.900968867902419
2025-01-30 17:30:00,0.184,0.43388373911755823,-0.900968867902419
2025-01-30 17:45:00,0.224,0.43388373911755823,-0.900968867902419
2025-01-30 18:00:00,0.224,0.43388373911755823,-0.900968867902419
2025-01-30 18:15:00,0.22,0.43388373911755823,-0.900968867902419
2025-01-30 18:30:00,0.248,0.43388373911755823,-0.900968867902419
2025-01-30 18:45:00,0.288,0.43388373911755823,-0.900968867902419
2025-01-30 19:00:00,0.352,0.43388373911755823,-0.900968867902419
2025-01-30 19:15:00,0.32,0.43388373911755823,-0.900968867902419
2025-01-30 19:30:00,0.328,0.43388373911755823,-0.900968867902419
2025-01-30 19:45:00,0.428,0.43388373911755823,-0.900968867902419
2025-01-30 20:00:00,0.376,0.43388373911755823,-0.900968867902419
2025-01-30 20:15:00,1.488,0.43388373911755823,-0.900968867902419
2025-01-30 20:30:00,1.356,0.43388373911755823,-0.900968867902419
2025-01-30 20:45:00,0.572,0.43388373911755823,-0.900968867902419
2025-01-30 21:00:00,0.584,0.43388373911755823,-0.900968867902419
2025-01-30 21:15:00,0.644,0.43388373911755823,-0.900968867902419
2025-01-30 21:30:00,0.444,0.43388373911755823,-0.900968867902419
2025-01-30 21:45:00,0.468,0.43388373911755823,-0.900968867902419
2025-01-30 22:00:00,0.464,0.43388373911755823,-0.900968867902419
2025-01-30 22:15:00,0.464,0.43388373911755823,-0.900968867902419
2025-01-30 22:30:00,0.472,0.43388373911755823,-0.900968867902419
2025-01-30 22:45:00,0.436,0.43388373911755823,-0.900968867902419
2025-01-30 23:00:00,0.448,0.43388373911755823,-0.900968867902419
2025-01-30 23:15:00,0.46,0.43388373911755823,-0.900968867902419
2025-01-30 23:30:00,0.496,0.43388373911755823,-0.900968867902419
2025-01-30 23:45:00,0.44,0.43388373911755823,-0.900968867902419
2025-01-31 00:00:00,0.44,-0.433883739117558,-0.9009688679024191
2025-01-31 00:15:00,0.492,-0.433883739117558,-0.9009688679024191
2025-01-31 00:30:00,0.512,-0.433883739117558,-0.9009688679024191
2025-01-31 00:45:00,0.624,-0.433883739117558,-0.9009688679024191
2025-01-31 01:00:00,0.728,-0.433883739117558,-0.9009688679024191
2025-01-31 01:15:00,0.924,-0.433883739117558,-0.9009688679024191
2025-01-31 01:30:00,0.792,-0.433883739117558,-0.9009688679024191
2025-01-31 01:45:00,0.7,-0.433883739117558,-0.9009688679024191
2025-01-31 02:00:00,0.708,-0.433883739117558,-0.9009688679024191
2025-01-31 02:15:00,0.604,-0.433883739117558,-0.9009688679024191
2025-01-31 02:30:00,0.556,-0.433883739117558,-0.9009688679024191
2025-01-31 02:45:00,0.644,-0.433883739117558,-0.9009688679024191
2025-01-31 03:00:00,0.676,-0.433883739117558,-0.9009688679024191
2025-01-31 03:15:00,0.712,-0.433883739117558,-0.9009688679024191
2025-01-31 03:30:00,0.764,-0.433883739117558,-0.9009688679024191
2025-01-31 03:45:00,0.888,-0.433883739117558,-0.9009688679024191
2025-01-31 04:00:00,2.284,-0.433883739117558,-0.9009688679024191
2025-01-31 04:15:00,0.972,-0.433883739117558,-0.9009688679024191
2025-01-31 04:30:00,1.812,-0.433883739117558,-0.9009688679024191
2025-01-31 04:45:00,0.736,-0.433883739117558,-0.9009688679024191
2025-01-31 05:00:00,0.296,-0.433883739117558,-0.9009688679024191
2025-01-31 05:15:00,0.336,-0.433883739117558,-0.9009688679024191
2025-01-31 05:30:00,0.212,-0.433883739117558,-0.9009688679024191
2025-01-31 05:45:00,0.372,-0.433883739117558,-0.9009688679024191
2025-01-31 06:00:00,0.372,-0.433883739117558,-0.9009688679024191
2025-01-31 06:15:00,0.372,-0.433883739117558,-0.9009688679024191
2025-01-31 06:30:00,0.632,-0.433883739117558,-0.9009688679024191
2025-01-31 06:45:00,1.988,-0.433883739117558,-0.9009688679024191
2025-01-31 07:00:00,1.888,-0.433883739117558,-0.9009688679024191
2025-01-31 07:15:00,0.28,-0.433883739117558,-0.9009688679024191
2025-01-31 07:30:00,0.372,-0.433883739117558,-0.9009688679024191
2025-01-31 07:45:00,0.428,-0.433883739117558,-0.9009688679024191
2025-01-31 08:00:00,0.34,-0.433883739117558,-0.9009688679024191
2025-01-31 08:15:00,0.216,-0.433883739117558,-0.9009688679024191
2025-01-31 08:30:00,0.212,-0.433883739117558,-0.9009688679024191
2025-01-31 08:45:00,0.208,-0.433883739117558,-0.9009688679024191
2025-01-31 09:00:00,0.18,-0.433883739117558,-0.9009688679024191
2025-01-31 09:15:00,0.192,-0.433883739117558,-0.9009688679024191
2025-01-31 09:30:00,0.368,-0.433883739117558,-0.9009688679024191
2025-01-31 09:45:00,0.356,-0.433883739117558,-0.9009688679024191
2025-01-31 10:00:00,1.328,-0.433883739117558,-0.9009688679024191
2025-01-31 10:15:00,0.632,-0.433883739117558,-0.9009688679024191
2025-01-31 10:30:00,0.324,-0.433883739117558,-0.9009688679024191
2025-01-31 10:45:00,0.344,-0.433883739117558,-0.9009688679024191
2025-01-31 11:00:00,0.452,-0.433883739117558,-0.9009688679024191
2025-01-31 11:15:00,0.444,-0.433883739117558,-0.9009688679024191
2025-01-31 11:30:00,0.34,-0.433883739117558,-0.9009688679024191
2025-01-31 11:45:00,0.344,-0.433883739117558,-0.9009688679024191
2025-01-31 12:00:00,0.54,-0.433883739117558,-0.9009688679024191
2025-01-31 12:15:00,0.408,-0.433883739117558,-0.9009688679024191
2025-01-31 12:30:00,1.212,-0.433883739117558,-0.9009688679024191
2025-01-31 12:45:00,2.62,-0.433883739117558,-0.9009688679024191
2025-01-31 13:00:00,1.808,-0.433883739117558,-0.9009688679024191
2025-01-31 13:15:00,0.584,-0.433883739117558,-0.9009688679024191
2025-01-31 13:30:00,0.472,-0.433883739117558,-0.9009688679024191
2025-01-31 13:45:00,0.472,-0.433883739117558,-0.9009688679024191
2025-01-31 14:00:00,1.744,-0.433883739117558,-0.9009688679024191
2025-01-31 14:15:00,0.688,-0.433883739117558,-0.9009688679024191
2025-01-31 14:30:00,1.86,-0.433883739117558,-0.9009688679024191
2025-01-31 14:45:00,1.112,-0.433883739117558,-0.9009688679024191
2025-01-31 15:00:00,0.392,-0.433883739117558,-0.9009688679024191
2025-01-31 15:15:00,0.32,-0.433883739117558,-0.9009688679024191
2025-01-31 15:30:00,0.408,-0.433883739117558,-0.9009688679024191
2025-01-31 15:45:00,0.348,-0.433883739117558,-0.9009688679024191
2025-01-31 16:00:00,0.428,-0.433883739117558,-0.9009688679024191
2025-01-31 16:15:00,0.248,-0.433883739117558,-0.9009688679024191
2025-01-31 16:30:00,0.248,-0.433883739117558,-0.9009688679024191
2025-01-31 16:45:00,1.24,-0.433883739117558,-0.9009688679024191
2025-01-31 17:00:00,1.224,-0.433883739117558,-0.9009688679024191
2025-01-31 17:15:00,1.028,-0.433883739117558,-0.9009688679024191
2025-01-31 17:30:00,0.192,-0.433883739117558,-0.9009688679024191
2025-01-31 17:45:00,0.176,-0.433883739117558,-0.9009688679024191
2025-01-31 18:00:00,0.196,-0.433883739117558,-0.9009688679024191
2025-01-31 18:15:00,0.192,-0.433883739117558,-0.9009688679024191
2025-01-31 18:30:00,0.236,-0.433883739117558,-0.9009688679024191
2025-01-31 18:45:00,0.368,-0.433883739117558,-0.9009688679024191
2025-01-31 19:00:00,0.396,-0.433883739117558,-0.9009688679024191
2025-01-31 19:15:00,0.552,-0.433883739117558,-0.9009688679024191
2025-01-31 19:30:00,0.46,-0.433883739117558,-0.9009688679024191
2025-01-31 19:45:00,1.928,-0.433883739117558,-0.9009688679024191
2025-01-31 20:00:00,1.604,-0.433883739117558,-0.9009688679024191
2025-01-31 20:15:00,0.648,-0.433883739117558,-0.9009688679024191
2025-01-31 20:30:00,0.88,-0.433883739117558,-0.9009688679024191
2025-01-31 20:45:00,0.652,-0.433883739117558,-0.9009688679024191
2025-01-31 21:00:00,0.468,-0.433883739117558,-0.9009688679024191
2025-01-31 21:15:00,0.46,-0.433883739117558,-0.9009688679024191
2025-01-31 21:30:00,0.468,-0.433883739117558,-0.9009688679024191
2025-01-31 21:45:00,0.616,-0.433883739117558,-0.9009688679024191
2025-01-31 22:00:00,0.52,-0.433883739117558,-0.9009688679024191
2025-01-31 22:15:00,0.504,-0.433883739117558,-0.9009688679024191
2025-01-31 22:30:00,0.664,-0.433883739117558,-0.9009688679024191
2025-01-31 22:45:00,0.672,-0.433883739117558,-0.9009688679024191
2025-01-31 23:00:00,0.712,-0.433883739117558,-0.9009688679024191
2025-01-31 23:15:00,0.984,-0.433883739117558,-0.9009688679024191
2025-01-31 23:30:00,0.92,-0.433883739117558,-0.9009688679024191
2025-01-31 23:45:00,0.708,-0.433883739117558,-0.9009688679024191
2025-02-01 00:00:00,0.448,-0.9749279121818236,-0.2225209339563146
2025-02-01 00:15:00,0.58,-0.9749279121818236,-0.2225209339563146
2025-02-01 00:30:00,0.628,-0.9749279121818236,-0.2225209339563146
2025-02-01 00:45:00,0.644,-0.9749279121818236,-0.2225209339563146
2025-02-01 01:00:00,0.568,-0.9749279121818236,-0.2225209339563146
2025-02-01 01:15:00,0.592,-0.9749279121818236,-0.2225209339563146
2025-02-01 01:30:00,0.644,-0.9749279121818236,-0.2225209339563146
2025-02-01 01:45:00,0.632,-0.9749279121818236,-0.2225209339563146
2025-02-01 02:00:00,0.392,-0.9749279121818236,-0.2225209339563146
2025-02-01 02:15:00,0.388,-0.9749279121818236,-0.2225209339563146
2025-02-01 02:30:00,0.416,-0.9749279121818236,-0.2225209339563146
2025-02-01 02:45:00,0.38,-0.9749279121818236,-0.2225209339563146
2025-02-01 03:00:00,0.308,-0.9749279121818236,-0.2225209339563146
2025-02-01 03:15:00,0.268,-0.9749279121818236,-0.2225209339563146
2025-02-01 03:30:00,0.268,-0.9749279121818236,-0.2225209339563146
2025-02-01 03:45:00,0.268,-0.9749279121818236,-0.2225209339563146
2025-02-01 04:00:00,0.292,-0.9749279121818236,-0.2225209339563146
2025-02-01 04:15:00,0.296,-0.9749279121818236,-0.2225209339563146
2025-02-01 04:30:00,0.348,-0.9749279121818236,-0.2225209339563146
2025-02-01 04:45:00,0.388,-0.9749279121818236,-0.2225209339563146
2025-02-01 05:00:00,0.292,-0.9749279121818236,-0.2225209339563146
2025-02-01 05:15:00,0.22,-0.9749279121818236,-0.2225209339563146
2025-02-01 05:30:00,0.224,-0.9749279121818236,-0.2225209339563146
2025-02-01 05:45:00,0.188,-0.9749279121818236,-0.2225209339563146
2025-02-01 06:00:00,0.216,-0.9749279121818236,-0.2225209339563146
2025-02-01 06:15:00,0.208,-0.9749279121818236,-0.2225209339563146
2025-02-01 06:30:00,1.048,-0.9749279121818236,-0.2225209339563146
2025-02-01 06:45:00,1.76,-0.9749279121818236,-0.2225209339563146
2025-02-01 07:00:00,0.756,-0.9749279121818236,-0.2225209339563146
2025-02-01 07:15:00,1.356,-0.9749279121818236,-0.2225209339563146
2025-02-01 07:30:00,0.204,-0.9749279121818236,-0.2225209339563146
2025-02-01 07:45:00,0.208,-0.9749279121818236,-0.2225209339563146
2025-02-01 08:00:00,0.2,-0.9749279121818236,-0.2225209339563146
2025-02-01 08:15:00,0.2,-0.9749279121818236,-0.2225209339563146
2025-02-01 08:30:00,0.204,-0.9749279121818236,-0.2225209339563146
2025-02-01 08:45:00,0.2,-0.9749279121818236,-0.2225209339563146
2025-02-01 09:00:00,0.216,-0.9749279121818236,-0.2225209339563146
2025-02-01 09:15:00,1.268,-0.9749279121818236,-0.2225209339563146
2025-02-01 09:30:00,0.648,-0.9749279121818236,-0.2225209339563146
2025-02-01 09:45:00,0.304,-0.9749279121818236,-0.2225209339563146
2025-02-01 10:00:00,0.16,-0.9749279121818236,-0.2225209339563146
2025-02-01 10:15:00,0.168,-0.9749279121818236,-0.2225209339563146
2025-02-01 10:30:00,0.204,-0.9749279121818236,-0.2225209339563146
2025-02-01 10:45:00,0.212,-0.9749279121818236,-0.2225209339563146
2025-02-01 11:00:00,0.204,-0.9749279121818236,-0.2225209339563146
2025-02-01 11:15:00,0.16,-0.9749279121818236,-0.2225209339563146
2025-02-01 11:30:00,0.24,-0.9749279121818236,-0.2225209339563146
2025-02-01 11:45:00,0.2,-0.9749279121818236,-0.2225209339563146
2025-02-01 12:00:00,0.192,-0.9749279121818236,-0.2225209339563146
2025-02-01 12:15:00,0.164,-0.9749279121818236,-0.2225209339563146
2025-02-01 12:30:00,0.192,-0.9749279121818236,-0.2225209339563146
2025-02-01 12:45:00,0.204,-0.9749279121818236,-0.2225209339563146
2025-02-01 13:00:00,0.224,-0.9749279121818236,-0.2225209339563146
2025-02-01 13:15:00,0.316,-0.9749279121818236,-0.2225209339563146
2025-02-01 13:30:00,1.656,-0.9749279121818236,-0.2225209339563146
2025-02-01 13:45:00,0.42,-0.9749279121818236,-0.2225209339563146
2025-02-01 14:00:00,0.364,-0.9749279121818236,-0.2225209339563146
2025-02-01 14:15:00,0.512,-0.9749279121818236,-0.2225209339563146
2025-02-01 14:30:00,0.568,-0.9749279121818236,-0.2225209339563146
2025-02-01 14:45:00,1.04,-0.9749279121818236,-0.2225209339563146
2025-02-01 15:00:00,0.54,-0.9749279121818236,-0.2225209339563146
2025-02-01 15:15:00,0.544,-0.9749279121818236,-0.2225209339563146
2025-02-01 15:30:00,0.528,-0.9749279121818236,-0.2225209339563146
2025-02-01 15:45:00,0.476,-0.9749279121818236,-0.2225209339563146
2025-02-01 16:00:00,0.456,-0.9749279121818236,-0.2225209339563146
2025-02-01 16:15:00,0.496,-0.9749279121818236,-0.2225209339563146
2025-02-01 16:30:00,0.544,-0.9749279121818236,-0.2225209339563146
2025-02-01 16:45:00,0.212,-0.9749279121818236,-0.2225209339563146
2025-02-01 17:00:00,0.172,-0.9749279121818236,-0.2225209339563146
2025-02-01 17:15:00,0.712,-0.9749279121818236,-0.2225209339563146
2025-02-01 17:30:00,1.616,-0.9749279121818236,-0.2225209339563146
2025-02-01 17:45:00,1.288,-0.9749279121818236,-0.2225209339563146
2025-02-01 18:00:00,1.48,-0.9749279121818236,-0.2225209339563146
2025-02-01 18:15:00,2.016,-0.9749279121818236,-0.2225209339563146
2025-02-01 18:30:00,2.696,-0.9749279121818236,-0.2225209339563146
2025-02-01 18:45:00,1.764,-0.9749279121818236,-0.2225209339563146
2025-02-01 19:00:00,1.452,-0.9749279121818236,-0.2225209339563146
2025-02-01 19:15:00,1.064,-0.9749279121818236,-0.2225209339563146
2025-02-01 19:30:00,0.208,-0.9749279121818236,-0.2225209339563146
2025-02-01 19:45:00,1.052,-0.9749279121818236,-0.2225209339563146
2025-02-01 20:00:00,1.884,-0.9749279121818236,-0.2225209339563146
2025-02-01 20:15:00,1.924,-0.9749279121818236,-0.2225209339563146
2025-02-01 20:30:00,2.684,-0.9749279121818236,-0.2225209339563146
2025-02-01 20:45:00,1.748,-0.9749279121818236,-0.2225209339563146
2025-02-01 21:00:00,1.756,-0.9749279121818236,-0.2225209339563146
2025-02-01 21:15:00,1.772,-0.9749279121818236,-0.2225209339563146
2025-02-01 21:30:00,2.156,-0.9749279121818236,-0.2225209339563146
2025-02-01 21:45:00,1.02,-0.9749279121818236,-0.2225209339563146
2025-02-01 22:00:00,0.532,-0.9749279121818236,-0.2225209339563146
2025-02-01 22:15:00,0.484,-0.9749279121818236,-0.2225209339563146
2025-02-01 22:30:00,0.472,-0.9749279121818236,-0.2225209339563146
2025-02-01 22:45:00,0.48,-0.9749279121818236,-0.2225209339563146
2025-02-01 23:00:00,0.576,-0.9749279121818236,-0.2225209339563146
2025-02-01 23:15:00,0.372,-0.9749279121818236,-0.2225209339563146
2025-02-01 23:30:00,0.344,-0.9749279121818236,-0.2225209339563146
2025-02-01 23:45:00,0.508,-0.9749279121818236,-0.2225209339563146
2025-02-02 00:00:00,0.524,-0.7818314824680299,0.6234898018587334
2025-02-02 00:15:00,0.484,-0.7818314824680299,0.6234898018587334
2025-02-02 00:30:00,0.468,-0.7818314824680299,0.6234898018587334
2025-02-02 00:45:00,0.4,-0.7818314824680299,0.6234898018587334
2025-02-02 01:00:00,0.452,-0.7818314824680299,0.6234898018587334
2025-02-02 01:15:00,0.468,-0.7818314824680299,0.6234898018587334
2025-02-02 01:30:00,0.464,-0.7818314824680299,0.6234898018587334
2025-02-02 01:45:00,0.4,-0.7818314824680299,0.6234898018587334
2025-02-02 02:00:00,0.676,-0.7818314824680299,0.6234898018587334
2025-02-02 02:15:00,1.988,-0.7818314824680299,0.6234898018587334
2025-02-02 02:30:00,0.696,-0.7818314824680299,0.6234898018587334
2025-02-02 02:45:00,1.592,-0.7818314824680299,0.6234898018587334
2025-02-02 03:00:00,0.708,-0.7818314824680299,0.6234898018587334
2025-02-02 03:15:00,0.356,-0.7818314824680299,0.6234898018587334
2025-02-02 03:30:00,0.348,-0.7818314824680299,0.6234898018587334
2025-02-02 03:45:00,0.312,-0.7818314824680299,0.6234898018587334
2025-02-02 04:00:00,0.276,-0.7818314824680299,0.6234898018587334
2025-02-02 04:15:00,0.372,-0.7818314824680299,0.6234898018587334
2025-02-02 04:30:00,1.416,-0.7818314824680299,0.6234898018587334
2025-02-02 04:45:00,0.78,-0.7818314824680299,0.6234898018587334
2025-02-02 05:00:00,0.468,-0.7818314824680299,0.6234898018587334
2025-02-02 05:15:00,0.352,-0.7818314824680299,0.6234898018587334
2025-02-02 05:30:00,0.264,-0.7818314824680299,0.6234898018587334
2025-02-02 05:45:00,0.268,-0.7818314824680299,0.6234898018587334
2025-02-02 06:00:00,0.168,-0.7818314824680299,0.6234898018587334
2025-02-02 06:15:00,0.192,-0.7818314824680299,0.6234898018587334
2025-02-02 06:30:00,0.248,-0.7818314824680299,0.6234898018587334
2025-02-02 06:45:00,0.244,-0.7818314824680299,0.6234898018587334
2025-02-02 07:00:00,0.268,-0.7818314824680299,0.6234898018587334
2025-02-02 07:15:00,0.292,-0.7818314824680299,0.6234898018587334
2025-02-02 07:30:00,0.268,-0.7818314824680299,0.6234898018587334
2025-02-02 07:45:00,0.224,-0.7818314824680299,0.6234898018587334
2025-02-02 08:00:00,0.252,-0.7818314824680299,0.6234898018587334
2025-02-02 08:15:00,0.252,-0.7818314824680299,0.6234898018587334
2025-02-02 08:30:00,0.224,-0.7818314824680299,0.6234898018587334
2025-02-02 08:45:00,1.776,-0.7818314824680299,0.6234898018587334
2025-02-02 09:00:00,1.196,-0.7818314824680299,0.6234898018587334
2025-02-02 09:15:00,1.024,-0.7818314824680299,0.6234898018587334
2025-02-02 09:30:00,0.308,-0.7818314824680299,0.6234898018587334
2025-02-02 09:45:00,0.26,-0.7818314824680299,0.6234898018587334
2025-02-02 10:00:00,0.42,-0.7818314824680299,0.6234898018587334
2025-02-02 10:15:00,0.212,-0.7818314824680299,0.6234898018587334
2025-02-02 10:30:00,0.212,-0.7818314824680299,0.6234898018587334
2025-02-02 10:45:00,0.22,-0.7818314824680299,0.6234898018587334
2025-02-02 11:00:00,0.164,-0.7818314824680299,0.6234898018587334
2025-02-02 11:15:00,0.164,-0.7818314824680299,0.6234898018587334
2025-02-02 11:30:00,0.196,-0.7818314824680299,0.6234898018587334
2025-02-02 11:45:00,0.2,-0.7818314824680299,0.6234898018587334
2025-02-02 12:00:00,0.172,-0.7818314824680299,0.6234898018587334
2025-02-02 12:15:00,0.192,-0.7818314824680299,0.6234898018587334
2025-02-02 12:30:00,0.2,-0.7818314824680299,0.6234898018587334
2025-02-02 12:45:00,0.172,-0.7818314824680299,0.6234898018587334
2025-02-02 13:00:00,0.188,-0.7818314824680299,0.6234898018587334
2025-02-02 13:15:00,0.184,-0.7818314824680299,0.6234898018587334
2025-02-02 13:30:00,0.176,-0.7818314824680299,0.6234898018587334
2025-02-02 13:45:00,0.2,-0.7818314824680299,0.6234898018587334
2025-02-02 14:00:00,0.176,-0.7818314824680299,0.6234898018587334
2025-02-02 14:15:00,0.184,-0.7818314824680299,0.6234898018587334
2025-02-02 14:30:00,0.184,-0.7818314824680299,0.6234898018587334
2025-02-02 14:45:00,0.176,-0.7818314824680299,0.6234898018587334
2025-02-02 15:00:00,0.196,-0.7818314824680299,0.6234898018587334
2025-02-02 15:15:00,0.176,-0.7818314824680299,0.6234898018587334
2025-02-02 15:30:00,0.184,-0.7818314824680299,0.6234898018587334
2025-02-02 15:45:00,0.188,-0.7818314824680299,0.6234898018587334
2025-02-02 16:00:00,0.172,-0.7818314824680299,0.6234898018587334
2025-02-02 16:15:00,0.2,-0.7818314824680299,0.6234898018587334
2025-02-02 16:30:00,0.176,-0.7818314824680299,0.6234898018587334
2025-02-02 16:45:00,0.184,-0.7818314824680299,0.6234898018587334
2025-02-02 17:00:00,0.188,-0.7818314824680299,0.6234898018587334
2025-02-02 17:15:00,0.172,-0.7818314824680299,0.6234898018587334
2025-02-02 17:30:00,0.2,-0.7818314824680299,0.6234898018587334
2025-02-02 17:45:00,0.172,-0.7818314824680299,0.6234898018587334
2025-02-02 18:00:00,0.188,-0.7818314824680299,0.6234898018587334
2025-02-02 18:15:00,0.184,-0.7818314824680299,0.6234898018587334
2025-02-02 18:30:00,0.172,-0.7818314824680299,0.6234898018587334
2025-02-02 18:45:00,0.2,-0.7818314824680299,0.6234898018587334
2025-02-02 19:00:00,0.172,-0.7818314824680299,0.6234898018587334
2025-02-02 19:15:00,0.188,-0.7818314824680299,0.6234898018587334
2025-02-02 19:30:00,0.188,-0.7818314824680299,0.6234898018587334
2025-02-02 19:45:00,0.98,-0.7818314824680299,0.6234898018587334
2025-02-02 20:00:00,1.64,-0.7818314824680299,0.6234898018587334
2025-02-02 20:15:00,1.24,-0.7818314824680299,0.6234898018587334
2025-02-02 20:30:00,2.3,-0.7818314824680299,0.6234898018587334
2025-02-02 20:45:00,1.868,-0.7818314824680299,0.6234898018587334
2025-02-02 21:00:00,1.752,-0.7818314824680299,0.6234898018587334
2025-02-02 21:15:00,1.328,-0.7818314824680299,0.6234898018587334
2025-02-02 21:30:00,1.324,-0.7818314824680299,0.6234898018587334
2025-02-02 21:45:00,1.284,-0.7818314824680299,0.6234898018587334
2025-02-02 22:00:00,0.652,-0.7818314824680299,0.6234898018587334
2025-02-02 22:15:00,0.404,-0.7818314824680299,0.6234898018587334
2025-02-02 22:30:00,0.364,-0.7818314824680299,0.6234898018587334
2025-02-02 22:45:00,0.188,-0.7818314824680299,0.6234898018587334
2025-02-02 23:00:00,0.216,-0.7818314824680299,0.6234898018587334
2025-02-02 23:15:00,0.224,-0.7818314824680299,0.6234898018587334
2025-02-02 23:30:00,0.216,-0.7818314824680299,0.6234898018587334
2025-02-02 23:45:00,0.18,-0.7818314824680299,0.6234898018587334
2025-02-03 00:00:00,0.192,0.0,1.0
2025-02-03 00:15:00,0.216,0.0,1.0
2025-02-03 00:30:00,0.212,0.0,1.0
2025-02-03 00:45:00,0.268,0.0,1.0
2025-02-03 01:00:00,0.3,0.0,1.0
2025-02-03 01:15:00,0.224,0.0,1.0
2025-02-03 01:30:00,0.204,0.0,1.0
2025-02-03 01:45:00,0.18,0.0,1.0
2025-02-03 02:00:00,0.212,0.0,1.0
2025-02-03 02:15:00,0.18,0.0,1.0
2025-02-03 02:30:00,0.192,0.0,1.0
2025-02-03 02:45:00,0.204,0.0,1.0
2025-02-03 03:00:00,0.184,0.0,1.0
2025-02-03 03:15:00,0.192,0.0,1.0
2025-02-03 03:30:00,0.204,0.0,1.0
2025-02-03 03:45:00,0.168,0.0,1.0
2025-02-03 04:00:00,0.208,0.0,1.0
2025-02-03 04:15:00,0.2,0.0,1.0
2025-02-03 04:30:00,0.256,0.0,1.0
2025-02-03 04:45:00,0.356,0.0,1.0
2025-02-03 05:00:00,0.312,0.0,1.0
2025-02-03 05:15:00,0.216,0.0,1.0
2025-02-03 05:30:00,0.216,0.0,1.0
2025-02-03 05:45:00,0.228,0.0,1.0
2025-02-03 06:00:00,0.184,0.0,1.0
2025-02-03 06:15:00,0.192,0.0,1.0
2025-02-03 06:30:00,0.18,0.0,1.0
2025-02-03 06:45:00,0.192,0.0,1.0
2025-02-03 07:00:00,0.176,0.0,1.0
2025-02-03 07:15:00,0.188,0.0,1.0
2025-02-03 07:30:00,0.18,0.0,1.0
2025-02-03 07:45:00,0.192,0.0,1.0
2025-02-03 08:00:00,0.204,0.0,1.0
2025-02-03 08:15:00,0.204,0.0,1.0
2025-02-03 08:30:00,0.2,0.0,1.0
2025-02-03 08:45:00,0.204,0.0,1.0
2025-02-03 09:00:00,0.204,0.0,1.0
2025-02-03 09:15:00,0.204,0.0,1.0
2025-02-03 09:30:00,0.168,0.0,1.0
2025-02-03 09:45:00,0.204,0.0,1.0
2025-02-03 10:00:00,0.184,0.0,1.0
2025-02-03 10:15:00,0.188,0.0,1.0
2025-02-03 10:30:00,0.204,0.0,1.0
2025-02-03 10:45:00,0.192,0.0,1.0
2025-02-03 11:00:00,0.172,0.0,1.0
2025-02-03 11:15:00,0.204,0.0,1.0
2025-02-03 11:30:00,0.172,0.0,1.0
2025-02-03 11:45:00,0.196,0.0,1.0
2025-02-03 12:00:00,0.188,0.0,1.0
2025-02-03 12:15:00,0.184,0.0,1.0
2025-02-03 12:30:00,0.2,0.0,1.0
2025-02-03 12:45:00,0.164,0.0,1.0
2025-02-03 13:00:00,0.768,0.0,1.0
2025-02-03 13:15:00,1.032,0.0,1.0
2025-02-03 13:30:00,1.104,0.0,1.0
2025-02-03 13:45:00,1.78,0.0,1.0
2025-02-03 14:00:00,2.048,0.0,1.0
2025-02-03 14:15:00,1.28,0.0,1.0
2025-02-03 14:30:00,1.304,0.0,1.0
2025-02-03 14:45:00,1.264,0.0,1.0
2025-02-03 15:00:00,1.3,0.0,1.0
2025-02-03 15:15:00,0.524,0.0,1.0
2025-02-03 15:30:00,0.464,0.0,1.0
2025-02-03 15:45:00,0.8,0.0,1.0
2025-02-03 16:00:00,0.584,0.0,1.0
2025-02-03 16:15:00,0.52,0.0,1.0
2025-02-03 16:30:00,0.432,0.0,1.0
2025-02-03 16:45:00,0.504,0.0,1.0
2025-02-03 17:00:00,0.284,0.0,1.0
2025-02-03 17:15:00,0.176,0.0,1.0
2025-02-03 17:30:00,0.208,0.0,1.0
2025-02-03 17:45:00,0.196,0.0,1.0
2025-02-03 18:00:00,0.164,0.0,1.0
2025-02-03 18:15:00,0.192,0.0,1.0
2025-02-03 18:30:00,0.184,0.0,1.0
2025-02-03 18:45:00,0.172,0.0,1.0
2025-02-03 19:00:00,0.192,0.0,1.0
2025-02-03 19:15:00,0.164,0.0,1.0
2025-02-03 19:30:00,0.196,0.0,1.0
2025-02-03 19:45:00,0.192,0.0,1.0
2025-02-03 20:00:00,0.16,0.0,1.0
2025-02-03 20:15:00,0.2,0.0,1.0
2025-02-03 20:30:00,0.172,0.0,1.0
2025-02-03 20:45:00,0.188,0.0,1.0
2025-02-03 21:00:00,0.188,0.0,1.0
2025-02-03 21:15:00,0.168,0.0,1.0
2025-02-03 21:30:00,0.196,0.0,1.0
2025-02-03 21:45:00,0.168,0.0,1.0
2025-02-03 22:00:00,0.188,0.0,1.0
2025-02-03 22:15:00,0.18,0.0,1.0
2025-02-03 22:30:00,0.176,0.0,1.0
2025-02-03 22:45:00,0.196,0.0,1.0
2025-02-03 23:00:00,0.164,0.0,1.0
2025-02-03 23:15:00,0.196,0.0,1.0
2025-02-03 23:30:00,0.172,0.0,1.0
2025-02-03 23:45:00,0.184,0.0,1.0
2025-02-04 00:00:00,0.188,0.7818314824680298,0.6234898018587336
2025-02-04 00:15:00,0.168,0.7818314824680298,0.6234898018587336
2025-02-04 00:30:00,0.2,0.7818314824680298,0.6234898018587336
2025-02-04 00:45:00,0.204,0.7818314824680298,0.6234898018587336
2025-02-04 01:00:00,0.364,0.7818314824680298,0.6234898018587336
2025-02-04 01:15:00,0.24,0.7818314824680298,0.6234898018587336
2025-02-04 01:30:00,0.212,0.7818314824680298,0.6234898018587336
2025-02-04 01:45:00,0.208,0.7818314824680298,0.6234898018587336
2025-02-04 02:00:00,0.192,0.7818314824680298,0.6234898018587336
2025-02-04 02:15:00,0.204,0.7818314824680298,0.6234898018587336
2025-02-04 02:30:00,0.196,0.7818314824680298,0.6234898018587336
2025-02-04 02:45:00,0.164,0.7818314824680298,0.6234898018587336
2025-02-04 03:00:00,0.196,0.7818314824680298,0.6234898018587336
2025-02-04 03:15:00,0.18,0.7818314824680298,0.6234898018587336
2025-02-04 03:30:00,0.184,0.7818314824680298,0.6234898018587336
2025-02-04 03:45:00,0.192,0.7818314824680298,0.6234898018587336
2025-02-04 04:00:00,0.164,0.7818314824680298,0.6234898018587336
2025-02-04 04:15:00,0.2,0.7818314824680298,0.6234898018587336
2025-02-04 04:30:00,0.184,0.7818314824680298,0.6234898018587336
2025-02-04 04:45:00,0.176,0.7818314824680298,0.6234898018587336
2025-02-04 05:00:00,0.196,0.7818314824680298,0.6234898018587336
2025-02-04 05:15:00,0.16,0.7818314824680298,0.6234898018587336
2025-02-04 05:30:00,0.2,0.7818314824680298,0.6234898018587336
2025-02-04 05:45:00,0.18,0.7818314824680298,0.6234898018587336
2025-02-04 06:00:00,0.184,0.7818314824680298,0.6234898018587336
2025-02-04 06:15:00,0.188,0.7818314824680298,0.6234898018587336
2025-02-04 06:30:00,0.164,0.7818314824680298,0.6234898018587336
2025-02-04 06:45:00,0.196,0.7818314824680298,0.6234898018587336
2025-02-04 07:00:00,0.168,0.7818314824680298,0.6234898018587336
2025-02-04 07:15:00,0.188,0.7818314824680298,0.6234898018587336
2025-02-04 07:30:00,0.184,0.7818314824680298,0.6234898018587336
2025-02-04 07:45:00,0.172,0.7818314824680298,0.6234898018587336
2025-02-04 08:00:00,0.192,0.7818314824680298,0.6234898018587336
2025-02-04 08:15:00,0.16,0.7818314824680298,0.6234898018587336
2025-02-04 08:30:00,0.192,0.7818314824680298,0.6234898018587336
2025-02-04 08:45:00,0.172,0.7818314824680298,0.6234898018587336
2025-02-04 09:00:00,0.184,0.7818314824680298,0.6234898018587336
2025-02-04 09:15:00,0.184,0.7818314824680298,0.6234898018587336
2025-02-04 09:30:00,0.168,0.7818314824680298,0.6234898018587336
2025-02-04 09:45:00,0.196,0.7818314824680298,0.6234898018587336
2025-02-04 10:00:00,0.164,0.7818314824680298,0.6234898018587336
2025-02-04 10:15:00,0.192,0.7818314824680298,0.6234898018587336
2025-02-04 10:30:00,0.172,0.7818314824680298,0.6234898018587336
2025-02-04 10:45:00,0.18,0.7818314824680298,0.6234898018587336
2025-02-04 11:00:00,0.188,0.7818314824680298,0.6234898018587336
2025-02-04 11:15:00,0.16,0.7818314824680298,0.6234898018587336
2025-02-04 11:30:00,0.196,0.7818314824680298,0.6234898018587336
2025-02-04 11:45:00,0.168,0.7818314824680298,0.6234898018587336
2025-02-04 12:00:00,0.184,0.7818314824680298,0.6234898018587336
2025-02-04 12:15:00,0.184,0.7818314824680298,0.6234898018587336
2025-02-04 12:30:00,0.172,0.7818314824680298,0.6234898018587336
2025-02-04 12:45:00,0.208,0.7818314824680298,0.6234898018587336
2025-02-04 13:00:00,0.16,0.7818314824680298,0.6234898018587336
2025-02-04 13:15:00,0.196,0.7818314824680298,0.6234898018587336
2025-02-04 13:30:00,0.244,0.7818314824680298,0.6234898018587336
2025-02-04 13:45:00,0.16,0.7818314824680298,0.6234898018587336
2025-02-04 14:00:00,0.196,0.7818314824680298,0.6234898018587336
2025-02-04 14:15:00,0.244,0.7818314824680298,0.6234898018587336
2025-02-04 14:30:00,0.512,0.7818314824680298,0.6234898018587336
2025-02-04 14:45:00,0.328,0.7818314824680298,0.6234898018587336
2025-02-04 15:00:00,0.324,0.7818314824680298,0.6234898018587336
2025-02-04 15:15:00,0.352,0.7818314824680298,0.6234898018587336
2025-02-04 15:30:00,0.344,0.7818314824680298,0.6234898018587336
2025-02-04 15:45:00,0.26,0.7818314824680298,0.6234898018587336
2025-02-04 16:00:00,0.196,0.7818314824680298,0.6234898018587336
2025-02-04 16:15:00,0.164,0.7818314824680298,0.6234898018587336
2025-02-04 16:30:00,0.196,0.7818314824680298,0.6234898018587336
2025-02-04 16:45:00,0.176,0.7818314824680298,0.6234898018587336
2025-02-04 17:00:00,0.18,0.7818314824680298,0.6234898018587336
2025-02-04 17:15:00,0.192,0.7818314824680298,0.6234898018587336
2025-02-04 17:30:00,0.164,0.7818314824680298,0.6234898018587336
2025-02-04 17:45:00,0.196,0.7818314824680298,0.6234898018587336
2025-02-04 18:00:00,0.168,0.7818314824680298,0.6234898018587336
2025-02-04 18:15:00,0.188,0.7818314824680298,0.6234898018587336
2025-02-04 18:30:00,0.188,0.7818314824680298,0.6234898018587336
2025-02-04 18:45:00,0.172,0.7818314824680298,0.6234898018587336
2025-02-04 19:00:00,0.196,0.7818314824680298,0.6234898018587336
2025-02-04 19:15:00,0.82,0.7818314824680298,0.6234898018587336
2025-02-04 19:30:00,1.436,0.7818314824680298,0.6234898018587336
2025-02-04 19:45:00,3.304,0.7818314824680298,0.6234898018587336
2025-02-04 20:00:00,1.66,0.7818314824680298,0.6234898018587336
2025-02-04 20:15:00,3.316,0.7818314824680298,0.6234898018587336
2025-02-04 20:30:00,1.552,0.7818314824680298,0.6234898018587336
2025-02-04 20:45:00,2.832,0.7818314824680298,0.6234898018587336
2025-02-04 21:00:00,1.568,0.7818314824680298,0.6234898018587336
2025-02-04 21:15:00,1.336,0.7818314824680298,0.6234898018587336
2025-02-04 21:30:00,1.488,0.7818314824680298,0.6234898018587336
2025-02-04 21:45:00,1.608,0.7818314824680298,0.6234898018587336
2025-02-04 22:00:00,1.5,0.7818314824680298,0.6234898018587336
2025-02-04 22:15:00,1.404,0.7818314824680298,0.6234898018587336
2025-02-04 22:30:00,1.372,0.7818314824680298,0.6234898018587336
2025-02-04 22:45:00,1.508,0.7818314824680298,0.6234898018587336
2025-02-04 23:00:00,0.476,0.7818314824680298,0.6234898018587336
2025-02-04 23:15:00,0.44,0.7818314824680298,0.6234898018587336
2025-02-04 23:30:00,0.46,0.7818314824680298,0.6234898018587336
2025-02-04 23:45:00,0.484,0.7818314824680298,0.6234898018587336
2025-02-05 00:00:00,0.508,0.9749279121818236,-0.22252093395631434
2025-02-05 00:15:00,0.456,0.9749279121818236,-0.22252093395631434
2025-02-05 00:30:00,1.408,0.9749279121818236,-0.22252093395631434
2025-02-05 00:45:00,1.232,0.9749279121818236,-0.22252093395631434
2025-02-05 01:00:00,1.476,0.9749279121818236,-0.22252093395631434
2025-02-05 01:15:00,0.468,0.9749279121818236,-0.22252093395631434
2025-02-05 01:30:00,0.412,0.9749279121818236,-0.22252093395631434
2025-02-05 01:45:00,0.432,0.9749279121818236,-0.22252093395631434
2025-02-05 02:00:00,0.432,0.9749279121818236,-0.22252093395631434
2025-02-05 02:15:00,0.464,0.9749279121818236,-0.22252093395631434
2025-02-05 02:30:00,1.616,0.9749279121818236,-0.22252093395631434
2025-02-05 02:45:00,0.564,0.9749279121818236,-0.22252093395631434
2025-02-05 03:00:00,0.212,0.9749279121818236,-0.22252093395631434
2025-02-05 03:15:00,0.208,0.9749279121818236,-0.22252093395631434
2025-02-05 03:30:00,0.22,0.9749279121818236,-0.22252093395631434
2025-02-05 03:45:00,0.168,0.9749279121818236,-0.22252093395631434
2025-02-05 04:00:00,0.212,0.9749279121818236,-0.22252093395631434
2025-02-05 04:15:00,0.204,0.9749279121818236,-0.22252093395631434
2025-02-05 04:30:00,0.172,0.9749279121818236,-0.22252093395631434
2025-02-05 04:45:00,0.2,0.9749279121818236,-0.22252093395631434
2025-02-05 05:00:00,0.188,0.9749279121818236,-0.22252093395631434
2025-02-05 05:15:00,0.2,0.9749279121818236,-0.22252093395631434
2025-02-05 05:30:00,1.328,0.9749279121818236,-0.22252093395631434
2025-02-05 05:45:00,0.216,0.9749279121818236,-0.22252093395631434
2025-02-05 06:00:00,0.308,0.9749279121818236,-0.22252093395631434
2025-02-05 06:15:00,0.188,0.9749279121818236,-0.22252093395631434
2025-02-05 06:30:00,0.172,0.9749279121818236,-0.22252093395631434
2025-02-05 06:45:00,0.196,0.9749279121818236,-0.22252093395631434
2025-02-05 07:00:00,0.192,0.9749279121818236,-0.22252093395631434
2025-02-05 07:15:00,1.972,0.9749279121818236,-0.22252093395631434
2025-02-05 07:30:00,1.18,0.9749279121818236,-0.22252093395631434
2025-02-05 07:45:00,0.22,0.9749279121818236,-0.22252093395631434
2025-02-05 08:00:00,0.192,0.9749279121818236,-0.22252093395631434
2025-02-05 08:15:00,0.168,0.9749279121818236,-0.22252093395631434
2025-02-05 08:30:00,0.2,0.9749279121818236,-0.22252093395631434
2025-02-05 08:45:00,0.168,0.9749279121818236,-0.22252093395631434
2025-02-05 09:00:00,0.192,0.9749279121818236,-0.22252093395631434
2025-02-05 09:15:00,0.18,0.9749279121818236,-0.22252093395631434
2025-02-05 09:30:00,0.18,0.9749279121818236,-0.22252093395631434
2025-02-05 09:45:00,0.196,0.9749279121818236,-0.22252093395631434
2025-02-05 10:00:00,0.18,0.9749279121818236,-0.22252093395631434
2025-02-05 10:15:00,0.548,0.9749279121818236,-0.22252093395631434
2025-02-05 10:30:00,1.26,0.9749279121818236,-0.22252093395631434
2025-02-05 10:45:00,1.324,0.9749279121818236,-0.22252093395631434
2025-02-05 11:00:00,1.328,0.9749279121818236,-0.22252093395631434
2025-02-05 11:15:00,1.148,0.9749279121818236,-0.22252093395631434
2025-02-05 11:30:00,0.36,0.9749279121818236,-0.22252093395631434
2025-02-05 11:45:00,0.344,0.9749279121818236,-0.22252093395631434
2025-02-05 12:00:00,0.316,0.9749279121818236,-0.22252093395631434
2025-02-05 12:15:00,0.248,0.9749279121818236,-0.22252093395631434
2025-02-05 12:30:00,0.196,0.9749279121818236,-0.22252093395631434
2025-02-05 12:45:00,0.164,0.9749279121818236,-0.22252093395631434
2025-02-05 13:00:00,0.188,0.9749279121818236,-0.22252093395631434
2025-02-05 13:15:00,0.188,0.9749279121818236,-0.22252093395631434
2025-02-05 13:30:00,0.328,0.9749279121818236,-0.22252093395631434
2025-02-05 13:45:00,1.428,0.9749279121818236,-0.22252093395631434
2025-02-05 14:00:00,1.56,0.9749279121818236,-0.22252093395631434
2025-02-05 14:15:00,1.228,0.9749279121818236,-0.22252093395631434
2025-02-05 14:30:00,0.692,0.9749279121818236,-0.22252093395631434
2025-02-05 14:45:00,0.58,0.9749279121818236,-0.22252093395631434
2025-02-05 15:00:00,0.68,0.9749279121818236,-0.22252093395631434
2025-02-05 15:15:00,0.768,0.9749279121818236,-0.22252093395631434
2025-02-05 15:30:00,0.416,0.9749279121818236,-0.22252093395631434
2025-02-05 15:45:00,0.18,0.9749279121818236,-0.22252093395631434
2025-02-05 16:00:00,0.336,0.9749279121818236,-0.22252093395631434
2025-02-05 16:15:00,1.544,0.9749279121818236,-0.22252093395631434
2025-02-05 16:30:00,1.52,0.9749279121818236,-0.22252093395631434
2025-02-05 16:45:00,0.572,0.9749279121818236,-0.22252093395631434
2025-02-05 17:00:00,1.044,0.9749279121818236,-0.22252093395631434
2025-02-05 17:15:00,0.772,0.9749279121818236,-0.22252093395631434
2025-02-05 17:30:00,0.352,0.9749279121818236,-0.22252093395631434
2025-02-05 17:45:00,0.356,0.9749279121818236,-0.22252093395631434
2025-02-05 18:00:00,0.516,0.9749279121818236,-0.22252093395631434
2025-02-05 18:15:00,0.496,0.9749279121818236,-0.22252093395631434
2025-02-05 18:30:00,0.524,0.9749279121818236,-0.22252093395631434
2025-02-05 18:45:00,1.192,0.9749279121818236,-0.22252093395631434
2025-02-05 19:00:00,1.456,0.9749279121818236,-0.22252093395631434
2025-02-05 19:15:00,1.464,0.9749279121818236,-0.22252093395631434
2025-02-05 19:30:00,1.928,0.9749279121818236,-0.22252093395631434
2025-02-05 19:45:00,1.872,0.9749279121818236,-0.22252093395631434
2025-02-05 20:00:00,1.816,0.9749279121818236,-0.22252093395631434
2025-02-05 20:15:00,2.24,0.9749279121818236,-0.22252093395631434
2025-02-05 20:30:00,2.824,0.9749279121818236,-0.22252093395631434
2025-02-05 20:45:00,2.468,0.9749279121818236,-0.22252093395631434
2025-02-05 21:00:00,1.876,0.9749279121818236,-0.22252093395631434
2025-02-05 21:15:00,0.624,0.9749279121818236,-0.22252093395631434
2025-02-05 21:30:00,0.644,0.9749279121818236,-0.22252093395631434
2025-02-05 21:45:00,0.768,0.9749279121818236,-0.22252093395631434
2025-02-05 22:00:00,0.6,0.9749279121818236,-0.22252093395631434
2025-02-05 22:15:00,0.508,0.9749279121818236,-0.22252093395631434
2025-02-05 22:30:00,0.464,0.9749279121818236,-0.22252093395631434
2025-02-05 22:45:00,0.564,0.9749279121818236,-0.22252093395631434
2025-02-05 23:00:00,0.592,0.9749279121818236,-0.22252093395631434
2025-02-05 23:15:00,1.336,0.9749279121818236,-0.22252093395631434
2025-02-05 23:30:00,1.696,0.9749279121818236,-0.22252093395631434
2025-02-05 23:45:00,1.592,0.9749279121818236,-0.22252093395631434
2025-02-06 00:00:00,1.4,0.43388373911755823,-0.900968867902419
2025-02-06 00:15:00,0.512,0.43388373911755823,-0.900968867902419
2025-02-06 00:30:00,0.5,0.43388373911755823,-0.900968867902419
2025-02-06 00:45:00,0.392,0.43388373911755823,-0.900968867902419
2025-02-06 01:00:00,0.36,0.43388373911755823,-0.900968867902419
2025-02-06 01:15:00,0.408,0.43388373911755823,-0.900968867902419
2025-02-06 01:30:00,0.316,0.43388373911755823,-0.900968867902419
2025-02-06 01:45:00,0.208,0.43388373911755823,-0.900968867902419
2025-02-06 02:00:00,0.18,0.43388373911755823,-0.900968867902419
2025-02-06 02:15:00,0.264,0.43388373911755823,-0.900968867902419
2025-02-06 02:30:00,0.296,0.43388373911755823,-0.900968867902419
2025-02-06 02:45:00,0.804,0.43388373911755823,-0.900968867902419
2025-02-06 03:00:00,1.96,0.43388373911755823,-0.900968867902419
2025-02-06 03:15:00,0.704,0.43388373911755823,-0.900968867902419
2025-02-06 03:30:00,1.592,0.43388373911755823,-0.900968867902419
2025-02-06 03:45:00,0.472,0.43388373911755823,-0.900968867902419
2025-02-06 04:00:00,0.228,0.43388373911755823,-0.900968867902419
2025-02-06 04:15:00,0.172,0.43388373911755823,-0.900968867902419
2025-02-06 04:30:00,0.172,0.43388373911755823,-0.900968867902419
2025-02-06 04:45:00,0.196,0.43388373911755823,-0.900968867902419
2025-02-06 05:00:00,0.204,0.43388373911755823,-0.900968867902419
2025-02-06 05:15:00,0.168,0.43388373911755823,-0.900968867902419
2025-02-06 05:30:00,0.228,0.43388373911755823,-0.900968867902419
2025-02-06 05:45:00,0.268,0.43388373911755823,-0.900968867902419
2025-02-06 06:00:00,0.276,0.43388373911755823,-0.900968867902419
2025-02-06 06:15:00,0.284,0.43388373911755823,-0.900968867902419
2025-02-06 06:30:00,0.26,0.43388373911755823,-0.900968867902419
2025-02-06 06:45:00,0.276,0.43388373911755823,-0.900968867902419
2025-02-06 07:00:00,0.272,0.43388373911755823,-0.900968867902419
2025-02-06 07:15:00,1.068,0.43388373911755823,-0.900968867902419
2025-02-06 07:30:00,1.976,0.43388373911755823,-0.900968867902419
2025-02-06 07:45:00,1.268,0.43388373911755823,-0.900968867902419
2025-02-06 08:00:00,0.392,0.43388373911755823,-0.900968867902419
2025-02-06 08:15:00,0.2,0.43388373911755823,-0.900968867902419
2025-02-06 08:30:00,0.216,0.43388373911755823,-0.900968867902419
2025-02-06 08:45:00,0.22,0.43388373911755823,-0.900968867902419
2025-02-06 09:00:00,0.192,0.43388373911755823,-0.900968867902419
2025-02-06 09:15:00,0.22,0.43388373911755823,-0.900968867902419
2025-02-06 09:30:00,0.2,0.43388373911755823,-0.900968867902419
2025-02-06 09:45:00,0.3,0.43388373911755823,-0.900968867902419
2025-02-06 10:00:00,0.188,0.43388373911755823,-0.900968867902419
2025-02-06 10:15:00,0.188,0.43388373911755823,-0.900968867902419
2025-02-06 10:30:00,0.192,0.43388373911755823,-0.900968867902419
2025-02-06 10:45:00,0.164,0.43388373911755823,-0.900968867902419
2025-02-06 11:00:00,0.2,0.43388373911755823,-0.900968867902419
2025-02-06 11:15:00,0.172,0.43388373911755823,-0.900968867902419
2025-02-06 11:30:00,0.228,0.43388373911755823,-0.900968867902419
2025-02-06 11:45:00,0.232,0.43388373911755823,-0.900968867902419
2025-02-06 12:00:00,0.208,0.43388373911755823,-0.900968867902419
2025-02-06 12:15:00,0.272,0.43388373911755823,-0.900968867902419
2025-02-06 12:30:00,0.336,0.43388373911755823,-0.900968867902419
2025-02-06 12:45:00,0.336,0.43388373911755823,-0.900968867902419
2025-02-06 13:00:00,0.412,0.43388373911755823,-0.900968867902419
2025-02-06 13:15:00,1.888,0.43388373911755823,-0.900968867902419
2025-02-06 13:30:00,3.1,0.43388373911755823,-0.900968867902419
2025-02-06 13:45:00,1.704,0.43388373911755823,-0.900968867902419
2025-02-06 14:00:00,1.396,0.43388373911755823,-0.900968867902419
2025-02-06 14:15:00,1.408,0.43388373911755823,-0.900968867902419
2025-02-06 14:30:00,1.56,0.43388373911755823,-0.900968867902419
2025-02-06 14:45:00,1.536,0.43388373911755823,-0.900968867902419
2025-02-06 15:00:00,2.204,0.43388373911755823,-0.900968867902419
2025-02-06 15:15:00,2.796,0.43388373911755823,-0.900968867902419
2025-02-06 15:30:00,2.832,0.43388373911755823,-0.900968867902419
2025-02-06 15:45:00,1.112,0.43388373911755823,-0.900968867902419
2025-02-06 16:00:00,0.504,0.43388373911755823,-0.900968867902419
2025-02-06 16:15:00,0.596,0.43388373911755823,-0.900968867902419
2025-02-06 16:30:00,1.344,0.43388373911755823,-0.900968867902419
2025-02-06 16:45:00,1.204,0.43388373911755823,-0.900968867902419
2025-02-06 17:00:00,1.144,0.43388373911755823,-0.900968867902419
2025-02-06 17:15:00,1.716,0.43388373911755823,-0.900968867902419
2025-02-06 17:30:00,1.144,0.43388373911755823,-0.900968867902419
2025-02-06 17:45:00,0.3,0.43388373911755823,-0.900968867902419
2025-02-06 18:00:00,0.38,0.43388373911755823,-0.900968867902419
2025-02-06 18:15:00,1.084,0.43388373911755823,-0.900968867902419
2025-02-06 18:30:00,1.124,0.43388373911755823,-0.900968867902419
2025-02-06 18:45:00,0.66,0.43388373911755823,-0.900968867902419
2025-02-06 19:00:00,0.684,0.43388373911755823,-0.900968867902419
2025-02-06 19:15:00,1.152,0.43388373911755823,-0.900968867902419
2025-02-06 19:30:00,1.212,0.43388373911755823,-0.900968867902419
2025-02-06 19:45:00,1.368,0.43388373911755823,-0.900968867902419
2025-02-06 20:00:00,2.728,0.43388373911755823,-0.900968867902419
2025-02-06 20:15:00,0.924,0.43388373911755823,-0.900968867902419
2025-02-06 20:30:00,0.652,0.43388373911755823,-0.900968867902419
2025-02-06 20:45:00,1.672,0.43388373911755823,-0.900968867902419
2025-02-06 21:00:00,1.108,0.43388373911755823,-0.900968867902419
2025-02-06 21:15:00,0.744,0.43388373911755823,-0.900968867902419
2025-02-06 21:30:00,0.78,0.43388373911755823,-0.900968867902419
2025-02-06 21:45:00,0.776,0.43388373911755823,-0.900968867902419
2025-02-06 22:00:00,0.804,0.43388373911755823,-0.900968867902419
2025-02-06 22:15:00,0.868,0.43388373911755823,-0.900968867902419
2025-02-06 22:30:00,0.756,0.43388373911755823,-0.900968867902419
2025-02-06 22:45:00,0.612,0.43388373911755823,-0.900968867902419
2025-02-06 23:00:00,1.088,0.43388373911755823,-0.900968867902419
2025-02-06 23:15:00,1.664,0.43388373911755823,-0.900968867902419
2025-02-06 23:30:00,1.544,0.43388373911755823,-0.900968867902419
2025-02-06 23:45:00,0.752,0.43388373911755823,-0.900968867902419
2025-02-07 00:00:00,0.588,-0.433883739117558,-0.9009688679024191
2025-02-07 00:15:00,0.528,-0.433883739117558,-0.9009688679024191
2025-02-07 00:30:00,0.376,-0.433883739117558,-0.9009688679024191
2025-02-07 00:45:00,0.312,-0.433883739117558,-0.9009688679024191
2025-02-07 01:00:00,0.344,-0.433883739117558,-0.9009688679024191
2025-02-07 01:15:00,0.336,-0.433883739117558,-0.9009688679024191
2025-02-07 01:30:00,0.308,-0.433883739117558,-0.9009688679024191
2025-02-07 01:45:00,0.28,-0.433883739117558,-0.9009688679024191
2025-02-07 02:00:00,0.264,-0.433883739117558,-0.9009688679024191
2025-02-07 02:15:00,0.26,-0.433883739117558,-0.9009688679024191
2025-02-07 02:30:00,0.324,-0.433883739117558,-0.9009688679024191
2025-02-07 02:45:00,0.336,-0.433883739117558,-0.9009688679024191
2025-02-07 03:00:00,0.384,-0.433883739117558,-0.9009688679024191
2025-02-07 03:15:00,0.44,-0.433883739117558,-0.9009688679024191
2025-02-07 03:30:00,0.428,-0.433883739117558,-0.9009688679024191
2025-02-07 03:45:00,0.384,-0.433883739117558,-0.9009688679024191
2025-02-07 04:00:00,0.304,-0.433883739117558,-0.9009688679024191
2025-02-07 04:15:00,0.264,-0.433883739117558,-0.9009688679024191
2025-02-07 04:30:00,0.256,-0.433883739117558,-0.9009688679024191
2025-02-07 04:45:00,0.176,-0.433883739117558,-0.9009688679024191
2025-02-07 05:00:00,0.296,-0.433883739117558,-0.9009688679024191
2025-02-07 05:15:00,0.292,-0.433883739117558,-0.9009688679024191
2025-02-07 05:30:00,0.288,-0.433883739117558,-0.9009688679024191
2025-02-07 05:45:00,0.28,-0.433883739117558,-0.9009688679024191
2025-02-07 06:00:00,0.204,-0.433883739117558,-0.9009688679024191
2025-02-07 06:15:00,0.2,-0.433883739117558,-0.9009688679024191
2025-02-07 06:30:00,0.204,-0.433883739117558,-0.9009688679024191
2025-02-07 06:45:00,0.172,-0.433883739117558,-0.9009688679024191
2025-02-07 07:00:00,1.124,-0.433883739117558,-0.9009688679024191
2025-02-07 07:15:00,2.0,-0.433883739117558,-0.9009688679024191
2025-02-07 07:30:00,1.924,-0.433883739117558,-0.9009688679024191
2025-02-07 07:45:00,0.536,-0.433883739117558,-0.9009688679024191
2025-02-07 08:00:00,1.396,-0.433883739117558,-0.9009688679024191
2025-02-07 08:15:00,1.912,-0.433883739117558,-0.9009688679024191
2025-02-07 08:30:00,1.128,-0.433883739117558,-0.9009688679024191
2025-02-07 08:45:00,1.596,-0.433883739117558,-0.9009688679024191
2025-02-07 09:00:00,0.448,-0.433883739117558,-0.9009688679024191
2025-02-07 09:15:00,0.456,-0.433883739117558,-0.9009688679024191
2025-02-07 09:30:00,0.44,-0.433883739117558,-0.9009688679024191
2025-02-07 09:45:00,0.436,-0.433883739117558,-0.9009688679024191
2025-02-07 10:00:00,0.44,-0.433883739117558,-0.9009688679024191
2025-02-07 10:15:00,1.356,-0.433883739117558,-0.9009688679024191
2025-02-07 10:30:00,1.528,-0.433883739117558,-0.9009688679024191
2025-02-07 10:45:00,1.472,-0.433883739117558,-0.9009688679024191
2025-02-07 11:00:00,1.528,-0.433883739117558,-0.9009688679024191
2025-02-07 11:15:00,1.468,-0.433883739117558,-0.9009688679024191
2025-02-07 11:30:00,1.352,-0.433883739117558,-0.9009688679024191
2025-02-07 11:45:00,1.332,-0.433883739117558,-0.9009688679024191
2025-02-07 12:00:00,1.348,-0.433883739117558,-0.9009688679024191
2025-02-07 12:15:00,1.62,-0.433883739117558,-0.9009688679024191
2025-02-07 12:30:00,2.812,-0.433883739117558,-0.9009688679024191
2025-02-07 12:45:00,1.508,-0.433883739117558,-0.9009688679024191
2025-02-07 13:00:00,1.472,-0.433883739117558,-0.9009688679024191
2025-02-07 13:15:00,1.9,-0.433883739117558,-0.9009688679024191
2025-02-07 13:30:00,2.368,-0.433883739117558,-0.9009688679024191
2025-02-07 13:45:00,3.7,-0.433883739117558,-0.9009688679024191
2025-02-07 14:00:00,3.936,-0.433883739117558,-0.9009688679024191
2025-02-07 14:15:00,3.716,-0.433883739117558,-0.9009688679024191
2025-02-07 14:30:00,3.352,-0.433883739117558,-0.9009688679024191
2025-02-07 14:45:00,1.76,-0.433883739117558,-0.9009688679024191
2025-02-07 15:00:00,1.828,-0.433883739117558,-0.9009688679024191
2025-02-07 15:15:00,2.656,-0.433883739117558,-0.9009688679024191
2025-02-07 15:30:00,1.98,-0.433883739117558,-0.9009688679024191
2025-02-07 15:45:00,1.436,-0.433883739117558,-0.9009688679024191
2025-02-07 16:00:00,1.74,-0.433883739117558,-0.9009688679024191
2025-02-07 16:15:00,2.16,-0.433883739117558,-0.9009688679024191
2025-02-07 16:30:00,0.996,-0.433883739117558,-0.9009688679024191
2025-02-07 16:45:00,0.456,-0.433883739117558,-0.9009688679024191
2025-02-07 17:00:00,0.968,-0.433883739117558,-0.9009688679024191
2025-02-07 17:15:00,1.428,-0.433883739117558,-0.9009688679024191
2025-02-07 17:30:00,0.808,-0.433883739117558,-0.9009688679024191
2025-02-07 17:45:00,0.52,-0.433883739117558,-0.9009688679024191
2025-02-07 18:00:00,0.18,-0.433883739117558,-0.9009688679024191
2025-02-07 18:15:00,0.212,-0.433883739117558,-0.9009688679024191
2025-02-07 18:30:00,0.196,-0.433883739117558,-0.9009688679024191
2025-02-07 18:45:00,0.336,-0.433883739117558,-0.9009688679024191
2025-02-07 19:00:00,0.332,-0.433883739117558,-0.9009688679024191
2025-02-07 19:15:00,0.336,-0.433883739117558,-0.9009688679024191
2025-02-07 19:30:00,0.26,-0.433883739117558,-0.9009688679024191
2025-02-07 19:45:00,0.284,-0.433883739117558,-0.9009688679024191
2025-02-07 20:00:00,0.368,-0.433883739117558,-0.9009688679024191
2025-02-07 20:15:00,0.456,-0.433883739117558,-0.9009688679024191
2025-02-07 20:30:00,1.876,-0.433883739117558,-0.9009688679024191
2025-02-07 20:45:00,2.236,-0.433883739117558,-0.9009688679024191
2025-02-07 21:00:00,0.716,-0.433883739117558,-0.9009688679024191
2025-02-07 21:15:00,1.044,-0.433883739117558,-0.9009688679024191
2025-02-07 21:30:00,0.948,-0.433883739117558,-0.9009688679024191
2025-02-07 21:45:00,0.848,-0.433883739117558,-0.9009688679024191
2025-02-07 22:00:00,0.668,-0.433883739117558,-0.9009688679024191
2025-02-07 22:15:00,0.92,-0.433883739117558,-0.9009688679024191
2025-02-07 22:30:00,0.788,-0.433883739117558,-0.9009688679024191
2025-02-07 22:45:00,0.596,-0.433883739117558,-0.9009688679024191
2025-02-07 23:00:00,0.656,-0.433883739117558,-0.9009688679024191
2025-02-07 23:15:00,0.584,-0.433883739117558,-0.9009688679024191
2025-02-07 23:30:00,0.48,-0.433883739117558,-0.9009688679024191
2025-02-07 23:45:00,0.696,-0.433883739117558,-0.9009688679024191
2025-02-08 00:00:00,0.668,-0.9749279121818236,-0.2225209339563146
2025-02-08 00:15:00,0.596,-0.9749279121818236,-0.2225209339563146
2025-02-08 00:30:00,0.868,-0.9749279121818236,-0.2225209339563146
2025-02-08 00:45:00,0.696,-0.9749279121818236,-0.2225209339563146
2025-02-08 01:00:00,0.508,-0.9749279121818236,-0.2225209339563146
2025-02-08 01:15:00,0.712,-0.9749279121818236,-0.2225209339563146
2025-02-08 01:30:00,0.596,-0.9749279121818236,-0.2225209339563146
2025-02-08 01:45:00,0.448,-0.9749279121818236,-0.2225209339563146
2025-02-08 02:00:00,0.68,-0.9749279121818236,-0.2225209339563146
2025-02-08 02:15:00,0.692,-0.9749279121818236,-0.2225209339563146
2025-02-08 02:30:00,0.396,-0.9749279121818236,-0.2225209339563146
2025-02-08 02:45:00,0.596,-0.9749279121818236,-0.2225209339563146
2025-02-08 03:00:00,0.712,-0.9749279121818236,-0.2225209339563146
2025-02-08 03:15:00,0.432,-0.9749279121818236,-0.2225209339563146
2025-02-08 03:30:00,0.464,-0.9749279121818236,-0.2225209339563146
2025-02-08 03:45:00,0.724,-0.9749279121818236,-0.2225209339563146
2025-02-08 04:00:00,0.432,-0.9749279121818236,-0.2225209339563146
2025-02-08 04:15:00,0.436,-0.9749279121818236,-0.2225209339563146
2025-02-08 04:30:00,0.66,-0.9749279121818236,-0.2225209339563146
2025-02-08 04:45:00,0.364,-0.9749279121818236,-0.2225209339563146
2025-02-08 05:00:00,1.808,-0.9749279121818236,-0.2225209339563146
2025-02-08 05:15:00,1.468,-0.9749279121818236,-0.2225209339563146
2025-02-08 05:30:00,1.372,-0.9749279121818236,-0.2225209339563146
2025-02-08 05:45:00,1.256,-0.9749279121818236,-0.2225209339563146
2025-02-08 06:00:00,0.676,-0.9749279121818236,-0.2225209339563146
2025-02-08 06:15:00,0.42,-0.9749279121818236,-0.2225209339563146
2025-02-08 06:30:00,0.36,-0.9749279121818236,-0.2225209339563146
2025-02-08 06:45:00,0.612,-0.9749279121818236,-0.2225209339563146
2025-02-08 07:00:00,0.372,-0.9749279121818236,-0.2225209339563146
2025-02-08 07:15:00,0.304,-0.9749279121818236,-0.2225209339563146
2025-02-08 07:30:00,0.532,-0.9749279121818236,-0.2225209339563146
2025-02-08 07:45:00,0.456,-0.9749279121818236,-0.2225209339563146
2025-02-08 08:00:00,0.252,-0.9749279121818236,-0.2225209339563146
2025-02-08 08:15:00,0.52,-0.9749279121818236,-0.2225209339563146
2025-02-08 08:30:00,0.464,-0.9749279121818236,-0.2225209339563146
2025-02-08 08:45:00,0.304,-0.9749279121818236,-0.2225209339563146
2025-02-08 09:00:00,0.436,-0.9749279121818236,-0.2225209339563146
2025-02-08 09:15:00,1.352,-0.9749279121818236,-0.2225209339563146
2025-02-08 09:30:00,1.656,-0.9749279121818236,-0.2225209339563146
2025-02-08 09:45:00,0.528,-0.9749279121818236,-0.2225209339563146
2025-02-08 10:00:00,0.46,-0.9749279121818236,-0.2225209339563146
2025-02-08 10:15:00,0.212,-0.9749279121818236,-0.2225209339563146
2025-02-08 10:30:00,0.28,-0.9749279121818236,-0.2225209339563146
2025-02-08 10:45:00,0.404,-0.9749279121818236,-0.2225209339563146
2025-02-08 11:00:00,0.184,-0.9749279121818236,-0.2225209339563146
2025-02-08 11:15:00,0.28,-0.9749279121818236,-0.2225209339563146
2025-02-08 11:30:00,0.432,-0.9749279121818236,-0.2225209339563146
2025-02-08 11:45:00,0.192,-0.9749279121818236,-0.2225209339563146
2025-02-08 12:00:00,0.22,-0.9749279121818236,-0.2225209339563146
2025-02-08 12:15:00,0.484,-0.9749279121818236,-0.2225209339563146
2025-02-08 12:30:00,0.176,-0.9749279121818236,-0.2225209339563146
2025-02-08 12:45:00,0.196,-0.9749279121818236,-0.2225209339563146
2025-02-08 13:00:00,0.528,-0.9749279121818236,-0.2225209339563146
2025-02-08 13:15:00,0.164,-0.9749279121818236,-0.2225209339563146
2025-02-08 13:30:00,0.256,-0.9749279121818236,-0.2225209339563146
2025-02-08 13:45:00,0.592,-0.9749279121818236,-0.2225209339563146
2025-02-08 14:00:00,0.24,-0.9749279121818236,-0.2225209339563146
2025-02-08 14:15:00,0.184,-0.9749279121818236,-0.2225209339563146
2025-02-08 14:30:00,0.528,-0.9749279121818236,-0.2225209339563146
2025-02-08 14:45:00,0.192,-0.9749279121818236,-0.2225209339563146
2025-02-08 15:00:00,0.16,-0.9749279121818236,-0.2225209339563146
2025-02-08 15:15:00,0.508,-0.9749279121818236,-0.2225209339563146
2025-02-08 15:30:00,0.236,-0.9749279121818236,-0.2225209339563146
2025-02-08 15:45:00,0.18,-0.9749279121818236,-0.2225209339563146
2025-02-08 16:00:00,0.472,-0.9749279121818236,-0.2225209339563146
2025-02-08 16:15:00,0.328,-0.9749279121818236,-0.2225209339563146
2025-02-08 16:30:00,0.2,-0.9749279121818236,-0.2225209339563146
2025-02-08 16:45:00,1.316,-0.9749279121818236,-0.2225209339563146
2025-02-08 17:00:00,1.78,-0.9749279121818236,-0.2225209339563146
2025-02-08 17:15:00,1.664,-0.9749279121818236,-0.2225209339563146
2025-02-08 17:30:00,1.592,-0.9749279121818236,-0.2225209339563146
2025-02-08 17:45:00,1.82,-0.9749279121818236,-0.2225209339563146
2025-02-08 18:00:00,1.32,-0.9749279121818236,-0.2225209339563146
2025-02-08 18:15:00,0.376,-0.9749279121818236,-0.2225209339563146
2025-02-08 18:30:00,0.344,-0.9749279121818236,-0.2225209339563146
2025-02-08 18:45:00,0.18,-0.9749279121818236,-0.2225209339563146
2025-02-08 19:00:00,0.344,-0.9749279121818236,-0.2225209339563146
2025-02-08 19:15:00,0.384,-0.9749279121818236,-0.2225209339563146
2025-02-08 19:30:00,0.16,-0.9749279121818236,-0.2225209339563146
2025-02-08 19:45:00,0.36,-0.9749279121818236,-0.2225209339563146
2025-02-08 20:00:00,0.892,-0.9749279121818236,-0.2225209339563146
2025-02-08 20:15:00,2.176,-0.9749279121818236,-0.2225209339563146
2025-02-08 20:30:00,1.684,-0.9749279121818236,-0.2225209339563146
2025-02-08 20:45:00,0.808,-0.9749279121818236,-0.2225209339563146
2025-02-08 21:00:00,0.396,-0.9749279121818236,-0.2225209339563146
2025-02-08 21:15:00,0.396,-0.9749279121818236,-0.2225209339563146
2025-02-08 21:30:00,0.672,-0.9749279121818236,-0.2225209339563146
2025-02-08 21:45:00,0.452,-0.9749279121818236,-0.2225209339563146
2025-02-08 22:00:00,0.492,-0.9749279121818236,-0.2225209339563146
2025-02-08 22:15:00,0.792,-0.9749279121818236,-0.2225209339563146
2025-02-08 22:30:00,0.424,-0.9749279121818236,-0.2225209339563146
2025-02-08 22:45:00,0.448,-0.9749279121818236,-0.2225209339563146
2025-02-08 23:00:00,0.788,-0.9749279121818236,-0.2225209339563146
2025-02-08 23:15:00,0.604,-0.9749279121818236,-0.2225209339563146
2025-02-08 23:30:00,0.608,-0.9749279121818236,-0.2225209339563146
2025-02-08 23:45:00,0.944,-0.9749279121818236,-0.2225209339563146
2025-02-09 00:00:00,0.66,-0.7818314824680299,0.6234898018587334
2025-02-09 00:15:00,0.652,-0.7818314824680299,0.6234898018587334
2025-02-09 00:30:00,0.94,-0.7818314824680299,0.6234898018587334
2025-02-09 00:45:00,0.696,-0.7818314824680299,0.6234898018587334
2025-02-09 01:00:00,0.432,-0.7818314824680299,0.6234898018587334
2025-02-09 01:15:00,0.684,-0.7818314824680299,0.6234898018587334
2025-02-09 01:30:00,0.648,-0.7818314824680299,0.6234898018587334
2025-02-09 01:45:00,0.46,-0.7818314824680299,0.6234898018587334
2025-02-09 02:00:00,0.624,-0.7818314824680299,0.6234898018587334
2025-02-09 02:15:00,0.564,-0.7818314824680299,0.6234898018587334
2025-02-09 02:30:00,0.4,-0.7818314824680299,0.6234898018587334
2025-02-09 02:45:00,0.48,-0.7818314824680299,0.6234898018587334
2025-02-09 03:00:00,0.572,-0.7818314824680299,0.6234898018587334
2025-02-09 03:15:00,0.348,-0.7818314824680299,0.6234898018587334
2025-02-09 03:30:00,0.412,-0.7818314824680299,0.6234898018587334
2025-02-09 03:45:00,0.528,-0.7818314824680299,0.6234898018587334
2025-02-09 04:00:00,0.304,-0.7818314824680299,0.6234898018587334
2025-02-09 04:15:00,0.372,-0.7818314824680299,0.6234898018587334
2025-02-09 04:30:00,0.528,-0.7818314824680299,0.6234898018587334
2025-02-09 04:45:00,0.224,-0.7818314824680299,0.6234898018587334
2025-02-09 05:00:00,0.252,-0.7818314824680299,0.6234898018587334
2025-02-09 05:15:00,0.616,-0.7818314824680299,0.6234898018587334
2025-02-09 05:30:00,0.3,-0.7818314824680299,0.6234898018587334
2025-02-09 05:45:00,0.288,-0.7818314824680299,0.6234898018587334
2025-02-09 06:00:00,0.576,-0.7818314824680299,0.6234898018587334
2025-02-09 06:15:00,0.288,-0.7818314824680299,0.6234898018587334
2025-02-09 06:30:00,0.264,-0.7818314824680299,0.6234898018587334
2025-02-09 06:45:00,0.568,-0.7818314824680299,0.6234898018587334
2025-02-09 07:00:00,0.324,-0.7818314824680299,0.6234898018587334
2025-02-09 07:15:00,0.28,-0.7818314824680299,0.6234898018587334
2025-02-09 07:30:00,0.528,-0.7818314824680299,0.6234898018587334
2025-02-09 07:45:00,0.36,-0.7818314824680299,0.6234898018587334
2025-02-09 08:00:00,0.268,-0.7818314824680299,0.6234898018587334
2025-02-09 08:15:00,0.444,-0.7818314824680299,0.6234898018587334
2025-02-09 08:30:00,0.392,-0.7818314824680299,0.6234898018587334
2025-02-09 08:45:00,0.264,-0.7818314824680299,0.6234898018587334
2025-02-09 09:00:00,0.436,-0.7818314824680299,0.6234898018587334
2025-02-09 09:15:00,0.464,-0.7818314824680299,0.6234898018587334
2025-02-09 09:30:00,0.26,-0.7818314824680299,0.6234898018587334
2025-02-09 09:45:00,0.428,-0.7818314824680299,0.6234898018587334
2025-02-09 10:00:00,0.488,-0.7818314824680299,0.6234898018587334
2025-02-09 10:15:00,0.244,-0.7818314824680299,0.6234898018587334
2025-02-09 10:30:00,1.496,-0.7818314824680299,0.6234898018587334
2025-02-09 10:45:00,1.5,-0.7818314824680299,0.6234898018587334
2025-02-09 11:00:00,0.324,-0.7818314824680299,0.6234898018587334
2025-02-09 11:15:00,0.292,-0.7818314824680299,0.6234898018587334
2025-02-09 11:30:00,0.516,-0.7818314824680299,0.6234898018587334
2025-02-09 11:45:00,0.348,-0.7818314824680299,0.6234898018587334
2025-02-09 12:00:00,0.376,-0.7818314824680299,0.6234898018587334
2025-02-09 12:15:00,0.504,-0.7818314824680299,0.6234898018587334
2025-02-09 12:30:00,0.22,-0.7818314824680299,0.6234898018587334
2025-02-09 12:45:00,0.26,-0.7818314824680299,0.6234898018587334
2025-02-09 13:00:00,0.508,-0.7818314824680299,0.6234898018587334
2025-02-09 13:15:00,1.236,-0.7818314824680299,0.6234898018587334
2025-02-09 13:30:00,1.64,-0.7818314824680299,0.6234898018587334
2025-02-09 13:45:00,0.904,-0.7818314824680299,0.6234898018587334
2025-02-09 14:00:00,1.216,-0.7818314824680299,0.6234898018587334
2025-02-09 14:15:00,4.624,-0.7818314824680299,0.6234898018587334
2025-02-09 14:30:00,3.76,-0.7818314824680299,0.6234898018587334
2025-02-09 14:45:00,2.252,-0.7818314824680299,0.6234898018587334
2025-02-09 15:00:00,3.412,-0.7818314824680299,0.6234898018587334
2025-02-09 15:15:00,1.912,-0.7818314824680299,0.6234898018587334
2025-02-09 15:30:00,2.28,-0.7818314824680299,0.6234898018587334
2025-02-09 15:45:00,0.98,-0.7818314824680299,0.6234898018587334
2025-02-09 16:00:00,0.964,-0.7818314824680299,0.6234898018587334
2025-02-09 16:15:00,2.092,-0.7818314824680299,0.6234898018587334
2025-02-09 16:30:00,0.776,-0.7818314824680299,0.6234898018587334
2025-02-09 16:45:00,1.668,-0.7818314824680299,0.6234898018587334
2025-02-09 17:00:00,2.804,-0.7818314824680299,0.6234898018587334
2025-02-09 17:15:00,1.472,-0.7818314824680299,0.6234898018587334
2025-02-09 17:30:00,2.144,-0.7818314824680299,0.6234898018587334
2025-02-09 17:45:00,0.84,-0.7818314824680299,0.6234898018587334
2025-02-09 18:00:00,0.592,-0.7818314824680299,0.6234898018587334
2025-02-09 18:15:00,0.536,-0.7818314824680299,0.6234898018587334
2025-02-09 18:30:00,1.044,-0.7818314824680299,0.6234898018587334
2025-02-09 18:45:00,0.6,-0.7818314824680299,0.6234898018587334
2025-02-09 19:00:00,1.844,-0.7818314824680299,0.6234898018587334
2025-02-09 19:15:00,1.624,-0.7818314824680299,0.6234898018587334
2025-02-09 19:30:00,2.232,-0.7818314824680299,0.6234898018587334
2025-02-09 19:45:00,2.164,-0.7818314824680299,0.6234898018587334
2025-02-09 20:00:00,2.524,-0.7818314824680299,0.6234898018587334
2025-02-09 20:15:00,2.208,-0.7818314824680299,0.6234898018587334
2025-02-09 20:30:00,1.384,-0.7818314824680299,0.6234898018587334
2025-02-09 20:45:00,1.152,-0.7818314824680299,0.6234898018587334
2025-02-09 21:00:00,0.584,-0.7818314824680299,0.6234898018587334
2025-02-09 21:15:00,0.744,-0.7818314824680299,0.6234898018587334
2025-02-09 21:30:00,1.024,-0.7818314824680299,0.6234898018587334
2025-02-09 21:45:00,0.604,-0.7818314824680299,0.6234898018587334
2025-02-09 22:00:00,0.356,-0.7818314824680299,0.6234898018587334
2025-02-09 22:15:00,0.632,-0.7818314824680299,0.6234898018587334
2025-02-09 22:30:00,0.612,-0.7818314824680299,0.6234898018587334
2025-02-09 22:45:00,0.668,-0.7818314824680299,0.6234898018587334
2025-02-09 23:00:00,0.852,-0.7818314824680299,0.6234898018587334
2025-02-09 23:15:00,1.364,-0.7818314824680299,0.6234898018587334
2025-02-09 23:30:00,0.952,-0.7818314824680299,0.6234898018587334
2025-02-09 23:45:00,0.944,-0.7818314824680299,0.6234898018587334
2025-02-10 00:00:00,0.744,0.0,1.0
2025-02-10 00:15:00,0.788,0.0,1.0
2025-02-10 00:30:00,0.628,0.0,1.0
2025-02-10 00:45:00,2.264,0.0,1.0
2025-02-10 01:00:00,0.84,0.0,1.0
2025-02-10 01:15:00,1.54,0.0,1.0
2025-02-10 01:30:00,0.556,0.0,1.0
2025-02-10 01:45:00,0.596,0.0,1.0
2025-02-10 02:00:00,0.408,0.0,1.0
2025-02-10 02:15:00,0.34,0.0,1.0
2025-02-10 02:30:00,1.092,0.0,1.0
2025-02-10 02:45:00,1.216,0.0,1.0
2025-02-10 03:00:00,0.492,0.0,1.0
2025-02-10 03:15:00,0.276,0.0,1.0
2025-02-10 03:30:00,0.34,0.0,1.0
2025-02-10 03:45:00,0.356,0.0,1.0
2025-02-10 04:00:00,0.284,0.0,1.0
2025-02-10 04:15:00,0.284,0.0,1.0
2025-02-10 04:30:00,0.336,0.0,1.0
2025-02-10 04:45:00,0.312,0.0,1.0
2025-02-10 05:00:00,0.18,0.0,1.0
2025-02-10 05:15:00,0.236,0.0,1.0
2025-02-10 05:30:00,0.256,0.0,1.0
2025-02-10 05:45:00,0.164,0.0,1.0
2025-02-10 06:00:00,0.22,0.0,1.0
2025-02-10 06:15:00,0.256,0.0,1.0
2025-02-10 06:30:00,0.172,0.0,1.0
2025-02-10 06:45:00,0.204,0.0,1.0
2025-02-10 07:00:00,1.272,0.0,1.0
2025-02-10 07:15:00,0.324,0.0,1.0
2025-02-10 07:30:00,0.232,0.0,1.0
2025-02-10 07:45:00,0.24,0.0,1.0
2025-02-10 08:00:00,0.288,0.0,1.0
2025-02-10 08:15:00,0.308,0.0,1.0
2025-02-10 08:30:00,0.22,0.0,1.0
2025-02-10 08:45:00,0.292,0.0,1.0
2025-02-10 09:00:00,0.34,0.0,1.0
2025-02-10 09:15:00,0.276,0.0,1.0
2025-02-10 09:30:00,0.304,0.0,1.0
2025-02-10 09:45:00,0.264,0.0,1.0
2025-02-10 10:00:00,0.792,0.0,1.0
2025-02-10 10:15:00,0.696,0.0,1.0
2025-02-10 10:30:00,0.408,0.0,1.0
2025-02-10 10:45:00,0.352,0.0,1.0
2025-02-10 11:00:00,0.352,0.0,1.0
2025-02-10 11:15:00,0.376,0.0,1.0
2025-02-10 11:30:00,0.44,0.0,1.0
2025-02-10 11:45:00,0.396,0.0,1.0
2025-02-10 12:00:00,0.348,0.0,1.0
2025-02-10 12:15:00,0.376,0.0,1.0
2025-02-10 12:30:00,0.384,0.0,1.0
2025-02-10 12:45:00,0.404,0.0,1.0
2025-02-10 13:00:00,0.368,0.0,1.0
2025-02-10 13:15:00,0.768,0.0,1.0
2025-02-10 13:30:00,1.292,0.0,1.0
2025-02-10 13:45:00,0.572,0.0,1.0
2025-02-10 14:00:00,0.384,0.0,1.0
2025-02-10 14:15:00,0.236,0.0,1.0
2025-02-10 14:30:00,0.312,0.0,1.0
2025-02-10 14:45:00,0.332,0.0,1.0
2025-02-10 15:00:00,0.284,0.0,1.0
2025-02-10 15:15:00,0.336,0.0,1.0
2025-02-10 15:30:00,0.312,0.0,1.0
2025-02-10 15:45:00,0.432,0.0,1.0
2025-02-10 16:00:00,0.496,0.0,1.0
2025-02-10 16:15:00,0.424,0.0,1.0
2025-02-10 16:30:00,0.376,0.0,1.0
2025-02-10 16:45:00,0.308,0.0,1.0
2025-02-10 17:00:00,0.432,0.0,1.0
2025-02-10 17:15:00,0.2,0.0,1.0
2025-02-10 17:30:00,0.224,0.0,1.0
2025-02-10 17:45:00,0.256,0.0,1.0
2025-02-10 18:00:00,0.264,0.0,1.0
2025-02-10 18:15:00,0.244,0.0,1.0
2025-02-10 18:30:00,0.196,0.0,1.0
2025-02-10 18:45:00,0.168,0.0,1.0
2025-02-10 19:00:00,0.184,0.0,1.0
2025-02-10 19:15:00,0.34,0.0,1.0
2025-02-10 19:30:00,0.376,0.0,1.0
2025-02-10 19:45:00,0.972,0.0,1.0
2025-02-10 20:00:00,2.648,0.0,1.0
2025-02-10 20:15:00,0.856,0.0,1.0
2025-02-10 20:30:00,0.636,0.0,1.0
2025-02-10 20:45:00,0.74,0.0,1.0
2025-02-10 21:00:00,0.716,0.0,1.0
2025-02-10 21:15:00,0.656,0.0,1.0
2025-02-10 21:30:00,0.716,0.0,1.0
2025-02-10 21:45:00,0.724,0.0,1.0
2025-02-10 22:00:00,0.76,0.0,1.0
2025-02-10 22:15:00,0.76,0.0,1.0
2025-02-10 22:30:00,0.692,0.0,1.0
2025-02-10 22:45:00,0.6,0.0,1.0
2025-02-10 23:00:00,0.528,0.0,1.0
2025-02-10 23:15:00,0.564,0.0,1.0
2025-02-10 23:30:00,0.56,0.0,1.0
2025-02-10 23:45:00,0.496,0.0,1.0
2025-02-11 00:00:00,0.7,0.7818314824680298,0.6234898018587336
2025-02-11 00:15:00,0.752,0.7818314824680298,0.6234898018587336
2025-02-11 00:30:00,0.736,0.7818314824680298,0.6234898018587336
2025-02-11 00:45:00,0.692,0.7818314824680298,0.6234898018587336
2025-02-11 01:00:00,0.648,0.7818314824680298,0.6234898018587336
2025-02-11 01:15:00,0.712,0.7818314824680298,0.6234898018587336
2025-02-11 01:30:00,0.568,0.7818314824680298,0.6234898018587336
2025-02-11 01:45:00,0.952,0.7818314824680298,0.6234898018587336
2025-02-11 02:00:00,2.04,0.7818314824680298,0.6234898018587336
2025-02-11 02:15:00,0.86,0.7818314824680298,0.6234898018587336
2025-02-11 02:30:00,1.688,0.7818314824680298,0.6234898018587336
2025-02-11 02:45:00,0.376,0.7818314824680298,0.6234898018587336
2025-02-11 03:00:00,0.336,0.7818314824680298,0.6234898018587336
2025-02-11 03:15:00,0.352,0.7818314824680298,0.6234898018587336
2025-02-11 03:30:00,1.444,0.7818314824680298,0.6234898018587336
2025-02-11 03:45:00,0.888,0.7818314824680298,0.6234898018587336
2025-02-11 04:00:00,0.408,0.7818314824680298,0.6234898018587336
2025-02-11 04:15:00,0.324,0.7818314824680298,0.6234898018587336
2025-02-11 04:30:00,0.276,0.7818314824680298,0.6234898018587336
2025-02-11 04:45:00,0.252,0.7818314824680298,0.6234898018587336
2025-02-11 05:00:00,0.208,0.7818314824680298,0.6234898018587336
2025-02-11 05:15:00,0.192,0.7818314824680298,0.6234898018587336
2025-02-11 05:30:00,0.252,0.7818314824680298,0.6234898018587336
2025-02-11 05:45:00,0.196,0.7818314824680298,0.6234898018587336
2025-02-11 06:00:00,0.192,0.7818314824680298,0.6234898018587336
2025-02-11 06:15:00,1.736,0.7818314824680298,0.6234898018587336
2025-02-11 06:30:00,1.868,0.7818314824680298,0.6234898018587336
2025-02-11 06:45:00,0.616,0.7818314824680298,0.6234898018587336
2025-02-11 07:00:00,0.944,0.7818314824680298,0.6234898018587336
2025-02-11 07:15:00,0.696,0.7818314824680298,0.6234898018587336
2025-02-11 07:30:00,0.24,0.7818314824680298,0.6234898018587336
2025-02-11 07:45:00,0.184,0.7818314824680298,0.6234898018587336
2025-02-11 08:00:00,0.164,0.7818314824680298,0.6234898018587336
2025-02-11 08:15:00,0.16,0.7818314824680298,0.6234898018587336
2025-02-11 08:30:00,0.18,0.7818314824680298,0.6234898018587336
2025-02-11 08:45:00,0.184,0.7818314824680298,0.6234898018587336
2025-02-11 09:00:00,0.16,0.7818314824680298,0.6234898018587336
2025-02-11 09:15:00,0.204,0.7818314824680298,0.6234898018587336
2025-02-11 09:30:00,0.18,0.7818314824680298,0.6234898018587336
2025-02-11 09:45:00,0.168,0.7818314824680298,0.6234898018587336
2025-02-11 10:00:00,0.196,0.7818314824680298,0.6234898018587336
2025-02-11 10:15:00,0.164,0.7818314824680298,0.6234898018587336
2025-02-11 10:30:00,0.2,0.7818314824680298,0.6234898018587336
2025-02-11 10:45:00,0.244,0.7818314824680298,0.6234898018587336
2025-02-11 11:00:00,0.348,0.7818314824680298,0.6234898018587336
2025-02-11 11:15:00,0.324,0.7818314824680298,0.6234898018587336
2025-02-11 11:30:00,0.216,0.7818314824680298,0.6234898018587336
2025-02-11 11:45:00,0.224,0.7818314824680298,0.6234898018587336
2025-02-11 12:00:00,0.212,0.7818314824680298,0.6234898018587336
2025-02-11 12:15:00,0.164,0.7818314824680298,0.6234898018587336
2025-02-11 12:30:00,0.176,0.7818314824680298,0.6234898018587336
2025-02-11 12:45:00,1.58,0.7818314824680298,0.6234898018587336
2025-02-11 13:00:00,1.596,0.7818314824680298,0.6234898018587336
2025-02-11 13:15:00,0.912,0.7818314824680298,0.6234898018587336
2025-02-11 13:30:00,0.844,0.7818314824680298,0.6234898018587336
2025-02-11 13:45:00,1.156,0.7818314824680298,0.6234898018587336
2025-02-11 14:00:00,1.18,0.7818314824680298,0.6234898018587336
2025-02-11 14:15:00,1.148,0.7818314824680298,0.6234898018587336
2025-02-11 14:30:00,1.156,0.7818314824680298,0.6234898018587336
2025-02-11 14:45:00,1.08,0.7818314824680298,0.6234898018587336
2025-02-11 15:00:00,0.348,0.7818314824680298,0.6234898018587336
2025-02-11 15:15:00,0.284,0.7818314824680298,0.6234898018587336
2025-02-11 15:30:00,0.268,0.7818314824680298,0.6234898018587336
2025-02-11 15:45:00,0.416,0.7818314824680298,0.6234898018587336
2025-02-11 16:00:00,0.18,0.7818314824680298,0.6234898018587336
2025-02-11 16:15:00,0.24,0.7818314824680298,0.6234898018587336
2025-02-11 16:30:00,0.204,0.7818314824680298,0.6234898018587336
2025-02-11 16:45:00,0.18,0.7818314824680298,0.6234898018587336
2025-02-11 17:00:00,0.232,0.7818314824680298,0.6234898018587336
2025-02-11 17:15:00,0.392,0.7818314824680298,0.6234898018587336
2025-02-11 17:30:00,0.56,0.7818314824680298,0.6234898018587336
2025-02-11 17:45:00,0.34,0.7818314824680298,0.6234898018587336
2025-02-11 18:00:00,1.092,0.7818314824680298,0.6234898018587336
2025-02-11 18:15:00,1.448,0.7818314824680298,0.6234898018587336
2025-02-11 18:30:00,1.476,0.7818314824680298,0.6234898018587336
2025-02-11 18:45:00,1.536,0.7818314824680298,0.6234898018587336
2025-02-11 19:00:00,1.512,0.7818314824680298,0.6234898018587336
2025-02-11 19:15:00,1.524,0.7818314824680298,0.6234898018587336
2025-02-11 19:30:00,0.948,0.7818314824680298,0.6234898018587336
2025-02-11 19:45:00,0.44,0.7818314824680298,0.6234898018587336
2025-02-11 20:00:00,1.388,0.7818314824680298,0.6234898018587336
2025-02-11 20:15:00,1.48,0.7818314824680298,0.6234898018587336
2025-02-11 20:30:00,1.656,0.7818314824680298,0.6234898018587336
2025-02-11 20:45:00,0.764,0.7818314824680298,0.6234898018587336
2025-02-11 21:00:00,0.708,0.7818314824680298,0.6234898018587336
2025-02-11 21:15:00,0.504,0.7818314824680298,0.6234898018587336
2025-02-11 21:30:00,1.148,0.7818314824680298,0.6234898018587336
2025-02-11 21:45:00,1.348,0.7818314824680298,0.6234898018587336
2025-02-11 22:00:00,1.332,0.7818314824680298,0.6234898018587336
2025-02-11 22:15:00,0.768,0.7818314824680298,0.6234898018587336
2025-02-11 22:30:00,0.456,0.7818314824680298,0.6234898018587336
2025-02-11 22:45:00,0.436,0.7818314824680298,0.6234898018587336
2025-02-11 23:00:00,0.704,0.7818314824680298,0.6234898018587336
2025-02-11 23:15:00,0.588,0.7818314824680298,0.6234898018587336
2025-02-11 23:30:00,0.604,0.7818314824680298,0.6234898018587336
2025-02-11 23:45:00,0.64,0.7818314824680298,0.6234898018587336
2025-02-12 00:00:00,0.688,0.9749279121818236,-0.22252093395631434
2025-02-12 00:15:00,0.668,0.9749279121818236,-0.22252093395631434
2025-02-12 00:30:00,0.656,0.9749279121818236,-0.22252093395631434
2025-02-12 00:45:00,0.608,0.9749279121818236,-0.22252093395631434
2025-02-12 01:00:00,0.512,0.9749279121818236,-0.22252093395631434
2025-02-12 01:15:00,0.48,0.9749279121818236,-0.22252093395631434
2025-02-12 01:30:00,2.268,0.9749279121818236,-0.22252093395631434
2025-02-12 01:45:00,1.16,0.9749279121818236,-0.22252093395631434
2025-02-12 02:00:00,1.808,0.9749279121818236,-0.22252093395631434
2025-02-12 02:15:00,1.088,0.9749279121818236,-0.22252093395631434
2025-02-12 02:30:00,0.54,0.9749279121818236,-0.22252093395631434
2025-02-12 02:45:00,0.548,0.9749279121818236,-0.22252093395631434
2025-02-12 03:00:00,0.536,0.9749279121818236,-0.22252093395631434
2025-02-12 03:15:00,0.404,0.9749279121818236,-0.22252093395631434
2025-02-12 03:30:00,0.34,0.9749279121818236,-0.22252093395631434
2025-02-12 03:45:00,0.364,0.9749279121818236,-0.22252093395631434
2025-02-12 04:00:00,0.352,0.9749279121818236,-0.22252093395631434
2025-02-12 04:15:00,0.364,0.9749279121818236,-0.22252093395631434
2025-02-12 04:30:00,0.308,0.9749279121818236,-0.22252093395631434
2025-02-12 04:45:00,0.3,0.9749279121818236,-0.22252093395631434
2025-02-12 05:00:00,0.348,0.9749279121818236,-0.22252093395631434
2025-02-12 05:15:00,0.276,0.9749279121818236,-0.22252093395631434
2025-02-12 05:30:00,0.24,0.9749279121818236,-0.22252093395631434
2025-02-12 05:45:00,0.232,0.9749279121818236,-0.22252093395631434
2025-02-12 06:00:00,0.2,0.9749279121818236,-0.22252093395631434
2025-02-12 06:15:00,0.964,0.9749279121818236,-0.22252093395631434
2025-02-12 06:30:00,2.016,0.9749279121818236,-0.22252093395631434
2025-02-12 06:45:00,1.1,0.9749279121818236,-0.22252093395631434
2025-02-12 07:00:00,1.308,0.9749279121818236,-0.22252093395631434
2025-02-12 07:15:00,0.712,0.9749279121818236,-0.22252093395631434
2025-02-12 07:30:00,0.44,0.9749279121818236,-0.22252093395631434
2025-02-12 07:45:00,0.26,0.9749279121818236,-0.22252093395631434
2025-02-12 08:00:00,0.244,0.9749279121818236,-0.22252093395631434
2025-02-12 08:15:00,0.168,0.9749279121818236,-0.22252093395631434
2025-02-12 08:30:00,0.188,0.9749279121818236,-0.22252093395631434
2025-02-12 08:45:00,0.16,0.9749279121818236,-0.22252093395631434
2025-02-12 09:00:00,0.16,0.9749279121818236,-0.22252093395631434
2025-02-12 09:15:00,0.164,0.9749279121818236,-0.22252093395631434
2025-02-12 09:30:00,0.204,0.9749279121818236,-0.22252093395631434
2025-02-12 09:45:00,0.188,0.9749279121818236,-0.22252093395631434
2025-02-12 10:00:00,0.16,0.9749279121818236,-0.22252093395631434
2025-02-12 10:15:00,0.188,0.9749279121818236,-0.22252093395631434
2025-02-12 10:30:00,0.164,0.9749279121818236,-0.22252093395631434
2025-02-12 10:45:00,0.184,0.9749279121818236,-0.22252093395631434
2025-02-12 11:00:00,0.176,0.9749279121818236,-0.22252093395631434
2025-02-12 11:15:00,0.168,0.9749279121818236,-0.22252093395631434
2025-02-12 11:30:00,0.192,0.9749279121818236,-0.22252093395631434
2025-02-12 11:45:00,0.156,0.9749279121818236,-0.22252093395631434
2025-02-12 12:00:00,0.192,0.9749279121818236,-0.22252093395631434
2025-02-12 12:15:00,0.168,0.9749279121818236,-0.22252093395631434
2025-02-12 12:30:00,0.184,0.9749279121818236,-0.22252093395631434
2025-02-12 12:45:00,0.18,0.9749279121818236,-0.22252093395631434
2025-02-12 13:00:00,0.204,0.9749279121818236,-0.22252093395631434
2025-02-12 13:15:00,0.216,0.9749279121818236,-0.22252093395631434
2025-02-12 13:30:00,0.184,0.9749279121818236,-0.22252093395631434
2025-02-12 13:45:00,0.204,0.9749279121818236,-0.22252093395631434
2025-02-12 14:00:00,0.172,0.9749279121818236,-0.22252093395631434
2025-02-12 14:15:00,0.264,0.9749279121818236,-0.22252093395631434
2025-02-12 14:30:00,0.288,0.9749279121818236,-0.22252093395631434
2025-02-12 14:45:00,0.552,0.9749279121818236,-0.22252093395631434
2025-02-12 15:00:00,0.284,0.9749279121818236,-0.22252093395631434
2025-02-12 15:15:00,0.592,0.9749279121818236,-0.22252093395631434
2025-02-12 15:30:00,0.74,0.9749279121818236,-0.22252093395631434
2025-02-12 15:45:00,0.908,0.9749279121818236,-0.22252093395631434
2025-02-12 16:00:00,1.156,0.9749279121818236,-0.22252093395631434
2025-02-12 16:15:00,1.116,0.9749279121818236,-0.22252093395631434
2025-02-12 16:30:00,1.056,0.9749279121818236,-0.22252093395631434
2025-02-12 16:45:00,1.276,0.9749279121818236,-0.22252093395631434
2025-02-12 17:00:00,0.98,0.9749279121818236,-0.22252093395631434
2025-02-12 17:15:00,0.252,0.9749279121818236,-0.22252093395631434
2025-02-12 17:30:00,0.272,0.9749279121818236,-0.22252093395631434
2025-02-12 17:45:00,0.264,0.9749279121818236,-0.22252093395631434
2025-02-12 18:00:00,0.22,0.9749279121818236,-0.22252093395631434
2025-02-12 18:15:00,1.084,0.9749279121818236,-0.22252093395631434
2025-02-12 18:30:00,1.24,0.9749279121818236,-0.22252093395631434
2025-02-12 18:45:00,1.236,0.9749279121818236,-0.22252093395631434
2025-02-12 19:00:00,2.376,0.9749279121818236,-0.22252093395631434
2025-02-12 19:15:00,1.752,0.9749279121818236,-0.22252093395631434
2025-02-12 19:30:00,1.184,0.9749279121818236,-0.22252093395631434
2025-02-12 19:45:00,4.164,0.9749279121818236,-0.22252093395631434
2025-02-12 20:00:00,1.86,0.9749279121818236,-0.22252093395631434
2025-02-12 20:15:00,0.612,0.9749279121818236,-0.22252093395631434
2025-02-12 20:30:00,0.556,0.9749279121818236,-0.22252093395631434
2025-02-12 20:45:00,0.796,0.9749279121818236,-0.22252093395631434
2025-02-12 21:00:00,1.296,0.9749279121818236,-0.22252093395631434
2025-02-12 21:15:00,0.6,0.9749279121818236,-0.22252093395631434
2025-02-12 21:30:00,0.616,0.9749279121818236,-0.22252093395631434
2025-02-12 21:45:00,0.56,0.9749279121818236,-0.22252093395631434
2025-02-12 22:00:00,0.584,0.9749279121818236,-0.22252093395631434
2025-02-12 22:15:00,1.48,0.9749279121818236,-0.22252093395631434
2025-02-12 22:30:00,1.768,0.9749279121818236,-0.22252093395631434
2025-02-12 22:45:00,1.88,0.9749279121818236,-0.22252093395631434
2025-02-12 23:00:00,0.688,0.9749279121818236,-0.22252093395631434
2025-02-12 23:15:00,0.66,0.9749279121818236,-0.22252093395631434
2025-02-12 23:30:00,0.82,0.9749279121818236,-0.22252093395631434
2025-02-12 23:45:00,0.632,0.9749279121818236,-0.22252093395631434
2025-02-13 00:00:00,0.684,0.43388373911755823,-0.900968867902419
2025-02-13 00:15:00,0.432,0.43388373911755823,-0.900968867902419
2025-02-13 00:30:00,0.336,0.43388373911755823,-0.900968867902419
2025-02-13 00:45:00,1.548,0.43388373911755823,-0.900968867902419
2025-02-13 01:00:00,1.492,0.43388373911755823,-0.900968867902419
2025-02-13 01:15:00,1.22,0.43388373911755823,-0.900968867902419
2025-02-13 01:30:00,1.224,0.43388373911755823,-0.900968867902419
2025-02-13 01:45:00,0.272,0.43388373911755823,-0.900968867902419
2025-02-13 02:00:00,0.256,0.43388373911755823,-0.900968867902419
2025-02-13 02:15:00,0.216,0.43388373911755823,-0.900968867902419
2025-02-13 02:30:00,0.312,0.43388373911755823,-0.900968867902419
2025-02-13 02:45:00,0.412,0.43388373911755823,-0.900968867902419
2025-02-13 03:00:00,0.312,0.43388373911755823,-0.900968867902419
2025-02-13 03:15:00,0.2,0.43388373911755823,-0.900968867902419
2025-02-13 03:30:00,0.232,0.43388373911755823,-0.900968867902419
2025-02-13 03:45:00,0.212,0.43388373911755823,-0.900968867902419
2025-02-13 04:00:00,0.232,0.43388373911755823,-0.900968867902419
2025-02-13 04:15:00,0.352,0.43388373911755823,-0.900968867902419
2025-02-13 04:30:00,0.364,0.43388373911755823,-0.900968867902419
2025-02-13 04:45:00,0.336,0.43388373911755823,-0.900968867902419
2025-02-13 05:00:00,0.396,0.43388373911755823,-0.900968867902419
2025-02-13 05:15:00,0.46,0.43388373911755823,-0.900968867902419
2025-02-13 05:30:00,0.336,0.43388373911755823,-0.900968867902419
2025-02-13 05:45:00,0.252,0.43388373911755823,-0.900968867902419
2025-02-13 06:00:00,0.256,0.43388373911755823,-0.900968867902419
2025-02-13 06:15:00,0.216,0.43388373911755823,-0.900968867902419
2025-02-13 06:30:00,0.204,0.43388373911755823,-0.900968867902419
2025-02-13 06:45:00,0.9,0.43388373911755823,-0.900968867902419
2025-02-13 07:00:00,1.74,0.43388373911755823,-0.900968867902419
2025-02-13 07:15:00,0.916,0.43388373911755823,-0.900968867902419
2025-02-13 07:30:00,1.3,0.43388373911755823,-0.900968867902419
2025-02-13 07:45:00,0.32,0.43388373911755823,-0.900968867902419
2025-02-13 08:00:00,0.28,0.43388373911755823,-0.900968867902419
2025-02-13 08:15:00,0.256,0.43388373911755823,-0.900968867902419
2025-02-13 08:30:00,0.352,0.43388373911755823,-0.900968867902419
2025-02-13 08:45:00,0.22,0.43388373911755823,-0.900968867902419
2025-02-13 09:00:00,0.232,0.43388373911755823,-0.900968867902419
2025-02-13 09:15:00,0.208,0.43388373911755823,-0.900968867902419
2025-02-13 09:30:00,0.244,0.43388373911755823,-0.900968867902419
2025-02-13 09:45:00,0.172,0.43388373911755823,-0.900968867902419
2025-02-13 10:00:00,0.26,0.43388373911755823,-0.900968867902419
2025-02-13 10:15:00,0.164,0.43388373911755823,-0.900968867902419
2025-02-13 10:30:00,0.248,0.43388373911755823,-0.900968867902419
2025-02-13 10:45:00,0.164,0.43388373911755823,-0.900968867902419
2025-02-13 11:00:00,0.224,0.43388373911755823,-0.900968867902419
2025-02-13 11:15:00,0.62,0.43388373911755823,-0.900968867902419
2025-02-13 11:30:00,0.44,0.43388373911755823,-0.900968867902419
2025-02-13 11:45:00,0.52,0.43388373911755823,-0.900968867902419
2025-02-13 12:00:00,0.484,0.43388373911755823,-0.900968867902419
2025-02-13 12:15:00,0.432,0.43388373911755823,-0.900968867902419
2025-02-13 12:30:00,0.256,0.43388373911755823,-0.900968867902419
2025-02-13 12:45:00,0.296,0.43388373911755823,-0.900968867902419
2025-02-13 13:00:00,0.268,0.43388373911755823,-0.900968867902419
2025-02-13 13:15:00,0.276,0.43388373911755823,-0.900968867902419
2025-02-13 13:30:00,0.304,0.43388373911755823,-0.900968867902419
2025-02-13 13:45:00,0.316,0.43388373911755823,-0.900968867902419
2025-02-13 14:00:00,0.296,0.43388373911755823,-0.900968867902419
2025-02-13 14:15:00,0.472,0.43388373911755823,-0.900968867902419
2025-02-13 14:30:00,0.484,0.43388373911755823,-0.900968867902419
2025-02-13 14:45:00,0.452,0.43388373911755823,-0.900968867902419
2025-02-13 15:00:00,0.428,0.43388373911755823,-0.900968867902419
2025-02-13 15:15:00,0.316,0.43388373911755823,-0.900968867902419
2025-02-13 15:30:00,0.36,0.43388373911755823,-0.900968867902419
2025-02-13 15:45:00,0.4,0.43388373911755823,-0.900968867902419
2025-02-13 16:00:00,0.36,0.43388373911755823,-0.900968867902419
2025-02-13 16:15:00,0.408,0.43388373911755823,-0.900968867902419
2025-02-13 16:30:00,0.384,0.43388373911755823,-0.900968867902419
2025-02-13 16:45:00,0.34,0.43388373911755823,-0.900968867902419
2025-02-13 17:00:00,0.368,0.43388373911755823,-0.900968867902419
2025-02-13 17:15:00,0.288,0.43388373911755823,-0.900968867902419
2025-02-13 17:30:00,0.292,0.43388373911755823,-0.900968867902419
2025-02-13 17:45:00,0.192,0.43388373911755823,-0.900968867902419
2025-02-13 18:00:00,0.172,0.43388373911755823,-0.900968867902419
2025-02-13 18:15:00,0.196,0.43388373911755823,-0.900968867902419
2025-02-13 18:30:00,0.196,0.43388373911755823,-0.900968867902419
2025-02-13 18:45:00,0.444,0.43388373911755823,-0.900968867902419
2025-02-13 19:00:00,0.488,0.43388373911755823,-0.900968867902419
2025-02-13 19:15:00,0.436,0.43388373911755823,-0.900968867902419
2025-02-13 19:30:00,0.528,0.43388373911755823,-0.900968867902419
2025-02-13 19:45:00,0.664,0.43388373911755823,-0.900968867902419
2025-02-13 20:00:00,0.696,0.43388373911755823,-0.900968867902419
2025-02-13 20:15:00,0.72,0.43388373911755823,-0.900968867902419
2025-02-13 20:30:00,1.264,0.43388373911755823,-0.900968867902419
2025-02-13 20:45:00,1.3,0.43388373911755823,-0.900968867902419
2025-02-13 21:00:00,1.088,0.43388373911755823,-0.900968867902419
2025-02-13 21:15:00,0.88,0.43388373911755823,-0.900968867902419
2025-02-13 21:30:00,0.612,0.43388373911755823,-0.900968867902419
2025-02-13 21:45:00,1.66,0.43388373911755823,-0.900968867902419
2025-02-13 22:00:00,2.08,0.43388373911755823,-0.900968867902419
2025-02-13 22:15:00,1.836,0.43388373911755823,-0.900968867902419
2025-02-13 22:30:00,1.904,0.43388373911755823,-0.900968867902419
2025-02-13 22:45:00,1.104,0.43388373911755823,-0.900968867902419
2025-02-13 23:00:00,0.984,0.43388373911755823,-0.900968867902419
2025-02-13 23:15:00,1.484,0.43388373911755823,-0.900968867902419
2025-02-13 23:30:00,0.76,0.43388373911755823,-0.900968867902419
2025-02-13 23:45:00,0.576,0.43388373911755823,-0.900968867902419
2025-02-14 00:00:00,0.524,-0.433883739117558,-0.9009688679024191
2025-02-14 00:15:00,0.508,-0.433883739117558,-0.9009688679024191
2025-02-14 00:30:00,0.568,-0.433883739117558,-0.9009688679024191
2025-02-14 00:45:00,0.392,-0.433883739117558,-0.9009688679024191
2025-02-14 01:00:00,0.384,-0.433883739117558,-0.9009688679024191
2025-02-14 01:15:00,0.42,-0.433883739117558,-0.9009688679024191
2025-02-14 01:30:00,0.468,-0.433883739117558,-0.9009688679024191
2025-02-14 01:45:00,0.472,-0.433883739117558,-0.9009688679024191
2025-02-14 02:00:00,0.52,-0.433883739117558,-0.9009688679024191
2025-02-14 02:15:00,0.532,-0.433883739117558,-0.9009688679024191
2025-02-14 02:30:00,0.512,-0.433883739117558,-0.9009688679024191
2025-02-14 02:45:00,1.284,-0.433883739117558,-0.9009688679024191
2025-02-14 03:00:00,1.52,-0.433883739117558,-0.9009688679024191
2025-02-14 03:15:00,1.18,-0.433883739117558,-0.9009688679024191
2025-02-14 03:30:00,1.352,-0.433883739117558,-0.9009688679024191
2025-02-14 03:45:00,0.432,-0.433883739117558,-0.9009688679024191
2025-02-14 04:00:00,0.388,-0.433883739117558,-0.9009688679024191
2025-02-14 04:15:00,0.336,-0.433883739117558,-0.9009688679024191
2025-02-14 04:30:00,0.348,-0.433883739117558,-0.9009688679024191
2025-02-14 04:45:00,0.336,-0.433883739117558,-0.9009688679024191
2025-02-14 05:00:00,0.256,-0.433883739117558,-0.9009688679024191
2025-02-14 05:15:00,0.26,-0.433883739117558,-0.9009688679024191
2025-02-14 05:30:00,0.208,-0.433883739117558,-0.9009688679024191
2025-02-14 05:45:00,0.196,-0.433883739117558,-0.9009688679024191
2025-02-14 06:00:00,0.252,-0.433883739117558,-0.9009688679024191
2025-02-14 06:15:00,0.916,-0.433883739117558,-0.9009688679024191
2025-02-14 06:30:00,1.96,-0.433883739117558,-0.9009688679024191
2025-02-14 06:45:00,1.564,-0.433883739117558,-0.9009688679024191
2025-02-14 07:00:00,0.536,-0.433883739117558,-0.9009688679024191
2025-02-14 07:15:00,1.116,-0.433883739117558,-0.9009688679024191
2025-02-14 07:30:00,0.28,-0.433883739117558,-0.9009688679024191
2025-02-14 07:45:00,0.252,-0.433883739117558,-0.9009688679024191
2025-02-14 08:00:00,0.176,-0.433883739117558,-0.9009688679024191
2025-02-14 08:15:00,0.236,-0.433883739117558,-0.9009688679024191
2025-02-14 08:30:00,0.212,-0.433883739117558,-0.9009688679024191
2025-02-14 08:45:00,0.168,-0.433883739117558,-0.9009688679024191
2025-02-14 09:00:00,0.164,-0.433883739117558,-0.9009688679024191
2025-02-14 09:15:00,0.168,-0.433883739117558,-0.9009688679024191
2025-02-14 09:30:00,0.18,-0.433883739117558,-0.9009688679024191
2025-02-14 09:45:00,0.208,-0.433883739117558,-0.9009688679024191
2025-02-14 10:00:00,0.2,-0.433883739117558,-0.9009688679024191
2025-02-14 10:15:00,0.164,-0.433883739117558,-0.9009688679024191
2025-02-14 10:30:00,0.188,-0.433883739117558,-0.9009688679024191
2025-02-14 10:45:00,0.18,-0.433883739117558,-0.9009688679024191
2025-02-14 11:00:00,0.176,-0.433883739117558,-0.9009688679024191
2025-02-14 11:15:00,0.2,-0.433883739117558,-0.9009688679024191
2025-02-14 11:30:00,0.164,-0.433883739117558,-0.9009688679024191
2025-02-14 11:45:00,0.204,-0.433883739117558,-0.9009688679024191
2025-02-14 12:00:00,0.168,-0.433883739117558,-0.9009688679024191
2025-02-14 12:15:00,0.196,-0.433883739117558,-0.9009688679024191
2025-02-14 12:30:00,1.368,-0.433883739117558,-0.9009688679024191
2025-02-14 12:45:00,1.456,-0.433883739117558,-0.9009688679024191
2025-02-14 13:00:00,1.1,-0.433883739117558,-0.9009688679024191
2025-02-14 13:15:00,1.064,-0.433883739117558,-0.9009688679024191
2025-02-14 13:30:00,2.444,-0.433883739117558,-0.9009688679024191
2025-02-14 13:45:00,3.128,-0.433883739117558,-0.9009688679024191
2025-02-14 14:00:00,3.568,-0.433883739117558,-0.9009688679024191
2025-02-14 14:15:00,3.848,-0.433883739117558,-0.9009688679024191
2025-02-14 14:30:00,1.92,-0.433883739117558,-0.9009688679024191
2025-02-14 14:45:00,2.124,-0.433883739117558,-0.9009688679024191
2025-02-14 15:00:00,3.656,-0.433883739117558,-0.9009688679024191
2025-02-14 15:15:00,2.724,-0.433883739117558,-0.9009688679024191
2025-02-14 15:30:00,2.448,-0.433883739117558,-0.9009688679024191
2025-02-14 15:45:00,2.304,-0.433883739117558,-0.9009688679024191
2025-02-14 16:00:00,1.24,-0.433883739117558,-0.9009688679024191
2025-02-14 16:15:00,1.536,-0.433883739117558,-0.9009688679024191
2025-02-14 16:30:00,1.48,-0.433883739117558,-0.9009688679024191
2025-02-14 16:45:00,1.328,-0.433883739117558,-0.9009688679024191
2025-02-14 17:00:00,1.504,-0.433883739117558,-0.9009688679024191
2025-02-14 17:15:00,1.288,-0.433883739117558,-0.9009688679024191
2025-02-14 17:30:00,2.032,-0.433883739117558,-0.9009688679024191
2025-02-14 17:45:00,2.54,-0.433883739117558,-0.9009688679024191
2025-02-14 18:00:00,1.78,-0.433883739117558,-0.9009688679024191
2025-02-14 18:15:00,1.456,-0.433883739117558,-0.9009688679024191
2025-02-14 18:30:00,1.016,-0.433883739117558,-0.9009688679024191
2025-02-14 18:45:00,0.54,-0.433883739117558,-0.9009688679024191
2025-02-14 19:00:00,0.544,-0.433883739117558,-0.9009688679024191
2025-02-14 19:15:00,0.504,-0.433883739117558,-0.9009688679024191
2025-02-14 19:30:00,0.444,-0.433883739117558,-0.9009688679024191
2025-02-14 19:45:00,0.324,-0.433883739117558,-0.9009688679024191
2025-02-14 20:00:00,0.272,-0.433883739117558,-0.9009688679024191
2025-02-14 20:15:00,0.256,-0.433883739117558,-0.9009688679024191
2025-02-14 20:30:00,0.332,-0.433883739117558,-0.9009688679024191
2025-02-14 20:45:00,0.428,-0.433883739117558,-0.9009688679024191
2025-02-14 21:00:00,2.272,-0.433883739117558,-0.9009688679024191
2025-02-14 21:15:00,2.544,-0.433883739117558,-0.9009688679024191
2025-02-14 21:30:00,1.624,-0.433883739117558,-0.9009688679024191
2025-02-14 21:45:00,0.488,-0.433883739117558,-0.9009688679024191
2025-02-14 22:00:00,0.352,-0.433883739117558,-0.9009688679024191
2025-02-14 22:15:00,0.408,-0.433883739117558,-0.9009688679024191
2025-02-14 22:30:00,0.384,-0.433883739117558,-0.9009688679024191
2025-02-14 22:45:00,1.056,-0.433883739117558,-0.9009688679024191
2025-02-14 23:00:00,1.812,-0.433883739117558,-0.9009688679024191
2025-02-14 23:15:00,0.4,-0.433883739117558,-0.9009688679024191
2025-02-14 23:30:00,0.456,-0.433883739117558,-0.9009688679024191
2025-02-14 23:45:00,0.444,-0.433883739117558,-0.9009688679024191
2025-02-15 00:00:00,0.396,-0.9749279121818236,-0.2225209339563146
2025-02-15 00:15:00,0.384,-0.9749279121818236,-0.2225209339563146
2025-02-15 00:30:00,0.476,-0.9749279121818236,-0.2225209339563146
2025-02-15 00:45:00,0.468,-0.9749279121818236,-0.2225209339563146
2025-02-15 01:00:00,0.432,-0.9749279121818236,-0.2225209339563146
2025-02-15 01:15:00,0.392,-0.9749279121818236,-0.2225209339563146
2025-02-15 01:30:00,0.448,-0.9749279121818236,-0.2225209339563146
2025-02-15 01:45:00,0.464,-0.9749279121818236,-0.2225209339563146
2025-02-15 02:00:00,0.42,-0.9749279121818236,-0.2225209339563146
2025-02-15 02:15:00,1.876,-0.9749279121818236,-0.2225209339563146
2025-02-15 02:30:00,0.232,-0.9749279121818236,-0.2225209339563146
2025-02-15 02:45:00,0.272,-0.9749279121818236,-0.2225209339563146
2025-02-15 03:00:00,0.28,-0.9749279121818236,-0.2225209339563146
2025-02-15 03:15:00,0.268,-0.9749279121818236,-0.2225209339563146
2025-02-15 03:30:00,1.472,-0.9749279121818236,-0.2225209339563146
2025-02-15 03:45:00,0.764,-0.9749279121818236,-0.2225209339563146
2025-02-15 04:00:00,0.224,-0.9749279121818236,-0.2225209339563146
2025-02-15 04:15:00,0.212,-0.9749279121818236,-0.2225209339563146
2025-02-15 04:30:00,0.18,-0.9749279121818236,-0.2225209339563146
2025-02-15 04:45:00,0.22,-0.9749279121818236,-0.2225209339563146
2025-02-15 05:00:00,0.216,-0.9749279121818236,-0.2225209339563146
2025-02-15 05:15:00,0.2,-0.9749279121818236,-0.2225209339563146
2025-02-15 05:30:00,0.188,-0.9749279121818236,-0.2225209339563146
2025-02-15 05:45:00,0.216,-0.9749279121818236,-0.2225209339563146
2025-02-15 06:00:00,0.212,-0.9749279121818236,-0.2225209339563146
2025-02-15 06:15:00,0.368,-0.9749279121818236,-0.2225209339563146
2025-02-15 06:30:00,1.636,-0.9749279121818236,-0.2225209339563146
2025-02-15 06:45:00,0.436,-0.9749279121818236,-0.2225209339563146
2025-02-15 07:00:00,0.284,-0.9749279121818236,-0.2225209339563146
2025-02-15 07:15:00,0.236,-0.9749279121818236,-0.2225209339563146
2025-02-15 07:30:00,0.192,-0.9749279121818236,-0.2225209339563146
2025-02-15 07:45:00,0.184,-0.9749279121818236,-0.2225209339563146
2025-02-15 08:00:00,0.2,-0.9749279121818236,-0.2225209339563146
2025-02-15 08:15:00,0.176,-0.9749279121818236,-0.2225209339563146
2025-02-15 08:30:00,0.208,-0.9749279121818236,-0.2225209339563146
2025-02-15 08:45:00,0.176,-0.9749279121818236,-0.2225209339563146
2025-02-15 09:00:00,0.2,-0.9749279121818236,-0.2225209339563146
2025-02-15 09:15:00,0.232,-0.9749279121818236,-0.2225209339563146
2025-02-15 09:30:00,0.24,-0.9749279121818236,-0.2225209339563146
2025-02-15 09:45:00,0.6,-0.9749279121818236,-0.2225209339563146
2025-02-15 10:00:00,1.344,-0.9749279121818236,-0.2225209339563146
2025-02-15 10:15:00,2.3,-0.9749279121818236,-0.2225209339563146
2025-02-15 10:30:00,1.76,-0.9749279121818236,-0.2225209339563146
2025-02-15 10:45:00,0.332,-0.9749279121818236,-0.2225209339563146
2025-02-15 11:00:00,0.344,-0.9749279121818236,-0.2225209339563146
2025-02-15 11:15:00,0.672,-0.9749279121818236,-0.2225209339563146
2025-02-15 11:30:00,0.312,-0.9749279121818236,-0.2225209339563146
2025-02-15 11:45:00,0.58,-0.9749279121818236,-0.2225209339563146
2025-02-15 12:00:00,1.164,-0.9749279121818236,-0.2225209339563146
2025-02-15 12:15:00,1.132,-0.9749279121818236,-0.2225209339563146
2025-02-15 12:30:00,1.032,-0.9749279121818236,-0.2225209339563146
2025-02-15 12:45:00,0.204,-0.9749279121818236,-0.2225209339563146
2025-02-15 13:00:00,0.24,-0.9749279121818236,-0.2225209339563146
2025-02-15 13:15:00,0.74,-0.9749279121818236,-0.2225209339563146
2025-02-15 13:30:00,1.908,-0.9749279121818236,-0.2225209339563146
2025-02-15 13:45:00,2.724,-0.9749279121818236,-0.2225209339563146
2025-02-15 14:00:00,1.664,-0.9749279121818236,-0.2225209339563146
2025-02-15 14:15:00,0.32,-0.9749279121818236,-0.2225209339563146
2025-02-15 14:30:00,1.392,-0.9749279121818236,-0.2225209339563146
2025-02-15 14:45:00,1.464,-0.9749279121818236,-0.2225209339563146
2025-02-15 15:00:00,1.64,-0.9749279121818236,-0.2225209339563146
2025-02-15 15:15:00,1.56,-0.9749279121818236,-0.2225209339563146
2025-02-15 15:30:00,0.724,-0.9749279121818236,-0.2225209339563146
2025-02-15 15:45:00,0.688,-0.9749279121818236,-0.2225209339563146
2025-02-15 16:00:00,0.64,-0.9749279121818236,-0.2225209339563146
2025-02-15 16:15:00,0.54,-0.9749279121818236,-0.2225209339563146
2025-02-15 16:30:00,0.532,-0.9749279121818236,-0.2225209339563146
2025-02-15 16:45:00,0.452,-0.9749279121818236,-0.2225209339563146
2025-02-15 17:00:00,0.468,-0.9749279121818236,-0.2225209339563146
2025-02-15 17:15:00,0.464,-0.9749279121818236,-0.2225209339563146
2025-02-15 17:30:00,0.356,-0.9749279121818236,-0.2225209339563146
2025-02-15 17:45:00,0.228,-0.9749279121818236,-0.2225209339563146
2025-02-15 18:00:00,0.236,-0.9749279121818236,-0.2225209339563146
2025-02-15 18:15:00,0.4,-0.9749279121818236,-0.2225209339563146
2025-02-15 18:30:00,0.336,-0.9749279121818236,-0.2225209339563146
2025-02-15 18:45:00,0.34,-0.9749279121818236,-0.2225209339563146
2025-02-15 19:00:00,0.608,-0.9749279121818236,-0.2225209339563146
2025-02-15 19:15:00,1.528,-0.9749279121818236,-0.2225209339563146
2025-02-15 19:30:00,1.584,-0.9749279121818236,-0.2225209339563146
2025-02-15 19:45:00,1.536,-0.9749279121818236,-0.2225209339563146
2025-02-15 20:00:00,0.492,-0.9749279121818236,-0.2225209339563146
2025-02-15 20:15:00,0.652,-0.9749279121818236,-0.2225209339563146
2025-02-15 20:30:00,1.504,-0.9749279121818236,-0.2225209339563146
2025-02-15 20:45:00,2.056,-0.9749279121818236,-0.2225209339563146
2025-02-15 21:00:00,0.88,-0.9749279121818236,-0.2225209339563146
2025-02-15 21:15:00,0.44,-0.9749279121818236,-0.2225209339563146
2025-02-15 21:30:00,0.5,-0.9749279121818236,-0.2225209339563146
2025-02-15 21:45:00,0.556,-0.9749279121818236,-0.2225209339563146
2025-02-15 22:00:00,0.864,-0.9749279121818236,-0.2225209339563146
2025-02-15 22:15:00,0.496,-0.9749279121818236,-0.2225209339563146
2025-02-15 22:30:00,0.492,-0.9749279121818236,-0.2225209339563146
2025-02-15 22:45:00,0.488,-0.9749279121818236,-0.2225209339563146
2025-02-15 23:00:00,0.508,-0.9749279121818236,-0.2225209339563146
2025-02-15 23:15:00,0.548,-0.9749279121818236,-0.2225209339563146
2025-02-15 23:30:00,0.444,-0.9749279121818236,-0.2225209339563146
2025-02-15 23:45:00,0.476,-0.9749279121818236,-0.2225209339563146
2025-02-16 00:00:00,0.532,-0.7818314824680299,0.6234898018587334
2025-02-16 00:15:00,0.54,-0.7818314824680299,0.6234898018587334
2025-02-16 00:30:00,0.536,-0.7818314824680299,0.6234898018587334
2025-02-16 00:45:00,1.844,-0.7818314824680299,0.6234898018587334
2025-02-16 01:00:00,1.26,-0.7818314824680299,0.6234898018587334
2025-02-16 01:15:00,1.056,-0.7818314824680299,0.6234898018587334
2025-02-16 01:30:00,1.268,-0.7818314824680299,0.6234898018587334
2025-02-16 01:45:00,0.272,-0.7818314824680299,0.6234898018587334
2025-02-16 02:00:00,0.236,-0.7818314824680299,0.6234898018587334
2025-02-16 02:15:00,0.212,-0.7818314824680299,0.6234898018587334
2025-02-16 02:30:00,0.252,-0.7818314824680299,0.6234898018587334
2025-02-16 02:45:00,0.244,-0.7818314824680299,0.6234898018587334
2025-02-16 03:00:00,0.24,-0.7818314824680299,0.6234898018587334
2025-02-16 03:15:00,0.208,-0.7818314824680299,0.6234898018587334
2025-02-16 03:30:00,0.236,-0.7818314824680299,0.6234898018587334
2025-02-16 03:45:00,0.224,-0.7818314824680299,0.6234898018587334
2025-02-16 04:00:00,0.168,-0.7818314824680299,0.6234898018587334
2025-02-16 04:15:00,0.212,-0.7818314824680299,0.6234898018587334
2025-02-16 04:30:00,0.232,-0.7818314824680299,0.6234898018587334
2025-02-16 04:45:00,0.2,-0.7818314824680299,0.6234898018587334
2025-02-16 05:00:00,0.188,-0.7818314824680299,0.6234898018587334
2025-02-16 05:15:00,0.204,-0.7818314824680299,0.6234898018587334
2025-02-16 05:30:00,0.172,-0.7818314824680299,0.6234898018587334
2025-02-16 05:45:00,0.204,-0.7818314824680299,0.6234898018587334
2025-02-16 06:00:00,0.208,-0.7818314824680299,0.6234898018587334
2025-02-16 06:15:00,0.22,-0.7818314824680299,0.6234898018587334
2025-02-16 06:30:00,0.26,-0.7818314824680299,0.6234898018587334
2025-02-16 06:45:00,0.292,-0.7818314824680299,0.6234898018587334
2025-02-16 07:00:00,0.26,-0.7818314824680299,0.6234898018587334
2025-02-16 07:15:00,1.796,-0.7818314824680299,0.6234898018587334
2025-02-16 07:30:00,1.7,-0.7818314824680299,0.6234898018587334
2025-02-16 07:45:00,0.376,-0.7818314824680299,0.6234898018587334
2025-02-16 08:00:00,0.192,-0.7818314824680299,0.6234898018587334
2025-02-16 08:15:00,0.208,-0.7818314824680299,0.6234898018587334
2025-02-16 08:30:00,0.192,-0.7818314824680299,0.6234898018587334
2025-02-16 08:45:00,0.176,-0.7818314824680299,0.6234898018587334
2025-02-16 09:00:00,0.212,-0.7818314824680299,0.6234898018587334
2025-02-16 09:15:00,0.208,-0.7818314824680299,0.6234898018587334
2025-02-16 09:30:00,0.2,-0.7818314824680299,0.6234898018587334
2025-02-16 09:45:00,0.828,-0.7818314824680299,0.6234898018587334
2025-02-16 10:00:00,1.176,-0.7818314824680299,0.6234898018587334
2025-02-16 10:15:00,1.124,-0.7818314824680299,0.6234898018587334
2025-02-16 10:30:00,0.82,-0.7818314824680299,0.6234898018587334
2025-02-16 10:45:00,0.224,-0.7818314824680299,0.6234898018587334
2025-02-16 11:00:00,0.196,-0.7818314824680299,0.6234898018587334
2025-02-16 11:15:00,0.18,-0.7818314824680299,0.6234898018587334
2025-02-16 11:30:00,0.208,-0.7818314824680299,0.6234898018587334
2025-02-16 11:45:00,0.184,-0.7818314824680299,0.6234898018587334
2025-02-16 12:00:00,0.184,-0.7818314824680299,0.6234898018587334
2025-02-16 12:15:00,0.212,-0.7818314824680299,0.6234898018587334
2025-02-16 12:30:00,0.204,-0.7818314824680299,0.6234898018587334
2025-02-16 12:45:00,0.172,-0.7818314824680299,0.6234898018587334
2025-02-16 13:00:00,0.212,-0.7818314824680299,0.6234898018587334
2025-02-16 13:15:00,0.212,-0.7818314824680299,0.6234898018587334
2025-02-16 13:30:00,1.024,-0.7818314824680299,0.6234898018587334
2025-02-16 13:45:00,0.78,-0.7818314824680299,0.6234898018587334
2025-02-16 14:00:00,0.296,-0.7818314824680299,0.6234898018587334
2025-02-16 14:15:00,0.248,-0.7818314824680299,0.6234898018587334
2025-02-16 14:30:00,0.64,-0.7818314824680299,0.6234898018587334
2025-02-16 14:45:00,1.384,-0.7818314824680299,0.6234898018587334
2025-02-16 15:00:00,2.228,-0.7818314824680299,0.6234898018587334
2025-02-16 15:15:00,0.276,-0.7818314824680299,0.6234898018587334
2025-02-16 15:30:00,0.296,-0.7818314824680299,0.6234898018587334
2025-02-16 15:45:00,0.392,-0.7818314824680299,0.6234898018587334
2025-02-16 16:00:00,0.752,-0.7818314824680299,0.6234898018587334
2025-02-16 16:15:00,0.952,-0.7818314824680299,0.6234898018587334
2025-02-16 16:30:00,0.508,-0.7818314824680299,0.6234898018587334
2025-02-16 16:45:00,0.532,-0.7818314824680299,0.6234898018587334
2025-02-16 17:00:00,0.416,-0.7818314824680299,0.6234898018587334
2025-02-16 17:15:00,0.424,-0.7818314824680299,0.6234898018587334
2025-02-16 17:30:00,0.444,-0.7818314824680299,0.6234898018587334
2025-02-16 17:45:00,0.44,-0.7818314824680299,0.6234898018587334
2025-02-16 18:00:00,0.412,-0.7818314824680299,0.6234898018587334
2025-02-16 18:15:00,0.488,-0.7818314824680299,0.6234898018587334
2025-02-16 18:30:00,1.2,-0.7818314824680299,0.6234898018587334
2025-02-16 18:45:00,0.372,-0.7818314824680299,0.6234898018587334
2025-02-16 19:00:00,0.404,-0.7818314824680299,0.6234898018587334
2025-02-16 19:15:00,1.168,-0.7818314824680299,0.6234898018587334
2025-02-16 19:30:00,1.908,-0.7818314824680299,0.6234898018587334
2025-02-16 19:45:00,0.724,-0.7818314824680299,0.6234898018587334
2025-02-16 20:00:00,0.784,-0.7818314824680299,0.6234898018587334
2025-02-16 20:15:00,0.816,-0.7818314824680299,0.6234898018587334
2025-02-16 20:30:00,2.184,-0.7818314824680299,0.6234898018587334
2025-02-16 20:45:00,3.34,-0.7818314824680299,0.6234898018587334
2025-02-16 21:00:00,0.652,-0.7818314824680299,0.6234898018587334
2025-02-16 21:15:00,0.736,-0.7818314824680299,0.6234898018587334
2025-02-16 21:30:00,0.664,-0.7818314824680299,0.6234898018587334
2025-02-16 21:45:00,0.64,-0.7818314824680299,0.6234898018587334
2025-02-16 22:00:00,0.7,-0.7818314824680299,0.6234898018587334
2025-02-16 22:15:00,0.664,-0.7818314824680299,0.6234898018587334
2025-02-16 22:30:00,0.64,-0.7818314824680299,0.6234898018587334
2025-02-16 22:45:00,0.536,-0.7818314824680299,0.6234898018587334
2025-02-16 23:00:00,0.824,-0.7818314824680299,0.6234898018587334
2025-02-16 23:15:00,1.32,-0.7818314824680299,0.6234898018587334
2025-02-16 23:30:00,0.512,-0.7818314824680299,0.6234898018587334
2025-02-16 23:45:00,0.964,-0.7818314824680299,0.6234898018587334
2025-02-17 00:00:00,0.572,0.0,1.0
2025-02-17 00:15:00,0.556,0.0,1.0
2025-02-17 00:30:00,0.512,0.0,1.0
2025-02-17 00:45:00,0.484,0.0,1.0
2025-02-17 01:00:00,0.468,0.0,1.0
2025-02-17 01:15:00,0.46,0.0,1.0
2025-02-17 01:30:00,1.804,0.0,1.0
2025-02-17 01:45:00,0.556,0.0,1.0
2025-02-17 02:00:00,1.412,0.0,1.0
2025-02-17 02:15:00,0.5,0.0,1.0
2025-02-17 02:30:00,0.452,0.0,1.0
2025-02-17 02:45:00,0.468,0.0,1.0
2025-02-17 03:00:00,0.392,0.0,1.0
2025-02-17 03:15:00,1.26,0.0,1.0
2025-02-17 03:30:00,1.132,0.0,1.0
2025-02-17 03:45:00,0.352,0.0,1.0
2025-02-17 04:00:00,0.356,0.0,1.0
2025-02-17 04:15:00,0.456,0.0,1.0
2025-02-17 04:30:00,0.452,0.0,1.0
2025-02-17 04:45:00,0.384,0.0,1.0
2025-02-17 05:00:00,0.372,0.0,1.0
2025-02-17 05:15:00,0.364,0.0,1.0
2025-02-17 05:30:00,0.356,0.0,1.0
2025-02-17 05:45:00,0.256,0.0,1.0
2025-02-17 06:00:00,0.24,0.0,1.0
2025-02-17 06:15:00,0.32,0.0,1.0
2025-02-17 06:30:00,0.292,0.0,1.0
2025-02-17 06:45:00,0.308,0.0,1.0
2025-02-17 07:00:00,0.996,0.0,1.0
2025-02-17 07:15:00,0.38,0.0,1.0
2025-02-17 07:30:00,0.376,0.0,1.0
2025-02-17 07:45:00,0.348,0.0,1.0
2025-02-17 08:00:00,0.292,0.0,1.0
2025-02-17 08:15:00,0.292,0.0,1.0
2025-02-17 08:30:00,0.288,0.0,1.0
2025-02-17 08:45:00,0.256,0.0,1.0
2025-02-17 09:00:00,0.192,0.0,1.0
2025-02-17 09:15:00,0.204,0.0,1.0
2025-02-17 09:30:00,0.196,0.0,1.0
2025-02-17 09:45:00,0.168,0.0,1.0
2025-02-17 10:00:00,0.192,0.0,1.0
2025-02-17 10:15:00,0.188,0.0,1.0
2025-02-17 10:30:00,0.188,0.0,1.0
2025-02-17 10:45:00,0.356,0.0,1.0
2025-02-17 11:00:00,0.232,0.0,1.0
2025-02-17 11:15:00,0.208,0.0,1.0
2025-02-17 11:30:00,0.168,0.0,1.0
2025-02-17 11:45:00,0.672,0.0,1.0
2025-02-17 12:00:00,3.052,0.0,1.0
2025-02-17 12:15:00,2.82,0.0,1.0
2025-02-17 12:30:00,2.032,0.0,1.0
2025-02-17 12:45:00,1.336,0.0,1.0
2025-02-17 13:00:00,1.032,0.0,1.0
2025-02-17 13:15:00,0.776,0.0,1.0
2025-02-17 13:30:00,1.24,0.0,1.0
2025-02-17 13:45:00,1.004,0.0,1.0
2025-02-17 14:00:00,1.228,0.0,1.0
2025-02-17 14:15:00,1.536,0.0,1.0
2025-02-17 14:30:00,0.548,0.0,1.0
2025-02-17 14:45:00,0.504,0.0,1.0
2025-02-17 15:00:00,0.676,0.0,1.0
2025-02-17 15:15:00,1.028,0.0,1.0
2025-02-17 15:30:00,1.016,0.0,1.0
2025-02-17 15:45:00,0.668,0.0,1.0
2025-02-17 16:00:00,0.432,0.0,1.0
2025-02-17 16:15:00,0.62,0.0,1.0
2025-02-17 16:30:00,0.368,0.0,1.0
2025-02-17 16:45:00,0.3,0.0,1.0
2025-02-17 17:00:00,0.664,0.0,1.0
2025-02-17 17:15:00,0.212,0.0,1.0
2025-02-17 17:30:00,0.328,0.0,1.0
2025-02-17 17:45:00,0.428,0.0,1.0
2025-02-17 18:00:00,0.196,0.0,1.0
2025-02-17 18:15:00,0.392,0.0,1.0
2025-02-17 18:30:00,0.36,0.0,1.0
2025-02-17 18:45:00,0.196,0.0,1.0
2025-02-17 19:00:00,0.492,0.0,1.0
2025-02-17 19:15:00,0.256,0.0,1.0
2025-02-17 19:30:00,0.228,0.0,1.0
2025-02-17 19:45:00,0.556,0.0,1.0
2025-02-17 20:00:00,0.344,0.0,1.0
2025-02-17 20:15:00,0.428,0.0,1.0
2025-02-17 20:30:00,0.544,0.0,1.0
2025-02-17 20:45:00,0.224,0.0,1.0
2025-02-17 21:00:00,0.416,0.0,1.0
2025-02-17 21:15:00,0.484,0.0,1.0
2025-02-17 21:30:00,0.284,0.0,1.0
2025-02-17 21:45:00,0.504,0.0,1.0
2025-02-17 22:00:00,0.364,0.0,1.0
2025-02-17 22:15:00,2.612,0.0,1.0
2025-02-17 22:30:00,4.268,0.0,1.0
2025-02-17 22:45:00,3.556,0.0,1.0
2025-02-17 23:00:00,2.892,0.0,1.0
2025-02-17 23:15:00,0.988,0.0,1.0
2025-02-17 23:30:00,1.272,0.0,1.0
2025-02-17 23:45:00,1.108,0.0,1.0
2025-02-18 00:00:00,0.536,0.7818314824680298,0.6234898018587336
2025-02-18 00:15:00,0.472,0.7818314824680298,0.6234898018587336
2025-02-18 00:30:00,0.504,0.7818314824680298,0.6234898018587336
2025-02-18 00:45:00,0.496,0.7818314824680298,0.6234898018587336
2025-02-18 01:00:00,0.484,0.7818314824680298,0.6234898018587336
2025-02-18 01:15:00,0.432,0.7818314824680298,0.6234898018587336
2025-02-18 01:30:00,0.488,0.7818314824680298,0.6234898018587336
2025-02-18 01:45:00,0.34,0.7818314824680298,0.6234898018587336
2025-02-18 02:00:00,0.276,0.7818314824680298,0.6234898018587336
2025-02-18 02:15:00,0.296,0.7818314824680298,0.6234898018587336
2025-02-18 02:30:00,0.292,0.7818314824680298,0.6234898018587336
2025-02-18 02:45:00,0.26,0.7818314824680298,0.6234898018587336
2025-02-18 03:00:00,0.276,0.7818314824680298,0.6234898018587336
2025-02-18 03:15:00,0.336,0.7818314824680298,0.6234898018587336
2025-02-18 03:30:00,0.364,0.7818314824680298,0.6234898018587336
2025-02-18 03:45:00,0.388,0.7818314824680298,0.6234898018587336
2025-02-18 04:00:00,0.38,0.7818314824680298,0.6234898018587336
2025-02-18 04:15:00,0.364,0.7818314824680298,0.6234898018587336
2025-02-18 04:30:00,0.352,0.7818314824680298,0.6234898018587336
2025-02-18 04:45:00,0.384,0.7818314824680298,0.6234898018587336
2025-02-18 05:00:00,0.352,0.7818314824680298,0.6234898018587336
2025-02-18 05:15:00,0.364,0.7818314824680298,0.6234898018587336
2025-02-18 05:30:00,0.376,0.7818314824680298,0.6234898018587336
2025-02-18 05:45:00,0.344,0.7818314824680298,0.6234898018587336
2025-02-18 06:00:00,0.364,0.7818314824680298,0.6234898018587336
2025-02-18 06:15:00,0.372,0.7818314824680298,0.6234898018587336
2025-02-18 06:30:00,0.34,0.7818314824680298,0.6234898018587336
2025-02-18 06:45:00,0.372,0.7818314824680298,0.6234898018587336
2025-02-18 07:00:00,0.568,0.7818314824680298,0.6234898018587336
2025-02-18 07:15:00,0.268,0.7818314824680298,0.6234898018587336
2025-02-18 07:30:00,0.18,0.7818314824680298,0.6234898018587336
2025-02-18 07:45:00,0.204,0.7818314824680298,0.6234898018587336
2025-02-18 08:00:00,0.192,0.7818314824680298,0.6234898018587336
2025-02-18 08:15:00,1.884,0.7818314824680298,0.6234898018587336
2025-02-18 08:30:00,1.888,0.7818314824680298,0.6234898018587336
2025-02-18 08:45:00,0.828,0.7818314824680298,0.6234898018587336
2025-02-18 09:00:00,0.256,0.7818314824680298,0.6234898018587336
2025-02-18 09:15:00,0.232,0.7818314824680298,0.6234898018587336
2025-02-18 09:30:00,0.228,0.7818314824680298,0.6234898018587336
2025-02-18 09:45:00,0.208,0.7818314824680298,0.6234898018587336
2025-02-18 10:00:00,0.168,0.7818314824680298,0.6234898018587336
2025-02-18 10:15:00,0.164,0.7818314824680298,0.6234898018587336
2025-02-18 10:30:00,0.208,0.7818314824680298,0.6234898018587336
2025-02-18 10:45:00,0.196,0.7818314824680298,0.6234898018587336
2025-02-18 11:00:00,0.164,0.7818314824680298,0.6234898018587336
2025-02-18 11:15:00,0.256,0.7818314824680298,0.6234898018587336
2025-02-18 11:30:00,0.216,0.7818314824680298,0.6234898018587336
2025-02-18 11:45:00,0.2,0.7818314824680298,0.6234898018587336
2025-02-18 12:00:00,0.172,0.7818314824680298,0.6234898018587336
2025-02-18 12:15:00,0.212,0.7818314824680298,0.6234898018587336
2025-02-18 12:30:00,0.2,0.7818314824680298,0.6234898018587336
2025-02-18 12:45:00,0.168,0.7818314824680298,0.6234898018587336
2025-02-18 13:00:00,0.176,0.7818314824680298,0.6234898018587336
2025-02-18 13:15:00,0.208,0.7818314824680298,0.6234898018587336
2025-02-18 13:30:00,0.2,0.7818314824680298,0.6234898018587336
2025-02-18 13:45:00,0.188,0.7818314824680298,0.6234898018587336
2025-02-18 14:00:00,0.176,0.7818314824680298,0.6234898018587336
2025-02-18 14:15:00,0.2,0.7818314824680298,0.6234898018587336
2025-02-18 14:30:00,0.184,0.7818314824680298,0.6234898018587336
2025-02-18 14:45:00,0.18,0.7818314824680298,0.6234898018587336
2025-02-18 15:00:00,0.2,0.7818314824680298,0.6234898018587336
2025-02-18 15:15:00,0.18,0.7818314824680298,0.6234898018587336
2025-02-18 15:30:00,0.184,0.7818314824680298,0.6234898018587336
2025-02-18 15:45:00,0.208,0.7818314824680298,0.6234898018587336
2025-02-18 16:00:00,0.2,0.7818314824680298,0.6234898018587336
2025-02-18 16:15:00,0.28,0.7818314824680298,0.6234898018587336
2025-02-18 16:30:00,0.352,0.7818314824680298,0.6234898018587336
2025-02-18 16:45:00,0.216,0.7818314824680298,0.6234898018587336
2025-02-18 17:00:00,0.232,0.7818314824680298,0.6234898018587336
2025-02-18 17:15:00,0.212,0.7818314824680298,0.6234898018587336
2025-02-18 17:30:00,0.168,0.7818314824680298,0.6234898018587336
2025-02-18 17:45:00,0.196,0.7818314824680298,0.6234898018587336
2025-02-18 18:00:00,0.608,0.7818314824680298,0.6234898018587336
2025-02-18 18:15:00,1.244,0.7818314824680298,0.6234898018587336
2025-02-18 18:30:00,1.308,0.7818314824680298,0.6234898018587336
2025-02-18 18:45:00,2.1,0.7818314824680298,0.6234898018587336
2025-02-18 19:00:00,2.236,0.7818314824680298,0.6234898018587336
2025-02-18 19:15:00,2.068,0.7818314824680298,0.6234898018587336
2025-02-18 19:30:00,2.948,0.7818314824680298,0.6234898018587336
2025-02-18 19:45:00,1.332,0.7818314824680298,0.6234898018587336
2025-02-18 20:00:00,1.364,0.7818314824680298,0.6234898018587336
2025-02-18 20:15:00,1.552,0.7818314824680298,0.6234898018587336
2025-02-18 20:30:00,1.972,0.7818314824680298,0.6234898018587336
2025-02-18 20:45:00,2.652,0.7818314824680298,0.6234898018587336
2025-02-18 21:00:00,2.42,0.7818314824680298,0.6234898018587336
2025-02-18 21:15:00,1.736,0.7818314824680298,0.6234898018587336
2025-02-18 21:30:00,0.516,0.7818314824680298,0.6234898018587336
2025-02-18 21:45:00,0.524,0.7818314824680298,0.6234898018587336
2025-02-18 22:00:00,0.512,0.7818314824680298,0.6234898018587336
2025-02-18 22:15:00,0.476,0.7818314824680298,0.6234898018587336
2025-02-18 22:30:00,0.504,0.7818314824680298,0.6234898018587336
2025-02-18 22:45:00,1.608,0.7818314824680298,0.6234898018587336
2025-02-18 23:00:00,1.364,0.7818314824680298,0.6234898018587336
2025-02-18 23:15:00,0.692,0.7818314824680298,0.6234898018587336
2025-02-18 23:30:00,0.844,0.7818314824680298,0.6234898018587336
2025-02-18 23:45:00,0.648,0.7818314824680298,0.6234898018587336
2025-02-19 00:00:00,0.42,0.9749279121818236,-0.22252093395631434
2025-02-19 00:15:00,0.4,0.9749279121818236,-0.22252093395631434
2025-02-19 00:30:00,0.492,0.9749279121818236,-0.22252093395631434
2025-02-19 00:45:00,0.468,0.9749279121818236,-0.22252093395631434
2025-02-19 01:00:00,0.444,0.9749279121818236,-0.22252093395631434
2025-02-19 01:15:00,0.612,0.9749279121818236,-0.22252093395631434
2025-02-19 01:30:00,0.56,0.9749279121818236,-0.22252093395631434
2025-02-19 01:45:00,0.392,0.9749279121818236,-0.22252093395631434
2025-02-19 02:00:00,1.02,0.9749279121818236,-0.22252093395631434
2025-02-19 02:15:00,1.608,0.9749279121818236,-0.22252093395631434
2025-02-19 02:30:00,1.096,0.9749279121818236,-0.22252093395631434
2025-02-19 02:45:00,0.308,0.9749279121818236,-0.22252093395631434
2025-02-19 03:00:00,0.268,0.9749279121818236,-0.22252093395631434
2025-02-19 03:15:00,0.32,0.9749279121818236,-0.22252093395631434
2025-02-19 03:30:00,0.5,0.9749279121818236,-0.22252093395631434
2025-02-19 03:45:00,1.532,0.9749279121818236,-0.22252093395631434
2025-02-19 04:00:00,0.36,0.9749279121818236,-0.22252093395631434
2025-02-19 04:15:00,0.2,0.9749279121818236,-0.22252093395631434
2025-02-19 04:30:00,0.212,0.9749279121818236,-0.22252093395631434
2025-02-19 04:45:00,0.176,0.9749279121818236,-0.22252093395631434
2025-02-19 05:00:00,0.216,0.9749279121818236,-0.22252093395631434
2025-02-19 05:15:00,0.212,0.9749279121818236,-0.22252093395631434
2025-02-19 05:30:00,0.208,0.9749279121818236,-0.22252093395631434
2025-02-19 05:45:00,0.176,0.9749279121818236,-0.22252093395631434
2025-02-19 06:00:00,0.2,0.9749279121818236,-0.22252093395631434
2025-02-19 06:15:00,0.196,0.9749279121818236,-0.22252093395631434
2025-02-19 06:30:00,0.172,0.9749279121818236,-0.22252093395631434
2025-02-19 06:45:00,0.212,0.9749279121818236,-0.22252093395631434
2025-02-19 07:00:00,0.216,0.9749279121818236,-0.22252093395631434
2025-02-19 07:15:00,0.496,0.9749279121818236,-0.22252093395631434
2025-02-19 07:30:00,0.24,0.9749279121818236,-0.22252093395631434
2025-02-19 07:45:00,0.24,0.9749279121818236,-0.22252093395631434
2025-02-19 08:00:00,0.224,0.9749279121818236,-0.22252093395631434
2025-02-19 08:15:00,0.168,0.9749279121818236,-0.22252093395631434
2025-02-19 08:30:00,0.196,0.9749279121818236,-0.22252093395631434
2025-02-19 08:45:00,0.376,0.9749279121818236,-0.22252093395631434
2025-02-19 09:00:00,0.412,0.9749279121818236,-0.22252093395631434
2025-02-19 09:15:00,0.384,0.9749279121818236,-0.22252093395631434
2025-02-19 09:30:00,0.36,0.9749279121818236,-0.22252093395631434
2025-02-19 09:45:00,0.36,0.9749279121818236,-0.22252093395631434
2025-02-19 10:00:00,0.38,0.9749279121818236,-0.22252093395631434
2025-02-19 10:15:00,0.376,0.9749279121818236,-0.22252093395631434
2025-02-19 10:30:00,0.388,0.9749279121818236,-0.22252093395631434
2025-02-19 10:45:00,0.372,0.9749279121818236,-0.22252093395631434
2025-02-19 11:00:00,0.196,0.9749279121818236,-0.22252093395631434
2025-02-19 11:15:00,0.204,0.9749279121818236,-0.22252093395631434
2025-02-19 11:30:00,0.2,0.9749279121818236,-0.22252093395631434
2025-02-19 11:45:00,1.864,0.9749279121818236,-0.22252093395631434
2025-02-19 12:00:00,0.856,0.9749279121818236,-0.22252093395631434
2025-02-19 12:15:00,0.22,0.9749279121818236,-0.22252093395631434
2025-02-19 12:30:00,0.24,0.9749279121818236,-0.22252093395631434
2025-02-19 12:45:00,0.424,0.9749279121818236,-0.22252093395631434
2025-02-19 13:00:00,0.316,0.9749279121818236,-0.22252093395631434
2025-02-19 13:15:00,0.312,0.9749279121818236,-0.22252093395631434
2025-02-19 13:30:00,0.26,0.9749279121818236,-0.22252093395631434
2025-02-19 13:45:00,0.204,0.9749279121818236,-0.22252093395631434
2025-02-19 14:00:00,0.22,0.9749279121818236,-0.22252093395631434
2025-02-19 14:15:00,0.48,0.9749279121818236,-0.22252093395631434
2025-02-19 14:30:00,0.332,0.9749279121818236,-0.22252093395631434
2025-02-19 14:45:00,0.244,0.9749279121818236,-0.22252093395631434
2025-02-19 15:00:00,0.432,0.9749279121818236,-0.22252093395631434
2025-02-19 15:15:00,0.652,0.9749279121818236,-0.22252093395631434
2025-02-19 15:30:00,0.552,0.9749279121818236,-0.22252093395631434
2025-02-19 15:45:00,0.392,0.9749279121818236,-0.22252093395631434
2025-02-19 16:00:00,0.604,0.9749279121818236,-0.22252093395631434
2025-02-19 16:15:00,1.208,0.9749279121818236,-0.22252093395631434
2025-02-19 16:30:00,1.168,0.9749279121818236,-0.22252093395631434
2025-02-19 16:45:00,1.092,0.9749279121818236,-0.22252093395631434
2025-02-19 17:00:00,1.196,0.9749279121818236,-0.22252093395631434
2025-02-19 17:15:00,0.444,0.9749279121818236,-0.22252093395631434
2025-02-19 17:30:00,0.444,0.9749279121818236,-0.22252093395631434
2025-02-19 17:45:00,0.376,0.9749279121818236,-0.22252093395631434
2025-02-19 18:00:00,0.556,0.9749279121818236,-0.22252093395631434
2025-02-19 18:15:00,1.444,0.9749279121818236,-0.22252093395631434
2025-02-19 18:30:00,1.48,0.9749279121818236,-0.22252093395631434
2025-02-19 18:45:00,1.524,0.9749279121818236,-0.22252093395631434
2025-02-19 19:00:00,1.388,0.9749279121818236,-0.22252093395631434
2025-02-19 19:15:00,1.56,0.9749279121818236,-0.22252093395631434
2025-02-19 19:30:00,1.624,0.9749279121818236,-0.22252093395631434
2025-02-19 19:45:00,1.636,0.9749279121818236,-0.22252093395631434
2025-02-19 20:00:00,2.424,0.9749279121818236,-0.22252093395631434
2025-02-19 20:15:00,2.928,0.9749279121818236,-0.22252093395631434
2025-02-19 20:30:00,0.788,0.9749279121818236,-0.22252093395631434
2025-02-19 20:45:00,0.712,0.9749279121818236,-0.22252093395631434
2025-02-19 21:00:00,0.596,0.9749279121818236,-0.22252093395631434
2025-02-19 21:15:00,0.496,0.9749279121818236,-0.22252093395631434
2025-02-19 21:30:00,0.528,0.9749279121818236,-0.22252093395631434
2025-02-19 21:45:00,0.876,0.9749279121818236,-0.22252093395631434
2025-02-19 22:00:00,0.688,0.9749279121818236,-0.22252093395631434
2025-02-19 22:15:00,1.14,0.9749279121818236,-0.22252093395631434
2025-02-19 22:30:00,0.572,0.9749279121818236,-0.22252093395631434
2025-02-19 22:45:00,0.648,0.9749279121818236,-0.22252093395631434
2025-02-19 23:00:00,0.632,0.9749279121818236,-0.22252093395631434
2025-02-19 23:15:00,0.424,0.9749279121818236,-0.22252093395631434
2025-02-19 23:30:00,0.516,0.9749279121818236,-0.22252093395631434
2025-02-19 23:45:00,0.612,0.9749279121818236,-0.22252093395631434
2025-02-20 00:00:00,0.712,0.43388373911755823,-0.900968867902419
2025-02-20 00:15:00,0.548,0.43388373911755823,-0.900968867902419
2025-02-20 00:30:00,0.492,0.43388373911755823,-0.900968867902419
2025-02-20 00:45:00,0.476,0.43388373911755823,-0.900968867902419
2025-02-20 01:00:00,0.528,0.43388373911755823,-0.900968867902419
2025-02-20 01:15:00,0.484,0.43388373911755823,-0.900968867902419
2025-02-20 01:30:00,0.456,0.43388373911755823,-0.900968867902419
2025-02-20 01:45:00,0.424,0.43388373911755823,-0.900968867902419
2025-02-20 02:00:00,0.444,0.43388373911755823,-0.900968867902419
2025-02-20 02:15:00,0.48,0.43388373911755823,-0.900968867902419
2025-02-20 02:30:00,0.444,0.43388373911755823,-0.900968867902419
2025-02-20 02:45:00,0.404,0.43388373911755823,-0.900968867902419
2025-02-20 03:00:00,0.392,0.43388373911755823,-0.900968867902419
2025-02-20 03:15:00,0.4,0.43388373911755823,-0.900968867902419
2025-02-20 03:30:00,0.328,0.43388373911755823,-0.900968867902419
2025-02-20 03:45:00,0.304,0.43388373911755823,-0.900968867902419
2025-02-20 04:00:00,0.328,0.43388373911755823,-0.900968867902419
2025-02-20 04:15:00,0.332,0.43388373911755823,-0.900968867902419
2025-02-20 04:30:00,0.3,0.43388373911755823,-0.900968867902419
2025-02-20 04:45:00,0.244,0.43388373911755823,-0.900968867902419
2025-02-20 05:00:00,0.308,0.43388373911755823,-0.900968867902419
2025-02-20 05:15:00,0.216,0.43388373911755823,-0.900968867902419
2025-02-20 05:30:00,0.18,0.43388373911755823,-0.900968867902419
2025-02-20 05:45:00,0.204,0.43388373911755823,-0.900968867902419
2025-02-20 06:00:00,0.196,0.43388373911755823,-0.900968867902419
2025-02-20 06:15:00,0.324,0.43388373911755823,-0.900968867902419
2025-02-20 06:30:00,1.9,0.43388373911755823,-0.900968867902419
2025-02-20 06:45:00,1.18,0.43388373911755823,-0.900968867902419
2025-02-20 07:00:00,2.788,0.43388373911755823,-0.900968867902419
2025-02-20 07:15:00,1.632,0.43388373911755823,-0.900968867902419
2025-02-20 07:30:00,0.32,0.43388373911755823,-0.900968867902419
2025-02-20 07:45:00,0.364,0.43388373911755823,-0.900968867902419
2025-02-20 08:00:00,0.248,0.43388373911755823,-0.900968867902419
2025-02-20 08:15:00,0.224,0.43388373911755823,-0.900968867902419
2025-02-20 08:30:00,0.188,0.43388373911755823,-0.900968867902419
2025-02-20 08:45:00,0.168,0.43388373911755823,-0.900968867902419
2025-02-20 09:00:00,0.196,0.43388373911755823,-0.900968867902419
2025-02-20 09:15:00,0.196,0.43388373911755823,-0.900968867902419
2025-02-20 09:30:00,0.164,0.43388373911755823,-0.900968867902419
2025-02-20 09:45:00,0.412,0.43388373911755823,-0.900968867902419
2025-02-20 10:00:00,0.704,0.43388373911755823,-0.900968867902419
2025-02-20 10:15:00,0.868,0.43388373911755823,-0.900968867902419
2025-02-20 10:30:00,1.092,0.43388373911755823,-0.900968867902419
2025-02-20 10:45:00,1.072,0.43388373911755823,-0.900968867902419
2025-02-20 11:00:00,0.992,0.43388373911755823,-0.900968867902419
2025-02-20 11:15:00,0.812,0.43388373911755823,-0.900968867902419
2025-02-20 11:30:00,1.128,0.43388373911755823,-0.900968867902419
2025-02-20 11:45:00,0.324,0.43388373911755823,-0.900968867902419
2025-02-20 12:00:00,0.232,0.43388373911755823,-0.900968867902419
2025-02-20 12:15:00,1.148,0.43388373911755823,-0.900968867902419
2025-02-20 12:30:00,0.824,0.43388373911755823,-0.900968867902419
2025-02-20 12:45:00,0.208,0.43388373911755823,-0.900968867902419
2025-02-20 13:00:00,0.368,0.43388373911755823,-0.900968867902419
2025-02-20 13:15:00,0.748,0.43388373911755823,-0.900968867902419
2025-02-20 13:30:00,0.332,0.43388373911755823,-0.900968867902419
2025-02-20 13:45:00,0.312,0.43388373911755823,-0.900968867902419
2025-02-20 14:00:00,0.288,0.43388373911755823,-0.900968867902419
2025-02-20 14:15:00,0.324,0.43388373911755823,-0.900968867902419
2025-02-20 14:30:00,0.328,0.43388373911755823,-0.900968867902419
2025-02-20 14:45:00,0.332,0.43388373911755823,-0.900968867902419
2025-02-20 15:00:00,0.332,0.43388373911755823,-0.900968867902419
2025-02-20 15:15:00,0.336,0.43388373911755823,-0.900968867902419
2025-02-20 15:30:00,0.58,0.43388373911755823,-0.900968867902419
2025-02-20 15:45:00,0.464,0.43388373911755823,-0.900968867902419
2025-02-20 16:00:00,0.448,0.43388373911755823,-0.900968867902419
2025-02-20 16:15:00,0.396,0.43388373911755823,-0.900968867902419
2025-02-20 16:30:00,0.388,0.43388373911755823,-0.900968867902419
2025-02-20 16:45:00,0.444,0.43388373911755823,-0.900968867902419
2025-02-20 17:00:00,0.368,0.43388373911755823,-0.900968867902419
2025-02-20 17:15:00,0.188,0.43388373911755823,-0.900968867902419
2025-02-20 17:30:00,0.168,0.43388373911755823,-0.900968867902419
2025-02-20 17:45:00,0.204,0.43388373911755823,-0.900968867902419
2025-02-20 18:00:00,0.2,0.43388373911755823,-0.900968867902419
2025-02-20 18:15:00,0.228,0.43388373911755823,-0.900968867902419
2025-02-20 18:30:00,0.316,0.43388373911755823,-0.900968867902419
2025-02-20 18:45:00,0.712,0.43388373911755823,-0.900968867902419
2025-02-20 19:00:00,1.972,0.43388373911755823,-0.900968867902419
2025-02-20 19:15:00,1.576,0.43388373911755823,-0.900968867902419
2025-02-20 19:30:00,0.792,0.43388373911755823,-0.900968867902419
2025-02-20 19:45:00,0.8,0.43388373911755823,-0.900968867902419
2025-02-20 20:00:00,0.716,0.43388373911755823,-0.900968867902419
2025-02-20 20:15:00,0.796,0.43388373911755823,-0.900968867902419
2025-02-20 20:30:00,0.712,0.43388373911755823,-0.900968867902419
2025-02-20 20:45:00,0.72,0.43388373911755823,-0.900968867902419
2025-02-20 21:00:00,2.192,0.43388373911755823,-0.900968867902419
2025-02-20 21:15:00,1.98,0.43388373911755823,-0.900968867902419
2025-02-20 21:30:00,2.3,0.43388373911755823,-0.900968867902419
2025-02-20 21:45:00,0.832,0.43388373911755823,-0.900968867902419
2025-02-20 22:00:00,0.832,0.43388373911755823,-0.900968867902419
2025-02-20 22:15:00,0.872,0.43388373911755823,-0.900968867902419
2025-02-20 22:30:00,0.72,0.43388373911755823,-0.900968867902419
2025-02-20 22:45:00,0.72,0.43388373911755823,-0.900968867902419
2025-02-20 23:00:00,0.66,0.43388373911755823,-0.900968867902419
2025-02-20 23:15:00,0.812,0.43388373911755823,-0.900968867902419
2025-02-20 23:30:00,0.644,0.43388373911755823,-0.900968867902419
2025-02-20 23:45:00,0.536,0.43388373911755823,-0.900968867902419
2025-02-21 00:00:00,0.56,-0.433883739117558,-0.9009688679024191
2025-02-21 00:15:00,0.632,-0.433883739117558,-0.9009688679024191
2025-02-21 00:30:00,1.992,-0.433883739117558,-0.9009688679024191
2025-02-21 00:45:00,1.348,-0.433883739117558,-0.9009688679024191
2025-02-21 01:00:00,1.512,-0.433883739117558,-0.9009688679024191
2025-02-21 01:15:00,1.284,-0.433883739117558,-0.9009688679024191
2025-02-21 01:30:00,0.48,-0.433883739117558,-0.9009688679024191
2025-02-21 01:45:00,0.488,-0.433883739117558,-0.9009688679024191
2025-02-21 02:00:00,0.44,-0.433883739117558,-0.9009688679024191
2025-02-21 02:15:00,0.42,-0.433883739117558,-0.9009688679024191
2025-02-21 02:30:00,0.36,-0.433883739117558,-0.9009688679024191
2025-02-21 02:45:00,0.3,-0.433883739117558,-0.9009688679024191
2025-02-21 03:00:00,0.38,-0.433883739117558,-0.9009688679024191
2025-02-21 03:15:00,0.352,-0.433883739117558,-0.9009688679024191
2025-02-21 03:30:00,0.292,-0.433883739117558,-0.9009688679024191
2025-02-21 03:45:00,0.272,-0.433883739117558,-0.9009688679024191
2025-02-21 04:00:00,0.26,-0.433883739117558,-0.9009688679024191
2025-02-21 04:15:00,0.256,-0.433883739117558,-0.9009688679024191
2025-02-21 04:30:00,0.224,-0.433883739117558,-0.9009688679024191
2025-02-21 04:45:00,0.172,-0.433883739117558,-0.9009688679024191
2025-02-21 05:00:00,0.204,-0.433883739117558,-0.9009688679024191
2025-02-21 05:15:00,0.2,-0.433883739117558,-0.9009688679024191
2025-02-21 05:30:00,0.2,-0.433883739117558,-0.9009688679024191
2025-02-21 05:45:00,0.204,-0.433883739117558,-0.9009688679024191
2025-02-21 06:00:00,0.204,-0.433883739117558,-0.9009688679024191
2025-02-21 06:15:00,0.248,-0.433883739117558,-0.9009688679024191
2025-02-21 06:30:00,0.256,-0.433883739117558,-0.9009688679024191
2025-02-21 06:45:00,0.216,-0.433883739117558,-0.9009688679024191
2025-02-21 07:00:00,0.268,-0.433883739117558,-0.9009688679024191
2025-02-21 07:15:00,0.624,-0.433883739117558,-0.9009688679024191
2025-02-21 07:30:00,0.248,-0.433883739117558,-0.9009688679024191
2025-02-21 07:45:00,0.16,-0.433883739117558,-0.9009688679024191
2025-02-21 08:00:00,0.16,-0.433883739117558,-0.9009688679024191
2025-02-21 08:15:00,0.176,-0.433883739117558,-0.9009688679024191
2025-02-21 08:30:00,0.344,-0.433883739117558,-0.9009688679024191
2025-02-21 08:45:00,0.264,-0.433883739117558,-0.9009688679024191
2025-02-21 09:00:00,0.26,-0.433883739117558,-0.9009688679024191
2025-02-21 09:15:00,0.576,-0.433883739117558,-0.9009688679024191
2025-02-21 09:30:00,1.152,-0.433883739117558,-0.9009688679024191
2025-02-21 09:45:00,1.108,-0.433883739117558,-0.9009688679024191
2025-02-21 10:00:00,1.06,-0.433883739117558,-0.9009688679024191
2025-02-21 10:15:00,0.32,-0.433883739117558,-0.9009688679024191
2025-02-21 10:30:00,1.604,-0.433883739117558,-0.9009688679024191
2025-02-21 10:45:00,0.856,-0.433883739117558,-0.9009688679024191
2025-02-21 11:00:00,0.184,-0.433883739117558,-0.9009688679024191
2025-02-21 11:15:00,0.488,-0.433883739117558,-0.9009688679024191
2025-02-21 11:30:00,0.328,-0.433883739117558,-0.9009688679024191
2025-02-21 11:45:00,0.324,-0.433883739117558,-0.9009688679024191
2025-02-21 12:00:00,0.32,-0.433883739117558,-0.9009688679024191
2025-02-21 12:15:00,0.304,-0.433883739117558,-0.9009688679024191
2025-02-21 12:30:00,0.316,-0.433883739117558,-0.9009688679024191
2025-02-21 12:45:00,0.644,-0.433883739117558,-0.9009688679024191
2025-02-21 13:00:00,1.28,-0.433883739117558,-0.9009688679024191
2025-02-21 13:15:00,1.272,-0.433883739117558,-0.9009688679024191
2025-02-21 13:30:00,0.872,-0.433883739117558,-0.9009688679024191
2025-02-21 13:45:00,0.496,-0.433883739117558,-0.9009688679024191
2025-02-21 14:00:00,1.104,-0.433883739117558,-0.9009688679024191
2025-02-21 14:15:00,0.676,-0.433883739117558,-0.9009688679024191
2025-02-21 14:30:00,0.744,-0.433883739117558,-0.9009688679024191
2025-02-21 14:45:00,0.72,-0.433883739117558,-0.9009688679024191
2025-02-21 15:00:00,0.708,-0.433883739117558,-0.9009688679024191
2025-02-21 15:15:00,0.548,-0.433883739117558,-0.9009688679024191
2025-02-21 15:30:00,0.708,-0.433883739117558,-0.9009688679024191
2025-02-21 15:45:00,0.348,-0.433883739117558,-0.9009688679024191
2025-02-21 16:00:00,0.3,-0.433883739117558,-0.9009688679024191
2025-02-21 16:15:00,0.36,-0.433883739117558,-0.9009688679024191
2025-02-21 16:30:00,0.532,-0.433883739117558,-0.9009688679024191
2025-02-21 16:45:00,0.628,-0.433883739117558,-0.9009688679024191
2025-02-21 17:00:00,0.52,-0.433883739117558,-0.9009688679024191
2025-02-21 17:15:00,0.504,-0.433883739117558,-0.9009688679024191
2025-02-21 17:30:00,0.368,-0.433883739117558,-0.9009688679024191
2025-02-21 17:45:00,0.228,-0.433883739117558,-0.9009688679024191
2025-02-21 18:00:00,0.208,-0.433883739117558,-0.9009688679024191
2025-02-21 18:15:00,0.328,-0.433883739117558,-0.9009688679024191
2025-02-21 18:30:00,0.472,-0.433883739117558,-0.9009688679024191
2025-02-21 18:45:00,1.084,-0.433883739117558,-0.9009688679024191
2025-02-21 19:00:00,0.976,-0.433883739117558,-0.9009688679024191
2025-02-21 19:15:00,1.276,-0.433883739117558,-0.9009688679024191
2025-02-21 19:30:00,0.356,-0.433883739117558,-0.9009688679024191
2025-02-21 19:45:00,1.104,-0.433883739117558,-0.9009688679024191
2025-02-21 20:00:00,0.992,-0.433883739117558,-0.9009688679024191
2025-02-21 20:15:00,2.624,-0.433883739117558,-0.9009688679024191
2025-02-21 20:30:00,2.26,-0.433883739117558,-0.9009688679024191
2025-02-21 20:45:00,0.748,-0.433883739117558,-0.9009688679024191
2025-02-21 21:00:00,0.644,-0.433883739117558,-0.9009688679024191
2025-02-21 21:15:00,0.676,-0.433883739117558,-0.9009688679024191
2025-02-21 21:30:00,0.584,-0.433883739117558,-0.9009688679024191
2025-02-21 21:45:00,0.704,-0.433883739117558,-0.9009688679024191
2025-02-21 22:00:00,1.644,-0.433883739117558,-0.9009688679024191
2025-02-21 22:15:00,1.7,-0.433883739117558,-0.9009688679024191
2025-02-21 22:30:00,1.696,-0.433883739117558,-0.9009688679024191
2025-02-21 22:45:00,1.048,-0.433883739117558,-0.9009688679024191
2025-02-21 23:00:00,0.868,-0.433883739117558,-0.9009688679024191
2025-02-21 23:15:00,0.892,-0.433883739117558,-0.9009688679024191
2025-02-21 23:30:00,1.108,-0.433883739117558,-0.9009688679024191
2025-02-21 23:45:00,0.856,-0.433883739117558,-0.9009688679024191
2025-02-22 00:00:00,0.804,-0.9749279121818236,-0.2225209339563146
2025-02-22 00:15:00,0.824,-0.9749279121818236,-0.2225209339563146
2025-02-22 00:30:00,0.592,-0.9749279121818236,-0.2225209339563146
2025-02-22 00:45:00,0.772,-0.9749279121818236,-0.2225209339563146
2025-02-22 01:00:00,0.812,-0.9749279121818236,-0.2225209339563146
2025-02-22 01:15:00,0.632,-0.9749279121818236,-0.2225209339563146
2025-02-22 01:30:00,0.544,-0.9749279121818236,-0.2225209339563146
2025-02-22 01:45:00,0.552,-0.9749279121818236,-0.2225209339563146
2025-02-22 02:00:00,0.644,-0.9749279121818236,-0.2225209339563146
2025-02-22 02:15:00,0.628,-0.9749279121818236,-0.2225209339563146
2025-02-22 02:30:00,0.6,-0.9749279121818236,-0.2225209339563146
2025-02-22 02:45:00,0.552,-0.9749279121818236,-0.2225209339563146
2025-02-22 03:00:00,0.548,-0.9749279121818236,-0.2225209339563146
2025-02-22 03:15:00,0.568,-0.9749279121818236,-0.2225209339563146
2025-02-22 03:30:00,0.448,-0.9749279121818236,-0.2225209339563146
2025-02-22 03:45:00,0.396,-0.9749279121818236,-0.2225209339563146
2025-02-22 04:00:00,0.372,-0.9749279121818236,-0.2225209339563146
2025-02-22 04:15:00,1.152,-0.9749279121818236,-0.2225209339563146
2025-02-22 04:30:00,1.512,-0.9749279121818236,-0.2225209339563146
2025-02-22 04:45:00,1.096,-0.9749279121818236,-0.2225209339563146
2025-02-22 05:00:00,1.228,-0.9749279121818236,-0.2225209339563146
2025-02-22 05:15:00,1.212,-0.9749279121818236,-0.2225209339563146
2025-02-22 05:30:00,1.208,-0.9749279121818236,-0.2225209339563146
2025-02-22 05:45:00,1.044,-0.9749279121818236,-0.2225209339563146
2025-02-22 06:00:00,0.988,-0.9749279121818236,-0.2225209339563146
2025-02-22 06:15:00,0.944,-0.9749279121818236,-0.2225209339563146
2025-02-22 06:30:00,0.984,-0.9749279121818236,-0.2225209339563146
2025-02-22 06:45:00,1.112,-0.9749279121818236,-0.2225209339563146
2025-02-22 07:00:00,1.116,-0.9749279121818236,-0.2225209339563146
2025-02-22 07:15:00,1.032,-0.9749279121818236,-0.2225209339563146
2025-02-22 07:30:00,0.98,-0.9749279121818236,-0.2225209339563146
2025-02-22 07:45:00,0.944,-0.9749279121818236,-0.2225209339563146
2025-02-22 08:00:00,0.956,-0.9749279121818236,-0.2225209339563146
2025-02-22 08:15:00,1.008,-0.9749279121818236,-0.2225209339563146
2025-02-22 08:30:00,1.124,-0.9749279121818236,-0.2225209339563146
2025-02-22 08:45:00,1.104,-0.9749279121818236,-0.2225209339563146
2025-02-22 09:00:00,2.024,-0.9749279121818236,-0.2225209339563146
2025-02-22 09:15:00,2.368,-0.9749279121818236,-0.2225209339563146
2025-02-22 09:30:00,1.496,-0.9749279121818236,-0.2225209339563146
2025-02-22 09:45:00,1.252,-0.9749279121818236,-0.2225209339563146
2025-02-22 10:00:00,1.28,-0.9749279121818236,-0.2225209339563146
2025-02-22 10:15:00,2.056,-0.9749279121818236,-0.2225209339563146
2025-02-22 10:30:00,2.34,-0.9749279121818236,-0.2225209339563146
2025-02-22 10:45:00,1.72,-0.9749279121818236,-0.2225209339563146
2025-02-22 11:00:00,2.268,-0.9749279121818236,-0.2225209339563146
2025-02-22 11:15:00,2.176,-0.9749279121818236,-0.2225209339563146
2025-02-22 11:30:00,2.14,-0.9749279121818236,-0.2225209339563146
2025-02-22 11:45:00,2.128,-0.9749279121818236,-0.2225209339563146
2025-02-22 12:00:00,1.996,-0.9749279121818236,-0.2225209339563146
2025-02-22 12:15:00,1.476,-0.9749279121818236,-0.2225209339563146
2025-02-22 12:30:00,1.312,-0.9749279121818236,-0.2225209339563146
2025-02-22 12:45:00,2.124,-0.9749279121818236,-0.2225209339563146
2025-02-22 13:00:00,2.28,-0.9749279121818236,-0.2225209339563146
2025-02-22 13:15:00,2.32,-0.9749279121818236,-0.2225209339563146
2025-02-22 13:30:00,1.996,-0.9749279121818236,-0.2225209339563146
2025-02-22 13:45:00,2.288,-0.9749279121818236,-0.2225209339563146
2025-02-22 14:00:00,2.092,-0.9749279121818236,-0.2225209339563146
2025-02-22 14:15:00,1.244,-0.9749279121818236,-0.2225209339563146
2025-02-22 14:30:00,0.912,-0.9749279121818236,-0.2225209339563146
2025-02-22 14:45:00,0.836,-0.9749279121818236,-0.2225209339563146
2025-02-22 15:00:00,0.62,-0.9749279121818236,-0.2225209339563146
2025-02-22 15:15:00,0.456,-0.9749279121818236,-0.2225209339563146
2025-02-22 15:30:00,0.64,-0.9749279121818236,-0.2225209339563146
2025-02-22 15:45:00,1.884,-0.9749279121818236,-0.2225209339563146
2025-02-22 16:00:00,2.992,-0.9749279121818236,-0.2225209339563146
2025-02-22 16:15:00,1.696,-0.9749279121818236,-0.2225209339563146
2025-02-22 16:30:00,1.8,-0.9749279121818236,-0.2225209339563146
2025-02-22 16:45:00,0.324,-0.9749279121818236,-0.2225209339563146
2025-02-22 17:00:00,0.22,-0.9749279121818236,-0.2225209339563146
2025-02-22 17:15:00,0.236,-0.9749279121818236,-0.2225209339563146
2025-02-22 17:30:00,0.456,-0.9749279121818236,-0.2225209339563146
2025-02-22 17:45:00,1.052,-0.9749279121818236,-0.2225209339563146
2025-02-22 18:00:00,0.652,-0.9749279121818236,-0.2225209339563146
2025-02-22 18:15:00,1.24,-0.9749279121818236,-0.2225209339563146
2025-02-22 18:30:00,0.88,-0.9749279121818236,-0.2225209339563146
2025-02-22 18:45:00,0.832,-0.9749279121818236,-0.2225209339563146
2025-02-22 19:00:00,0.684,-0.9749279121818236,-0.2225209339563146
2025-02-22 19:15:00,0.676,-0.9749279121818236,-0.2225209339563146
2025-02-22 19:30:00,0.664,-0.9749279121818236,-0.2225209339563146
2025-02-22 19:45:00,0.652,-0.9749279121818236,-0.2225209339563146
2025-02-22 20:00:00,2.316,-0.9749279121818236,-0.2225209339563146
2025-02-22 20:15:00,0.72,-0.9749279121818236,-0.2225209339563146
2025-02-22 20:30:00,0.716,-0.9749279121818236,-0.2225209339563146
2025-02-22 20:45:00,1.596,-0.9749279121818236,-0.2225209339563146
2025-02-22 21:00:00,3.032,-0.9749279121818236,-0.2225209339563146
2025-02-22 21:15:00,2.904,-0.9749279121818236,-0.2225209339563146
2025-02-22 21:30:00,0.508,-0.9749279121818236,-0.2225209339563146
2025-02-22 21:45:00,0.652,-0.9749279121818236,-0.2225209339563146
2025-02-22 22:00:00,1.304,-0.9749279121818236,-0.2225209339563146
2025-02-22 22:15:00,1.356,-0.9749279121818236,-0.2225209339563146
2025-02-22 22:30:00,1.44,-0.9749279121818236,-0.2225209339563146
2025-02-22 22:45:00,1.476,-0.9749279121818236,-0.2225209339563146
2025-02-22 23:00:00,1.34,-0.9749279121818236,-0.2225209339563146
2025-02-22 23:15:00,0.544,-0.9749279121818236,-0.2225209339563146
2025-02-22 23:30:00,0.584,-0.9749279121818236,-0.2225209339563146
2025-02-22 23:45:00,0.472,-0.9749279121818236,-0.2225209339563146
2025-02-23 00:00:00,0.44,-0.7818314824680299,0.6234898018587334
2025-02-23 00:15:00,0.456,-0.7818314824680299,0.6234898018587334
2025-02-23 00:30:00,0.464,-0.7818314824680299,0.6234898018587334
2025-02-23 00:45:00,0.436,-0.7818314824680299,0.6234898018587334
2025-02-23 01:00:00,0.404,-0.7818314824680299,0.6234898018587334
2025-02-23 01:15:00,0.42,-0.7818314824680299,0.6234898018587334
2025-02-23 01:30:00,0.324,-0.7818314824680299,0.6234898018587334
2025-02-23 01:45:00,0.272,-0.7818314824680299,0.6234898018587334
2025-02-23 02:00:00,0.252,-0.7818314824680299,0.6234898018587334
2025-02-23 02:15:00,0.232,-0.7818314824680299,0.6234898018587334
2025-02-23 02:30:00,0.264,-0.7818314824680299,0.6234898018587334
2025-02-23 02:45:00,0.244,-0.7818314824680299,0.6234898018587334
2025-02-23 03:00:00,0.184,-0.7818314824680299,0.6234898018587334
2025-02-23 03:15:00,0.168,-0.7818314824680299,0.6234898018587334
2025-02-23 03:30:00,0.208,-0.7818314824680299,0.6234898018587334
2025-02-23 03:45:00,0.196,-0.7818314824680299,0.6234898018587334
2025-02-23 04:00:00,0.332,-0.7818314824680299,0.6234898018587334
2025-02-23 04:15:00,0.368,-0.7818314824680299,0.6234898018587334
2025-02-23 04:30:00,0.304,-0.7818314824680299,0.6234898018587334
2025-02-23 04:45:00,0.232,-0.7818314824680299,0.6234898018587334
2025-02-23 05:00:00,0.272,-0.7818314824680299,0.6234898018587334
2025-02-23 05:15:00,0.26,-0.7818314824680299,0.6234898018587334
2025-02-23 05:30:00,0.272,-0.7818314824680299,0.6234898018587334
2025-02-23 05:45:00,0.272,-0.7818314824680299,0.6234898018587334
2025-02-23 06:00:00,0.264,-0.7818314824680299,0.6234898018587334
2025-02-23 06:15:00,0.272,-0.7818314824680299,0.6234898018587334
2025-02-23 06:30:00,0.256,-0.7818314824680299,0.6234898018587334
2025-02-23 06:45:00,0.28,-0.7818314824680299,0.6234898018587334
2025-02-23 07:00:00,0.3,-0.7818314824680299,0.6234898018587334
2025-02-23 07:15:00,0.308,-0.7818314824680299,0.6234898018587334
2025-02-23 07:30:00,0.264,-0.7818314824680299,0.6234898018587334
2025-02-23 07:45:00,0.24,-0.7818314824680299,0.6234898018587334
2025-02-23 08:00:00,0.22,-0.7818314824680299,0.6234898018587334
2025-02-23 08:15:00,0.204,-0.7818314824680299,0.6234898018587334
2025-02-23 08:30:00,0.328,-0.7818314824680299,0.6234898018587334
2025-02-23 08:45:00,0.468,-0.7818314824680299,0.6234898018587334
2025-02-23 09:00:00,0.656,-0.7818314824680299,0.6234898018587334
2025-02-23 09:15:00,0.396,-0.7818314824680299,0.6234898018587334
2025-02-23 09:30:00,0.972,-0.7818314824680299,0.6234898018587334
2025-02-23 09:45:00,1.436,-0.7818314824680299,0.6234898018587334
2025-02-23 10:00:00,1.408,-0.7818314824680299,0.6234898018587334
2025-02-23 10:15:00,1.356,-0.7818314824680299,0.6234898018587334
2025-02-23 10:30:00,1.328,-0.7818314824680299,0.6234898018587334
2025-02-23 10:45:00,1.336,-0.7818314824680299,0.6234898018587334
2025-02-23 11:00:00,1.436,-0.7818314824680299,0.6234898018587334
2025-02-23 11:15:00,1.876,-0.7818314824680299,0.6234898018587334
2025-02-23 11:30:00,0.952,-0.7818314824680299,0.6234898018587334
2025-02-23 11:45:00,0.6,-0.7818314824680299,0.6234898018587334
2025-02-23 12:00:00,1.172,-0.7818314824680299,0.6234898018587334
2025-02-23 12:15:00,1.416,-0.7818314824680299,0.6234898018587334
2025-02-23 12:30:00,3.676,-0.7818314824680299,0.6234898018587334
2025-02-23 12:45:00,3.64,-0.7818314824680299,0.6234898018587334
2025-02-23 13:00:00,3.236,-0.7818314824680299,0.6234898018587334
2025-02-23 13:15:00,3.292,-0.7818314824680299,0.6234898018587334
2025-02-23 13:30:00,2.896,-0.7818314824680299,0.6234898018587334
2025-02-23 13:45:00,2.828,-0.7818314824680299,0.6234898018587334
2025-02-23 14:00:00,3.184,-0.7818314824680299,0.6234898018587334
2025-02-23 14:15:00,2.108,-0.7818314824680299,0.6234898018587334
2025-02-23 14:30:00,1.68,-0.7818314824680299,0.6234898018587334
2025-02-23 14:45:00,1.736,-0.7818314824680299,0.6234898018587334
2025-02-23 15:00:00,1.78,-0.7818314824680299,0.6234898018587334
2025-02-23 15:15:00,2.104,-0.7818314824680299,0.6234898018587334
2025-02-23 15:30:00,1.808,-0.7818314824680299,0.6234898018587334
2025-02-23 15:45:00,1.864,-0.7818314824680299,0.6234898018587334
2025-02-23 16:00:00,1.888,-0.7818314824680299,0.6234898018587334
2025-02-23 16:15:00,1.844,-0.7818314824680299,0.6234898018587334
2025-02-23 16:30:00,1.78,-0.7818314824680299,0.6234898018587334
2025-02-23 16:45:00,1.1,-0.7818314824680299,0.6234898018587334
2025-02-23 17:00:00,0.684,-0.7818314824680299,0.6234898018587334
2025-02-23 17:15:00,0.556,-0.7818314824680299,0.6234898018587334
2025-02-23 17:30:00,0.52,-0.7818314824680299,0.6234898018587334
2025-02-23 17:45:00,0.512,-0.7818314824680299,0.6234898018587334
2025-02-23 18:00:00,0.576,-0.7818314824680299,0.6234898018587334
2025-02-23 18:15:00,0.564,-0.7818314824680299,0.6234898018587334
2025-02-23 18:30:00,0.444,-0.7818314824680299,0.6234898018587334
2025-02-23 18:45:00,1.312,-0.7818314824680299,0.6234898018587334
2025-02-23 19:00:00,1.336,-0.7818314824680299,0.6234898018587334
2025-02-23 19:15:00,1.348,-0.7818314824680299,0.6234898018587334
2025-02-23 19:30:00,0.868,-0.7818314824680299,0.6234898018587334
2025-02-23 19:45:00,0.424,-0.7818314824680299,0.6234898018587334
2025-02-23 20:00:00,0.528,-0.7818314824680299,0.6234898018587334
2025-02-23 20:15:00,1.304,-0.7818314824680299,0.6234898018587334
2025-02-23 20:30:00,1.36,-0.7818314824680299,0.6234898018587334
2025-02-23 20:45:00,1.62,-0.7818314824680299,0.6234898018587334
2025-02-23 21:00:00,1.528,-0.7818314824680299,0.6234898018587334
2025-02-23 21:15:00,2.032,-0.7818314824680299,0.6234898018587334
2025-02-23 21:30:00,0.628,-0.7818314824680299,0.6234898018587334
2025-02-23 21:45:00,0.64,-0.7818314824680299,0.6234898018587334
2025-02-23 22:00:00,0.608,-0.7818314824680299,0.6234898018587334
2025-02-23 22:15:00,0.524,-0.7818314824680299,0.6234898018587334
2025-02-23 22:30:00,0.576,-0.7818314824680299,0.6234898018587334
2025-02-23 22:45:00,0.592,-0.7818314824680299,0.6234898018587334
2025-02-23 23:00:00,0.672,-0.7818314824680299,0.6234898018587334
2025-02-23 23:15:00,0.628,-0.7818314824680299,0.6234898018587334
2025-02-23 23:30:00,0.564,-0.7818314824680299,0.6234898018587334
2025-02-23 23:45:00,0.66,-0.7818314824680299,0.6234898018587334
2025-02-24 00:00:00,0.76,0.0,1.0
2025-02-24 00:15:00,0.812,0.0,1.0
2025-02-24 00:30:00,1.432,0.0,1.0
2025-02-24 00:45:00,1.452,0.0,1.0
2025-02-24 01:00:00,1.328,0.0,1.0
2025-02-24 01:15:00,1.332,0.0,1.0
2025-02-24 01:30:00,2.472,0.0,1.0
2025-02-24 01:45:00,2.348,0.0,1.0
2025-02-24 02:00:00,1.932,0.0,1.0
2025-02-24 02:15:00,2.032,0.0,1.0
2025-02-24 02:30:00,1.06,0.0,1.0
2025-02-24 02:45:00,1.044,0.0,1.0
2025-02-24 03:00:00,1.044,0.0,1.0
2025-02-24 03:15:00,1.048,0.0,1.0
2025-02-24 03:30:00,1.068,0.0,1.0
2025-02-24 03:45:00,1.124,0.0,1.0
2025-02-24 04:00:00,1.108,0.0,1.0
2025-02-24 04:15:00,1.08,0.0,1.0
2025-02-24 04:30:00,1.06,0.0,1.0
2025-02-24 04:45:00,1.016,0.0,1.0
2025-02-24 05:00:00,0.984,0.0,1.0
2025-02-24 05:15:00,0.976,0.0,1.0
2025-02-24 05:30:00,0.964,0.0,1.0
2025-02-24 05:45:00,0.992,0.0,1.0
2025-02-24 06:00:00,1.016,0.0,1.0
2025-02-24 06:15:00,1.056,0.0,1.0
2025-02-24 06:30:00,1.1,0.0,1.0
2025-02-24 06:45:00,1.072,0.0,1.0
2025-02-24 07:00:00,1.092,0.0,1.0
2025-02-24 07:15:00,2.008,0.0,1.0
2025-02-24 07:30:00,1.16,0.0,1.0
2025-02-24 07:45:00,1.228,0.0,1.0
2025-02-24 08:00:00,1.484,0.0,1.0
2025-02-24 08:15:00,1.14,0.0,1.0
2025-02-24 08:30:00,1.212,0.0,1.0
2025-02-24 08:45:00,1.208,0.0,1.0
2025-02-24 09:00:00,1.304,0.0,1.0
2025-02-24 09:15:00,1.296,0.0,1.0
2025-02-24 09:30:00,1.348,0.0,1.0
2025-02-24 09:45:00,1.368,0.0,1.0
2025-02-24 10:00:00,1.352,0.0,1.0
2025-02-24 10:15:00,1.324,0.0,1.0
2025-02-24 10:30:00,2.768,0.0,1.0
2025-02-24 10:45:00,2.264,0.0,1.0
2025-02-24 11:00:00,0.476,0.0,1.0
2025-02-24 11:15:00,0.292,0.0,1.0
2025-02-24 11:30:00,0.26,0.0,1.0
2025-02-24 11:45:00,0.28,0.0,1.0
2025-02-24 12:00:00,0.308,0.0,1.0
2025-02-24 12:15:00,0.312,0.0,1.0
2025-02-24 12:30:00,0.284,0.0,1.0
2025-02-24 12:45:00,0.316,0.0,1.0
2025-02-24 13:00:00,0.564,0.0,1.0
2025-02-24 13:15:00,0.604,0.0,1.0
2025-02-24 13:30:00,0.48,0.0,1.0
2025-02-24 13:45:00,0.676,0.0,1.0
2025-02-24 14:00:00,0.672,0.0,1.0
2025-02-24 14:15:00,0.608,0.0,1.0
2025-02-24 14:30:00,0.588,0.0,1.0
2025-02-24 14:45:00,0.692,0.0,1.0
2025-02-24 15:00:00,0.66,0.0,1.0
2025-02-24 15:15:00,0.744,0.0,1.0
2025-02-24 15:30:00,0.572,0.0,1.0
2025-02-24 15:45:00,0.736,0.0,1.0
2025-02-24 16:00:00,0.608,0.0,1.0
2025-02-24 16:15:00,0.696,0.0,1.0
2025-02-24 16:30:00,0.7,0.0,1.0
2025-02-24 16:45:00,0.604,0.0,1.0
2025-02-24 17:00:00,0.936,0.0,1.0
2025-02-24 17:15:00,0.576,0.0,1.0
2025-02-24 17:30:00,0.432,0.0,1.0
2025-02-24 17:45:00,0.42,0.0,1.0
2025-02-24 18:00:00,0.368,0.0,1.0
2025-02-24 18:15:00,0.272,0.0,1.0
2025-02-24 18:30:00,0.66,0.0,1.0
2025-02-24 18:45:00,0.824,0.0,1.0
2025-02-24 19:00:00,0.868,0.0,1.0
2025-02-24 19:15:00,0.8,0.0,1.0
2025-02-24 19:30:00,0.716,0.0,1.0
2025-02-24 19:45:00,1.016,0.0,1.0
2025-02-24 20:00:00,3.628,0.0,1.0
2025-02-24 20:15:00,3.632,0.0,1.0
2025-02-24 20:30:00,3.228,0.0,1.0
2025-02-24 20:45:00,2.188,0.0,1.0
2025-02-24 21:00:00,1.564,0.0,1.0
2025-02-24 21:15:00,1.532,0.0,1.0
2025-02-24 21:30:00,1.588,0.0,1.0
2025-02-24 21:45:00,1.636,0.0,1.0
2025-02-24 22:00:00,1.636,0.0,1.0
2025-02-24 22:15:00,2.296,0.0,1.0
2025-02-24 22:30:00,2.476,0.0,1.0
2025-02-24 22:45:00,2.64,0.0,1.0
2025-02-24 23:00:00,1.936,0.0,1.0
2025-02-24 23:15:00,1.344,0.0,1.0
2025-02-24 23:30:00,1.028,0.0,1.0
2025-02-24 23:45:00,1.272,0.0,1.0
2025-02-25 00:00:00,1.144,0.7818314824680298,0.6234898018587336
2025-02-25 00:15:00,1.364,0.7818314824680298,0.6234898018587336
2025-02-25 00:30:00,1.336,0.7818314824680298,0.6234898018587336
2025-02-25 00:45:00,1.148,0.7818314824680298,0.6234898018587336
2025-02-25 01:00:00,0.784,0.7818314824680298,0.6234898018587336
2025-02-25 01:15:00,1.084,0.7818314824680298,0.6234898018587336
2025-02-25 01:30:00,0.852,0.7818314824680298,0.6234898018587336
2025-02-25 01:45:00,1.036,0.7818314824680298,0.6234898018587336
2025-02-25 02:00:00,0.704,0.7818314824680298,0.6234898018587336
2025-02-25 02:15:00,0.996,0.7818314824680298,0.6234898018587336
2025-02-25 02:30:00,0.72,0.7818314824680298,0.6234898018587336
2025-02-25 02:45:00,0.996,0.7818314824680298,0.6234898018587336
2025-02-25 03:00:00,0.708,0.7818314824680298,0.6234898018587336
2025-02-25 03:15:00,0.972,0.7818314824680298,0.6234898018587336
2025-02-25 03:30:00,0.74,0.7818314824680298,0.6234898018587336
2025-02-25 03:45:00,1.008,0.7818314824680298,0.6234898018587336
2025-02-25 04:00:00,0.712,0.7818314824680298,0.6234898018587336
2025-02-25 04:15:00,0.94,0.7818314824680298,0.6234898018587336
2025-02-25 04:30:00,1.04,0.7818314824680298,0.6234898018587336
2025-02-25 04:45:00,0.78,0.7818314824680298,0.6234898018587336
2025-02-25 05:00:00,1.036,0.7818314824680298,0.6234898018587336
2025-02-25 05:15:00,0.736,0.7818314824680298,0.6234898018587336
2025-02-25 05:30:00,1.012,0.7818314824680298,0.6234898018587336
2025-02-25 05:45:00,0.684,0.7818314824680298,0.6234898018587336
2025-02-25 06:00:00,0.988,0.7818314824680298,0.6234898018587336
2025-02-25 06:15:00,0.808,0.7818314824680298,0.6234898018587336
2025-02-25 06:30:00,0.868,0.7818314824680298,0.6234898018587336
2025-02-25 06:45:00,0.928,0.7818314824680298,0.6234898018587336
2025-02-25 07:00:00,0.78,0.7818314824680298,0.6234898018587336
2025-02-25 07:15:00,1.956,0.7818314824680298,0.6234898018587336
2025-02-25 07:30:00,0.868,0.7818314824680298,0.6234898018587336
2025-02-25 07:45:00,1.68,0.7818314824680298,0.6234898018587336
2025-02-25 08:00:00,1.284,0.7818314824680298,0.6234898018587336
2025-02-25 08:15:00,2.944,0.7818314824680298,0.6234898018587336
2025-02-25 08:30:00,1.032,0.7818314824680298,0.6234898018587336
2025-02-25 08:45:00,1.088,0.7818314824680298,0.6234898018587336
2025-02-25 09:00:00,2.424,0.7818314824680298,0.6234898018587336
2025-02-25 09:15:00,2.36,0.7818314824680298,0.6234898018587336
2025-02-25 09:30:00,0.784,0.7818314824680298,0.6234898018587336
2025-02-25 09:45:00,0.944,0.7818314824680298,0.6234898018587336
2025-02-25 10:00:00,0.74,0.7818314824680298,0.6234898018587336
2025-02-25 10:15:00,1.072,0.7818314824680298,0.6234898018587336
2025-02-25 10:30:00,1.112,0.7818314824680298,0.6234898018587336
2025-02-25 10:45:00,0.824,0.7818314824680298,0.6234898018587336
2025-02-25 11:00:00,1.068,0.7818314824680298,0.6234898018587336
2025-02-25 11:15:00,1.064,0.7818314824680298,0.6234898018587336
2025-02-25 11:30:00,1.056,0.7818314824680298,0.6234898018587336
2025-02-25 11:45:00,1.148,0.7818314824680298,0.6234898018587336
2025-02-25 12:00:00,1.224,0.7818314824680298,0.6234898018587336
2025-02-25 12:15:00,1.188,0.7818314824680298,0.6234898018587336
2025-02-25 12:30:00,0.884,0.7818314824680298,0.6234898018587336
2025-02-25 12:45:00,1.192,0.7818314824680298,0.6234898018587336
2025-02-25 13:00:00,0.952,0.7818314824680298,0.6234898018587336
2025-02-25 13:15:00,1.256,0.7818314824680298,0.6234898018587336
2025-02-25 13:30:00,1.208,0.7818314824680298,0.6234898018587336
2025-02-25 13:45:00,0.968,0.7818314824680298,0.6234898018587336
2025-02-25 14:00:00,1.144,0.7818314824680298,0.6234898018587336
2025-02-25 14:15:00,0.372,0.7818314824680298,0.6234898018587336
2025-02-25 14:30:00,0.344,0.7818314824680298,0.6234898018587336
2025-02-25 14:45:00,0.364,0.7818314824680298,0.6234898018587336
2025-02-25 15:00:00,0.4,0.7818314824680298,0.6234898018587336
2025-02-25 15:15:00,0.38,0.7818314824680298,0.6234898018587336
2025-02-25 15:30:00,0.344,0.7818314824680298,0.6234898018587336
2025-02-25 15:45:00,0.308,0.7818314824680298,0.6234898018587336
2025-02-25 16:00:00,0.336,0.7818314824680298,0.6234898018587336
2025-02-25 16:15:00,0.384,0.7818314824680298,0.6234898018587336
2025-02-25 16:30:00,0.432,0.7818314824680298,0.6234898018587336
2025-02-25 16:45:00,0.424,0.7818314824680298,0.6234898018587336
2025-02-25 17:00:00,0.392,0.7818314824680298,0.6234898018587336
2025-02-25 17:15:00,0.396,0.7818314824680298,0.6234898018587336
2025-02-25 17:30:00,0.42,0.7818314824680298,0.6234898018587336
2025-02-25 17:45:00,0.404,0.7818314824680298,0.6234898018587336
2025-02-25 18:00:00,0.368,0.7818314824680298,0.6234898018587336
2025-02-25 18:15:00,0.296,0.7818314824680298,0.6234898018587336
2025-02-25 18:30:00,0.476,0.7818314824680298,0.6234898018587336
2025-02-25 18:45:00,0.548,0.7818314824680298,0.6234898018587336
2025-02-25 19:00:00,0.608,0.7818314824680298,0.6234898018587336
2025-02-25 19:15:00,0.544,0.7818314824680298,0.6234898018587336
2025-02-25 19:30:00,0.536,0.7818314824680298,0.6234898018587336
2025-02-25 19:45:00,0.644,0.7818314824680298,0.6234898018587336
2025-02-25 20:00:00,0.588,0.7818314824680298,0.6234898018587336
2025-02-25 20:15:00,0.48,0.7818314824680298,0.6234898018587336
2025-02-25 20:30:00,0.504,0.7818314824680298,0.6234898018587336
2025-02-25 20:45:00,0.596,0.7818314824680298,0.6234898018587336
2025-02-25 21:00:00,1.252,0.7818314824680298,0.6234898018587336
2025-02-25 21:15:00,1.32,0.7818314824680298,0.6234898018587336
2025-02-25 21:30:00,1.292,0.7818314824680298,0.6234898018587336
2025-02-25 21:45:00,1.276,0.7818314824680298,0.6234898018587336
2025-02-25 22:00:00,1.336,0.7818314824680298,0.6234898018587336
2025-02-25 22:15:00,1.34,0.7818314824680298,0.6234898018587336
2025-02-25 22:30:00,1.46,0.7818314824680298,0.6234898018587336
2025-02-25 22:45:00,1.548,0.7818314824680298,0.6234898018587336
2025-02-25 23:00:00,1.464,0.7818314824680298,0.6234898018587336
2025-02-25 23:15:00,1.492,0.7818314824680298,0.6234898018587336
2025-02-25 23:30:00,1.496,0.7818314824680298,0.6234898018587336
2025-02-25 23:45:00,1.584,0.7818314824680298,0.6234898018587336
2025-02-26 00:00:00,1.544,0.9749279121818236,-0.22252093395631434
2025-02-26 00:15:00,1.628,0.9749279121818236,-0.22252093395631434
2025-02-26 00:30:00,1.444,0.9749279121818236,-0.22252093395631434
2025-02-26 00:45:00,2.3,0.9749279121818236,-0.22252093395631434
2025-02-26 01:00:00,1.04,0.9749279121818236,-0.22252093395631434
2025-02-26 01:15:00,1.78,0.9749279121818236,-0.22252093395631434
2025-02-26 01:30:00,0.46,0.9749279121818236,-0.22252093395631434
2025-02-26 01:45:00,0.44,0.9749279121818236,-0.22252093395631434
2025-02-26 02:00:00,0.372,0.9749279121818236,-0.22252093395631434
2025-02-26 02:15:00,0.416,0.9749279121818236,-0.22252093395631434
2025-02-26 02:30:00,0.42,0.9749279121818236,-0.22252093395631434
2025-02-26 02:45:00,0.428,0.9749279121818236,-0.22252093395631434
2025-02-26 03:00:00,0.336,0.9749279121818236,-0.22252093395631434
2025-02-26 03:15:00,0.344,0.9749279121818236,-0.22252093395631434
2025-02-26 03:30:00,0.336,0.9749279121818236,-0.22252093395631434
2025-02-26 03:45:00,0.376,0.9749279121818236,-0.22252093395631434
2025-02-26 04:00:00,0.408,0.9749279121818236,-0.22252093395631434
2025-02-26 04:15:00,0.436,0.9749279121818236,-0.22252093395631434
2025-02-26 04:30:00,0.464,0.9749279121818236,-0.22252093395631434
2025-02-26 04:45:00,0.344,0.9749279121818236,-0.22252093395631434
2025-02-26 05:00:00,0.248,0.9749279121818236,-0.22252093395631434
2025-02-26 05:15:00,0.232,0.9749279121818236,-0.22252093395631434
2025-02-26 05:30:00,0.264,0.9749279121818236,-0.22252093395631434
2025-02-26 05:45:00,0.296,0.9749279121818236,-0.22252093395631434
2025-02-26 06:00:00,0.232,0.9749279121818236,-0.22252093395631434
2025-02-26 06:15:00,0.236,0.9749279121818236,-0.22252093395631434
2025-02-26 06:30:00,0.26,0.9749279121818236,-0.22252093395631434
2025-02-26 06:45:00,0.36,0.9749279121818236,-0.22252093395631434
2025-02-26 07:00:00,0.472,0.9749279121818236,-0.22252093395631434
2025-02-26 07:15:00,0.34,0.9749279121818236,-0.22252093395631434
2025-02-26 07:30:00,1.256,0.9749279121818236,-0.22252093395631434
2025-02-26 07:45:00,0.436,0.9749279121818236,-0.22252093395631434
2025-02-26 08:00:00,0.384,0.9749279121818236,-0.22252093395631434
2025-02-26 08:15:00,0.436,0.9749279121818236,-0.22252093395631434
2025-02-26 08:30:00,0.756,0.9749279121818236,-0.22252093395631434
2025-02-26 08:45:00,1.992,0.9749279121818236,-0.22252093395631434
2025-02-26 09:00:00,0.904,0.9749279121818236,-0.22252093395631434
2025-02-26 09:15:00,0.204,0.9749279121818236,-0.22252093395631434
2025-02-26 09:30:00,0.164,0.9749279121818236,-0.22252093395631434
2025-02-26 09:45:00,0.204,0.9749279121818236,-0.22252093395631434
2025-02-26 10:00:00,0.196,0.9749279121818236,-0.22252093395631434
2025-02-26 10:15:00,0.184,0.9749279121818236,-0.22252093395631434
2025-02-26 10:30:00,0.184,0.9749279121818236,-0.22252093395631434
2025-02-26 10:45:00,0.24,0.9749279121818236,-0.22252093395631434
2025-02-26 11:00:00,0.168,0.9749279121818236,-0.22252093395631434
2025-02-26 11:15:00,0.172,0.9749279121818236,-0.22252093395631434
2025-02-26 11:30:00,0.192,0.9749279121818236,-0.22252093395631434
2025-02-26 11:45:00,0.164,0.9749279121818236,-0.22252093395631434
2025-02-26 12:00:00,0.18,0.9749279121818236,-0.22252093395631434
2025-02-26 12:15:00,0.192,0.9749279121818236,-0.22252093395631434
2025-02-26 12:30:00,0.504,0.9749279121818236,-0.22252093395631434
2025-02-26 12:45:00,1.368,0.9749279121818236,-0.22252093395631434
2025-02-26 13:00:00,1.14,0.9749279121818236,-0.22252093395631434
2025-02-26 13:15:00,0.304,0.9749279121818236,-0.22252093395631434
2025-02-26 13:30:00,0.28,0.9749279121818236,-0.22252093395631434
2025-02-26 13:45:00,0.3,0.9749279121818236,-0.22252093395631434
2025-02-26 14:00:00,0.452,0.9749279121818236,-0.22252093395631434
2025-02-26 14:15:00,0.328,0.9749279121818236,-0.22252093395631434
2025-02-26 14:30:00,0.348,0.9749279121818236,-0.22252093395631434
2025-02-26 14:45:00,0.336,0.9749279121818236,-0.22252093395631434
2025-02-26 15:00:00,0.256,0.9749279121818236,-0.22252093395631434
2025-02-26 15:15:00,0.268,0.9749279121818236,-0.22252093395631434
2025-02-26 15:30:00,0.456,0.9749279121818236,-0.22252093395631434
2025-02-26 15:45:00,0.652,0.9749279121818236,-0.22252093395631434
2025-02-26 16:00:00,0.668,0.9749279121818236,-0.22252093395631434
2025-02-26 16:15:00,0.692,0.9749279121818236,-0.22252093395631434
2025-02-26 16:30:00,1.84,0.9749279121818236,-0.22252093395631434
2025-02-26 16:45:00,1.708,0.9749279121818236,-0.22252093395631434
2025-02-26 17:00:00,1.424,0.9749279121818236,-0.22252093395631434
2025-02-26 17:15:00,1.344,0.9749279121818236,-0.22252093395631434
2025-02-26 17:30:00,0.504,0.9749279121818236,-0.22252093395631434
2025-02-26 17:45:00,0.412,0.9749279121818236,-0.22252093395631434
2025-02-26 18:00:00,0.392,0.9749279121818236,-0.22252093395631434
2025-02-26 18:15:00,0.396,0.9749279121818236,-0.22252093395631434
2025-02-26 18:30:00,0.488,0.9749279121818236,-0.22252093395631434
2025-02-26 18:45:00,0.68,0.9749279121818236,-0.22252093395631434
2025-02-26 19:00:00,1.036,0.9749279121818236,-0.22252093395631434
2025-02-26 19:15:00,0.716,0.9749279121818236,-0.22252093395631434
2025-02-26 19:30:00,0.732,0.9749279121818236,-0.22252093395631434
2025-02-26 19:45:00,0.664,0.9749279121818236,-0.22252093395631434
2025-02-26 20:00:00,0.604,0.9749279121818236,-0.22252093395631434
2025-02-26 20:15:00,0.712,0.9749279121818236,-0.22252093395631434
2025-02-26 20:30:00,0.824,0.9749279121818236,-0.22252093395631434
2025-02-26 20:45:00,0.812,0.9749279121818236,-0.22252093395631434
2025-02-26 21:00:00,0.816,0.9749279121818236,-0.22252093395631434
2025-02-26 21:15:00,0.984,0.9749279121818236,-0.22252093395631434
2025-02-26 21:30:00,1.936,0.9749279121818236,-0.22252093395631434
2025-02-26 21:45:00,1.984,0.9749279121818236,-0.22252093395631434
2025-02-26 22:00:00,1.52,0.9749279121818236,-0.22252093395631434
2025-02-26 22:15:00,0.896,0.9749279121818236,-0.22252093395631434
2025-02-26 22:30:00,0.844,0.9749279121818236,-0.22252093395631434
2025-02-26 22:45:00,1.692,0.9749279121818236,-0.22252093395631434
2025-02-26 23:00:00,2.076,0.9749279121818236,-0.22252093395631434
2025-02-26 23:15:00,1.816,0.9749279121818236,-0.22252093395631434
2025-02-26 23:30:00,1.496,0.9749279121818236,-0.22252093395631434
2025-02-26 23:45:00,1.464,0.9749279121818236,-0.22252093395631434
2025-02-27 00:00:00,1.516,0.43388373911755823,-0.900968867902419
2025-02-27 00:15:00,2.084,0.43388373911755823,-0.900968867902419
2025-02-27 00:30:00,2.116,0.43388373911755823,-0.900968867902419
2025-02-27 00:45:00,1.508,0.43388373911755823,-0.900968867902419
2025-02-27 01:00:00,1.076,0.43388373911755823,-0.900968867902419
2025-02-27 01:15:00,1.076,0.43388373911755823,-0.900968867902419
2025-02-27 01:30:00,1.06,0.43388373911755823,-0.900968867902419
2025-02-27 01:45:00,1.116,0.43388373911755823,-0.900968867902419
2025-02-27 02:00:00,1.052,0.43388373911755823,-0.900968867902419
2025-02-27 02:15:00,1.04,0.43388373911755823,-0.900968867902419
2025-02-27 02:30:00,1.044,0.43388373911755823,-0.900968867902419
2025-02-27 02:45:00,1.104,0.43388373911755823,-0.900968867902419
2025-02-27 03:00:00,1.104,0.43388373911755823,-0.900968867902419
2025-02-27 03:15:00,1.02,0.43388373911755823,-0.900968867902419
2025-02-27 03:30:00,1.044,0.43388373911755823,-0.900968867902419
2025-02-27 03:45:00,1.016,0.43388373911755823,-0.900968867902419
2025-02-27 04:00:00,1.136,0.43388373911755823,-0.900968867902419
2025-02-27 04:15:00,1.152,0.43388373911755823,-0.900968867902419
2025-02-27 04:30:00,1.124,0.43388373911755823,-0.900968867902419
2025-02-27 04:45:00,1.14,0.43388373911755823,-0.900968867902419
2025-02-27 05:00:00,1.148,0.43388373911755823,-0.900968867902419
2025-02-27 05:15:00,1.16,0.43388373911755823,-0.900968867902419
2025-02-27 05:30:00,1.136,0.43388373911755823,-0.900968867902419
2025-02-27 05:45:00,1.152,0.43388373911755823,-0.900968867902419
2025-02-27 06:00:00,1.148,0.43388373911755823,-0.900968867902419
2025-02-27 06:15:00,1.128,0.43388373911755823,-0.900968867902419
2025-02-27 06:30:00,1.172,0.43388373911755823,-0.900968867902419
2025-02-27 06:45:00,1.164,0.43388373911755823,-0.900968867902419
2025-02-27 07:00:00,1.2,0.43388373911755823,-0.900968867902419
2025-02-27 07:15:00,1.216,0.43388373911755823,-0.900968867902419
2025-02-27 07:30:00,1.288,0.43388373911755823,-0.900968867902419
2025-02-27 07:45:00,0.308,0.43388373911755823,-0.900968867902419
2025-02-27 08:00:00,0.288,0.43388373911755823,-0.900968867902419
2025-02-27 08:15:00,0.308,0.43388373911755823,-0.900968867902419
2025-02-27 08:30:00,0.228,0.43388373911755823,-0.900968867902419
2025-02-27 08:45:00,0.216,0.43388373911755823,-0.900968867902419
2025-02-27 09:00:00,0.176,0.43388373911755823,-0.900968867902419
2025-02-27 09:15:00,0.172,0.43388373911755823,-0.900968867902419
2025-02-27 09:30:00,0.2,0.43388373911755823,-0.900968867902419
2025-02-27 09:45:00,0.22,0.43388373911755823,-0.900968867902419
2025-02-27 10:00:00,0.564,0.43388373911755823,-0.900968867902419
2025-02-27 10:15:00,1.46,0.43388373911755823,-0.900968867902419
2025-02-27 10:30:00,3.288,0.43388373911755823,-0.900968867902419
2025-02-27 10:45:00,1.692,0.43388373911755823,-0.900968867902419
2025-02-27 11:00:00,0.192,0.43388373911755823,-0.900968867902419
2025-02-27 11:15:00,0.788,0.43388373911755823,-0.900968867902419
2025-02-27 11:30:00,1.184,0.43388373911755823,-0.900968867902419
2025-02-27 11:45:00,1.112,0.43388373911755823,-0.900968867902419
2025-02-27 12:00:00,0.436,0.43388373911755823,-0.900968867902419
2025-02-27 12:15:00,1.148,0.43388373911755823,-0.900968867902419
2025-02-27 12:30:00,1.016,0.43388373911755823,-0.900968867902419
2025-02-27 12:45:00,0.264,0.43388373911755823,-0.900968867902419
2025-02-27 13:00:00,0.284,0.43388373911755823,-0.900968867902419
2025-02-27 13:15:00,1.4,0.43388373911755823,-0.900968867902419
2025-02-27 13:30:00,2.832,0.43388373911755823,-0.900968867902419
2025-02-27 13:45:00,2.208,0.43388373911755823,-0.900968867902419
2025-02-27 14:00:00,1.76,0.43388373911755823,-0.900968867902419
2025-02-27 14:15:00,2.68,0.43388373911755823,-0.900968867902419
2025-02-27 14:30:00,2.068,0.43388373911755823,-0.900968867902419
2025-02-27 14:45:00,2.168,0.43388373911755823,-0.900968867902419
2025-02-27 15:00:00,2.948,0.43388373911755823,-0.900968867902419
2025-02-27 15:15:00,3.812,0.43388373911755823,-0.900968867902419
2025-02-27 15:30:00,1.74,0.43388373911755823,-0.900968867902419
2025-02-27 15:45:00,2.548,0.43388373911755823,-0.900968867902419
2025-02-27 16:00:00,2.272,0.43388373911755823,-0.900968867902419
2025-02-27 16:15:00,2.16,0.43388373911755823,-0.900968867902419
2025-02-27 16:30:00,2.008,0.43388373911755823,-0.900968867902419
2025-02-27 16:45:00,1.276,0.43388373911755823,-0.900968867902419
2025-02-27 17:00:00,2.256,0.43388373911755823,-0.900968867902419
2025-02-27 17:15:00,2.448,0.43388373911755823,-0.900968867902419
2025-02-27 17:30:00,2.244,0.43388373911755823,-0.900968867902419
2025-02-27 17:45:00,2.256,0.43388373911755823,-0.900968867902419
2025-02-27 18:00:00,2.436,0.43388373911755823,-0.900968867902419
2025-02-27 18:15:00,1.472,0.43388373911755823,-0.900968867902419
2025-02-27 18:30:00,1.484,0.43388373911755823,-0.900968867902419
2025-02-27 18:45:00,1.436,0.43388373911755823,-0.900968867902419
2025-02-27 19:00:00,2.228,0.43388373911755823,-0.900968867902419
2025-02-27 19:15:00,2.388,0.43388373911755823,-0.900968867902419
2025-02-27 19:30:00,2.404,0.43388373911755823,-0.900968867902419
2025-02-27 19:45:00,1.556,0.43388373911755823,-0.900968867902419
2025-02-27 20:00:00,1.304,0.43388373911755823,-0.900968867902419
2025-02-27 20:15:00,3.016,0.43388373911755823,-0.900968867902419
2025-02-27 20:30:00,2.316,0.43388373911755823,-0.900968867902419
2025-02-27 20:45:00,1.576,0.43388373911755823,-0.900968867902419
2025-02-27 21:00:00,1.192,0.43388373911755823,-0.900968867902419
2025-02-27 21:15:00,0.88,0.43388373911755823,-0.900968867902419
2025-02-27 21:30:00,3.236,0.43388373911755823,-0.900968867902419
2025-02-27 21:45:00,2.808,0.43388373911755823,-0.900968867902419
2025-02-27 22:00:00,3.44,0.43388373911755823,-0.900968867902419
2025-02-27 22:15:00,1.904,0.43388373911755823,-0.900968867902419
2025-02-27 22:30:00,1.248,0.43388373911755823,-0.900968867902419
2025-02-27 22:45:00,1.852,0.43388373911755823,-0.900968867902419
2025-02-27 23:00:00,2.188,0.43388373911755823,-0.900968867902419
2025-02-27 23:15:00,1.372,0.43388373911755823,-0.900968867902419
2025-02-27 23:30:00,1.224,0.43388373911755823,-0.900968867902419
2025-02-27 23:45:00,1.02,0.43388373911755823,-0.900968867902419
2025-02-28 00:00:00,1.108,-0.433883739117558,-0.9009688679024191
2025-02-28 00:15:00,1.148,-0.433883739117558,-0.9009688679024191
2025-02-28 00:30:00,0.632,-0.433883739117558,-0.9009688679024191
2025-02-28 00:45:00,0.392,-0.433883739117558,-0.9009688679024191
2025-02-28 01:00:00,0.32,-0.433883739117558,-0.9009688679024191
2025-02-28 01:15:00,0.304,-0.433883739117558,-0.9009688679024191
2025-02-28 01:30:00,0.324,-0.433883739117558,-0.9009688679024191
2025-02-28 01:45:00,0.348,-0.433883739117558,-0.9009688679024191
2025-02-28 02:00:00,0.276,-0.433883739117558,-0.9009688679024191
2025-02-28 02:15:00,0.256,-0.433883739117558,-0.9009688679024191
2025-02-28 02:30:00,0.292,-0.433883739117558,-0.9009688679024191
2025-02-28 02:45:00,0.292,-0.433883739117558,-0.9009688679024191
2025-02-28 03:00:00,0.288,-0.433883739117558,-0.9009688679024191
2025-02-28 03:15:00,0.26,-0.433883739117558,-0.9009688679024191
2025-02-28 03:30:00,0.284,-0.433883739117558,-0.9009688679024191
2025-02-28 03:45:00,0.208,-0.433883739117558,-0.9009688679024191
2025-02-28 04:00:00,0.192,-0.433883739117558,-0.9009688679024191
2025-02-28 04:15:00,0.184,-0.433883739117558,-0.9009688679024191
2025-02-28 04:30:00,0.212,-0.433883739117558,-0.9009688679024191
2025-02-28 04:45:00,0.204,-0.433883739117558,-0.9009688679024191
2025-02-28 05:00:00,0.172,-0.433883739117558,-0.9009688679024191
2025-02-28 05:15:00,0.208,-0.433883739117558,-0.9009688679024191
2025-02-28 05:30:00,0.204,-0.433883739117558,-0.9009688679024191
2025-02-28 05:45:00,0.184,-0.433883739117558,-0.9009688679024191
2025-02-28 06:00:00,0.18,-0.433883739117558,-0.9009688679024191
2025-02-28 06:15:00,0.208,-0.433883739117558,-0.9009688679024191
2025-02-28 06:30:00,0.236,-0.433883739117558,-0.9009688679024191
2025-02-28 06:45:00,0.276,-0.433883739117558,-0.9009688679024191
2025-02-28 07:00:00,2.096,-0.433883739117558,-0.9009688679024191
2025-02-28 07:15:00,1.808,-0.433883739117558,-0.9009688679024191
2025-02-28 07:30:00,1.004,-0.433883739117558,-0.9009688679024191
2025-02-28 07:45:00,1.936,-0.433883739117558,-0.9009688679024191
2025-02-28 08:00:00,2.38,-0.433883739117558,-0.9009688679024191
2025-02-28 08:15:00,1.276,-0.433883739117558,-0.9009688679024191
2025-02-28 08:30:00,0.224,-0.433883739117558,-0.9009688679024191
2025-02-28 08:45:00,0.236,-0.433883739117558,-0.9009688679024191
2025-02-28 09:00:00,0.184,-0.433883739117558,-0.9009688679024191
2025-02-28 09:15:00,0.172,-0.433883739117558,-0.9009688679024191
2025-02-28 09:30:00,0.196,-0.433883739117558,-0.9009688679024191
2025-02-28 09:45:00,0.208,-0.433883739117558,-0.9009688679024191
2025-02-28 10:00:00,0.2,-0.433883739117558,-0.9009688679024191
2025-02-28 10:15:00,0.26,-0.433883739117558,-0.9009688679024191
2025-02-28 10:30:00,0.296,-0.433883739117558,-0.9009688679024191
2025-02-28 10:45:00,0.312,-0.433883739117558,-0.9009688679024191
2025-02-28 11:00:00,0.316,-0.433883739117558,-0.9009688679024191
2025-02-28 11:15:00,0.28,-0.433883739117558,-0.9009688679024191
2025-02-28 11:30:00,0.272,-0.433883739117558,-0.9009688679024191
2025-02-28 11:45:00,0.304,-0.433883739117558,-0.9009688679024191
2025-02-28 12:00:00,0.312,-0.433883739117558,-0.9009688679024191
2025-02-28 12:15:00,0.316,-0.433883739117558,-0.9009688679024191
2025-02-28 12:30:00,0.272,-0.433883739117558,-0.9009688679024191
2025-02-28 12:45:00,0.244,-0.433883739117558,-0.9009688679024191
2025-02-28 13:00:00,0.42,-0.433883739117558,-0.9009688679024191
2025-02-28 13:15:00,0.836,-0.433883739117558,-0.9009688679024191
2025-02-28 13:30:00,0.536,-0.433883739117558,-0.9009688679024191
2025-02-28 13:45:00,0.448,-0.433883739117558,-0.9009688679024191
2025-02-28 14:00:00,0.388,-0.433883739117558,-0.9009688679024191
2025-02-28 14:15:00,0.264,-0.433883739117558,-0.9009688679024191
2025-02-28 14:30:00,0.456,-0.433883739117558,-0.9009688679024191
2025-02-28 14:45:00,0.372,-0.433883739117558,-0.9009688679024191
2025-02-28 15:00:00,0.272,-0.433883739117558,-0.9009688679024191
2025-02-28 15:15:00,0.348,-0.433883739117558,-0.9009688679024191
2025-02-28 15:30:00,0.368,-0.433883739117558,-0.9009688679024191
2025-02-28 15:45:00,0.264,-0.433883739117558,-0.9009688679024191
2025-02-28 16:00:00,0.356,-0.433883739117558,-0.9009688679024191
2025-02-28 16:15:00,0.484,-0.433883739117558,-0.9009688679024191
2025-02-28 16:30:00,0.56,-0.433883739117558,-0.9009688679024191
2025-02-28 16:45:00,0.424,-0.433883739117558,-0.9009688679024191
2025-02-28 17:00:00,0.368,-0.433883739117558,-0.9009688679024191
2025-02-28 17:15:00,0.328,-0.433883739117558,-0.9009688679024191
2025-02-28 17:30:00,0.264,-0.433883739117558,-0.9009688679024191
2025-02-28 17:45:00,0.228,-0.433883739117558,-0.9009688679024191
2025-02-28 18:00:00,0.228,-0.433883739117558,-0.9009688679024191
2025-02-28 18:15:00,0.312,-0.433883739117558,-0.9009688679024191
2025-02-28 18:30:00,0.34,-0.433883739117558,-0.9009688679024191
2025-02-28 18:45:00,0.404,-0.433883739117558,-0.9009688679024191
2025-02-28 19:00:00,1.28,-0.433883739117558,-0.9009688679024191
2025-02-28 19:15:00,0.78,-0.433883739117558,-0.9009688679024191
2025-02-28 19:30:00,1.128,-0.433883739117558,-0.9009688679024191
2025-02-28 19:45:00,2.052,-0.433883739117558,-0.9009688679024191
2025-02-28 20:00:00,1.76,-0.433883739117558,-0.9009688679024191
2025-02-28 20:15:00,1.66,-0.433883739117558,-0.9009688679024191
2025-02-28 20:30:00,2.08,-0.433883739117558,-0.9009688679024191
2025-02-28 20:45:00,2.176,-0.433883739117558,-0.9009688679024191
2025-02-28 21:00:00,1.652,-0.433883739117558,-0.9009688679024191
2025-02-28 21:15:00,1.404,-0.433883739117558,-0.9009688679024191
2025-02-28 21:30:00,1.228,-0.433883739117558,-0.9009688679024191
2025-02-28 21:45:00,0.796,-0.433883739117558,-0.9009688679024191
2025-02-28 22:00:00,0.812,-0.433883739117558,-0.9009688679024191
2025-02-28 22:15:00,0.828,-0.433883739117558,-0.9009688679024191
2025-02-28 22:30:00,1.388,-0.433883739117558,-0.9009688679024191
2025-02-28 22:45:00,1.812,-0.433883739117558,-0.9009688679024191
2025-02-28 23:00:00,1.648,-0.433883739117558,-0.9009688679024191
2025-02-28 23:15:00,0.728,-0.433883739117558,-0.9009688679024191
2025-02-28 23:30:00,0.72,-0.433883739117558,-0.9009688679024191
2025-02-28 23:45:00,0.672,-0.433883739117558,-0.9009688679024191
2025-03-01 00:00:00,0.716,-0.9749279121818236,-0.2225209339563146
